{"entropy": 246474855424819323149402249642960903392, "10": {"num_user": 200, "num_service": 41, "min_max_greedy": {"max_delay": 0.19951310827536056, "running_time": 27.022123336791992}, "min_max_equal_weight": {"max_delay": 0.19968500673892234, "running_time": 220.18122673034668}, "min_max_surrogate_relaxation": {"max_delay": 0.19951310827536056, "lower_bound": 0.1818359035966539, "running_time": 369.30394172668457, "none_zero_ratio": 0.015, "max_weight": 0.5, "min_weight": 0.030219554901123047}, "min_max_pulp": {"max_delay": 0.1990418036502342, "running_time": 19108.7589263916}}, "20": {"num_user": 200, "num_service": 41, "min_max_greedy": {"max_delay": 0.1838616428074288, "running_time": 41.03398323059082}, "min_max_equal_weight": {"max_delay": 0.1877548530118009, "running_time": 173.1429100036621}, "min_max_surrogate_relaxation": {"max_delay": 0.1665345680923993, "lower_bound": 0.16010320395747787, "running_time": 171.1413860321045, "none_zero_ratio": 0.01, "max_weight": 0.5, "min_weight": 0.02197265625}, "min_max_pulp": {"max_delay": 0.1641397902470489, "running_time": 37950.297355651855}}, "30": {"num_user": 200, "num_service": 41, "min_max_greedy": {"max_delay": 0.052333353765271755, "running_time": 32.02629089355469}, "min_max_equal_weight": {"max_delay": 0.05473287535140464, "running_time": 163.13457489013672}, "min_max_surrogate_relaxation": {"max_delay": 0.052333353765271755, "lower_bound": 0.053262528887276096, "running_time": 424.3502616882324, "none_zero_ratio": 0.0175, "max_weight": 0.25, "min_weight": 0.03507119254209101}, "min_max_pulp": {"max_delay": 0.051063584874854205, "running_time": 56863.89517784119}}, "40": {"num_user": 200, "num_service": 41, "min_max_greedy": {"max_delay": 0.03574076997804246, "running_time": 40.03310203552246}, "min_max_equal_weight": {"max_delay": 0.04571234155041879, "running_time": 167.13762283325195}, "min_max_surrogate_relaxation": {"max_delay": 0.03539664957186722, "lower_bound": 0.014672519883879418, "running_time": 238.19637298583984, "none_zero_ratio": 0.0125, "max_weight": 0.5, "min_weight": 0.0109100341796875}, "min_max_pulp": {"max_delay": 0.031085875911280477, "running_time": 76341.95876121521}}, "50": {"num_user": 200, "num_service": 41, "min_max_greedy": {"max_delay": 0.023130683526705907, "running_time": 63.05193901062012}, "min_max_equal_weight": {"max_delay": 0.02187842088286879, "running_time": 150.12454986572266}, "min_max_surrogate_relaxation": {"max_delay": 0.023794416698105104, "lower_bound": 0.01256920492106095, "running_time": 663.5470390319824, "none_zero_ratio": 0.0225, "max_weight": 0.3221435546875, "min_weight": 0.0015023022751847748}, "min_max_pulp": {"max_delay": 0.02187842088286879, "running_time": 101839.98656272888}}, "60": {"num_user": 200, "num_service": 41, "min_max_greedy": {"max_delay": 0.02124076173428923, "running_time": 57.04784393310547}, "min_max_equal_weight": {"max_delay": 0.01863217979897276, "running_time": 151.1247158050537}, "min_max_surrogate_relaxation": {"max_delay": 0.01863217979897276, "lower_bound": 0.012668308420059088, "running_time": 1089.8988246917725, "none_zero_ratio": 0.02, "max_weight": 0.5, "min_weight": 0.0016990327276289463}, "min_max_pulp": {"max_delay": 0.01863217979897276, "running_time": 132347.1450805664}}, "70": {"num_user": 200, "num_service": 41, "min_max_greedy": {"max_delay": 0.018948292344312785, "running_time": 79.06508445739746}, "min_max_equal_weight": {"max_delay": 0.01767446187999328, "running_time": 168.1387424468994}, "min_max_surrogate_relaxation": {"max_delay": 0.01656334578155391, "lower_bound": 0.011542913644479343, "running_time": 1730.4270267486572, "none_zero_ratio": 0.0275, "max_weight": 0.2671623229980469, "min_weight": 0.0016831417211342625}, "min_max_pulp": {"max_delay": 0.01587851192433673, "running_time": 164774.88899230957}}, "80": {"num_user": 200, "num_service": 41, "min_max_greedy": {"max_delay": 0.013586042534360281, "running_time": 90.07477760314941}, "min_max_equal_weight": {"max_delay": 0.016905596170035446, "running_time": 180.14836311340332}, "min_max_surrogate_relaxation": {"max_delay": 0.015495496550135029, "lower_bound": 0.010173801566615065, "running_time": 1330.0971984863281, "none_zero_ratio": 0.03, "max_weight": 0.27296736370772123, "min_weight": 0.004562682819345826}, "min_max_pulp": {"max_delay": 0.013586042534360281, "running_time": 194544.44026947021}}, "90": {"num_user": 200, "num_service": 41, "min_max_greedy": {"max_delay": 0.012981854714346876, "running_time": 103.08480262756348}, "min_max_equal_weight": {"max_delay": 0.01538199249001683, "running_time": 161.1320972442627}, "min_max_surrogate_relaxation": {"max_delay": 0.012715396634186174, "lower_bound": 0.009256954789481972, "running_time": 2092.726230621338, "none_zero_ratio": 0.0375, "max_weight": 0.137176513671875, "min_weight": 0.002142102582326527}, "min_max_pulp": {"max_delay": 0.012166628635305437, "running_time": 225752.17723846436}}, "100": {"num_user": 200, "num_service": 41, "min_max_greedy": {"max_delay": 0.011325349955319471, "running_time": 95.0784683227539}, "min_max_equal_weight": {"max_delay": 0.012479891243967126, "running_time": 186.15317344665527}, "min_max_surrogate_relaxation": {"max_delay": 0.014192372922967534, "lower_bound": 0.007490992115235682, "running_time": 1249.030351638794, "none_zero_ratio": 0.0225, "max_weight": 0.4058837890625, "min_weight": 0.0038975645111349877}, "min_max_pulp": {"max_delay": 0.010823386484939721, "running_time": 264035.7494354248}}}