{"entropy": 254250478198116119610875712489940264190, "10": {"num_user": 200, "num_service": 41, "min_max_greedy": {"max_delay": 0.12427769677489055, "running_time": 16.012907028198242}, "min_max_equal_weight": {"max_delay": 0.11135544253469522, "running_time": 135.11157035827637}, "min_max_surrogate_relaxation": {"max_delay": 0.11135544253469522, "lower_bound": 0.09260287828118997, "running_time": 254.2097568511963, "none_zero_ratio": 0.005, "max_weight": 0.5, "min_weight": 0.5}, "min_max_pulp": {"max_delay": 0.11135544253469522, "running_time": 17074.08094406128}}, "20": {"num_user": 200, "num_service": 41, "min_max_greedy": {"max_delay": 0.08379739775369115, "running_time": 25.020599365234375}, "min_max_equal_weight": {"max_delay": 0.08742976017242296, "running_time": 220.18146514892578}, "min_max_surrogate_relaxation": {"max_delay": 0.08244431353362355, "lower_bound": 0.0733768918917753, "running_time": 447.3690986633301, "none_zero_ratio": 0.0175, "max_weight": 0.32471248134970665, "min_weight": 0.020670354715548456}, "min_max_pulp": {"max_delay": 0.08244431353362355, "running_time": 35542.15145111084}}, "30": {"num_user": 200, "num_service": 41, "min_max_greedy": {"max_delay": 0.07360462026656713, "running_time": 37.030696868896484}, "min_max_equal_weight": {"max_delay": 0.07793674735196875, "running_time": 140.11597633361816}, "min_max_surrogate_relaxation": {"max_delay": 0.07582582160722123, "lower_bound": 0.06983051268454905, "running_time": 525.4333019256592, "none_zero_ratio": 0.0125, "max_weight": 0.35546875, "min_weight": 0.10502243041992188}, "min_max_pulp": {"max_delay": 0.07360462026656713, "running_time": 51968.41239929199}}, "40": {"num_user": 200, "num_service": 41, "min_max_greedy": {"max_delay": 0.07119858440537712, "running_time": 46.03767395019531}, "min_max_equal_weight": {"max_delay": 0.07107055704882304, "running_time": 237.19549179077148}, "min_max_surrogate_relaxation": {"max_delay": 0.07080945484166959, "lower_bound": 0.06718045749904838, "running_time": 783.6461067199707, "none_zero_ratio": 0.015, "max_weight": 0.322265625, "min_weight": 0.0625}, "min_max_pulp": {"max_delay": 0.07044736391823239, "running_time": 69337.90802955627}}, "50": {"num_user": 200, "num_service": 41, "min_max_greedy": {"max_delay": 0.06790107519895164, "running_time": 53.04384231567383}, "min_max_equal_weight": {"max_delay": 0.07020951512009445, "running_time": 143.11790466308594}, "min_max_surrogate_relaxation": {"max_delay": 0.06723246548879015, "lower_bound": 0.06601913440278265, "running_time": 1401.155710220337, "none_zero_ratio": 0.0275, "max_weight": 0.25, "min_weight": 0.031112673437583283}, "min_max_pulp": {"max_delay": 0.06723246548879015, "running_time": 89457.24487304688}}, "60": {"num_user": 200, "num_service": 41, "min_max_greedy": {"max_delay": 0.06700539780658842, "running_time": 93.07742118835449}, "min_max_equal_weight": {"max_delay": 0.06816776769737999, "running_time": 187.15429306030273}, "min_max_surrogate_relaxation": {"max_delay": 0.0668189908927714, "lower_bound": 0.06525030061333652, "running_time": 1930.5920600891113, "none_zero_ratio": 0.035, "max_weight": 0.16762733459472656, "min_weight": 0.012647608506404373}, "min_max_pulp": {"max_delay": 0.06641555072174275, "running_time": 111017.56763458252}}, "70": {"num_user": 200, "num_service": 41, "min_max_greedy": {"max_delay": 0.06659195330841955, "running_time": 84.06901359558105}, "min_max_equal_weight": {"max_delay": 0.06696795605713095, "running_time": 152.12559700012207}, "min_max_surrogate_relaxation": {"max_delay": 0.06604062503760606, "lower_bound": 0.06470110348112061, "running_time": 1621.3371753692627, "none_zero_ratio": 0.03, "max_weight": 0.25, "min_weight": 0.025327138730019128}, "min_max_pulp": {"max_delay": 0.06590316765811739, "running_time": 135813.30370903015}}, "80": {"num_user": 200, "num_service": 41, "min_max_greedy": {"max_delay": 0.06637156876724658, "running_time": 90.07453918457031}, "min_max_equal_weight": {"max_delay": 0.06614564222347098, "running_time": 155.12800216674805}, "min_max_surrogate_relaxation": {"max_delay": 0.05618981300578164, "lower_bound": 0.061873948776622174, "running_time": 107.08832740783691, "none_zero_ratio": 0.0075, "max_weight": 0.6328125, "min_weight": 0.1171875}, "min_max_pulp": {"max_delay": 0.05618981300578164, "running_time": 157272.766828537}}, "90": {"num_user": 200, "num_service": 41, "min_max_greedy": {"max_delay": 0.06544324161102696, "running_time": 90.07430076599121}, "min_max_equal_weight": {"max_delay": 0.06614564222347098, "running_time": 158.13016891479492}, "min_max_surrogate_relaxation": {"max_delay": 0.048885726918301994, "lower_bound": 0.04000855710714815, "running_time": 320.2641010284424, "none_zero_ratio": 0.0125, "max_weight": 0.573486328125, "min_weight": 0.04314422607421875}, "min_max_pulp": {"max_delay": 0.04361644811161703, "running_time": 178817.75665283203}}, "100": {"num_user": 200, "num_service": 41, "min_max_greedy": {"max_delay": 0.038615879411826606, "running_time": 47.03879356384277}, "min_max_equal_weight": {"max_delay": 0.0657847538533845, "running_time": 161.1328125}, "min_max_surrogate_relaxation": {"max_delay": 0.04136384431299738, "lower_bound": 0.025853763686087054, "running_time": 691.5781497955322, "none_zero_ratio": 0.0125, "max_weight": 0.53955078125, "min_weight": 0.05040407180786133}, "min_max_pulp": {"max_delay": 0.038615879411826606, "running_time": 229242.76971817017}}}