{"entropy": 180412138400859392597319740522927615788, "10": {"num_user": 200, "num_service": 41, "min_max_greedy": {"max_delay": 0.06189102678226196, "running_time": 16.013145446777344}, "min_max_equal_weight": {"max_delay": 0.06476735686480478, "running_time": 152.12512016296387}, "min_max_surrogate_relaxation": {"max_delay": 0.06189102678226196, "lower_bound": 0.0548072351696256, "running_time": 121.09994888305664, "none_zero_ratio": 0.0075, "max_weight": 0.5, "min_weight": 0.046875}, "min_max_pulp": {"max_delay": 0.06189102678226196, "running_time": 21517.746210098267}}, "20": {"num_user": 200, "num_service": 41, "min_max_greedy": {"max_delay": 0.055024315984471675, "running_time": 36.029815673828125}, "min_max_equal_weight": {"max_delay": 0.05587928037166612, "running_time": 220.18170356750488}, "min_max_surrogate_relaxation": {"max_delay": 0.055024315984471675, "lower_bound": 0.04851738505541264, "running_time": 399.32894706726074, "none_zero_ratio": 0.015, "max_weight": 0.28735074400901794, "min_weight": 0.07254781667143106}, "min_max_pulp": {"max_delay": 0.05288448062732012, "running_time": 39689.73207473755}}, "30": {"num_user": 200, "num_service": 41, "min_max_greedy": {"max_delay": 0.04952251535117834, "running_time": 48.03967475891113}, "min_max_equal_weight": {"max_delay": 0.05489942443071756, "running_time": 194.15974617004395}, "min_max_surrogate_relaxation": {"max_delay": 0.05061124556487442, "lower_bound": 0.04383797782003126, "running_time": 394.32525634765625, "none_zero_ratio": 0.0175, "max_weight": 0.24609375, "min_weight": 0.0796646811068058}, "min_max_pulp": {"max_delay": 0.04886337841679243, "running_time": 61640.83528518677}}, "40": {"num_user": 200, "num_service": 41, "min_max_greedy": {"max_delay": 0.04560262023327699, "running_time": 59.04865264892578}, "min_max_equal_weight": {"max_delay": 0.04573962995131357, "running_time": 174.14355278015137}, "min_max_surrogate_relaxation": {"max_delay": 0.04573962995131357, "lower_bound": 0.04138663457624822, "running_time": 591.4874076843262, "none_zero_ratio": 0.0175, "max_weight": 0.2639696002006531, "min_weight": 0.0625}, "min_max_pulp": {"max_delay": 0.04488466556411914, "running_time": 85574.57232475281}}, "50": {"num_user": 200, "num_service": 41, "min_max_greedy": {"max_delay": 0.04357455697950807, "running_time": 83.0681324005127}, "min_max_equal_weight": {"max_delay": 0.04488466556411914, "running_time": 170.13978958129883}, "min_max_surrogate_relaxation": {"max_delay": 0.04265048281057559, "lower_bound": 0.0407169776041273, "running_time": 1068.8815116882324, "none_zero_ratio": 0.0225, "max_weight": 0.24609375, "min_weight": 0.028195162220072234}, "min_max_pulp": {"max_delay": 0.04265048281057559, "running_time": 114661.76223754883}}, "60": {"num_user": 200, "num_service": 41, "min_max_greedy": {"max_delay": 0.04242396741130345, "running_time": 85.07013320922852}, "min_max_equal_weight": {"max_delay": 0.04235280935944305, "running_time": 180.14836311340332}, "min_max_surrogate_relaxation": {"max_delay": 0.042017463617879384, "lower_bound": 0.03999194722958476, "running_time": 1336.10200881958, "none_zero_ratio": 0.0275, "max_weight": 0.2230224609375, "min_weight": 0.010394907946409404}, "min_max_pulp": {"max_delay": 0.04199787106972851, "running_time": 141085.3521823883}}, "70": {"num_user": 200, "num_service": 41, "min_max_greedy": {"max_delay": 0.0415530324902332, "running_time": 84.06901359558105}, "min_max_equal_weight": {"max_delay": 0.04235280935944305, "running_time": 173.142671585083}, "min_max_surrogate_relaxation": {"max_delay": 0.04160605185848367, "lower_bound": 0.03948432850999422, "running_time": 1406.1594009399414, "none_zero_ratio": 0.025, "max_weight": 0.25177001953125, "min_weight": 0.04506111145019531}, "min_max_pulp": {"max_delay": 0.04062895832130072, "running_time": 174226.68433189392}}, "80": {"num_user": 200, "num_service": 41, "min_max_greedy": {"max_delay": 0.040499297877966994, "running_time": 94.07758712768555}, "min_max_equal_weight": {"max_delay": 0.04235280935944305, "running_time": 161.1328125}, "min_max_surrogate_relaxation": {"max_delay": 0.04089767731521291, "lower_bound": 0.0390045890603536, "running_time": 1745.4392910003662, "none_zero_ratio": 0.0325, "max_weight": 0.15228736400604248, "min_weight": 0.025485195210654763}, "min_max_pulp": {"max_delay": 0.04018701614300259, "running_time": 211916.76688194275}}, "90": {"num_user": 200, "num_service": 41, "min_max_greedy": {"max_delay": 0.03994353408676454, "running_time": 114.09425735473633}, "min_max_equal_weight": {"max_delay": 0.04235280935944305, "running_time": 157.12976455688477}, "min_max_surrogate_relaxation": {"max_delay": 0.04000228127521268, "lower_bound": 0.03865288093494639, "running_time": 2427.001714706421, "none_zero_ratio": 0.035, "max_weight": 0.25, "min_weight": 0.01844252310916888}, "min_max_pulp": {"max_delay": 0.0396035858232054, "running_time": 253635.1716518402}}, "100": {"num_user": 200, "num_service": 41, "min_max_greedy": {"max_delay": 0.03925202426366697, "running_time": 115.09490013122559}, "min_max_equal_weight": {"max_delay": 0.040331284870168176, "running_time": 154.1271209716797}, "min_max_surrogate_relaxation": {"max_delay": 0.03636876603921057, "lower_bound": 0.03567000227028558, "running_time": 233.19244384765625, "none_zero_ratio": 0.005, "max_weight": 0.5, "min_weight": 0.5}, "min_max_pulp": {"max_delay": 0.028872316556385003, "running_time": 276905.36308288574}}}