{"entropy": 7310268313794878988830847793160712467, "10": {"num_user": 200, "num_service": 41, "min_max_greedy": {"max_delay": 0.04573467962585443, "running_time": 12.010335922241211}, "min_max_equal_weight": {"max_delay": 0.07382314424803145, "running_time": 89.07318115234375}, "min_max_surrogate_relaxation": {"max_delay": 0.0400137509250697, "lower_bound": 0.0473913824538997, "running_time": 80.06596565246582, "none_zero_ratio": 0.0075, "max_weight": 0.5, "min_weight": 0.015625}, "min_max_pulp": {"max_delay": 0.0400137509250697, "running_time": 16139.309883117676}}, "20": {"num_user": 200, "num_service": 41, "min_max_greedy": {"max_delay": 0.024820227314854386, "running_time": 17.014026641845703}, "min_max_equal_weight": {"max_delay": 0.03661761317239241, "running_time": 90.07430076599121}, "min_max_surrogate_relaxation": {"max_delay": 0.024820227314854386, "lower_bound": 0.0199097239979092, "running_time": 354.2919158935547, "none_zero_ratio": 0.0175, "max_weight": 0.4065513610839844, "min_weight": 0.00015632773283869028}, "min_max_pulp": {"max_delay": 0.022906580896951335, "running_time": 32139.50490951538}}, "30": {"num_user": 200, "num_service": 41, "min_max_greedy": {"max_delay": 0.02172440403182916, "running_time": 24.019479751586914}, "min_max_equal_weight": {"max_delay": 0.02145937283088949, "running_time": 93.07646751403809}, "min_max_surrogate_relaxation": {"max_delay": 0.02375522353973076, "lower_bound": 0.013688141423778654, "running_time": 104.08568382263184, "none_zero_ratio": 0.01, "max_weight": 0.5, "min_weight": 0.01025390625}, "min_max_pulp": {"max_delay": 0.02075050626891447, "running_time": 51344.343185424805}}, "40": {"num_user": 200, "num_service": 41, "min_max_greedy": {"max_delay": 0.0195382231458885, "running_time": 34.02829170227051}, "min_max_equal_weight": {"max_delay": 0.021216936685520736, "running_time": 92.07630157470703}, "min_max_surrogate_relaxation": {"max_delay": 0.021131744938720998, "lower_bound": 0.012946228622800522, "running_time": 226.18627548217773, "none_zero_ratio": 0.0125, "max_weight": 0.5, "min_weight": 0.0023345947265625}, "min_max_pulp": {"max_delay": 0.01822997516000163, "running_time": 72912.13011741638}}, "50": {"num_user": 200, "num_service": 41, "min_max_greedy": {"max_delay": 0.017126554637764052, "running_time": 31.02564811706543}, "min_max_equal_weight": {"max_delay": 0.019689425927466406, "running_time": 95.0779914855957}, "min_max_surrogate_relaxation": {"max_delay": 0.01819346328016837, "lower_bound": 0.010699414775814028, "running_time": 330.272912979126, "none_zero_ratio": 0.0175, "max_weight": 0.47145187854766846, "min_weight": 0.0027283094823360443}, "min_max_pulp": {"max_delay": 0.01626175679382037, "running_time": 97032.02557563782}}, "60": {"num_user": 200, "num_service": 41, "min_max_greedy": {"max_delay": 0.014990414771161163, "running_time": 39.02721405029297}, "min_max_equal_weight": {"max_delay": 0.019183693030964972, "running_time": 96.07934951782227}, "min_max_surrogate_relaxation": {"max_delay": 0.016575478132912477, "lower_bound": 0.010724617058848907, "running_time": 485.4001998901367, "none_zero_ratio": 0.02, "max_weight": 0.3283696286380291, "min_weight": 0.0010615397477522492}, "min_max_pulp": {"max_delay": 0.01480714079402368, "running_time": 123559.89933013916}}, "70": {"num_user": 200, "num_service": 41, "min_max_greedy": {"max_delay": 0.013469404120759709, "running_time": 46.03767395019531}, "min_max_equal_weight": {"max_delay": 0.015086189393379593, "running_time": 96.07958793640137}, "min_max_surrogate_relaxation": {"max_delay": 0.02946346880515118, "lower_bound": 0.007445677431799513, "running_time": 86.07101440429688, "none_zero_ratio": 0.0075, "max_weight": 0.4921875, "min_weight": 0.25}, "min_max_pulp": {"max_delay": 0.013286130143622229, "running_time": 150245.90682983398}}, "80": {"num_user": 200, "num_service": 41, "min_max_greedy": {"max_delay": 0.01301140029231314, "running_time": 50.04143714904785}, "min_max_equal_weight": {"max_delay": 0.015086189393379593, "running_time": 98.08087348937988}, "min_max_surrogate_relaxation": {"max_delay": 0.01601307942621575, "lower_bound": 0.007294637289162963, "running_time": 381.3142776489258, "none_zero_ratio": 0.0175, "max_weight": 0.29003461822867393, "min_weight": 0.058078765869140625}, "min_max_pulp": {"max_delay": 0.01250337592713132, "running_time": 183972.72109985352}}, "90": {"num_user": 200, "num_service": 41, "min_max_greedy": {"max_delay": 0.012441524045066293, "running_time": 57.047367095947266}, "min_max_equal_weight": {"max_delay": 0.013114874005836184, "running_time": 98.08063507080078}, "min_max_surrogate_relaxation": {"max_delay": 0.01757209941416131, "lower_bound": 0.005286347673028634, "running_time": 302.2491931915283, "none_zero_ratio": 0.0125, "max_weight": 0.5614280700683594, "min_weight": 0.058078765869140625}, "min_max_pulp": {"max_delay": 0.011830288101402516, "running_time": 219664.1561985016}}, "100": {"num_user": 200, "num_service": 41, "min_max_greedy": {"max_delay": 0.012076716340927883, "running_time": 61.0506534576416}, "min_max_equal_weight": {"max_delay": 0.011867566032346667, "running_time": 99.08175468444824}, "min_max_surrogate_relaxation": {"max_delay": 0.017539009862042234, "lower_bound": 0.0038194587452763332, "running_time": 329.2713165283203, "none_zero_ratio": 0.0125, "max_weight": 0.7707605361938477, "min_weight": 0.024863243103027344}, "min_max_pulp": {"max_delay": 0.011213384481967138, "running_time": 258038.8035774231}}}