{"entropy": 316585189225613197608762660708192701587, "10": {"num_user": 200, "num_service": 41, "min_max_greedy": {"max_delay": 0.08282084518351078, "running_time": 10.00833511352539}, "min_max_equal_weight": {"max_delay": 0.0834375199091393, "running_time": 133.10956954956055}, "min_max_surrogate_relaxation": {"max_delay": 0.08282084518351078, "lower_bound": 0.07584544251595735, "running_time": 430.8333396911621, "none_zero_ratio": 0.005, "max_weight": 0.5, "min_weight": 0.5}, "min_max_pulp": {"max_delay": 0.08282084518351078, "running_time": 19939.67318534851}}, "20": {"num_user": 200, "num_service": 41, "min_max_greedy": {"max_delay": 0.07344999094707103, "running_time": 19.016027450561523}, "min_max_equal_weight": {"max_delay": 0.07237191558003316, "running_time": 136.11268997192383}, "min_max_surrogate_relaxation": {"max_delay": 0.07087975224857654, "lower_bound": 0.060083104714891616, "running_time": 251.2071132659912, "none_zero_ratio": 0.0075, "max_weight": 0.5, "min_weight": 0.078125}, "min_max_pulp": {"max_delay": 0.06844564694389459, "running_time": 37341.795682907104}}, "30": {"num_user": 200, "num_service": 41, "min_max_greedy": {"max_delay": 0.059074792707454825, "running_time": 30.028104782104492}, "min_max_equal_weight": {"max_delay": 0.06844564694389459, "running_time": 152.12535858154297}, "min_max_surrogate_relaxation": {"max_delay": 0.06025573428882533, "lower_bound": 0.05440998735755873, "running_time": 212.1751308441162, "none_zero_ratio": 0.01, "max_weight": 0.4453125, "min_weight": 0.009521484375}, "min_max_pulp": {"max_delay": 0.059074792707454825, "running_time": 57463.38987350464}}, "40": {"num_user": 200, "num_service": 41, "min_max_greedy": {"max_delay": 0.05432666379000652, "running_time": 43.03598403930664}, "min_max_equal_weight": {"max_delay": 0.06514074371037601, "running_time": 167.13738441467285}, "min_max_surrogate_relaxation": {"max_delay": 0.055190907869131084, "lower_bound": 0.05145425921864882, "running_time": 502.4144649505615, "none_zero_ratio": 0.015, "max_weight": 0.2891571521759033, "min_weight": 0.00932765007019043}, "min_max_pulp": {"max_delay": 0.05432666379000652, "running_time": 88437.24703788757}}, "50": {"num_user": 200, "num_service": 41, "min_max_greedy": {"max_delay": 0.05367183938303269, "running_time": 46.037912368774414}, "min_max_equal_weight": {"max_delay": 0.053898676408382105, "running_time": 169.13938522338867}, "min_max_surrogate_relaxation": {"max_delay": 0.053345075401288106, "lower_bound": 0.05014374918078131, "running_time": 987.8149032592773, "none_zero_ratio": 0.0275, "max_weight": 0.15454623475670815, "min_weight": 0.004497202935574429}, "min_max_pulp": {"max_delay": 0.05292725968477552, "running_time": 109561.96594238281}}, "60": {"num_user": 200, "num_service": 41, "min_max_greedy": {"max_delay": 0.052945194654479, "running_time": 65.05370140075684}, "min_max_equal_weight": {"max_delay": 0.052973095183266254, "running_time": 153.12647819519043}, "min_max_surrogate_relaxation": {"max_delay": 0.05235967075983816, "lower_bound": 0.04940104967509897, "running_time": 1318.087100982666, "none_zero_ratio": 0.0225, "max_weight": 0.25, "min_weight": 0.0028663407647400163}, "min_max_pulp": {"max_delay": 0.0513978738304439, "running_time": 137137.122631073}}, "70": {"num_user": 200, "num_service": 41, "min_max_greedy": {"max_delay": 0.05185381079259571, "running_time": 80.06620407104492}, "min_max_equal_weight": {"max_delay": 0.05576988947393624, "running_time": 141.11661911010742}, "min_max_surrogate_relaxation": {"max_delay": 0.05068758384378766, "lower_bound": 0.04849100064579359, "running_time": 1964.6203517913818, "none_zero_ratio": 0.03, "max_weight": 0.25, "min_weight": 0.0020961360269422524}, "min_max_pulp": {"max_delay": 0.05066218495916762, "running_time": 169420.09258270264}}, "80": {"num_user": 200, "num_service": 41, "min_max_greedy": {"max_delay": 0.0492900937848095, "running_time": 77.06379890441895}, "min_max_equal_weight": {"max_delay": 0.053898676408382105, "running_time": 145.12014389038086}, "min_max_surrogate_relaxation": {"max_delay": 0.049845806895684144, "lower_bound": 0.047543879358973834, "running_time": 854.7046184539795, "none_zero_ratio": 0.025, "max_weight": 0.18148318447401834, "min_weight": 0.005004131924835065}, "min_max_pulp": {"max_delay": 0.04889222059778185, "running_time": 196096.8177318573}}, "90": {"num_user": 200, "num_service": 41, "min_max_greedy": {"max_delay": 0.04866538357243243, "running_time": 93.07670593261719}, "min_max_equal_weight": {"max_delay": 0.052973095183266254, "running_time": 133.11004638671875}, "min_max_surrogate_relaxation": {"max_delay": 0.056700254901907256, "lower_bound": 0.03790432105625204, "running_time": 239.1972541809082, "none_zero_ratio": 0.01, "max_weight": 0.500457763671875, "min_weight": 0.016143798828125}, "min_max_pulp": {"max_delay": 0.04829493793315283, "running_time": 231920.5505847931}}, "100": {"num_user": 200, "num_service": 41, "min_max_greedy": {"max_delay": 0.048621444885726374, "running_time": 131.76941871643066}, "min_max_equal_weight": {"max_delay": 0.050964898359757045, "running_time": 177.14619636535645}, "min_max_surrogate_relaxation": {"max_delay": 0.0519456011352144, "lower_bound": 0.03197130560528063, "running_time": 175.14443397521973, "none_zero_ratio": 0.01, "max_weight": 0.5, "min_weight": 0.01025390625}, "min_max_pulp": {"max_delay": 0.04767022772077576, "running_time": 288320.90735435486}}}