{"10": {"min_max_greedy": {"max delay": [0.08668499597149032], "running time": [75.06179809570312]}, "min_max_pulp": {"max delay": [0.08668499597149032], "running time": [3765.108823776245]}}, "20": {"min_max_greedy": {"max delay": [0.06731955757118238], "running time": [99.08199310302734]}, "min_max_pulp": {"max delay": [0.06466573323539332], "running time": [7342.088222503662]}}, "30": {"min_max_greedy": {"max delay": [0.03533543699993619], "running time": [140.11573791503906]}, "min_max_pulp": {"max delay": [0.03318183619847277], "running time": [11715.690851211548]}}, "40": {"min_max_greedy": {"max delay": [0.03085269331793349], "running time": [171.1406707763672]}, "min_max_pulp": {"max delay": [0.026712749760946758], "running time": [17587.750911712646]}}, "50": {"min_max_greedy": {"max delay": [0.026289827676237994], "running time": [212.1751308441162]}, "min_max_pulp": {"max delay": [0.024426677257944684], "running time": [24029.842853546143]}}, "60": {"min_max_greedy": {"max delay": [0.0257419122756706], "running time": [252.20847129821777]}, "min_max_pulp": {"max delay": [0.02317122881977568], "running time": [31572.089433670044]}}, "70": {"min_max_greedy": {"max delay": [0.02258674358729354], "running time": [304.25119400024414]}, "min_max_pulp": {"max delay": [0.021812260846904033], "running time": [40216.254234313965]}}, "80": {"min_max_greedy": {"max delay": [0.021567704431365787], "running time": [362.29872703552246]}, "min_max_pulp": {"max delay": [0.02063347656688994], "running time": [59142.826795578]}}, "90": {"min_max_greedy": {"max delay": [0.021605591604056427], "running time": [314.2590522766113]}, "min_max_pulp": {"max delay": [0.019714315014101095], "running time": [91566.62058830261]}}, "100": {"min_max_greedy": {"max delay": [0.02002572646032936], "running time": [387.31956481933594]}, "min_max_pulp": {"max delay": [0.019523307397182273], "running time": [653113.2388114929]}}}