{"10": {"min_max_greedy": {"max delay": [0.17619235765747646], "running time": [43.035268783569336]}, "min_max_pulp": {"max delay": [0.1540081471163476], "running time": [5144.247055053711]}}, "20": {"min_max_greedy": {"max delay": [0.04017009719837268], "running time": [115.09490013122559]}, "min_max_pulp": {"max delay": [0.039342426041642245], "running time": [9977.237224578857]}}, "30": {"min_max_greedy": {"max delay": [0.03650618385864064], "running time": [182.15060234069824]}, "min_max_pulp": {"max delay": [0.03573027685766842], "running time": [17674.59774017334]}}, "40": {"min_max_greedy": {"max delay": [0.035868957389898426], "running time": [184.15212631225586]}, "min_max_pulp": {"max delay": [0.03411773014412947], "running time": [26573.97770881653]}}, "50": {"min_max_greedy": {"max delay": [0.0336979074345585], "running time": [230.19003868103027]}, "min_max_pulp": {"max delay": [0.03215731013265632], "running time": [34283.30397605896]}}, "60": {"min_max_greedy": {"max delay": [0.030009076135411913], "running time": [210.1733684539795]}, "min_max_pulp": {"max delay": [0.028228489079862015], "running time": [41988.664865493774]}}, "70": {"min_max_greedy": {"max delay": [0.030466403487854433], "running time": [210.1733684539795]}, "min_max_pulp": {"max delay": [0.026147346494538953], "running time": [63763.641595840454]}}, "80": {"min_max_greedy": {"max delay": [0.028022915931282463], "running time": [252.20847129821777]}, "min_max_pulp": {"max delay": [0.023770749175677865], "running time": [68298.41828346252]}}, "90": {"min_max_greedy": {"max delay": [0.023922093662335303], "running time": [315.2601718902588]}, "min_max_pulp": {"max delay": [0.022295273463396714], "running time": [664398.1335163116]}}, "100": {"min_max_greedy": {"max delay": [0.02184254226031449], "running time": [349.2879867553711]}, "min_max_pulp": {"max delay": [0.02087212480304244], "running time": [675672.3484992981]}}}