{"10": {"min_max_greedy": {"max delay": [0.0769721745255043], "running time": [87.07189559936523]}, "min_max_pulp": {"max delay": [0.0769721745255043], "running time": [3994.2970275878906]}}, "20": {"min_max_greedy": {"max delay": [0.06211181832636993], "running time": [108.06512832641602]}, "min_max_pulp": {"max delay": [0.05702676570098147], "running time": [7933.549165725708]}}, "30": {"min_max_greedy": {"max delay": [0.05298487841054001], "running time": [117.0964241027832]}, "min_max_pulp": {"max delay": [0.05024505969285093], "running time": [12867.623329162598]}}, "40": {"min_max_greedy": {"max delay": [0.046815057647773294], "running time": [160.13240814208984]}, "min_max_pulp": {"max delay": [0.04518960221250191], "running time": [18474.257946014404]}}, "50": {"min_max_greedy": {"max delay": [0.0419163516328665], "running time": [187.15453147888184]}, "min_max_pulp": {"max delay": [0.04073643782964034], "running time": [23885.724306106567]}}, "60": {"min_max_greedy": {"max delay": [0.038450386420636425], "running time": [216.17889404296875]}, "min_max_pulp": {"max delay": [0.03630795592461929], "running time": [35602.40435600281]}}, "70": {"min_max_greedy": {"max delay": [0.033625108642672256], "running time": [246.20318412780762]}, "min_max_pulp": {"max delay": [0.03303078396174017], "running time": [44978.13272476196]}}, "80": {"min_max_greedy": {"max delay": [0.03480502244589841], "running time": [233.19244384765625]}, "min_max_pulp": {"max delay": [0.029269655259949037], "running time": [50615.78702926636]}}, "90": {"min_max_greedy": {"max delay": [0.0303161279191617], "running time": [278.2297134399414]}, "min_max_pulp": {"max delay": [0.02609992075145168], "running time": [62086.2934589386]}}, "100": {"min_max_greedy": {"max delay": [0.026405724822088354], "running time": [335.2770805358887]}, "min_max_pulp": {"max delay": [0.0233932559831821], "running time": [81135.03384590149]}}}