{"50": {"min_max_greedy": {"max delay": [0.05191199629581811], "running time": [217.1802520751953]}, "min_max_nn": {"max delay": [0.11335690501966253], "running time": [5160.281181335449]}}}