{"50": {"min_max_greedy": {"max delay": [0.042063944783936026], "running time": [140.11621475219727]}, "min_max_nn": {"max delay": [0.15257101195034467], "running time": [2959.4552516937256]}}}