{"50": {"min_max_greedy": {"max delay": [0.04570066066837849], "running time": [142.11797714233398]}, "min_max_nn": {"max delay": [0.5373505811673406], "running time": [4836.01188659668]}}}