{"50": {"min_max_greedy": {"max delay": [0.030699046767130728], "running time": [153.12719345092773]}, "min_max_nn": {"max delay": [0.15040171738638672], "running time": [1667.3831939697266]}}}