{"50": {"min_max_greedy": {"max delay": [0.2436960227924182], "running time": [215.1784896850586]}, "min_max_nn": {"max delay": [0.3753295714140711], "running time": [2597.1548557281494]}}}