{"50": {"min_max_greedy": {"max delay": [0.035403214590345844], "running time": [172.14250564575195]}, "min_max_nn": {"max delay": [0.13074687071868127], "running time": [4792.976379394531]}}}