{"50": {"min_max_greedy": {"max delay": [0.025492749174881407], "running time": [150.12454986572266]}, "min_max_nn": {"max delay": [0.08114677337588591], "running time": [2583.1429958343506]}}}