{"50": {"min_max_greedy": {"max delay": [0.07131376476660643], "running time": [218.18113327026367]}, "min_max_nn": {"max delay": [0.3456141618304943], "running time": [2028.6831855773926]}}}