{"50": {"min_max_greedy": {"max delay": [0.0655152257222639], "running time": [142.11797714233398]}, "min_max_nn": {"max delay": [0.32447888060562624], "running time": [2034.6877574920654]}}}