{"50": {"min_max_greedy": {"max delay": [0.0367931992583007], "running time": [162.13440895080566]}, "min_max_nn": {"max delay": [0.5902289446226268], "running time": [9135.579347610474]}}}