{"50": {"min_max_greedy": {"max delay": [0.018143887580771748], "running time": [182.15131759643555]}, "min_max_nn": {"max delay": [0.44445938394560447], "running time": [714.5910263061523]}}}