{"50": {"min_max_greedy": {"max delay": [0.01833174570682321], "running time": [183.1519603729248]}, "min_max_nn": {"max delay": [0.05642743072701708], "running time": [3532.931327819824]}}}