{"10": {"min_max_greedy": {"max delay": [0.11995935945030209], "running time": [385.3180408477783]}, "min_max_pulp": {"max delay": [0.11995935945030209], "running time": [14054.602861404419]}}, "20": {"min_max_greedy": {"max delay": [0.11236339448562746], "running time": [515.4252052307129]}, "min_max_pulp": {"max delay": [0.11231433906606177], "running time": [27406.626224517822]}}, "30": {"min_max_greedy": {"max delay": [0.10992858430128309], "running time": [844.6974754333496]}, "min_max_pulp": {"max delay": [0.10875861331228594], "running time": [42590.16180038452]}}, "40": {"min_max_greedy": {"max delay": [0.10890554535854359], "running time": [1119.924783706665]}, "min_max_pulp": {"max delay": [0.10739177867210153], "running time": [60682.09791183472]}}, "50": {"min_max_greedy": {"max delay": [0.10684098622804017], "running time": [1323.091983795166]}, "min_max_pulp": {"max delay": [0.05580444288237077], "running time": [78354.68769073486]}}, "60": {"min_max_greedy": {"max delay": [0.04376619449841387], "running time": [515.425443649292]}, "min_max_pulp": {"max delay": [0.0433028408442938], "running time": [101158.51306915283]}}, "70": {"min_max_greedy": {"max delay": [0.037287434850357806], "running time": [708.5850238800049]}, "min_max_pulp": {"max delay": [0.037287434850357806], "running time": [123162.68062591553]}}, "80": {"min_max_greedy": {"max delay": [0.034245055672232946], "running time": [895.7397937774658]}, "min_max_pulp": {"max delay": [0.03314976762163952], "running time": [148757.81059265137]}}, "90": {"min_max_greedy": {"max delay": [0.03259685623731062], "running time": [1181.976079940796]}, "min_max_pulp": {"max delay": [0.030999237225732442], "running time": [175530.91406822205]}}, "100": {"min_max_greedy": {"max delay": [0.03174309017934112], "running time": [1405.1601886749268]}, "min_max_pulp": {"max delay": [0.030199295108292515], "running time": [209375.85592269897]}}}