{"10": {"min_max_greedy": {"max delay": [0.4196422060024768], "running time": [323.26674461364746]}, "min_max_pulp": {"max delay": [0.4196422060024768], "running time": [14972.360610961914]}}, "20": {"min_max_greedy": {"max delay": [0.3794377392624265], "running time": [534.4412326812744]}, "min_max_pulp": {"max delay": [0.3794377392624265], "running time": [28889.850616455078]}}, "30": {"min_max_greedy": {"max delay": [0.36825441548943016], "running time": [695.5740451812744]}, "min_max_pulp": {"max delay": [0.36778873535255463], "running time": [45693.723917007446]}}, "40": {"min_max_greedy": {"max delay": [0.3655305308861593], "running time": [974.8048782348633]}, "min_max_pulp": {"max delay": [0.36427068978896243], "running time": [63571.48289680481]}}, "50": {"min_max_greedy": {"max delay": [0.363418829034301], "running time": [1219.0065383911133]}, "min_max_pulp": {"max delay": [0.36239574485850945], "running time": [84651.8874168396]}}, "60": {"min_max_greedy": {"max delay": [0.36172489990460466], "running time": [1302.074909210205]}, "min_max_pulp": {"max delay": [0.09007174619477365], "running time": [106953.29761505127]}}, "70": {"min_max_greedy": {"max delay": [0.0440845137746367], "running time": [553.4567832946777]}, "min_max_pulp": {"max delay": [0.0440845137746367], "running time": [130927.09064483643]}}, "80": {"min_max_greedy": {"max delay": [0.028418126075245763], "running time": [792.654275894165]}, "min_max_pulp": {"max delay": [0.02588646565490425], "running time": [156295.03345489502]}}, "90": {"min_max_greedy": {"max delay": [0.022908468343450415], "running time": [933.7716102600098]}, "min_max_pulp": {"max delay": [0.02227611436924847], "running time": [186814.2285346985]}}, "100": {"min_max_greedy": {"max delay": [0.018656370612630993], "running time": [982.8109741210938]}, "min_max_pulp": {"max delay": [0.016737236598493806], "running time": [216517.7516937256]}}}