{"10": {"min_max_greedy": {"max delay": [0.04189479000582879], "running time": [333.27531814575195]}, "min_max_pulp": {"max delay": [0.03028462692792147], "running time": [13700.310468673706]}}, "20": {"min_max_greedy": {"max delay": [0.02300629887584034], "running time": [468.3866500854492]}, "min_max_pulp": {"max delay": [0.02300629887584034], "running time": [26040.498971939087]}}, "30": {"min_max_greedy": {"max delay": [0.017625418303195205], "running time": [702.5794982910156]}, "min_max_pulp": {"max delay": [0.017625418303195205], "running time": [41683.41255187988]}}, "40": {"min_max_greedy": {"max delay": [0.014623494894410598], "running time": [745.6154823303223]}, "min_max_pulp": {"max delay": [0.014623494894410598], "running time": [56890.96736907959]}}, "50": {"min_max_greedy": {"max delay": [0.013192834560154909], "running time": [924.7629642486572]}, "min_max_pulp": {"max delay": [0.012434164260262765], "running time": [74849.79462623596]}}, "60": {"min_max_greedy": {"max delay": [0.01224540928217837], "running time": [1124.9287128448486]}, "min_max_pulp": {"max delay": [0.011280669706319272], "running time": [96399.5852470398]}}, "70": {"min_max_greedy": {"max delay": [0.011164303819474449], "running time": [1318.0880546569824]}, "min_max_pulp": {"max delay": [0.01011671530316413], "running time": [120009.07635688782]}}, "80": {"min_max_greedy": {"max delay": [0.009888263079625299], "running time": [1313.0838871002197]}, "min_max_pulp": {"max delay": [0.00920992963772644], "running time": [144424.2329597473]}}, "90": {"min_max_greedy": {"max delay": [0.008520438307281308], "running time": [1498.236894607544]}, "min_max_pulp": {"max delay": [0.008431385673035034], "running time": [169157.6521396637]}}, "100": {"min_max_greedy": {"max delay": [0.00825098606368126], "running time": [1634.3493461608887]}, "min_max_pulp": {"max delay": [0.007978929469458888], "running time": [194195.3227519989]}}}