{"10": {"min_max_greedy": {"max delay": [0.09554580294086626], "running time": [348.28782081604004]}, "min_max_pulp": {"max delay": [0.09119154649211193], "running time": [14701.137065887451]}}, "20": {"min_max_greedy": {"max delay": [0.07370886451875718], "running time": [562.4639987945557]}, "min_max_pulp": {"max delay": [0.07370886451875718], "running time": [28702.696084976196]}}, "30": {"min_max_greedy": {"max delay": [0.0718271874155616], "running time": [742.6133155822754]}, "min_max_pulp": {"max delay": [0.07037855651597907], "running time": [46193.135261535645]}}, "40": {"min_max_greedy": {"max delay": [0.07343723055779154], "running time": [649.5363712310791]}, "min_max_pulp": {"max delay": [0.06806935290918376], "running time": [65691.23315811157]}}, "50": {"min_max_greedy": {"max delay": [0.06934090211943804], "running time": [799.6602058410645]}, "min_max_pulp": {"max delay": [0.0421678887420666], "running time": [84316.60962104797]}}, "60": {"min_max_greedy": {"max delay": [0.021413486994292935], "running time": [654.5405387878418]}, "min_max_pulp": {"max delay": [0.019697880828025247], "running time": [108773.80108833313]}}, "70": {"min_max_greedy": {"max delay": [0.014912911031954086], "running time": [945.7807540893555]}, "min_max_pulp": {"max delay": [0.01383731065967106], "running time": [132927.74176597595]}}, "80": {"min_max_greedy": {"max delay": [0.012783969597204214], "running time": [984.8129749298096]}, "min_max_pulp": {"max delay": [0.01156490970867085], "running time": [161156.04710578918]}}, "90": {"min_max_greedy": {"max delay": [0.011932462063160804], "running time": [1214.0018939971924]}, "min_max_pulp": {"max delay": [0.01032738236999313], "running time": [189905.78174591064]}}, "100": {"min_max_greedy": {"max delay": [0.010050533989928773], "running time": [1404.1595458984375]}, "min_max_pulp": {"max delay": [0.009476875964834488], "running time": [225316.01548194885]}}}