{"entropy": 132518206982945151932936645003543924580, "10": {"num_user": 200, "num_service": 41, "server_1": {"max_delay": 0.05948909942009199, "running_time": 9.006977081298828}, "server_2": {"max_delay": 0.10164499913092866, "running_time": 7.006168365478516}, "server_3": {"max_delay": 0.10164499913092866, "running_time": 7.005929946899414}, "server_4": {"max_delay": 0.10164499913092866, "running_time": 7.0056915283203125}, "server_5": {"max_delay": 0.10164499913092866, "running_time": 8.006811141967773}}, "20": {"num_user": 200, "num_service": 41, "server_1": {"max_delay": 0.040980033095618616, "running_time": 17.014026641845703}, "server_2": {"max_delay": 0.05948909942009199, "running_time": 9.007930755615234}, "server_3": {"max_delay": 0.05948909942009199, "running_time": 9.006977081298828}, "server_4": {"max_delay": 0.10093618247062758, "running_time": 9.007930755615234}, "server_5": {"max_delay": 0.10164499913092866, "running_time": 7.0056915283203125}}, "30": {"num_user": 200, "num_service": 41, "server_1": {"max_delay": 0.03319525745470798, "running_time": 23.018360137939453}, "server_2": {"max_delay": 0.0458893151157017, "running_time": 15.012502670288086}, "server_3": {"max_delay": 0.05948909942009199, "running_time": 9.00721549987793}, "server_4": {"max_delay": 0.05948909942009199, "running_time": 9.00721549987793}, "server_5": {"max_delay": 0.07090947911637013, "running_time": 7.005453109741211}}, "40": {"num_user": 200, "num_service": 41, "server_1": {"max_delay": 0.02433539551136918, "running_time": 27.022600173950195}, "server_2": {"max_delay": 0.040980033095618616, "running_time": 16.01266860961914}, "server_3": {"max_delay": 0.058780282759790914, "running_time": 12.009859085083008}, "server_4": {"max_delay": 0.05948909942009199, "running_time": 9.006738662719727}, "server_5": {"max_delay": 0.07090947911637013, "running_time": 7.005929946899414}}, "50": {"num_user": 200, "num_service": 41, "server_1": {"max_delay": 0.020469202384392593, "running_time": 31.02588653564453}, "server_2": {"max_delay": 0.03432866726758456, "running_time": 21.01755142211914}, "server_3": {"max_delay": 0.0458893151157017, "running_time": 14.011383056640625}, "server_4": {"max_delay": 0.058780282759790914, "running_time": 13.010740280151367}, "server_5": {"max_delay": 0.05948909942009199, "running_time": 9.007453918457031}}, "60": {"num_user": 200, "num_service": 41, "server_1": {"max_delay": 0.019445456388228217, "running_time": 36.03005409240723}, "server_2": {"max_delay": 0.03260472966012413, "running_time": 23.019075393676758}, "server_3": {"max_delay": 0.03973924068635312, "running_time": 15.012502670288086}, "server_4": {"max_delay": 0.0458893151157017, "running_time": 14.011144638061523}, "server_5": {"max_delay": 0.058780282759790914, "running_time": 12.009859085083008}}, "70": {"num_user": 200, "num_service": 41, "server_1": {"max_delay": 0.016897047374931105, "running_time": 41.03398323059082}, "server_2": {"max_delay": 0.027447875375135357, "running_time": 24.02043342590332}, "server_3": {"max_delay": 0.034919195062168416, "running_time": 18.014907836914062}, "server_4": {"max_delay": 0.040980033095618616, "running_time": 14.011383056640625}, "server_5": {"max_delay": 0.0458893151157017, "running_time": 16.013145446777344}}, "80": {"num_user": 200, "num_service": 41, "server_1": {"max_delay": 0.014165658489206917, "running_time": 45.037269592285156}, "server_2": {"max_delay": 0.023765633227067325, "running_time": 25.020360946655273}, "server_3": {"max_delay": 0.032865262756414, "running_time": 22.0181941986084}, "server_4": {"max_delay": 0.03679926838190551, "running_time": 17.0137882232666}, "server_5": {"max_delay": 0.0458893151157017, "running_time": 12.009859085083008}}, "90": {"num_user": 200, "num_service": 41, "server_1": {"max_delay": 0.01388530621252742, "running_time": 50.04143714904785}, "server_2": {"max_delay": 0.019419215112944265, "running_time": 31.02564811706543}, "server_3": {"max_delay": 0.032865262756414, "running_time": 23.019075393676758}, "server_4": {"max_delay": 0.03679926838190551, "running_time": 17.0135498046875}, "server_5": {"max_delay": 0.040980033095618616, "running_time": 16.013622283935547}}, "100": {"num_user": 200, "num_service": 41, "server_1": {"max_delay": 0.013727287417663023, "running_time": 56.046247482299805}, "server_2": {"max_delay": 0.01989944010009073, "running_time": 31.02564811706543}, "server_3": {"max_delay": 0.028017637659437218, "running_time": 25.020360946655273}, "server_4": {"max_delay": 0.030071569965191634, "running_time": 22.017955780029297}, "server_5": {"max_delay": 0.03679926838190551, "running_time": 17.0135498046875}}}