{"entropy": 162508018663872861443069843151462101361, "10": {"num_user": 200, "num_service": 41, "server_1": {"max_delay": 0.04085214700360715, "running_time": 12.009620666503906}, "server_2": {"max_delay": 0.05102631780547999, "running_time": 11.008739471435547}, "server_3": {"max_delay": 0.05475220247483495, "running_time": 9.007930755615234}, "server_4": {"max_delay": 0.05475220247483495, "running_time": 8.006572723388672}, "server_5": {"max_delay": 0.05475220247483495, "running_time": 9.006977081298828}}, "20": {"num_user": 200, "num_service": 41, "server_1": {"max_delay": 0.032174670512651535, "running_time": 16.01266860961914}, "server_2": {"max_delay": 0.04085214700360715, "running_time": 11.008501052856445}, "server_3": {"max_delay": 0.05102631780547999, "running_time": 11.008977890014648}, "server_4": {"max_delay": 0.05102631780547999, "running_time": 10.008096694946289}, "server_5": {"max_delay": 0.05102631780547999, "running_time": 10.008573532104492}}, "30": {"num_user": 200, "num_service": 41, "server_1": {"max_delay": 0.028291359306405337, "running_time": 22.017478942871094}, "server_2": {"max_delay": 0.03720478006344673, "running_time": 14.011621475219727}, "server_3": {"max_delay": 0.04085214700360715, "running_time": 10.008573532104492}, "server_4": {"max_delay": 0.040705418195436556, "running_time": 12.009620666503906}, "server_5": {"max_delay": 0.05102631780547999, "running_time": 9.007453918457031}}, "40": {"num_user": 200, "num_service": 41, "server_1": {"max_delay": 0.02622387557379708, "running_time": 28.02300453186035}, "server_2": {"max_delay": 0.032174670512651535, "running_time": 16.013145446777344}, "server_3": {"max_delay": 0.03702254314357414, "running_time": 14.011144638061523}, "server_4": {"max_delay": 0.04085214700360715, "running_time": 11.00921630859375}, "server_5": {"max_delay": 0.040705418195436556, "running_time": 13.010740280151367}}, "50": {"num_user": 200, "num_service": 41, "server_1": {"max_delay": 0.024954401566668782, "running_time": 32.02629089355469}, "server_2": {"max_delay": 0.02843808811457593, "running_time": 21.016836166381836}, "server_3": {"max_delay": 0.032174670512651535, "running_time": 16.013622283935547}, "server_4": {"max_delay": 0.03702254314357414, "running_time": 15.012502670288086}, "server_5": {"max_delay": 0.04085214700360715, "running_time": 12.009859085083008}}, "60": {"num_user": 200, "num_service": 41, "server_1": {"max_delay": 0.023935022864726974, "running_time": 38.03133964538574}, "server_2": {"max_delay": 0.027639379923377064, "running_time": 26.021480560302734}, "server_3": {"max_delay": 0.032174670512651535, "running_time": 16.012907028198242}, "server_4": {"max_delay": 0.03702254314357414, "running_time": 15.012025833129883}, "server_5": {"max_delay": 0.03702254314357414, "running_time": 14.011144638061523}}, "70": {"num_user": 200, "num_service": 41, "server_1": {"max_delay": 0.022915000518916068, "running_time": 45.037031173706055}, "server_2": {"max_delay": 0.02600343299632158, "running_time": 26.021718978881836}, "server_3": {"max_delay": 0.031624637389764905, "running_time": 19.015789031982422}, "server_4": {"max_delay": 0.032174670512651535, "running_time": 16.013145446777344}, "server_5": {"max_delay": 0.038583403783765485, "running_time": 13.010740280151367}}, "80": {"num_user": 200, "num_service": 41, "server_1": {"max_delay": 0.023069930449558577, "running_time": 47.03855514526367}, "server_2": {"max_delay": 0.025081188805122046, "running_time": 29.024362564086914}, "server_3": {"max_delay": 0.02763999964837331, "running_time": 23.018836975097656}, "server_4": {"max_delay": 0.032174670512651535, "running_time": 16.01266860961914}, "server_5": {"max_delay": 0.032174670512651535, "running_time": 17.014026641845703}}, "90": {"num_user": 200, "num_service": 41, "server_1": {"max_delay": 0.022120334140752724, "running_time": 52.04343795776367}, "server_2": {"max_delay": 0.025081188805122046, "running_time": 30.02452850341797}, "server_3": {"max_delay": 0.027464888251880874, "running_time": 25.02131462097168}, "server_4": {"max_delay": 0.031624637389764905, "running_time": 19.01555061340332}, "server_5": {"max_delay": 0.032174670512651535, "running_time": 16.01266860961914}}, "100": {"num_user": 200, "num_service": 41, "server_1": {"max_delay": 0.021759057025188433, "running_time": 61.0508918762207}, "server_2": {"max_delay": 0.024477533580132944, "running_time": 32.02676773071289}, "server_3": {"max_delay": 0.027464888251880874, "running_time": 25.020122528076172}, "server_4": {"max_delay": 0.0278144913198695, "running_time": 21.01755142211914}, "server_5": {"max_delay": 0.032174670512651535, "running_time": 16.013383865356445}}}