{"entropy": 18723678512392186351313983442403098873, "10": {"num_user": 200, "num_service": 41, "server_1": {"max_delay": 0.06102273387458456, "running_time": 11.009454727172852}, "server_2": {"max_delay": 0.06140911643518269, "running_time": 7.0056915283203125}, "server_3": {"max_delay": 0.06030083437539971, "running_time": 8.006811141967773}, "server_4": {"max_delay": 0.0602067773114762, "running_time": 9.007453918457031}, "server_5": {"max_delay": 0.060157004749451556, "running_time": 9.00721549987793}}, "20": {"num_user": 200, "num_service": 41, "server_1": {"max_delay": 0.04962516308636784, "running_time": 17.014265060424805}, "server_2": {"max_delay": 0.05775731882070341, "running_time": 12.009859085083008}, "server_3": {"max_delay": 0.05945498085657395, "running_time": 10.008573532104492}, "server_4": {"max_delay": 0.06111608605301479, "running_time": 7.0056915283203125}, "server_5": {"max_delay": 0.060157004749451556, "running_time": 8.006572723388672}}, "30": {"num_user": 200, "num_service": 41, "server_1": {"max_delay": 0.03149226846790617, "running_time": 15.011787414550781}, "server_2": {"max_delay": 0.05522174160793901, "running_time": 12.016057968139648}, "server_3": {"max_delay": 0.0585338359752111, "running_time": 12.009382247924805}, "server_4": {"max_delay": 0.0585338359752111, "running_time": 12.01009750366211}, "server_5": {"max_delay": 0.060157004749451556, "running_time": 9.00721549987793}}, "40": {"num_user": 200, "num_service": 41, "server_1": {"max_delay": 0.0292852475137722, "running_time": 22.017955780029297}, "server_2": {"max_delay": 0.0492215321750656, "running_time": 17.014265060424805}, "server_3": {"max_delay": 0.0490428056029221, "running_time": 15.012502670288086}, "server_4": {"max_delay": 0.0585338359752111, "running_time": 12.009859085083008}, "server_5": {"max_delay": 0.0585338359752111, "running_time": 10.007858276367188}}, "50": {"num_user": 200, "num_service": 41, "server_1": {"max_delay": 0.02121667698930334, "running_time": 29.023408889770508}, "server_2": {"max_delay": 0.02982977544216457, "running_time": 18.015384674072266}, "server_3": {"max_delay": 0.0490428056029221, "running_time": 16.01266860961914}, "server_4": {"max_delay": 0.0499574908311555, "running_time": 14.011383056640625}, "server_5": {"max_delay": 0.0585338359752111, "running_time": 10.00833511352539}}, "60": {"num_user": 200, "num_service": 41, "server_1": {"max_delay": 0.02026734084274074, "running_time": 36.02957725524902}, "server_2": {"max_delay": 0.030949095540864814, "running_time": 16.013383865356445}, "server_3": {"max_delay": 0.0478238219948921, "running_time": 19.015789031982422}, "server_4": {"max_delay": 0.0549287112257711, "running_time": 12.009143829345703}, "server_5": {"max_delay": 0.05485107029801893, "running_time": 15.008211135864258}}, "70": {"num_user": 200, "num_service": 41, "server_1": {"max_delay": 0.018436199093871005, "running_time": 47.03831672668457}, "server_2": {"max_delay": 0.02973011193283482, "running_time": 19.01555061340332}, "server_3": {"max_delay": 0.029531138614590415, "running_time": 18.01443099975586}, "server_4": {"max_delay": 0.048948748538998596, "running_time": 15.012502670288086}, "server_5": {"max_delay": 0.04889897597697395, "running_time": 16.013622283935547}}, "80": {"num_user": 200, "num_service": 41, "server_1": {"max_delay": 0.018020653918854018, "running_time": 46.038150787353516}, "server_2": {"max_delay": 0.024279300667151178, "running_time": 24.019479751586914}, "server_3": {"max_delay": 0.02963080212392017, "running_time": 17.014026641845703}, "server_4": {"max_delay": 0.04892850179289769, "running_time": 17.014026641845703}, "server_5": {"max_delay": 0.04889897597697395, "running_time": 15.012025833129883}}, "90": {"num_user": 200, "num_service": 41, "server_1": {"max_delay": 0.017462941930887148, "running_time": 52.04272270202637}, "server_2": {"max_delay": 0.02416774643286852, "running_time": 25.020122528076172}, "server_3": {"max_delay": 0.030750122222620413, "running_time": 16.012907028198242}, "server_4": {"max_delay": 0.030586045850571356, "running_time": 19.015073776245117}, "server_5": {"max_delay": 0.04889897597697395, "running_time": 15.011787414550781}}, "100": {"num_user": 200, "num_service": 41, "server_1": {"max_delay": 0.017113948813820338, "running_time": 60.04953384399414}, "server_2": {"max_delay": 0.021105122755020682, "running_time": 32.026052474975586}, "server_3": {"max_delay": 0.029531138614590415, "running_time": 19.01531219482422}, "server_4": {"max_delay": 0.02943708155066691, "running_time": 21.01731300354004}, "server_5": {"max_delay": 0.03056237714854749, "running_time": 19.015789031982422}}}