{"entropy": 316585189225613197608762660708192701587, "10": {"num_user": 200, "num_service": 41, "server_1": {"max_delay": 0.08282084518351078, "running_time": 8.007049560546875}, "server_2": {"max_delay": 0.09388644951261692, "running_time": 6.005048751831055}, "server_3": {"max_delay": 0.09388644951261692, "running_time": 6.004810333251953}, "server_4": {"max_delay": 0.09388644951261692, "running_time": 5.004405975341797}, "server_5": {"max_delay": 0.09388644951261692, "running_time": 5.004405975341797}}, "20": {"num_user": 200, "num_service": 41, "server_1": {"max_delay": 0.07344999094707103, "running_time": 13.010740280151367}, "server_2": {"max_delay": 0.08282084518351078, "running_time": 7.005214691162109}, "server_3": {"max_delay": 0.08282084518351078, "running_time": 8.00633430480957}, "server_4": {"max_delay": 0.09388644951261692, "running_time": 6.008148193359375}, "server_5": {"max_delay": 0.09388644951261692, "running_time": 6.004810333251953}}, "30": {"num_user": 200, "num_service": 41, "server_1": {"max_delay": 0.059074792707454825, "running_time": 18.014907836914062}, "server_2": {"max_delay": 0.08132868185205416, "running_time": 11.009693145751953}, "server_3": {"max_delay": 0.08282084518351078, "running_time": 9.007930755615234}, "server_4": {"max_delay": 0.08282084518351078, "running_time": 7.006406784057617}, "server_5": {"max_delay": 0.08282084518351078, "running_time": 9.007692337036133}}, "40": {"num_user": 200, "num_service": 41, "server_1": {"max_delay": 0.05432666379000652, "running_time": 30.025005340576172}, "server_2": {"max_delay": 0.07344999094707103, "running_time": 14.011621475219727}, "server_3": {"max_delay": 0.08132868185205416, "running_time": 11.008501052856445}, "server_4": {"max_delay": 0.08282084518351078, "running_time": 8.006811141967773}, "server_5": {"max_delay": 0.08282084518351078, "running_time": 8.00633430480957}}, "50": {"num_user": 200, "num_service": 41, "server_1": {"max_delay": 0.05367183938303269, "running_time": 33.026933670043945}, "server_2": {"max_delay": 0.0682614981538614, "running_time": 17.0133113861084}, "server_3": {"max_delay": 0.07344999094707103, "running_time": 13.010025024414062}, "server_4": {"max_delay": 0.08132868185205416, "running_time": 10.00833511352539}, "server_5": {"max_delay": 0.08282084518351078, "running_time": 8.006811141967773}}, "60": {"num_user": 200, "num_service": 41, "server_1": {"max_delay": 0.052945194654479, "running_time": 39.0324592590332}, "server_2": {"max_delay": 0.05706798885212661, "running_time": 19.016027450561523}, "server_3": {"max_delay": 0.07344999094707103, "running_time": 14.011383056640625}, "server_4": {"max_delay": 0.08132868185205416, "running_time": 10.008096694946289}, "server_5": {"max_delay": 0.08132868185205416, "running_time": 11.008501052856445}}, "70": {"num_user": 200, "num_service": 41, "server_1": {"max_delay": 0.05185381079259571, "running_time": 44.036149978637695}, "server_2": {"max_delay": 0.054446328170873914, "running_time": 22.0181941986084}, "server_3": {"max_delay": 0.0682614981538614, "running_time": 17.014026641845703}, "server_4": {"max_delay": 0.07344999094707103, "running_time": 13.01121711730957}, "server_5": {"max_delay": 0.08132868185205416, "running_time": 10.008573532104492}}, "80": {"num_user": 200, "num_service": 41, "server_1": {"max_delay": 0.0492900937848095, "running_time": 49.04055595397949}, "server_2": {"max_delay": 0.0532962594871489, "running_time": 27.022123336791992}, "server_3": {"max_delay": 0.05651446917219341, "running_time": 18.015146255493164}, "server_4": {"max_delay": 0.07344999094707103, "running_time": 13.010978698730469}, "server_5": {"max_delay": 0.07344999094707103, "running_time": 13.010978698730469}}, "90": {"num_user": 200, "num_service": 41, "server_1": {"max_delay": 0.04866538357243243, "running_time": 58.04753303527832}, "server_2": {"max_delay": 0.05268727057866581, "running_time": 29.02388572692871}, "server_3": {"max_delay": 0.055519313320536744, "running_time": 21.017074584960938}, "server_4": {"max_delay": 0.0682614981538614, "running_time": 17.014026641845703}, "server_5": {"max_delay": 0.07344999094707103, "running_time": 13.010740280151367}}, "100": {"num_user": 200, "num_service": 41, "server_1": {"max_delay": 0.048621444885726374, "running_time": 62.05105781555176}, "server_2": {"max_delay": 0.05220061495622183, "running_time": 33.02741050720215}, "server_3": {"max_delay": 0.05425708916346571, "running_time": 19.01531219482422}, "server_4": {"max_delay": 0.06696339877567103, "running_time": 18.015146255493164}, "server_5": {"max_delay": 0.07344999094707103, "running_time": 13.010263442993164}}}