{"entropy": 141865448137226984230680091865267694955, "10": {"num_user": 200, "num_service": 41, "server_1": {"max_delay": 1.6892286629018793, "running_time": 14.013051986694336}, "server_2": {"max_delay": 1.75420066826958, "running_time": 12.005329132080078}, "server_3": {"max_delay": 1.7576948411206479, "running_time": 9.046792984008789}, "server_4": {"max_delay": 1.7576948411206479, "running_time": 9.007453918457031}, "server_5": {"max_delay": 1.7576948411206479, "running_time": 8.956432342529297}}, "20": {"num_user": 200, "num_service": 41, "server_1": {"max_delay": 1.6833208265633801, "running_time": 18.00990104675293}, "server_2": {"max_delay": 1.6892286629018793, "running_time": 14.010906219482422}, "server_3": {"max_delay": 1.6892286629018793, "running_time": 12.053251266479492}, "server_4": {"max_delay": 1.6892286629018793, "running_time": 12.01009750366211}, "server_5": {"max_delay": 1.6962420185468492, "running_time": 8.006572723388672}}, "30": {"num_user": 200, "num_service": 41, "server_1": {"max_delay": 1.6830718638885236, "running_time": 21.01755142211914}, "server_2": {"max_delay": 1.6880915071093954, "running_time": 14.011621475219727}, "server_3": {"max_delay": 1.684457982355864, "running_time": 12.009620666503906}, "server_4": {"max_delay": 1.6892286629018793, "running_time": 11.008977890014648}, "server_5": {"max_delay": 1.6962420185468492, "running_time": 9.006500244140625}}, "40": {"num_user": 200, "num_service": 41, "server_1": {"max_delay": 1.6760615707646642, "running_time": 25.020837783813477}, "server_2": {"max_delay": 1.6864618865931238, "running_time": 16.013622283935547}, "server_3": {"max_delay": 1.689205149773614, "running_time": 15.012502670288086}, "server_4": {"max_delay": 1.689205149773614, "running_time": 11.009693145751953}, "server_5": {"max_delay": 1.6962420185468492, "running_time": 7.0056915283203125}}, "50": {"num_user": 200, "num_service": 41, "server_1": {"max_delay": 1.6739737882284826, "running_time": 33.02741050720215}, "server_2": {"max_delay": 1.6843455843281196, "running_time": 17.0135498046875}, "server_3": {"max_delay": 1.6833208265633801, "running_time": 15.012979507446289}, "server_4": {"max_delay": 1.689205149773614, "running_time": 12.01009750366211}, "server_5": {"max_delay": 1.689205149773614, "running_time": 12.01009750366211}}, "60": {"num_user": 200, "num_service": 41, "server_1": {"max_delay": 1.760740244605397, "running_time": 8.006572723388672}, "server_2": {"max_delay": 1.760740244605397, "running_time": 8.006572723388672}, "server_3": {"max_delay": 1.760740244605397, "running_time": 7.006168365478516}, "server_4": {"max_delay": 1.760740244605397, "running_time": 8.006572723388672}, "server_5": {"max_delay": 1.760740244605397, "running_time": 7.006406784057617}}, "70": {"num_user": 200, "num_service": 41, "server_1": {"max_delay": 1.6880915071093954, "running_time": 12.009620666503906}, "server_2": {"max_delay": 1.6892286629018793, "running_time": 10.008573532104492}, "server_3": {"max_delay": 1.7530816664128064, "running_time": 11.008977890014648}, "server_4": {"max_delay": 1.7537268889604274, "running_time": 9.00721549987793}, "server_5": {"max_delay": 1.7537268889604274, "running_time": 8.006811141967773}}, "80": {"num_user": 200, "num_service": 41, "server_1": {"max_delay": 1.6860727647051832, "running_time": 17.014026641845703}, "server_2": {"max_delay": 1.6880915071093954, "running_time": 14.011383056640625}, "server_3": {"max_delay": 1.6892286629018793, "running_time": 12.009382247924805}, "server_4": {"max_delay": 1.6892286629018793, "running_time": 10.00833511352539}, "server_5": {"max_delay": 1.6892286629018793, "running_time": 10.008573532104492}}, "90": {"num_user": 200, "num_service": 41, "server_1": {"max_delay": 1.6771987265571482, "running_time": 22.017478942871094}, "server_2": {"max_delay": 1.6865109180529896, "running_time": 17.0133113861084}, "server_3": {"max_delay": 1.6880915071093954, "running_time": 14.010906219482422}, "server_4": {"max_delay": 1.6892286629018793, "running_time": 10.008096694946289}, "server_5": {"max_delay": 1.6892286629018793, "running_time": 10.00833511352539}}, "100": {"num_user": 200, "num_service": 41, "server_1": {"max_delay": 1.6744747233478987, "running_time": 29.024362564086914}, "server_2": {"max_delay": 1.6860727647051832, "running_time": 19.015789031982422}, "server_3": {"max_delay": 1.6833208265633801, "running_time": 16.013145446777344}, "server_4": {"max_delay": 1.6833208265633801, "running_time": 13.009786605834961}, "server_5": {"max_delay": 1.6892286629018793, "running_time": 10.008573532104492}}}