{"entropy": 340011385583330958628032272011321141123, "10": {"num_user": 200, "num_service": 41, "server_1": {"max_delay": 0.17472282870276049, "running_time": 14.076709747314453}, "server_2": {"max_delay": 0.1764061552668506, "running_time": 13.010501861572266}, "server_3": {"max_delay": 0.20390265332770807, "running_time": 12.010335922241211}, "server_4": {"max_delay": 0.20390265332770807, "running_time": 10.00833511352539}, "server_5": {"max_delay": 0.2113871371638209, "running_time": 8.006095886230469}}, "20": {"num_user": 200, "num_service": 41, "server_1": {"max_delay": 0.16753142608648633, "running_time": 22.02439308166504}, "server_2": {"max_delay": 0.17386153384512132, "running_time": 15.017271041870117}, "server_3": {"max_delay": 0.17386153384512132, "running_time": 14.03355598449707}, "server_4": {"max_delay": 0.17554486040921147, "running_time": 11.970281600952148}, "server_5": {"max_delay": 0.1764061552668506, "running_time": 14.01209831237793}}, "30": {"num_user": 200, "num_service": 41, "server_1": {"max_delay": 0.11660400610421641, "running_time": 17.0137882232666}, "server_2": {"max_delay": 0.14396763532704368, "running_time": 14.011383056640625}, "server_3": {"max_delay": 0.1735859791991522, "running_time": 13.010740280151367}, "server_4": {"max_delay": 0.1751449217344786, "running_time": 14.011383056640625}, "server_5": {"max_delay": 0.1735859791991522, "running_time": 16.013383865356445}}, "40": {"num_user": 200, "num_service": 41, "server_1": {"max_delay": 0.08269601048996061, "running_time": 16.013383865356445}, "server_2": {"max_delay": 0.11207469027210615, "running_time": 15.012979507446289}, "server_3": {"max_delay": 0.11574271124657724, "running_time": 13.01121711730957}, "server_4": {"max_delay": 0.11647113726618621, "running_time": 13.010263442993164}, "server_5": {"max_delay": 0.14396763532704368, "running_time": 14.011144638061523}}, "50": {"num_user": 200, "num_service": 41, "server_1": {"max_delay": 0.04849871494478852, "running_time": 22.017955780029297}, "server_2": {"max_delay": 0.14410050416507386, "running_time": 11.008977890014648}, "server_3": {"max_delay": 0.08225075049482124, "running_time": 17.014026641845703}, "server_4": {"max_delay": 0.08269601048996061, "running_time": 15.012502670288086}, "server_5": {"max_delay": 0.08971173859637249, "running_time": 14.01209831237793}}, "60": {"num_user": 200, "num_service": 41, "server_1": {"max_delay": 0.044601433698514006, "running_time": 27.022838592529297}, "server_2": {"max_delay": 0.11560984240854705, "running_time": 14.011859893798828}, "server_3": {"max_delay": 0.11647113726618621, "running_time": 14.011383056640625}, "server_4": {"max_delay": 0.11660400610421641, "running_time": 12.009620666503906}, "server_5": {"max_delay": 0.14410050416507386, "running_time": 12.009859085083008}}, "70": {"num_user": 200, "num_service": 41, "server_1": {"max_delay": 0.041717210587070785, "running_time": 32.02652931213379}, "server_2": {"max_delay": 0.05519951242910316, "running_time": 18.01466941833496}, "server_3": {"max_delay": 0.08269601048996061, "running_time": 16.01386070251465}, "server_4": {"max_delay": 0.08269601048996061, "running_time": 14.011144638061523}, "server_5": {"max_delay": 0.11560984240854705, "running_time": 16.013145446777344}}, "80": {"num_user": 200, "num_service": 41, "server_1": {"max_delay": 0.040054194534156144, "running_time": 38.70964050292969}, "server_2": {"max_delay": 0.08225075049482124, "running_time": 15.012264251708984}, "server_3": {"max_delay": 0.11660400610421641, "running_time": 14.011859893798828}, "server_4": {"max_delay": 0.14396763532704368, "running_time": 12.01009750366211}, "server_5": {"max_delay": 0.08225075049482124, "running_time": 15.012264251708984}}, "90": {"num_user": 200, "num_service": 41, "server_1": {"max_delay": 0.03922190784778355, "running_time": 40.03262519836426}, "server_2": {"max_delay": 0.05389295757632459, "running_time": 18.01443099975586}, "server_3": {"max_delay": 0.08269601048996061, "running_time": 14.01209831237793}, "server_4": {"max_delay": 0.11546715660060813, "running_time": 12.010335922241211}, "server_5": {"max_delay": 0.11574271124657724, "running_time": 13.010740280151367}}, "100": {"num_user": 200, "num_service": 41, "server_1": {"max_delay": 0.03812000463455273, "running_time": 47.03879356384277}, "server_2": {"max_delay": 0.04755069779192192, "running_time": 22.017955780029297}, "server_3": {"max_delay": 0.054338217571463995, "running_time": 17.0133113861084}, "server_4": {"max_delay": 0.14410050416507386, "running_time": 10.00833511352539}, "server_5": {"max_delay": 0.08269601048996061, "running_time": 15.012025833129883}}}