{"entropy": 28413036153589332581656143002892477521, "10": {"num_user": 200, "num_service": 41, "server_1": {"max_delay": 0.40001042106704454, "running_time": 15.017509460449219}, "server_2": {"max_delay": 0.4075843677737459, "running_time": 10.00833511352539}, "server_3": {"max_delay": 0.40693294510803063, "running_time": 9.007453918457031}, "server_4": {"max_delay": 0.41014276843065134, "running_time": 8.005857467651367}, "server_5": {"max_delay": 0.41074999051215605, "running_time": 5.003929138183594}}, "20": {"num_user": 200, "num_service": 41, "server_1": {"max_delay": 0.10518785835657334, "running_time": 11.009693145751953}, "server_2": {"max_delay": 0.10900490376069873, "running_time": 8.006572723388672}, "server_3": {"max_delay": 0.401358326855549, "running_time": 14.011621475219727}, "server_4": {"max_delay": 0.4075843677737459, "running_time": 9.007692337036133}, "server_5": {"max_delay": 0.4043745444511252, "running_time": 11.008977890014648}}, "30": {"num_user": 200, "num_service": 41, "server_1": {"max_delay": 0.06372309117730648, "running_time": 18.01466941833496}, "server_2": {"max_delay": 0.0928022966347368, "running_time": 13.010740280151367}, "server_3": {"max_delay": 0.09536069729164223, "running_time": 11.008977890014648}, "server_4": {"max_delay": 0.09596791937314694, "running_time": 9.00721549987793}, "server_5": {"max_delay": 0.09536069729164223, "running_time": 11.00921630859375}}, "40": {"num_user": 200, "num_service": 41, "server_1": {"max_delay": 0.05390693645710775, "running_time": 22.0181941986084}, "server_2": {"max_delay": 0.09536069729164223, "running_time": 11.008739471435547}, "server_3": {"max_delay": 0.10839768167919402, "running_time": 9.00721549987793}, "server_4": {"max_delay": 0.10900490376069873, "running_time": 8.006095886230469}, "server_5": {"max_delay": 0.09536069729164223, "running_time": 11.008977890014648}}, "50": {"num_user": 200, "num_service": 41, "server_1": {"max_delay": 0.04781876770703527, "running_time": 29.024600982666016}, "server_2": {"max_delay": 0.06740949918971263, "running_time": 14.011144638061523}, "server_3": {"max_delay": 0.09536069729164223, "running_time": 11.008262634277344}, "server_4": {"max_delay": 0.09536069729164223, "running_time": 11.009931564331055}, "server_5": {"max_delay": 0.09536069729164223, "running_time": 11.009454727172852}}, "60": {"num_user": 200, "num_service": 41, "server_1": {"max_delay": 0.046709659753720795, "running_time": 36.02957725524902}, "server_2": {"max_delay": 0.05878132407996915, "running_time": 18.015384674072266}, "server_3": {"max_delay": 0.09596791937314694, "running_time": 9.00721549987793}, "server_4": {"max_delay": 0.09536069729164223, "running_time": 11.00921630859375}, "server_5": {"max_delay": 0.10839768167919402, "running_time": 9.007692337036133}}, "70": {"num_user": 200, "num_service": 41, "server_1": {"max_delay": 0.04387750124572124, "running_time": 37.02974319458008}, "server_2": {"max_delay": 0.056306103924556, "running_time": 20.01643180847168}, "server_3": {"max_delay": 0.06996789984661807, "running_time": 13.010263442993164}, "server_4": {"max_delay": 0.09536069729164223, "running_time": 12.009859085083008}, "server_5": {"max_delay": 0.09596791937314694, "running_time": 9.007930755615234}}, "80": {"num_user": 200, "num_service": 41, "server_1": {"max_delay": 0.04249607523921333, "running_time": 48.03967475891113}, "server_2": {"max_delay": 0.05343035176732228, "running_time": 22.018909454345703}, "server_3": {"max_delay": 0.06740949918971263, "running_time": 14.011621475219727}, "server_4": {"max_delay": 0.09536069729164223, "running_time": 11.008739471435547}, "server_5": {"max_delay": 0.09596791937314694, "running_time": 9.007692337036133}}, "90": {"num_user": 200, "num_service": 41, "server_1": {"max_delay": 0.041103940708927485, "running_time": 48.040151596069336}, "server_2": {"max_delay": 0.04969268501291803, "running_time": 25.02131462097168}, "server_3": {"max_delay": 0.06199114740258984, "running_time": 17.014026641845703}, "server_4": {"max_delay": 0.0928022966347368, "running_time": 12.009859085083008}, "server_5": {"max_delay": 0.10900490376069873, "running_time": 7.0056915283203125}}, "100": {"num_user": 200, "num_service": 41, "server_1": {"max_delay": 0.040315948778571684, "running_time": 57.047128677368164}, "server_2": {"max_delay": 0.04756311598547399, "running_time": 28.02276611328125}, "server_3": {"max_delay": 0.05878132407996915, "running_time": 18.01466941833496}, "server_4": {"max_delay": 0.06996789984661807, "running_time": 13.010978698730469}, "server_5": {"max_delay": 0.09536069729164223, "running_time": 11.008501052856445}}}