{"entropy": 27771443064875054124352488191895089562, "10": {"num_user": 200, "num_service": 41, "server_1": {"max_delay": 0.06000030478624328, "running_time": 11.008739471435547}, "server_2": {"max_delay": 0.07954302246179698, "running_time": 8.00633430480957}, "server_3": {"max_delay": 0.07954302246179698, "running_time": 6.005525588989258}, "server_4": {"max_delay": 0.07954302246179698, "running_time": 6.005048751831055}, "server_5": {"max_delay": 0.07954302246179698, "running_time": 7.0056915283203125}}, "20": {"num_user": 200, "num_service": 41, "server_1": {"max_delay": 0.052067327959206475, "running_time": 12.01009750366211}, "server_2": {"max_delay": 0.05698147028643655, "running_time": 8.007049560546875}, "server_3": {"max_delay": 0.06000030478624328, "running_time": 7.0056915283203125}, "server_4": {"max_delay": 0.06000030478624328, "running_time": 7.006645202636719}, "server_5": {"max_delay": 0.07954302246179698, "running_time": 7.006168365478516}}, "30": {"num_user": 200, "num_service": 41, "server_1": {"max_delay": 0.047823218800650796, "running_time": 20.01190185546875}, "server_2": {"max_delay": 0.053585351749351876, "running_time": 14.00899887084961}, "server_3": {"max_delay": 0.05698147028643655, "running_time": 11.008739471435547}, "server_4": {"max_delay": 0.06000030478624328, "running_time": 9.00721549987793}, "server_5": {"max_delay": 0.06000030478624328, "running_time": 10.00833511352539}}, "40": {"num_user": 200, "num_service": 41, "server_1": {"max_delay": 0.03812038214524583, "running_time": 22.017478942871094}, "server_2": {"max_delay": 0.052067327959206475, "running_time": 12.01009750366211}, "server_3": {"max_delay": 0.05698147028643655, "running_time": 11.008739471435547}, "server_4": {"max_delay": 0.05698147028643655, "running_time": 9.008169174194336}, "server_5": {"max_delay": 0.06000030478624328, "running_time": 7.006168365478516}}, "50": {"num_user": 200, "num_service": 41, "server_1": {"max_delay": 0.03465957393998536, "running_time": 25.01988410949707}, "server_2": {"max_delay": 0.049260516530353814, "running_time": 16.013383865356445}, "server_3": {"max_delay": 0.050749456734025214, "running_time": 13.010740280151367}, "server_4": {"max_delay": 0.05698147028643655, "running_time": 10.00833511352539}, "server_5": {"max_delay": 0.05698147028643655, "running_time": 10.00833511352539}}, "60": {"num_user": 200, "num_service": 41, "server_1": {"max_delay": 0.026530843197979048, "running_time": 21.01731300354004}, "server_2": {"max_delay": 0.041962632971206656, "running_time": 18.01466941833496}, "server_3": {"max_delay": 0.052067327959206475, "running_time": 12.01009750366211}, "server_4": {"max_delay": 0.053585351749351876, "running_time": 12.009859085083008}, "server_5": {"max_delay": 0.05698147028643655, "running_time": 8.005857467651367}}, "70": {"num_user": 200, "num_service": 41, "server_1": {"max_delay": 0.0241330865936642, "running_time": 27.022123336791992}, "server_2": {"max_delay": 0.03747934462621996, "running_time": 21.017789840698242}, "server_3": {"max_delay": 0.049260516530353814, "running_time": 17.014026641845703}, "server_4": {"max_delay": 0.053585351749351876, "running_time": 12.009859085083008}, "server_5": {"max_delay": 0.053585351749351876, "running_time": 10.009050369262695}}, "80": {"num_user": 200, "num_service": 41, "server_1": {"max_delay": 0.021416529347757177, "running_time": 30.02452850341797}, "server_2": {"max_delay": 0.036344726702172064, "running_time": 21.017074584960938}, "server_3": {"max_delay": 0.049260516530353814, "running_time": 17.0137882232666}, "server_4": {"max_delay": 0.052067327959206475, "running_time": 12.009859085083008}, "server_5": {"max_delay": 0.053585351749351876, "running_time": 10.008573532104492}}, "90": {"num_user": 200, "num_service": 41, "server_1": {"max_delay": 0.021358117523952915, "running_time": 35.02821922302246}, "server_2": {"max_delay": 0.03540105161718501, "running_time": 26.021480560302734}, "server_3": {"max_delay": 0.041321595452180795, "running_time": 19.01555061340332}, "server_4": {"max_delay": 0.049260516530353814, "running_time": 17.014026641845703}, "server_5": {"max_delay": 0.050749456734025214, "running_time": 14.011383056640625}}, "100": {"num_user": 200, "num_service": 41, "server_1": {"max_delay": 0.020415326307888615, "running_time": 40.03334045410156}, "server_2": {"max_delay": 0.024987788972180156, "running_time": 24.019718170166016}, "server_3": {"max_delay": 0.03860674750065813, "running_time": 20.01667022705078}, "server_4": {"max_delay": 0.049260516530353814, "running_time": 17.014265060424805}, "server_5": {"max_delay": 0.052067327959206475, "running_time": 11.00921630859375}}}