{"entropy": 38834471410841551842462974781909929115, "10": {"num_user": 200, "num_service": 41, "server_1": {"max_delay": 0.03572165299390996, "running_time": 11.008977890014648}, "server_2": {"max_delay": 0.043708270529727755, "running_time": 6.004810333251953}, "server_3": {"max_delay": 0.043708270529727755, "running_time": 5.004167556762695}, "server_4": {"max_delay": 0.043708270529727755, "running_time": 5.004167556762695}, "server_5": {"max_delay": 0.043708270529727755, "running_time": 5.004167556762695}}, "20": {"num_user": 200, "num_service": 41, "server_1": {"max_delay": 0.026966873696074648, "running_time": 15.012741088867188}, "server_2": {"max_delay": 0.03572165299390996, "running_time": 12.009859085083008}, "server_3": {"max_delay": 0.03573356735357655, "running_time": 8.006811141967773}, "server_4": {"max_delay": 0.043708270529727755, "running_time": 6.005048751831055}, "server_5": {"max_delay": 0.043708270529727755, "running_time": 6.005048751831055}}, "30": {"num_user": 200, "num_service": 41, "server_1": {"max_delay": 0.019437059083681162, "running_time": 26.021718978881836}, "server_2": {"max_delay": 0.026966873696074648, "running_time": 13.010740280151367}, "server_3": {"max_delay": 0.03572165299390996, "running_time": 10.00833511352539}, "server_4": {"max_delay": 0.03573356735357655, "running_time": 8.007049560546875}, "server_5": {"max_delay": 0.03573356735357655, "running_time": 12.009859085083008}}, "40": {"num_user": 200, "num_service": 41, "server_1": {"max_delay": 0.017205226094549393, "running_time": 35.02964973449707}, "server_2": {"max_delay": 0.023813228992627708, "running_time": 19.016265869140625}, "server_3": {"max_delay": 0.026966873696074648, "running_time": 14.011383056640625}, "server_4": {"max_delay": 0.03572165299390996, "running_time": 10.008096694946289}, "server_5": {"max_delay": 0.03901758082616452, "running_time": 7.005929946899414}}, "50": {"num_user": 200, "num_service": 41, "server_1": {"max_delay": 0.016802479320040614, "running_time": 33.02741050720215}, "server_2": {"max_delay": 0.021693068700964317, "running_time": 22.017955780029297}, "server_3": {"max_delay": 0.024832389106083194, "running_time": 17.0135498046875}, "server_4": {"max_delay": 0.026966873696074648, "running_time": 13.010740280151367}, "server_5": {"max_delay": 0.03572165299390996, "running_time": 10.00833511352539}}, "60": {"num_user": 200, "num_service": 41, "server_1": {"max_delay": 0.014337796524544904, "running_time": 32.02629089355469}, "server_2": {"max_delay": 0.018804410357448557, "running_time": 26.021480560302734}, "server_3": {"max_delay": 0.02228190007175749, "running_time": 20.01667022705078}, "server_4": {"max_delay": 0.026966873696074648, "running_time": 14.010906219482422}, "server_5": {"max_delay": 0.026966873696074648, "running_time": 13.010740280151367}}, "70": {"num_user": 200, "num_service": 41, "server_1": {"max_delay": 0.012863325213739361, "running_time": 39.0322208404541}, "server_2": {"max_delay": 0.017428672521926255, "running_time": 26.02100372314453}, "server_3": {"max_delay": 0.02228190007175749, "running_time": 21.01731300354004}, "server_4": {"max_delay": 0.02446700416266688, "running_time": 16.01386070251465}, "server_5": {"max_delay": 0.031107471447342012, "running_time": 11.009454727172852}}, "80": {"num_user": 200, "num_service": 41, "server_1": {"max_delay": 0.011742420177189695, "running_time": 48.03967475891113}, "server_2": {"max_delay": 0.016437094376624294, "running_time": 30.02476692199707}, "server_3": {"max_delay": 0.019437059083681162, "running_time": 24.019718170166016}, "server_4": {"max_delay": 0.023813228992627708, "running_time": 18.015146255493164}, "server_5": {"max_delay": 0.024832389106083194, "running_time": 16.013383865356445}}, "90": {"num_user": 200, "num_service": 41, "server_1": {"max_delay": 0.010892452401993477, "running_time": 53.04431915283203}, "server_2": {"max_delay": 0.016437094376624294, "running_time": 29.024124145507812}, "server_3": {"max_delay": 0.01915234834529554, "running_time": 28.023242950439453}, "server_4": {"max_delay": 0.023813228992627708, "running_time": 19.01555061340332}, "server_5": {"max_delay": 0.023944372745929178, "running_time": 17.014026641845703}}, "100": {"num_user": 200, "num_service": 41, "server_1": {"max_delay": 0.009908725469219806, "running_time": 57.047128677368164}, "server_2": {"max_delay": 0.01465783003088305, "running_time": 31.02588653564453}, "server_3": {"max_delay": 0.01915234834529554, "running_time": 26.021242141723633}, "server_4": {"max_delay": 0.01936313599908996, "running_time": 23.019075393676758}, "server_5": {"max_delay": 0.023944372745929178, "running_time": 17.014026641845703}}}