{"entropy": 180412138400859392597319740522927615788, "10": {"num_user": 200, "num_service": 41, "server_1": {"max_delay": 0.06189102678226196, "running_time": 10.008096694946289}, "server_2": {"max_delay": 0.06476735686480478, "running_time": 11.008739471435547}, "server_3": {"max_delay": 0.08475300920457177, "running_time": 9.007453918457031}, "server_4": {"max_delay": 0.10979607903764013, "running_time": 7.0056915283203125}, "server_5": {"max_delay": 0.12978173137740712, "running_time": 6.004571914672852}}, "20": {"num_user": 200, "num_service": 41, "server_1": {"max_delay": 0.055024315984471675, "running_time": 17.0137882232666}, "server_2": {"max_delay": 0.06189102678226196, "running_time": 10.008096694946289}, "server_3": {"max_delay": 0.06476735686480478, "running_time": 8.006811141967773}, "server_4": {"max_delay": 0.08475300920457177, "running_time": 7.005929946899414}, "server_5": {"max_delay": 0.06476735686480478, "running_time": 9.007692337036133}}, "30": {"num_user": 200, "num_service": 41, "server_1": {"max_delay": 0.04952251535117834, "running_time": 22.02463150024414}, "server_2": {"max_delay": 0.059410644969370895, "running_time": 13.010978698730469}, "server_3": {"max_delay": 0.05961784871861746, "running_time": 12.009859085083008}, "server_4": {"max_delay": 0.06476735686480478, "running_time": 9.007453918457031}, "server_5": {"max_delay": 0.08475300920457177, "running_time": 8.00633430480957}}, "40": {"num_user": 200, "num_service": 41, "server_1": {"max_delay": 0.04560262023327699, "running_time": 26.021718978881836}, "server_2": {"max_delay": 0.05196509739043012, "running_time": 19.016504287719727}, "server_3": {"max_delay": 0.05961784871861746, "running_time": 12.009620666503906}, "server_4": {"max_delay": 0.05961784871861746, "running_time": 12.009859085083008}, "server_5": {"max_delay": 0.06476735686480478, "running_time": 9.007453918457031}}, "50": {"num_user": 200, "num_service": 41, "server_1": {"max_delay": 0.04357455697950807, "running_time": 34.028053283691406}, "server_2": {"max_delay": 0.05146620995206885, "running_time": 20.01667022705078}, "server_3": {"max_delay": 0.05501433952164416, "running_time": 18.015146255493164}, "server_4": {"max_delay": 0.05961784871861746, "running_time": 12.010335922241211}, "server_5": {"max_delay": 0.06189102678226196, "running_time": 10.00833511352539}}, "60": {"num_user": 200, "num_service": 41, "server_1": {"max_delay": 0.04242396741130345, "running_time": 39.0322208404541}, "server_2": {"max_delay": 0.04863408205607914, "running_time": 23.018836975097656}, "server_3": {"max_delay": 0.050805477401130485, "running_time": 20.017147064208984}, "server_4": {"max_delay": 0.059410644969370895, "running_time": 13.010978698730469}, "server_5": {"max_delay": 0.06189102678226196, "running_time": 10.008096694946289}}, "70": {"num_user": 200, "num_service": 41, "server_1": {"max_delay": 0.0415530324902332, "running_time": 45.03679275512695}, "server_2": {"max_delay": 0.04550958321535315, "running_time": 24.019956588745117}, "server_3": {"max_delay": 0.050805477401130485, "running_time": 20.015954971313477}, "server_4": {"max_delay": 0.054904297120338244, "running_time": 17.014026641845703}, "server_5": {"max_delay": 0.05961784871861746, "running_time": 12.009859085083008}}, "80": {"num_user": 200, "num_service": 41, "server_1": {"max_delay": 0.040499297877966994, "running_time": 50.04143714904785}, "server_2": {"max_delay": 0.04524768194356245, "running_time": 27.02164649963379}, "server_3": {"max_delay": 0.04863408205607914, "running_time": 20.01643180847168}, "server_4": {"max_delay": 0.051512841424652046, "running_time": 18.015623092651367}, "server_5": {"max_delay": 0.0548396262163946, "running_time": 17.014265060424805}}, "90": {"num_user": 200, "num_service": 41, "server_1": {"max_delay": 0.03994353408676454, "running_time": 58.04777145385742}, "server_2": {"max_delay": 0.04491125587484937, "running_time": 29.024124145507812}, "server_3": {"max_delay": 0.04636454760254759, "running_time": 23.01955223083496}, "server_4": {"max_delay": 0.051512841424652046, "running_time": 19.016265869140625}, "server_5": {"max_delay": 0.05146620995206885, "running_time": 17.014265060424805}}, "100": {"num_user": 200, "num_service": 41, "server_1": {"max_delay": 0.03925202426366697, "running_time": 62.05153465270996}, "server_2": {"max_delay": 0.04269136296648327, "running_time": 35.028934478759766}, "server_3": {"max_delay": 0.04550958321535315, "running_time": 26.021480560302734}, "server_4": {"max_delay": 0.04852289241467738, "running_time": 21.016836166381836}, "server_5": {"max_delay": 0.05146620995206885, "running_time": 18.01466941833496}}}