{"entropy": 311947047424851620909861262210253774940, "10": {"num_user": 200, "num_service": 41, "server_1": {"max_delay": 0.048741217452552055, "running_time": 13.010263442993164}, "server_2": {"max_delay": 0.05787151637426059, "running_time": 11.008977890014648}, "server_3": {"max_delay": 0.0609099237692652, "running_time": 9.006977081298828}, "server_4": {"max_delay": 0.0609099237692652, "running_time": 9.007930755615234}, "server_5": {"max_delay": 0.06206736319423624, "running_time": 7.005929946899414}}, "20": {"num_user": 200, "num_service": 41, "server_1": {"max_delay": 0.03877065183167145, "running_time": 21.016836166381836}, "server_2": {"max_delay": 0.046526683252708326, "running_time": 12.009143829345703}, "server_3": {"max_delay": 0.04392796236092377, "running_time": 13.010740280151367}, "server_4": {"max_delay": 0.0576290784587532, "running_time": 10.008096694946289}, "server_5": {"max_delay": 0.0609099237692652, "running_time": 9.006977081298828}}, "30": {"num_user": 200, "num_service": 41, "server_1": {"max_delay": 0.028670900871798674, "running_time": 24.019718170166016}, "server_2": {"max_delay": 0.042458055430967145, "running_time": 15.011787414550781}, "server_3": {"max_delay": 0.04392796236092377, "running_time": 14.012575149536133}, "server_4": {"max_delay": 0.046526683252708326, "running_time": 12.009620666503906}, "server_5": {"max_delay": 0.0513399383443366, "running_time": 11.009693145751953}}, "40": {"num_user": 200, "num_service": 41, "server_1": {"max_delay": 0.023623336952794182, "running_time": 31.02564811706543}, "server_2": {"max_delay": 0.031524992624958115, "running_time": 19.015789031982422}, "server_3": {"max_delay": 0.041973703436443015, "running_time": 15.012741088867188}, "server_4": {"max_delay": 0.046526683252708326, "running_time": 12.009859085083008}, "server_5": {"max_delay": 0.0513399383443366, "running_time": 11.008977890014648}}, "50": {"num_user": 200, "num_service": 41, "server_1": {"max_delay": 0.022073565345110128, "running_time": 36.02910041809082}, "server_2": {"max_delay": 0.0299541375669247, "running_time": 22.0184326171875}, "server_3": {"max_delay": 0.041973703436443015, "running_time": 16.013622283935547}, "server_4": {"max_delay": 0.042458055430967145, "running_time": 14.011621475219727}, "server_5": {"max_delay": 0.046526683252708326, "running_time": 12.01009750366211}}, "60": {"num_user": 200, "num_service": 41, "server_1": {"max_delay": 0.020318184685976633, "running_time": 44.036149978637695}, "server_2": {"max_delay": 0.02460290114432812, "running_time": 25.01988410949707}, "server_3": {"max_delay": 0.030842868206230667, "running_time": 21.01755142211914}, "server_4": {"max_delay": 0.042458055430967145, "running_time": 13.010025024414062}, "server_5": {"max_delay": 0.046526683252708326, "running_time": 12.010335922241211}}, "70": {"num_user": 200, "num_service": 41, "server_1": {"max_delay": 0.019313319014260453, "running_time": 50.04119873046875}, "server_2": {"max_delay": 0.024372329872393596, "running_time": 26.02100372314453}, "server_3": {"max_delay": 0.030842868206230667, "running_time": 21.01755142211914}, "server_4": {"max_delay": 0.0389352960414384, "running_time": 17.014026641845703}, "server_5": {"max_delay": 0.046526683252708326, "running_time": 12.01009750366211}}, "80": {"num_user": 200, "num_service": 41, "server_1": {"max_delay": 0.018522159322527817, "running_time": 60.04953384399414}, "server_2": {"max_delay": 0.02338089903728679, "running_time": 30.025005340576172}, "server_3": {"max_delay": 0.029835597760240022, "running_time": 22.0184326171875}, "server_4": {"max_delay": 0.031085306121738064, "running_time": 19.016027450561523}, "server_5": {"max_delay": 0.042458055430967145, "running_time": 14.011383056640625}}, "90": {"num_user": 200, "num_service": 41, "server_1": {"max_delay": 0.018171631334870472, "running_time": 66.0545825958252}, "server_2": {"max_delay": 0.02240110021662085, "running_time": 32.026052474975586}, "server_3": {"max_delay": 0.02460290114432812, "running_time": 24.019718170166016}, "server_4": {"max_delay": 0.031085306121738064, "running_time": 19.01531219482422}, "server_5": {"max_delay": 0.03412371351674267, "running_time": 17.0135498046875}}, "100": {"num_user": 200, "num_service": 41, "server_1": {"max_delay": 0.017669970111154242, "running_time": 73.06051254272461}, "server_2": {"max_delay": 0.021633878841890077, "running_time": 36.02957725524902}, "server_3": {"max_delay": 0.02452510743858768, "running_time": 25.020122528076172}, "server_4": {"max_delay": 0.02981315628549222, "running_time": 22.017717361450195}, "server_5": {"max_delay": 0.03412371351674267, "running_time": 18.015146255493164}}}