{"entropy": 302669776799410080675431097894204873620, "10": {"num_user": 200, "num_service": 41, "server_1": {"max_delay": 0.1279116243870833, "running_time": 12.009382247924805}, "server_2": {"max_delay": 0.18108618582704367, "running_time": 8.006572723388672}, "server_3": {"max_delay": 0.1799540410586039, "running_time": 9.00721549987793}, "server_4": {"max_delay": 0.17548212800755977, "running_time": 8.00633430480957}, "server_5": {"max_delay": 0.18279273417050443, "running_time": 7.006406784057617}}, "20": {"num_user": 200, "num_service": 41, "server_1": {"max_delay": 0.09465435023940126, "running_time": 15.012025833129883}, "server_2": {"max_delay": 0.12060101822413867, "running_time": 12.009859085083008}, "server_3": {"max_delay": 0.1279116243870833, "running_time": 11.008977890014648}, "server_4": {"max_delay": 0.18108618582704367, "running_time": 7.005453109741211}, "server_5": {"max_delay": 0.1799540410586039, "running_time": 12.010812759399414}}, "30": {"num_user": 200, "num_service": 41, "server_1": {"max_delay": 0.08419655802734431, "running_time": 19.015789031982422}, "server_2": {"max_delay": 0.09717326784522454, "running_time": 13.011455535888672}, "server_3": {"max_delay": 0.12060101822413867, "running_time": 13.010501861572266}, "server_4": {"max_delay": 0.12060101822413867, "running_time": 12.010574340820312}, "server_5": {"max_delay": 0.1279116243870833, "running_time": 12.009620666503906}}, "40": {"num_user": 200, "num_service": 41, "server_1": {"max_delay": 0.08164912996015143, "running_time": 31.025409698486328}, "server_2": {"max_delay": 0.09465435023940126, "running_time": 14.011859893798828}, "server_3": {"max_delay": 0.09587788645422417, "running_time": 16.013145446777344}, "server_4": {"max_delay": 0.12060101822413867, "running_time": 11.008262634277344}, "server_5": {"max_delay": 0.12060101822413867, "running_time": 13.010740280151367}}, "50": {"num_user": 200, "num_service": 41, "server_1": {"max_delay": 0.0805168755333195, "running_time": 35.02917289733887}, "server_2": {"max_delay": 0.09046265537903186, "running_time": 16.012907028198242}, "server_3": {"max_delay": 0.09465435023940126, "running_time": 15.01917839050293}, "server_4": {"max_delay": 0.09717326784522454, "running_time": 16.013622283935547}, "server_5": {"max_delay": 0.12060101822413867, "running_time": 15.012979507446289}}, "60": {"num_user": 200, "num_service": 41, "server_1": {"max_delay": 0.07911481788499736, "running_time": 49.03554916381836}, "server_2": {"max_delay": 0.08419655802734431, "running_time": 20.014286041259766}, "server_3": {"max_delay": 0.09465435023940126, "running_time": 15.012025833129883}, "server_4": {"max_delay": 0.09717326784522454, "running_time": 13.010501861572266}, "server_5": {"max_delay": 0.09717326784522454, "running_time": 15.012502670288086}}, "70": {"num_user": 200, "num_service": 41, "server_1": {"max_delay": 0.07741246145265819, "running_time": 48.03967475891113}, "server_2": {"max_delay": 0.0823610686344091, "running_time": 28.02276611328125}, "server_3": {"max_delay": 0.09046265537903186, "running_time": 17.014026641845703}, "server_4": {"max_delay": 0.09465435023940126, "running_time": 16.01266860961914}, "server_5": {"max_delay": 0.09587788645422417, "running_time": 17.014026641845703}}, "80": {"num_user": 200, "num_service": 41, "server_1": {"max_delay": 0.07704013692940008, "running_time": 61.0501766204834}, "server_2": {"max_delay": 0.08104133206909216, "running_time": 34.028053283691406}, "server_3": {"max_delay": 0.08855837185817957, "running_time": 21.0115909576416}, "server_4": {"max_delay": 0.09465435023940126, "running_time": 14.011383056640625}, "server_5": {"max_delay": 0.09465435023940126, "running_time": 14.011383056640625}}, "90": {"num_user": 200, "num_service": 41, "server_1": {"max_delay": 0.07631763823531319, "running_time": 56.046247482299805}, "server_2": {"max_delay": 0.08024019345027711, "running_time": 34.02900695800781}, "server_3": {"max_delay": 0.08419655802734431, "running_time": 20.015954971313477}, "server_4": {"max_delay": 0.09046265537903186, "running_time": 16.013383865356445}, "server_5": {"max_delay": 0.09465435023940126, "running_time": 15.013456344604492}}, "100": {"num_user": 200, "num_service": 41, "server_1": {"max_delay": 0.0218083785871672, "running_time": 29.02388572692871}, "server_2": {"max_delay": 0.079803219107444, "running_time": 36.028146743774414}, "server_3": {"max_delay": 0.08365645002540947, "running_time": 24.019241333007812}, "server_4": {"max_delay": 0.09046265537903186, "running_time": 15.012025833129883}, "server_5": {"max_delay": 0.09465435023940126, "running_time": 14.011621475219727}}}