{"10": {"min_max_greedy": {"max delay": [0.11606393011080941], "running time": [61.0501766204834]}, "min_max_pulp": {"max delay": [0.11606393011080941], "running time": [3311.734437942505]}}, "20": {"min_max_greedy": {"max delay": [0.1088198353521365], "running time": [85.07013320922852]}, "min_max_pulp": {"max delay": [0.1079172957516851], "running time": [7061.8298053741455]}}, "30": {"min_max_greedy": {"max delay": [0.07994460439379425], "running time": [65.05370140075684]}, "min_max_pulp": {"max delay": [0.07994460439379425], "running time": [10809.924602508545]}}, "40": {"min_max_greedy": {"max delay": [0.05024498994735997], "running time": [129.1065216064453]}, "min_max_pulp": {"max delay": [0.04990108158125013], "running time": [16328.48048210144]}}, "50": {"min_max_greedy": {"max delay": [0.041588491600381625], "running time": [140.11597633361816]}, "min_max_pulp": {"max delay": [0.040029471305545], "running time": [20831.19773864746]}}, "60": {"min_max_greedy": {"max delay": [0.037334075443909286], "running time": [168.13898086547852]}, "min_max_pulp": {"max delay": [0.03507438923612045], "running time": [26230.655431747437]}}, "70": {"min_max_greedy": {"max delay": [0.03254703999195062], "running time": [182.15036392211914]}, "min_max_pulp": {"max delay": [0.030696036799777657], "running time": [64365.13805389404]}}, "80": {"min_max_greedy": {"max delay": [0.02743637020051942], "running time": [215.1775360107422]}, "min_max_pulp": {"max delay": [0.02687637129547811], "running time": [335642.09747314453]}}, "90": {"min_max_greedy": {"max delay": [0.026314330149740276], "running time": [225.18563270568848]}, "min_max_pulp": {"max delay": [0.02456956349146325], "running time": [640081.4354419708]}}, "100": {"min_max_greedy": {"max delay": [0.023569669786968273], "running time": [257.21263885498047]}, "min_max_pulp": {"max delay": [0.022624723942270126], "running time": [647380.4612159729]}}}