{"10": {"min_max_greedy": {"max delay": [0.2654123816569938], "running time": [94.07782554626465]}, "min_max_pulp": {"max delay": [0.2617391486230596], "running time": [3985.2993488311768]}}, "20": {"min_max_greedy": {"max delay": [0.10270906448366474], "running time": [70.05763053894043]}, "min_max_pulp": {"max delay": [0.10270906448366474], "running time": [8223.78921508789]}}, "30": {"min_max_greedy": {"max delay": [0.07803950876224347], "running time": [128.10564041137695]}, "min_max_pulp": {"max delay": [0.07402572605294777], "running time": [12493.333578109741]}}, "40": {"min_max_greedy": {"max delay": [0.06850174729866096], "running time": [183.1510066986084]}, "min_max_pulp": {"max delay": [0.06850174729866096], "running time": [18897.61734008789]}}, "50": {"min_max_greedy": {"max delay": [0.06579814528726662], "running time": [116.09578132629395]}, "min_max_pulp": {"max delay": [0.0612535416405804], "running time": [24190.971612930298]}}, "60": {"min_max_greedy": {"max delay": [0.06044643853229763], "running time": [120.09930610656738]}, "min_max_pulp": {"max delay": [0.05594503071820313], "running time": [31918.574333190918]}}, "70": {"min_max_greedy": {"max delay": [0.05046947765509972], "running time": [163.13457489013672]}, "min_max_pulp": {"max delay": [0.04436609635470003], "running time": [42882.43341445923]}}, "80": {"min_max_greedy": {"max delay": [0.039894288420493515], "running time": [200.1655101776123]}, "min_max_pulp": {"max delay": [0.039894288420493515], "running time": [639589.0507698059]}}, "90": {"min_max_greedy": {"max delay": [0.04310212715002589], "running time": [217.1792984008789]}, "min_max_pulp": {"max delay": [0.03564079744831612], "running time": [648220.1282978058]}}, "100": {"min_max_greedy": {"max delay": [0.030517153156838957], "running time": [221.18234634399414]}, "min_max_pulp": {"max delay": [0.029525831787623556], "running time": [653926.4681339264]}}}