{"10": {"min_max_greedy": {"max delay": [0.8425328111557517], "running time": [75.06203651428223]}, "min_max_pulp": {"max delay": [0.8402175101703192], "running time": [3153.6033153533936]}}, "20": {"min_max_greedy": {"max delay": [0.10397066980729204], "running time": [65.05370140075684]}, "min_max_pulp": {"max delay": [0.10397066980729204], "running time": [6436.313629150391]}}, "30": {"min_max_greedy": {"max delay": [0.04846108206687861], "running time": [108.08944702148438]}, "min_max_pulp": {"max delay": [0.04846108206687861], "running time": [10033.283710479736]}}, "40": {"min_max_greedy": {"max delay": [0.04594189449532711], "running time": [171.1413860321045]}, "min_max_pulp": {"max delay": [0.04550115121171766], "running time": [15637.91012763977]}}, "50": {"min_max_greedy": {"max delay": [0.04465385868114557], "running time": [182.15060234069824]}, "min_max_pulp": {"max delay": [0.04321818964574746], "running time": [20261.72709465027]}}, "60": {"min_max_greedy": {"max delay": [0.04247647429084877], "running time": [213.17601203918457]}, "min_max_pulp": {"max delay": [0.032567818502056554], "running time": [24019.830226898193]}}, "70": {"min_max_greedy": {"max delay": [0.03058603215484422], "running time": [201.16639137268066]}, "min_max_pulp": {"max delay": [0.029539534766134988], "running time": [32770.05434036255]}}, "80": {"min_max_greedy": {"max delay": [0.027401082523119073], "running time": [245.20254135131836]}, "min_max_pulp": {"max delay": [0.026298186387380046], "running time": [36598.214626312256]}}, "90": {"min_max_greedy": {"max delay": [0.026905564025814746], "running time": [276.2281894683838]}, "min_max_pulp": {"max delay": [0.02418285614563833], "running time": [44676.884174346924]}}, "100": {"min_max_greedy": {"max delay": [0.025175987242744044], "running time": [265.21873474121094]}, "min_max_pulp": {"max delay": [0.020834873421197234], "running time": [51141.72959327698]}}}