{"10": {"min_max_greedy": {"max delay": [0.12421377680460738], "running time": [111.09161376953125]}, "min_max_pulp": {"max delay": [0.12421377680460738], "running time": [3991.2731647491455]}}, "20": {"min_max_greedy": {"max delay": [0.05547376271096239], "running time": [118.09730529785156]}, "min_max_pulp": {"max delay": [0.05115282171609449], "running time": [7013.797044754028]}}, "30": {"min_max_greedy": {"max delay": [0.039257132735306434], "running time": [166.1367416381836]}, "min_max_pulp": {"max delay": [0.039257132735306434], "running time": [10682.138442993164]}}, "40": {"min_max_greedy": {"max delay": [0.035464562267139635], "running time": [215.1775360107422]}, "min_max_pulp": {"max delay": [0.03330783350528995], "running time": [16559.67116355896]}}, "50": {"min_max_greedy": {"max delay": [0.031255959011026416], "running time": [234.1938018798828]}, "min_max_pulp": {"max delay": [0.03061461590664801], "running time": [21437.70694732666]}}, "60": {"min_max_greedy": {"max delay": [0.03292989498986861], "running time": [235.19444465637207]}, "min_max_pulp": {"max delay": [0.0287731455011399], "running time": [28860.83197593689]}}, "70": {"min_max_greedy": {"max delay": [0.027116885162741633], "running time": [279.23035621643066]}, "min_max_pulp": {"max delay": [0.025816461875449767], "running time": [32522.850036621094]}}, "80": {"min_max_greedy": {"max delay": [0.02583759599218926], "running time": [324.2676258087158]}, "min_max_pulp": {"max delay": [0.023829082537878486], "running time": [44918.097496032715]}}, "90": {"min_max_greedy": {"max delay": [0.024947119340151466], "running time": [308.2542419433594]}, "min_max_pulp": {"max delay": [0.02221439250280757], "running time": [52569.41270828247]}}, "100": {"min_max_greedy": {"max delay": [0.02351481579009944], "running time": [348.28710556030273]}, "min_max_pulp": {"max delay": [0.020601311452343063], "running time": [646795.2132225037]}}}