{"10": {"min_max_greedy": {"max delay": [0.059314731506649], "running time": [64.05282020568848]}, "min_max_pulp": {"max delay": [0.059314731506649], "running time": [3649.012565612793]}}, "20": {"min_max_greedy": {"max delay": [0.04684637139085273], "running time": [96.07911109924316]}, "min_max_pulp": {"max delay": [0.04684637139085273], "running time": [7177.925825119019]}}, "30": {"min_max_greedy": {"max delay": [0.04253309794400022], "running time": [117.0969009399414]}, "min_max_pulp": {"max delay": [0.04076730528718378], "running time": [12039.939880371094]}}, "40": {"min_max_greedy": {"max delay": [0.03683241267350201], "running time": [138.11421394348145]}, "min_max_pulp": {"max delay": [0.03411050241442903], "running time": [16286.44609451294]}}, "50": {"min_max_greedy": {"max delay": [0.03670254354804155], "running time": [163.13481330871582]}, "min_max_pulp": {"max delay": [0.030365959924688938], "running time": [21510.772466659546]}}, "60": {"min_max_greedy": {"max delay": [0.03097223252472686], "running time": [201.16615295410156]}, "min_max_pulp": {"max delay": [0.02922164598376579], "running time": [29165.600299835205]}}, "70": {"min_max_greedy": {"max delay": [0.028387270544917388], "running time": [254.2099952697754]}, "min_max_pulp": {"max delay": [0.024140730955481048], "running time": [32718.040943145752]}}, "80": {"min_max_greedy": {"max delay": [0.02166919269852234], "running time": [234.1933250427246]}, "min_max_pulp": {"max delay": [0.019722647861437397], "running time": [46819.67377662659]}}, "90": {"min_max_greedy": {"max delay": [0.019784192455994967], "running time": [275.2268314361572]}, "min_max_pulp": {"max delay": [0.01784585572916107], "running time": [50840.99531173706]}}, "100": {"min_max_greedy": {"max delay": [0.017602799939445583], "running time": [342.2825336456299]}, "min_max_pulp": {"max delay": [0.015978979643264845], "running time": [69072.04985618591]}}}