{"10": {"min_max_greedy": {"max delay": [0.18080404537001188], "running time": [74.06091690063477]}, "min_max_pulp": {"max delay": [0.18080404537001188], "running time": [4541.749477386475]}}, "20": {"min_max_greedy": {"max delay": [0.17506862914134352], "running time": [116.09578132629395]}, "min_max_pulp": {"max delay": [0.17491481111486695], "running time": [10143.37420463562]}}, "30": {"min_max_greedy": {"max delay": [0.16993637683672164], "running time": [159.13128852844238]}, "min_max_pulp": {"max delay": [0.1693466023920017], "running time": [18172.00231552124]}}, "40": {"min_max_greedy": {"max delay": [0.11032714718912891], "running time": [96.07982635498047]}, "min_max_pulp": {"max delay": [0.11032714718912891], "running time": [22996.98567390442]}}, "50": {"min_max_greedy": {"max delay": [0.06741555282872477], "running time": [85.07037162780762]}, "min_max_pulp": {"max delay": [0.06741555282872477], "running time": [30399.096965789795]}}, "60": {"min_max_greedy": {"max delay": [0.050632275384831255], "running time": [147.12142944335938]}, "min_max_pulp": {"max delay": [0.04978112887062276], "running time": [38035.40110588074]}}, "70": {"min_max_greedy": {"max delay": [0.04701645656333014], "running time": [200.1650333404541]}, "min_max_pulp": {"max delay": [0.04588580219140449], "running time": [51327.37469673157]}}, "80": {"min_max_greedy": {"max delay": [0.04242657984877445], "running time": [244.20166015625]}, "min_max_pulp": {"max delay": [0.04223699652707762], "running time": [64067.89302825928]}}, "90": {"min_max_greedy": {"max delay": [0.040347529145094735], "running time": [294.24309730529785]}, "min_max_pulp": {"max delay": [0.03747060837934875], "running time": [68496.5488910675]}}, "100": {"min_max_greedy": {"max delay": [0.03630545684897397], "running time": [247.20382690429688]}, "min_max_pulp": {"max delay": [0.03505483601770934], "running time": [92138.06700706482]}}}