{"10": {"min_max_greedy": {"max delay": [2.506904075655429], "running time": [86.07149124145508]}, "min_max_pulp": {"max delay": [2.506904075655429], "running time": [4486.704111099243]}}, "20": {"min_max_greedy": {"max delay": [0.1732509777965212], "running time": [76.06291770935059]}, "min_max_pulp": {"max delay": [0.17232706652095717], "running time": [9907.210111618042]}}, "30": {"min_max_greedy": {"max delay": [0.16675629476433176], "running time": [97.07999229431152]}, "min_max_pulp": {"max delay": [0.16640930970904602], "running time": [18829.54502105713]}}, "40": {"min_max_greedy": {"max delay": [0.16712538101519045], "running time": [87.07189559936523]}, "min_max_pulp": {"max delay": [0.16416320550153346], "running time": [25812.77108192444]}}, "50": {"min_max_greedy": {"max delay": [0.12894481295005628], "running time": [126.10411643981934]}, "min_max_pulp": {"max delay": [0.12894481295005628], "running time": [29104.042291641235]}}, "60": {"min_max_greedy": {"max delay": [0.0945336856803368], "running time": [111.10210418701172]}, "min_max_pulp": {"max delay": [0.09364307031521783], "running time": [39580.68037033081]}}, "70": {"min_max_greedy": {"max delay": [0.04592721023312849], "running time": [149.122953414917]}, "min_max_pulp": {"max delay": [0.04592721023312849], "running time": [44223.037242889404]}}, "80": {"min_max_greedy": {"max delay": [0.0409801653604212], "running time": [202.16703414916992]}, "min_max_pulp": {"max delay": [0.04042921566906693], "running time": [55598.915338516235]}}, "90": {"min_max_greedy": {"max delay": [0.04000667436489736], "running time": [246.20342254638672]}, "min_max_pulp": {"max delay": [0.03891000499744207], "running time": [68870.9409236908]}}, "100": {"min_max_greedy": {"max delay": [0.03784459256734361], "running time": [289.23869132995605]}, "min_max_pulp": {"max delay": [0.031314324035070944], "running time": [669186.3811016083]}}}