{"10": {"min_max_greedy": {"max delay": [0.05219146963038574], "running time": [91.07518196105957]}, "min_max_pulp": {"max delay": [0.05149649994360375], "running time": [4800.963401794434]}}, "20": {"min_max_greedy": {"max delay": [0.043929002321402386], "running time": [116.09601974487305]}, "min_max_pulp": {"max delay": [0.04278426923483308], "running time": [9709.015369415283]}}, "30": {"min_max_greedy": {"max delay": [0.044167332842220665], "running time": [95.0784683227539]}, "min_max_pulp": {"max delay": [0.03454775544052054], "running time": [14744.17233467102]}}, "40": {"min_max_greedy": {"max delay": [0.027235471841495433], "running time": [137.11309432983398]}, "min_max_pulp": {"max delay": [0.026341914100630564], "running time": [21557.7974319458]}}, "50": {"min_max_greedy": {"max delay": [0.02563329525802831], "running time": [158.13064575195312]}, "min_max_pulp": {"max delay": [0.024904671436658792], "running time": [31660.13813018799]}}, "60": {"min_max_greedy": {"max delay": [0.024798185119908406], "running time": [180.14907836914062]}, "min_max_pulp": {"max delay": [0.02333794822735792], "running time": [44129.4322013855]}}, "70": {"min_max_greedy": {"max delay": [0.02408094140082283], "running time": [179.14772033691406]}, "min_max_pulp": {"max delay": [0.022108631925065847], "running time": [64115.93270301819]}}, "80": {"min_max_greedy": {"max delay": [0.0236947895799881], "running time": [196.16222381591797]}, "min_max_pulp": {"max delay": [0.021228871686864867], "running time": [77187.72435188293]}}, "90": {"min_max_greedy": {"max delay": [0.02322766613362166], "running time": [202.16679573059082]}, "min_max_pulp": {"max delay": [0.02032841566337417], "running time": [98417.25063323975]}}, "100": {"min_max_greedy": {"max delay": [0.022717753603201017], "running time": [210.1733684539795]}, "min_max_pulp": {"max delay": [0.019216151967113203], "running time": [101187.5376701355]}}}