{"10": {"min_max_greedy": {"max delay": [2.5091649542125016], "running time": [96.07958793640137]}, "min_max_pulp": {"max delay": [2.508174129012025], "running time": [3421.8249320983887]}}, "20": {"min_max_greedy": {"max delay": [0.26179160180703664], "running time": [75.06203651428223]}, "min_max_pulp": {"max delay": [0.24387460526476906], "running time": [7213.955640792847]}}, "30": {"min_max_greedy": {"max delay": [0.171645276489573], "running time": [108.08897018432617]}, "min_max_pulp": {"max delay": [0.171645276489573], "running time": [11365.383386611938]}}, "40": {"min_max_greedy": {"max delay": [0.12611846015167436], "running time": [108.08920860290527]}, "min_max_pulp": {"max delay": [0.10404448158026496], "running time": [16036.23914718628]}}, "50": {"min_max_greedy": {"max delay": [0.06556123260032921], "running time": [181.14948272705078]}, "min_max_pulp": {"max delay": [0.06556123260032921], "running time": [20989.328145980835]}}, "60": {"min_max_greedy": {"max delay": [0.06197872883454596], "running time": [233.19244384765625]}, "min_max_pulp": {"max delay": [0.06174179223003984], "running time": [27604.790210723877]}}, "70": {"min_max_greedy": {"max delay": [0.05972593757283815], "running time": [266.2196159362793]}, "min_max_pulp": {"max delay": [0.045543260551188236], "running time": [32427.77132987976]}}, "80": {"min_max_greedy": {"max delay": [0.03876498536930763], "running time": [256.211519241333]}, "min_max_pulp": {"max delay": [0.03763086790726023], "running time": [41289.08729553223]}}, "90": {"min_max_greedy": {"max delay": [0.030785932596138176], "running time": [266.2196159362793]}, "min_max_pulp": {"max delay": [0.028088985310542755], "running time": [53712.34345436096]}}, "100": {"min_max_greedy": {"max delay": [0.0275231501899024], "running time": [339.2801284790039]}, "min_max_pulp": {"max delay": [0.02521282179405313], "running time": [650109.7147464752]}}}