{"10": {"min_max_greedy": {"max delay": [0.08289891291082578], "running time": [67.05498695373535]}, "min_max_pulp": {"max delay": [0.08289891291082578], "running time": [3468.8637256622314]}}, "20": {"min_max_greedy": {"max delay": [0.07615423391469887], "running time": [89.07365798950195]}, "min_max_pulp": {"max delay": [0.05923816145732537], "running time": [7237.975597381592]}}, "30": {"min_max_greedy": {"max delay": [0.05029995834956205], "running time": [152.12559700012207]}, "min_max_pulp": {"max delay": [0.048501310592742326], "running time": [11878.806829452515]}}, "40": {"min_max_greedy": {"max delay": [0.04953907547776881], "running time": [133.11004638671875]}, "min_max_pulp": {"max delay": [0.04456703452394489], "running time": [17445.40238380432]}}, "50": {"min_max_greedy": {"max delay": [0.043377677401878485], "running time": [169.13962364196777]}, "min_max_pulp": {"max delay": [0.04189425420520853], "running time": [23620.500564575195]}}, "60": {"min_max_greedy": {"max delay": [0.043197549270289806], "running time": [172.14202880859375]}, "min_max_pulp": {"max delay": [0.039468958704623414], "running time": [31104.679346084595]}}, "70": {"min_max_greedy": {"max delay": [0.04392771760743776], "running time": [166.1372184753418]}, "min_max_pulp": {"max delay": [0.03610456633663837], "running time": [628605.9617996216]}}, "80": {"min_max_greedy": {"max delay": [0.0345601944585675], "running time": [201.16591453552246]}, "min_max_pulp": {"max delay": [0.030891102649441993], "running time": [633484.9898815155]}}, "90": {"min_max_greedy": {"max delay": [0.0299593523449045], "running time": [243.20101737976074]}, "min_max_pulp": {"max delay": [0.02776469321965383], "running time": [640292.6092147827]}}, "100": {"min_max_greedy": {"max delay": [0.026414594988208046], "running time": [252.20823287963867]}, "min_max_pulp": {"max delay": [0.02380612653621597], "running time": [646404.6556949615]}}}