{"10": {"min_max_greedy": {"max delay": [0.06875769697479603], "running time": [103.08527946472168]}, "min_max_pulp": {"max delay": [0.06849445314484993], "running time": [5297.373533248901]}}, "20": {"min_max_greedy": {"max delay": [0.06130298496438493], "running time": [118.09754371643066]}, "min_max_pulp": {"max delay": [0.059213987603675036], "running time": [10986.069917678833]}}, "30": {"min_max_greedy": {"max delay": [0.05733957024260157], "running time": [151.1247158050537]}, "min_max_pulp": {"max delay": [0.054507584462292855], "running time": [22250.369787216187]}}, "40": {"min_max_greedy": {"max delay": [0.05210186435801151], "running time": [188.1551742553711]}, "min_max_pulp": {"max delay": [0.049713518593469015], "running time": [28730.719327926636]}}, "50": {"min_max_greedy": {"max delay": [0.049353513695172185], "running time": [245.20230293273926]}, "min_max_pulp": {"max delay": [0.04800365034043832], "running time": [35370.200634002686]}}, "60": {"min_max_greedy": {"max delay": [0.050339474183844636], "running time": [193.1591033935547]}, "min_max_pulp": {"max delay": [0.044204595246034144], "running time": [41312.106132507324]}}, "70": {"min_max_greedy": {"max delay": [0.045830893904809517], "running time": [251.2075901031494]}, "min_max_pulp": {"max delay": [0.04068391054900054], "running time": [54017.59576797485]}}, "80": {"min_max_greedy": {"max delay": [0.04120602802556881], "running time": [278.2294750213623]}, "min_max_pulp": {"max delay": [0.03771833815107039], "running time": [68280.37071228027]}}, "90": {"min_max_greedy": {"max delay": [0.03887868697512898], "running time": [299.24678802490234]}, "min_max_pulp": {"max delay": [0.03304503224677374], "running time": [75568.38726997375]}}, "100": {"min_max_greedy": {"max delay": [0.031796661963127484], "running time": [288.2380485534668]}, "min_max_pulp": {"max delay": [0.030730386315494577], "running time": [122536.16309165955]}}}