{"10": {"min_max_greedy": {"max delay": [0.10489795646893825], "running time": [61.0504150390625]}, "min_max_pulp": {"max delay": [0.10489795646893825], "running time": [3174.6206283569336]}}, "20": {"min_max_greedy": {"max delay": [0.09624465862037644], "running time": [106.08816146850586]}, "min_max_pulp": {"max delay": [0.09546254552899623], "running time": [6279.183864593506]}}, "30": {"min_max_greedy": {"max delay": [0.09209572052922235], "running time": [149.122953414917]}, "min_max_pulp": {"max delay": [0.08508086651481539], "running time": [10139.427185058594]}}, "40": {"min_max_greedy": {"max delay": [0.06186325026914266], "running time": [85.07037162780762]}, "min_max_pulp": {"max delay": [0.05265151006333439], "running time": [14261.77430152893]}}, "50": {"min_max_greedy": {"max delay": [0.04232532368023776], "running time": [139.1148567199707]}, "min_max_pulp": {"max delay": [0.04229181199356775], "running time": [19041.099309921265]}}, "60": {"min_max_greedy": {"max delay": [0.04229181199356775], "running time": [160.13240814208984]}, "min_max_pulp": {"max delay": [0.03845490345222287], "running time": [24361.111879348755]}}, "70": {"min_max_greedy": {"max delay": [0.039501128128604894], "running time": [202.16679573059082]}, "min_max_pulp": {"max delay": [0.036810947608189516], "running time": [32806.0839176178]}}, "80": {"min_max_greedy": {"max delay": [0.03787756966763947], "running time": [192.15846061706543]}, "min_max_pulp": {"max delay": [0.03525526017186147], "running time": [41128.28087806702]}}, "90": {"min_max_greedy": {"max delay": [0.036068044310605736], "running time": [223.18434715270996]}, "min_max_pulp": {"max delay": [0.033275209074982305], "running time": [635689.0852451324]}}, "100": {"min_max_greedy": {"max delay": [0.033275209074982305], "running time": [218.17994117736816]}, "min_max_pulp": {"max delay": [0.029487749093418558], "running time": [641368.4978485107]}}}