{"10": {"min_max_greedy": {"max delay": [0.08982674745367386], "running time": [103.08504104614258]}, "min_max_pulp": {"max delay": [0.08959722382361714], "running time": [4725.9016036987305]}}, "20": {"min_max_greedy": {"max delay": [0.07588152789561455], "running time": [75.06227493286133]}, "min_max_pulp": {"max delay": [0.07455058105466099], "running time": [9891.165733337402]}}, "30": {"min_max_greedy": {"max delay": [0.0694731232967486], "running time": [119.09842491149902]}, "min_max_pulp": {"max delay": [0.06568626261299065], "running time": [16377.52079963684]}}, "40": {"min_max_greedy": {"max delay": [0.05566192937137852], "running time": [129.1062831878662]}, "min_max_pulp": {"max delay": [0.05199897305365103], "running time": [22585.646152496338]}}, "50": {"min_max_greedy": {"max delay": [0.042367206389509346], "running time": [152.12583541870117]}, "min_max_pulp": {"max delay": [0.042367206389509346], "running time": [29676.50008201599]}}, "60": {"min_max_greedy": {"max delay": [0.03829953350453162], "running time": [193.1593418121338]}, "min_max_pulp": {"max delay": [0.0379711934530403], "running time": [41092.92554855347]}}, "70": {"min_max_greedy": {"max delay": [0.033683547916989236], "running time": [171.1409091949463]}, "min_max_pulp": {"max delay": [0.03273400198674624], "running time": [47103.8875579834]}}, "80": {"min_max_greedy": {"max delay": [0.03133858647341892], "running time": [203.16791534423828]}, "min_max_pulp": {"max delay": [0.029742165926189043], "running time": [61313.61889839172]}}, "90": {"min_max_greedy": {"max delay": [0.029209986352431265], "running time": [246.20318412780762]}, "min_max_pulp": {"max delay": [0.02731857139911109], "running time": [72451.79653167725]}}, "100": {"min_max_greedy": {"max delay": [0.027745449292768298], "running time": [289.23869132995605]}, "min_max_pulp": {"max delay": [0.02592783258606815], "running time": [96348.54292869568]}}}