{"entropy": 312263017597934401949641219089830039350, "10": {"num_user": 200, "num_service": 250, "min_max_greedy": {"max_delay": 0.23937217415644832, "running_time": 17.014265060424805}, "min_max_equal_weight": {"max_delay": 0.16633798580159578, "running_time": 16.013145446777344}, "min_max_equal_weight_dp": {"max_delay": 0.1710854083162071, "running_time": 60.04953384399414}}, "20": {"num_user": 200, "num_service": 250, "min_max_greedy": {"max_delay": 0.0851058436223234, "running_time": 24.019956588745117}, "min_max_equal_weight": {"max_delay": 0.07596452340042702, "running_time": 23.018836975097656}, "min_max_equal_weight_dp": {"max_delay": 0.07596452340042702, "running_time": 156.1288833618164}}, "30": {"num_user": 200, "num_service": 250, "min_max_greedy": {"max_delay": 0.07589828194112708, "running_time": 30.02476692199707}, "min_max_equal_weight": {"max_delay": 0.07483282463495242, "running_time": 30.02476692199707}, "min_max_equal_weight_dp": {"max_delay": 0.07483282463495242, "running_time": 316.26081466674805}}, "40": {"num_user": 200, "num_service": 250, "min_max_greedy": {"max_delay": 0.06316067461712646, "running_time": 39.0322208404541}, "min_max_equal_weight": {"max_delay": 0.0673820873960388, "running_time": 36.029815673828125}, "min_max_equal_weight_dp": {"max_delay": 0.07483282463495242, "running_time": 557.4591159820557}}, "50": {"num_user": 200, "num_service": 250, "min_max_greedy": {"max_delay": 0.057755147778196826, "running_time": 41.03422164916992}, "min_max_equal_weight": {"max_delay": 0.05924329192259613, "running_time": 42.03438758850098}, "min_max_equal_weight_dp": {"max_delay": 0.05924329192259613, "running_time": 889.7333145141602}}, "60": {"num_user": 200, "num_service": 250, "min_max_greedy": {"max_delay": 0.0551580637140142, "running_time": 46.03862762451172}, "min_max_equal_weight": {"max_delay": 0.054555271915745863, "running_time": 49.04055595397949}, "min_max_equal_weight_dp": {"max_delay": 0.054555271915745863, "running_time": 1319.0867900848389}}, "70": {"num_user": 200, "num_service": 250, "min_max_greedy": {"max_delay": 0.053075021521635596, "running_time": 51.04207992553711}, "min_max_equal_weight": {"max_delay": 0.05394401308227309, "running_time": 54.04472351074219}, "min_max_equal_weight_dp": {"max_delay": 0.05032828933313634, "running_time": 1810.4908466339111}}, "80": {"num_user": 200, "num_service": 250, "min_max_greedy": {"max_delay": 0.036168342173878154, "running_time": 57.047367095947266}, "min_max_equal_weight": {"max_delay": 0.05394401308227309, "running_time": 57.047128677368164}, "min_max_equal_weight_dp": {"max_delay": 0.05032828933313634, "running_time": 2483.046531677246}}, "90": {"num_user": 200, "num_service": 250, "min_max_greedy": {"max_delay": 0.034080638967102214, "running_time": 61.0506534576416}, "min_max_equal_weight": {"max_delay": 0.05394401308227309, "running_time": 60.050010681152344}, "min_max_equal_weight_dp": {"max_delay": 0.05032828933313634, "running_time": 3140.5882835388184}}, "100": {"num_user": 200, "num_service": 250, "min_max_greedy": {"max_delay": 0.031509394278302946, "running_time": 72.05963134765625}, "min_max_equal_weight": {"max_delay": 0.05394401308227309, "running_time": 63.05217742919922}, "min_max_equal_weight_dp": {"max_delay": 0.047552954807381184, "running_time": 4170.436859130859}}}