{"entropy": 127184076862536777208215458209580832087, "10": {"num_user": 200, "num_service": 261, "min_max_greedy": {"max_delay": 1.0464698350816544, "running_time": 6.005048751831055}, "min_max_equal_weight": {"max_delay": 1.0336205093975166, "running_time": 10.008573532104492}, "min_max_equal_weight_dp": {"max_delay": 1.0336205093975166, "running_time": 61.0501766204834}}, "20": {"num_user": 200, "num_service": 261, "min_max_greedy": {"max_delay": 0.8637291962216175, "running_time": 9.007453918457031}, "min_max_equal_weight": {"max_delay": 1.0336205093975166, "running_time": 13.010978698730469}, "min_max_equal_weight_dp": {"max_delay": 1.0336205093975166, "running_time": 153.12600135803223}}, "30": {"num_user": 200, "num_service": 261, "min_max_greedy": {"max_delay": 0.8624835590527122, "running_time": 12.009382247924805}, "min_max_equal_weight": {"max_delay": 1.0336205093975166, "running_time": 15.012264251708984}, "min_max_equal_weight_dp": {"max_delay": 1.0336205093975166, "running_time": 313.25817108154297}}, "40": {"num_user": 200, "num_service": 261, "min_max_greedy": {"max_delay": 0.8611333697414286, "running_time": 14.011621475219727}, "min_max_equal_weight": {"max_delay": 1.0336205093975166, "running_time": 17.014265060424805}, "min_max_equal_weight_dp": {"max_delay": 1.0336205093975166, "running_time": 557.4591159820557}}, "50": {"num_user": 200, "num_service": 261, "min_max_greedy": {"max_delay": 0.8574485143268957, "running_time": 18.014907836914062}, "min_max_equal_weight": {"max_delay": 1.0336205093975166, "running_time": 20.01667022705078}, "min_max_equal_weight_dp": {"max_delay": 1.0336205093975166, "running_time": 862.7109527587891}}, "60": {"num_user": 200, "num_service": 261, "min_max_greedy": {"max_delay": 0.8574485143268957, "running_time": 20.01667022705078}, "min_max_equal_weight": {"max_delay": 0.8508798705374797, "running_time": 22.0181941986084}, "min_max_equal_weight_dp": {"max_delay": 1.0336205093975166, "running_time": 1269.0460681915283}}, "70": {"num_user": 200, "num_service": 261, "min_max_greedy": {"max_delay": 0.8564220755745395, "running_time": 24.019956588745117}, "min_max_equal_weight": {"max_delay": 0.8496342333685745, "running_time": 25.020837783813477}, "min_max_equal_weight_dp": {"max_delay": 1.0336205093975166, "running_time": 1768.4574127197266}}, "80": {"num_user": 200, "num_service": 261, "min_max_greedy": {"max_delay": 0.2128551605534832, "running_time": 28.02276611328125}, "min_max_equal_weight": {"max_delay": 0.2128551605534832, "running_time": 28.023242950439453}, "min_max_equal_weight_dp": {"max_delay": 0.2128551605534832, "running_time": 2361.9463443756104}}, "90": {"num_user": 200, "num_service": 261, "min_max_greedy": {"max_delay": 0.2065761073083145, "running_time": 31.02588653564453}, "min_max_equal_weight": {"max_delay": 0.21212150575181968, "running_time": 36.02957725524902}, "min_max_equal_weight_dp": {"max_delay": 0.2128551605534832, "running_time": 3124.574899673462}}, "100": {"num_user": 200, "num_service": 261, "min_max_greedy": {"max_delay": 0.20593462754353953, "running_time": 34.028053283691406}, "min_max_equal_weight": {"max_delay": 0.21212150575181968, "running_time": 38.03133964538574}, "min_max_equal_weight_dp": {"max_delay": 0.2128551605534832, "running_time": 3933.241367340088}}}