{"entropy": 226428070960699510914205331995011870515, "10": {"num_user": 100, "num_service": 133, "min_max_greedy": {"max_delay": 0.1439500948928981, "running_time": 4.0035247802734375}, "min_max_equal_weight": {"max_delay": 0.14434437644468937, "running_time": 6.005287170410156}, "min_max_surrogate_relaxation": {"max_delay": 0.1443311406745794, "running_time": 325.2685070037842}}, "20": {"num_user": 100, "num_service": 133, "min_max_greedy": {"max_delay": 0.05156950936156788, "running_time": 7.0056915283203125}, "min_max_equal_weight": {"max_delay": 0.1439500948928981, "running_time": 8.006572723388672}, "min_max_surrogate_relaxation": {"max_delay": 0.05156950936156788, "running_time": 239.1970157623291}}, "30": {"num_user": 100, "num_service": 133, "min_max_greedy": {"max_delay": 0.03494960554036856, "running_time": 11.00921630859375}, "min_max_equal_weight": {"max_delay": 0.040143247005295785, "running_time": 10.00833511352539}, "min_max_surrogate_relaxation": {"max_delay": 0.03639628775049176, "running_time": 166.1372184753418}}, "40": {"num_user": 100, "num_service": 133, "min_max_greedy": {"max_delay": 0.029797802948038736, "running_time": 15.012741088867188}, "min_max_equal_weight": {"max_delay": 0.03815641456544591, "running_time": 15.012264251708984}, "min_max_surrogate_relaxation": {"max_delay": 0.04126348203898561, "running_time": 635.5245113372803}}, "50": {"num_user": 100, "num_service": 133, "min_max_greedy": {"max_delay": 0.028822359096129083, "running_time": 17.014503479003906}, "min_max_equal_weight": {"max_delay": 0.03393821695242834, "running_time": 16.013145446777344}, "min_max_surrogate_relaxation": {"max_delay": 0.02204773481289364, "running_time": 896.7394828796387}}, "60": {"num_user": 100, "num_service": 133, "min_max_greedy": {"max_delay": 0.026395658235801207, "running_time": 18.014907836914062}, "min_max_equal_weight": {"max_delay": 0.02932714823043419, "running_time": 19.016027450561523}, "min_max_surrogate_relaxation": {"max_delay": 0.02113859655760643, "running_time": 823.6799240112305}}, "70": {"num_user": 100, "num_service": 133, "min_max_greedy": {"max_delay": 0.023958886693653352, "running_time": 20.01667022705078}, "min_max_equal_weight": {"max_delay": 0.028913309919365915, "running_time": 22.017240524291992}, "min_max_surrogate_relaxation": {"max_delay": 0.03393821695242834, "running_time": 1362.1227741241455}}, "80": {"num_user": 100, "num_service": 133, "min_max_greedy": {"max_delay": 0.0230992234592542, "running_time": 22.0184326171875}, "min_max_equal_weight": {"max_delay": 0.01813733249636913, "running_time": 23.01955223083496}, "min_max_surrogate_relaxation": {"max_delay": 0.025231636215127713, "running_time": 1771.4605331420898}}, "90": {"num_user": 100, "num_service": 133, "min_max_greedy": {"max_delay": 0.022048806261756135, "running_time": 23.019075393676758}, "min_max_equal_weight": {"max_delay": 0.015448753031006632, "running_time": 24.019718170166016}, "min_max_surrogate_relaxation": {"max_delay": 0.016959883182629653, "running_time": 1649.3604183197021}}, "100": {"num_user": 100, "num_service": 133, "min_max_greedy": {"max_delay": 0.02149227938123876, "running_time": 25.020599365234375}, "min_max_equal_weight": {"max_delay": 0.013360038387826971, "running_time": 28.023958206176758}, "min_max_surrogate_relaxation": {"max_delay": 0.016711994272747888, "running_time": 2161.782741546631}}}