{"entropy": 210676666949884078559924332439188557042, "10": {"num_user": 100, "num_service": 135, "min_max_greedy": {"max_delay": 0.11110622592317487, "running_time": 4.0035247802734375}, "min_max_equal_weight": {"max_delay": 0.1322250808411385, "running_time": 6.005048751831055}, "min_max_surrogate_relaxation": {"max_delay": 0.11110622592317487, "running_time": 65.05346298217773}}, "20": {"num_user": 100, "num_service": 135, "min_max_greedy": {"max_delay": 0.11036491966584625, "running_time": 5.003929138183594}, "min_max_equal_weight": {"max_delay": 0.12569284025596833, "running_time": 8.006811141967773}, "min_max_surrogate_relaxation": {"max_delay": 0.11110622592317487, "running_time": 83.0686092376709}}, "30": {"num_user": 100, "num_service": 135, "min_max_greedy": {"max_delay": 0.09714159826727792, "running_time": 7.005453109741211}, "min_max_equal_weight": {"max_delay": 0.12569284025596833, "running_time": 14.01209831237793}, "min_max_surrogate_relaxation": {"max_delay": 0.10457398533800469, "running_time": 378.3118724822998}}, "40": {"num_user": 100, "num_service": 135, "min_max_greedy": {"max_delay": 0.08455756847326432, "running_time": 8.006811141967773}, "min_max_equal_weight": {"max_delay": 0.12569284025596833, "running_time": 17.014026641845703}, "min_max_surrogate_relaxation": {"max_delay": 0.11210840289448573, "running_time": 207.1704864501953}}, "50": {"num_user": 100, "num_service": 135, "min_max_greedy": {"max_delay": 0.08172603245369628, "running_time": 11.008739471435547}, "min_max_equal_weight": {"max_delay": 0.12569284025596833, "running_time": 19.016027450561523}, "min_max_surrogate_relaxation": {"max_delay": 0.10874834250746845, "running_time": 339.2801284790039}}, "60": {"num_user": 100, "num_service": 135, "min_max_greedy": {"max_delay": 0.07413321374694548, "running_time": 12.009620666503906}, "min_max_equal_weight": {"max_delay": 0.12569284025596833, "running_time": 21.017789840698242}, "min_max_surrogate_relaxation": {"max_delay": 0.10800703625013983, "running_time": 765.6311988830566}}, "70": {"num_user": 100, "num_service": 135, "min_max_greedy": {"max_delay": 0.0721420736641627, "running_time": 16.012907028198242}, "min_max_equal_weight": {"max_delay": 0.12569284025596833, "running_time": 23.019075393676758}, "min_max_surrogate_relaxation": {"max_delay": 0.08759795192578432, "running_time": 803.6632537841797}}, "80": {"num_user": 100, "num_service": 135, "min_max_greedy": {"max_delay": 0.05642511245218088, "running_time": 17.0137882232666}, "min_max_equal_weight": {"max_delay": 0.10147479566496967, "running_time": 24.019479751586914}, "min_max_surrogate_relaxation": {"max_delay": 0.0632519496632861, "running_time": 1236.0188961029053}}, "90": {"num_user": 100, "num_service": 135, "min_max_greedy": {"max_delay": 0.05075004504709994, "running_time": 20.016908645629883}, "min_max_equal_weight": {"max_delay": 0.053876332684081304, "running_time": 26.020526885986328}, "min_max_surrogate_relaxation": {"max_delay": 0.060719179256718936, "running_time": 1623.338222503662}}, "100": {"num_user": 100, "num_service": 135, "min_max_greedy": {"max_delay": 0.04713813752176543, "running_time": 24.019956588745117}, "min_max_equal_weight": {"max_delay": 0.0537011896477688, "running_time": 28.02300453186035}, "min_max_surrogate_relaxation": {"max_delay": 0.0632519496632861, "running_time": 2616.1577701568604}}}