{"entropy": 209668263888617118414855190411638858821, "10": {"num_user": 100, "num_service": 135, "min_max_greedy": {"max_delay": 0.05649974047150815, "running_time": 6.005048751831055}, "min_max_equal_weight": {"max_delay": 0.08458834089281561, "running_time": 7.005929946899414}, "min_max_surrogate_relaxation": {"max_delay": 0.06625261191740112, "running_time": 68.05634498596191}}, "20": {"num_user": 100, "num_service": 135, "min_max_greedy": {"max_delay": 0.04192884469768714, "running_time": 8.006811141967773}, "min_max_equal_weight": {"max_delay": 0.04075293398471318, "running_time": 9.007692337036133}, "min_max_surrogate_relaxation": {"max_delay": 0.3616768634442695, "running_time": 313.25769424438477}}, "30": {"num_user": 100, "num_service": 135, "min_max_greedy": {"max_delay": 0.0309014534039477, "running_time": 10.008096694946289}, "min_max_equal_weight": {"max_delay": 0.0404089047923704, "running_time": 13.01121711730957}, "min_max_surrogate_relaxation": {"max_delay": 0.05199466908649554, "running_time": 515.4256820678711}}, "40": {"num_user": 100, "num_service": 135, "min_max_greedy": {"max_delay": 0.028937427777539576, "running_time": 12.009859085083008}, "min_max_equal_weight": {"max_delay": 0.036638439493636675, "running_time": 14.011621475219727}, "min_max_surrogate_relaxation": {"max_delay": 0.027993376782066207, "running_time": 944.779634475708}}, "50": {"num_user": 100, "num_service": 135, "min_max_greedy": {"max_delay": 0.023549412497902832, "running_time": 13.010740280151367}, "min_max_equal_weight": {"max_delay": 0.036638439493636675, "running_time": 17.0135498046875}, "min_max_surrogate_relaxation": {"max_delay": 0.02516696247880585, "running_time": 530.4369926452637}}, "60": {"num_user": 100, "num_service": 135, "min_max_greedy": {"max_delay": 0.023486403901473503, "running_time": 16.013145446777344}, "min_max_equal_weight": {"max_delay": 0.017687350938973022, "running_time": 18.015146255493164}, "min_max_surrogate_relaxation": {"max_delay": 0.025876110533252842, "running_time": 772.6378440856934}}, "70": {"num_user": 100, "num_service": 135, "min_max_greedy": {"max_delay": 0.022452526553060154, "running_time": 18.01466941833496}, "min_max_equal_weight": {"max_delay": 0.016754288933057856, "running_time": 20.01643180847168}, "min_max_surrogate_relaxation": {"max_delay": 0.0180313801313158, "running_time": 1695.3985691070557}}, "80": {"num_user": 100, "num_service": 135, "min_max_greedy": {"max_delay": 0.022452526553060154, "running_time": 19.01555061340332}, "min_max_equal_weight": {"max_delay": 0.014920693818491697, "running_time": 23.01812171936035}, "min_max_surrogate_relaxation": {"max_delay": 0.02327706315042431, "running_time": 1814.4965171813965}}, "90": {"num_user": 100, "num_service": 135, "min_max_greedy": {"max_delay": 0.022160779950729827, "running_time": 21.01731300354004}, "min_max_equal_weight": {"max_delay": 0.014920693818491697, "running_time": 24.019479751586914}, "min_max_surrogate_relaxation": {"max_delay": 0.017588255834272322, "running_time": 2155.7776927948}}, "100": {"num_user": 100, "num_service": 135, "min_max_greedy": {"max_delay": 0.01259004350572918, "running_time": 23.01931381225586}, "min_max_equal_weight": {"max_delay": 0.014920693818491697, "running_time": 26.021718978881836}, "min_max_surrogate_relaxation": {"max_delay": 0.019125132695060377, "running_time": 2242.849826812744}}}