{"entropy": 304260428481878938863297131875587679363, "10": {"num_user": 100, "num_service": 138, "min_max_greedy": {"max_delay": 2.526830135042702, "running_time": 3.0014514923095703}, "min_max_equal_weight": {"max_delay": 2.6307398675880576, "running_time": 5.004644393920898}, "min_max_surrogate_relaxation": {"max_delay": 2.526830135042702, "running_time": 183.1512451171875}}, "20": {"num_user": 100, "num_service": 138, "min_max_greedy": {"max_delay": 2.514004406729892, "running_time": 5.004167556762695}, "min_max_equal_weight": {"max_delay": 2.514004406729892, "running_time": 6.004810333251953}, "min_max_surrogate_relaxation": {"max_delay": 2.514004406729892, "running_time": 264.2180919647217}}, "30": {"num_user": 100, "num_service": 138, "min_max_greedy": {"max_delay": 0.27835173504891597, "running_time": 8.006811141967773}, "min_max_equal_weight": {"max_delay": 0.35788083300372686, "running_time": 7.0056915283203125}, "min_max_surrogate_relaxation": {"max_delay": 0.35788083300372686, "running_time": 324.2676258087158}}, "40": {"num_user": 100, "num_service": 138, "min_max_greedy": {"max_delay": 0.1457516689107612, "running_time": 12.01009750366211}, "min_max_equal_weight": {"max_delay": 0.17275737284276238, "running_time": 12.009620666503906}, "min_max_surrogate_relaxation": {"max_delay": 0.27835173504891597, "running_time": 578.4769058227539}}, "50": {"num_user": 100, "num_service": 138, "min_max_greedy": {"max_delay": 0.14178314034686193, "running_time": 14.011621475219727}, "min_max_equal_weight": {"max_delay": 0.17249726737058754, "running_time": 14.011621475219727}, "min_max_surrogate_relaxation": {"max_delay": 0.1733059533143127, "running_time": 544.4490909576416}}, "60": {"num_user": 100, "num_service": 138, "min_max_greedy": {"max_delay": 0.14022813134877313, "running_time": 17.014265060424805}, "min_max_equal_weight": {"max_delay": 0.14027151848838146, "running_time": 17.014026641845703}, "min_max_surrogate_relaxation": {"max_delay": 0.14178314034686193, "running_time": 1271.0487842559814}}, "70": {"num_user": 100, "num_service": 138, "min_max_greedy": {"max_delay": 0.14006697904100218, "running_time": 18.014907836914062}, "min_max_equal_weight": {"max_delay": 0.1355934885024589, "running_time": 20.016908645629883}, "min_max_surrogate_relaxation": {"max_delay": 0.13563687564206722, "running_time": 1742.4371242523193}}, "80": {"num_user": 100, "num_service": 138, "min_max_greedy": {"max_delay": 0.131722059526709, "running_time": 20.017147064208984}, "min_max_equal_weight": {"max_delay": 0.1355934885024589, "running_time": 21.01731300354004}, "min_max_surrogate_relaxation": {"max_delay": 0.1733059533143127, "running_time": 2975.4536151885986}}, "90": {"num_user": 100, "num_service": 138, "min_max_greedy": {"max_delay": 0.06584894998500349, "running_time": 21.018028259277344}, "min_max_equal_weight": {"max_delay": 0.1355934885024589, "running_time": 21.017789840698242}, "min_max_surrogate_relaxation": {"max_delay": 0.13195610234645525, "running_time": 3593.963384628296}}, "100": {"num_user": 100, "num_service": 138, "min_max_greedy": {"max_delay": 0.041125826868406476, "running_time": 26.021242141723633}, "min_max_equal_weight": {"max_delay": 0.0654412948363767, "running_time": 24.01900291442871}, "min_max_surrogate_relaxation": {"max_delay": 0.05560065420465104, "running_time": 4510.720014572144}}}