{"entropy": 127375034364601235625849610152200641399, "10": {"num_user": 400, "num_service": 41, "min_max_greedy": {"max_delay": 0.048016825242516284, "running_time": 950.9599208831787}, "min_max_surrogate_relaxation": {"max_delay": 0.044109425532883884, "lower_bound": 0.040114972500629134, "running_time": 9018.161058425903}, "min_max_equal_weight": {"max_delay": 0.047204170197076435, "running_time": 618.5088157653809}, "min_max_pulp": {"max_delay": 0.044109425532883884, "running_time": 76706.50100708008}}, "20": {"num_user": 400, "num_service": 41, "min_max_greedy": {"max_delay": 0.04107821256684458, "running_time": 1477.2157669067383}, "min_max_surrogate_relaxation": {"max_delay": 0.03937117662482163, "lower_bound": 0.03584814086927345, "running_time": 14285.88604927063}, "min_max_equal_weight": {"max_delay": 0.041406246587008054, "running_time": 612.1442317962646}, "min_max_pulp": {"max_delay": 0.03932253238654761, "running_time": 143859.7023487091}}, "30": {"num_user": 400, "num_service": 41, "min_max_greedy": {"max_delay": 0.037750232894992075, "running_time": 2204.073905944824}, "min_max_surrogate_relaxation": {"max_delay": 0.03752106534493495, "lower_bound": 0.03460878743764217, "running_time": 15617.41042137146}, "min_max_equal_weight": {"max_delay": 0.037851413999423635, "running_time": 648.5340595245361}, "min_max_pulp": {"max_delay": 0.03736739179551361, "running_time": 219731.50396347046}}, "40": {"num_user": 400, "num_service": 41, "min_max_greedy": {"max_delay": 0.03738817050379581, "running_time": 2459.0232372283936}, "min_max_surrogate_relaxation": {"max_delay": 0.03694668244022672, "lower_bound": 0.034194992402818376, "running_time": 22752.42805480957}, "min_max_equal_weight": {"max_delay": 0.03736739179551361, "running_time": 664.1213893890381}, "min_max_pulp": {"max_delay": 0.036317486275388285, "running_time": 303620.0907230377}}, "50": {"num_user": 400, "num_service": 41, "min_max_greedy": {"max_delay": 0.035870365269004945, "running_time": 2815.546751022339}, "min_max_surrogate_relaxation": {"max_delay": 0.036180791073355215, "lower_bound": 0.033409096894713074, "running_time": 24337.99910545349}, "min_max_equal_weight": {"max_delay": 0.036910861290454296, "running_time": 625.514030456543}, "min_max_pulp": {"max_delay": 0.03545158569331211, "running_time": 398979.10022735596}}, "60": {"num_user": 400, "num_service": 41, "min_max_greedy": {"max_delay": 0.034709537413329584, "running_time": 3423.8176345825195}, "min_max_surrogate_relaxation": {"max_delay": 0.03444542616303596, "lower_bound": 0.033218963270286096, "running_time": 35325.80327987671}, "min_max_equal_weight": {"max_delay": 0.03625313130041886, "running_time": 627.5162696838379}, "min_max_pulp": {"max_delay": 0.03435940206069428, "running_time": 490670.3588962555}}, "70": {"num_user": 400, "num_service": 41, "min_max_greedy": {"max_delay": 0.03447459479915797, "running_time": 3853.2192707061768}, "min_max_surrogate_relaxation": {"max_delay": 0.03397752368252813, "lower_bound": 0.03257234553769955, "running_time": 32939.90182876587}, "min_max_equal_weight": {"max_delay": 0.034449210469091156, "running_time": 635.5228424072266}, "min_max_pulp": {"max_delay": 0.0337463653744117, "running_time": 599579.2140960693}}, "80": {"num_user": 400, "num_service": 41, "min_max_greedy": {"max_delay": 0.03370710488080864, "running_time": 4893.430471420288}, "min_max_surrogate_relaxation": {"max_delay": 0.03381889285465023, "lower_bound": 0.032221663715154246, "running_time": 30518.47529411316}, "min_max_equal_weight": {"max_delay": 0.034449210469091156, "running_time": 675.6470203399658}, "min_max_pulp": {"max_delay": 0.03320257999651288, "running_time": 724419.8858737946}}, "90": {"num_user": 400, "num_service": 41, "min_max_greedy": {"max_delay": 0.03335625354593422, "running_time": 4534.610748291016}, "min_max_surrogate_relaxation": {"max_delay": 0.0341510668146328, "lower_bound": 0.031485220605218765, "running_time": 14832.1213722229}, "min_max_equal_weight": {"max_delay": 0.03393524298444359, "running_time": 657.5534343719482}, "min_max_pulp": {"max_delay": 0.026957252914547952, "running_time": 841615.9148216248}}, "100": {"num_user": 400, "num_service": 41, "min_max_greedy": {"max_delay": 0.03293288556333121, "running_time": 5079.330205917358}, "min_max_surrogate_relaxation": {"max_delay": 0.023400105692638316, "lower_bound": 0.023632395437545386, "running_time": 4694.867134094238}, "min_max_equal_weight": {"max_delay": 0.03362137721367743, "running_time": 648.7178802490234}, "min_max_pulp": {"max_delay": 0.019000588398698795, "running_time": 959754.5461654663}}}