{"10": {"min_max_greedy": {"max delay": [0.0612719407380182], "running time": [77.06379890441895]}, "min_max_pulp": {"max delay": [0.0612719407380182], "running time": [3571.948528289795]}}, "20": {"min_max_greedy": {"max delay": [0.05054978376849916], "running time": [106.08267784118652]}, "min_max_pulp": {"max delay": [0.049901539501142456], "running time": [7006.784439086914]}}, "30": {"min_max_greedy": {"max delay": [0.049901539501142456], "running time": [110.09073257446289]}, "min_max_pulp": {"max delay": [0.04078754494720288], "running time": [10648.803234100342]}}, "40": {"min_max_greedy": {"max delay": [0.04078754494720288], "running time": [144.1192626953125]}, "min_max_pulp": {"max delay": [0.03607003244344727], "running time": [14625.0741481781]}}, "50": {"min_max_greedy": {"max delay": [0.03641798955703874], "running time": [166.1369800567627]}, "min_max_pulp": {"max delay": [0.03317399532407734], "running time": [19241.88542366028]}}, "60": {"min_max_greedy": {"max delay": [0.031934276854389626], "running time": [209.17272567749023]}, "min_max_pulp": {"max delay": [0.030815424040089096], "running time": [24602.31113433838]}}, "70": {"min_max_greedy": {"max delay": [0.030030104221062504], "running time": [253.20935249328613]}, "min_max_pulp": {"max delay": [0.023560157211055137], "running time": [29465.391397476196]}}, "80": {"min_max_greedy": {"max delay": [0.027524108302800915], "running time": [222.1834659576416]}, "min_max_pulp": {"max delay": [0.015481037461593461], "running time": [34854.49266433716]}}, "90": {"min_max_greedy": {"max delay": [0.019890454159796407], "running time": [254.2102336883545]}, "min_max_pulp": {"max delay": [0.010180041041002369], "running time": [41238.680839538574]}}, "100": {"min_max_greedy": {"max delay": [0.008018130374390116], "running time": [267.22049713134766]}, "min_max_pulp": {"max delay": [0.008013082692939703], "running time": [49778.09500694275]}}}