{"10": {"min_max_greedy": {"max delay": [0.05077685861367998], "running time": [79.06532287597656]}, "min_max_pulp": {"max delay": [0.046859505857609576], "running time": [3440.840482711792]}}, "20": {"min_max_greedy": {"max delay": [0.04140489091172593], "running time": [134.1109275817871]}, "min_max_pulp": {"max delay": [0.03771437407782152], "running time": [6937.727689743042]}}, "30": {"min_max_greedy": {"max delay": [0.030112206236328775], "running time": [182.15012550354004]}, "min_max_pulp": {"max delay": [0.02959216405314373], "running time": [11183.232307434082]}}, "40": {"min_max_greedy": {"max delay": [0.031800825671185244], "running time": [147.12142944335938]}, "min_max_pulp": {"max delay": [0.028044341254590634], "running time": [15889.395713806152]}}, "50": {"min_max_greedy": {"max delay": [0.0258914444401367], "running time": [218.17588806152344]}, "min_max_pulp": {"max delay": [0.02474879946537358], "running time": [20201.677560806274]}}, "60": {"min_max_greedy": {"max delay": [0.02307870359907765], "running time": [245.20230293273926]}, "min_max_pulp": {"max delay": [0.022664456159972517], "running time": [26338.74487876892]}}, "70": {"min_max_greedy": {"max delay": [0.022382404504945667], "running time": [291.2404537200928]}, "min_max_pulp": {"max delay": [0.021986726294927834], "running time": [33497.65491485596]}}, "80": {"min_max_greedy": {"max delay": [0.0209712548770056], "running time": [211.17424964904785]}, "min_max_pulp": {"max delay": [0.0209712548770056], "running time": [38706.955432891846]}}, "90": {"min_max_greedy": {"max delay": [0.0197753708228246], "running time": [246.20318412780762]}, "min_max_pulp": {"max delay": [0.019461267127621723], "running time": [45430.505990982056]}}, "100": {"min_max_greedy": {"max delay": [0.01897426392520506], "running time": [302.2496700286865]}, "min_max_pulp": {"max delay": [0.018533695828237516], "running time": [56822.93772697449]}}}