{"10": {"min_max_greedy": {"max delay": [0.06353114566238427], "running time": [2238.8484477996826]}, "min_max_pulp": {"max delay": [0.05429153252032844], "running time": [152013.4983062744]}}, "20": {"min_max_greedy": {"max delay": [0.0508719360393231], "running time": [4060.351610183716]}, "min_max_pulp": {"max delay": [0.049854116723563005], "running time": [290019.43278312683]}}, "30": {"min_max_greedy": {"max delay": [0.043565640085621846], "running time": [6308.208227157593]}, "min_max_pulp": {"max delay": [0.04236785305947325], "running time": [441084.14793014526]}}, "40": {"min_max_greedy": {"max delay": [0.0415956011450176], "running time": [8152.730703353882]}, "min_max_pulp": {"max delay": [0.04058289575779028], "running time": [611915.182352066]}}, "50": {"min_max_greedy": {"max delay": [0.03974640672812934], "running time": [9274.657726287842]}, "min_max_pulp": {"max delay": [0.039316164800117785], "running time": [801505.7034492493]}}, "60": {"min_max_greedy": {"max delay": [0.038921583481816006], "running time": [10764.88733291626]}, "min_max_pulp": {"max delay": [0.038786236948849605], "running time": [1020433.4447383881]}}, "70": {"min_max_greedy": {"max delay": [0.037976990249227835], "running time": [12358.202695846558]}, "min_max_pulp": {"max delay": [0.037919885398102836], "running time": [1241851.177930832]}}, "80": {"min_max_greedy": {"max delay": [0.03800568639590609], "running time": [14788.208723068237]}, "min_max_pulp": {"max delay": [0.037476006371935176], "running time": [1557662.0059013367]}}, "90": {"min_max_greedy": {"max delay": [0.0371142577798781], "running time": [16080.275535583496]}, "min_max_pulp": {"max delay": [0.03702912050710899], "running time": [1779631.0300827026]}}, "100": {"min_max_greedy": {"max delay": [0.03683953747220036], "running time": [17112.12730407715]}, "min_max_pulp": {"max delay": [0.03662303047664337], "running time": [1985114.590883255]}}}