{"10": {"min_max_greedy": {"max delay": [0.039735628442410284], "running time": [2998.4753131866455]}, "min_max_pulp": {"max delay": [0.037620750987447965], "running time": [122424.07011985779]}}, "20": {"min_max_greedy": {"max delay": [0.033032233385411836], "running time": [4093.379259109497]}, "min_max_pulp": {"max delay": [0.028474152344771304], "running time": [237167.799949646]}}, "30": {"min_max_greedy": {"max delay": [0.022893811968923514], "running time": [5214.304447174072]}, "min_max_pulp": {"max delay": [0.022808009468625497], "running time": [351058.8254928589]}}, "40": {"min_max_greedy": {"max delay": [0.02078760881544962], "running time": [7080.846071243286]}, "min_max_pulp": {"max delay": [0.019670642895987096], "running time": [494973.6375808716]}}, "50": {"min_max_greedy": {"max delay": [0.0189001325453006], "running time": [11202.248096466064]}, "min_max_pulp": {"max delay": [0.017821578046577274], "running time": [632418.1087017059]}}, "60": {"min_max_greedy": {"max delay": [0.017153311533315483], "running time": [10098.337173461914]}, "min_max_pulp": {"max delay": [0.016523353998489282], "running time": [812526.8020629883]}}, "70": {"min_max_greedy": {"max delay": [0.01517366589406045], "running time": [11678.641557693481]}, "min_max_pulp": {"max delay": [0.014523964732894079], "running time": [968886.8889808655]}}, "80": {"min_max_greedy": {"max delay": [0.014726670127098086], "running time": [13581.212282180786]}, "min_max_pulp": {"max delay": [0.013984648387425474], "running time": [1156042.3998832703]}}, "90": {"min_max_greedy": {"max delay": [0.01418735378162948], "running time": [15115.47875404358]}, "min_max_pulp": {"max delay": [0.013613196799976404], "running time": [1364302.3343086243]}}, "100": {"min_max_greedy": {"max delay": [0.013409451155402088], "running time": [15783.030033111572]}, "min_max_pulp": {"max delay": [0.013168866219723494], "running time": [1623017.9262161255]}}}