{"entropy": 229321527148788308710762291513200301017, "10": {"num_user": 300, "num_service": 41, "server_1": {"max_delay": 0.037405128416948, "running_time": 17.014265060424805}, "server_2": {"max_delay": 0.05291068194165736, "running_time": 12.009620666503906}, "server_3": {"max_delay": 0.058388173519072634, "running_time": 10.00833511352539}, "server_4": {"max_delay": 0.058388173519072634, "running_time": 10.00833511352539}, "server_5": {"max_delay": 0.058388173519072634, "running_time": 10.008573532104492}}, "20": {"num_user": 300, "num_service": 41, "server_1": {"max_delay": 0.030435155911685337, "running_time": 22.0181941986084}, "server_2": {"max_delay": 0.037405128416948, "running_time": 17.014026641845703}, "server_3": {"max_delay": 0.037405128416948, "running_time": 18.01443099975586}, "server_4": {"max_delay": 0.05291068194165736, "running_time": 13.010501861572266}, "server_5": {"max_delay": 0.058388173519072634, "running_time": 10.00833511352539}}, "30": {"num_user": 300, "num_service": 41, "server_1": {"max_delay": 0.02871362185613478, "running_time": 30.02476692199707}, "server_2": {"max_delay": 0.03135861810631412, "running_time": 20.01667022705078}, "server_3": {"max_delay": 0.03694344650460424, "running_time": 21.01755142211914}, "server_4": {"max_delay": 0.03907503446064555, "running_time": 18.014907836914062}, "server_5": {"max_delay": 0.037405128416948, "running_time": 18.015146255493164}}, "40": {"num_user": 300, "num_service": 41, "server_1": {"max_delay": 0.026157644928306523, "running_time": 38.03110122680664}, "server_2": {"max_delay": 0.030435155911685337, "running_time": 23.019075393676758}, "server_3": {"max_delay": 0.03694344650460424, "running_time": 20.01643180847168}, "server_4": {"max_delay": 0.032994877806675815, "running_time": 20.01643180847168}, "server_5": {"max_delay": 0.03907503446064555, "running_time": 16.013145446777344}}, "50": {"num_user": 300, "num_service": 41, "server_1": {"max_delay": 0.02411518665023367, "running_time": 49.03984069824219}, "server_2": {"max_delay": 0.02871362185613478, "running_time": 29.024362564086914}, "server_3": {"max_delay": 0.030435155911685337, "running_time": 24.019956588745117}, "server_4": {"max_delay": 0.032994877806675815, "running_time": 22.0181941986084}, "server_5": {"max_delay": 0.03694344650460424, "running_time": 17.014503479003906}}, "60": {"num_user": 300, "num_service": 41, "server_1": {"max_delay": 0.02283588761579146, "running_time": 58.04800987243652}, "server_2": {"max_delay": 0.026882460901127763, "running_time": 33.02741050720215}, "server_3": {"max_delay": 0.030435155911685337, "running_time": 23.01955223083496}, "server_4": {"max_delay": 0.03135861810631412, "running_time": 20.01643180847168}, "server_5": {"max_delay": 0.03694344650460424, "running_time": 18.01466941833496}}, "70": {"num_user": 300, "num_service": 41, "server_1": {"max_delay": 0.022443478701648433, "running_time": 68.05562973022461}, "server_2": {"max_delay": 0.026157644928306523, "running_time": 37.03045845031738}, "server_3": {"max_delay": 0.028748592346001363, "running_time": 28.023242950439453}, "server_4": {"max_delay": 0.03135861810631412, "running_time": 22.0181941986084}, "server_5": {"max_delay": 0.03135861810631412, "running_time": 23.018836975097656}}, "80": {"num_user": 300, "num_service": 41, "server_1": {"max_delay": 0.020933887993643686, "running_time": 71.05803489685059}, "server_2": {"max_delay": 0.025129184501450248, "running_time": 40.03286361694336}, "server_3": {"max_delay": 0.02871362185613478, "running_time": 29.023408889770508}, "server_4": {"max_delay": 0.030435155911685337, "running_time": 23.018598556518555}, "server_5": {"max_delay": 0.030435155911685337, "running_time": 22.0184326171875}}, "90": {"num_user": 300, "num_service": 41, "server_1": {"max_delay": 0.020413011357615522, "running_time": 83.06884765625}, "server_2": {"max_delay": 0.02373545328439214, "running_time": 43.03550720214844}, "server_3": {"max_delay": 0.026882460901127763, "running_time": 32.02676773071289}, "server_4": {"max_delay": 0.028748592346001363, "running_time": 27.022838592529297}, "server_5": {"max_delay": 0.030435155911685337, "running_time": 24.020671844482422}}, "100": {"num_user": 300, "num_service": 41, "server_1": {"max_delay": 0.01999158465745408, "running_time": 89.07365798950195}, "server_2": {"max_delay": 0.02373545328439214, "running_time": 45.037031173706055}, "server_3": {"max_delay": 0.026157644928306523, "running_time": 36.03005409240723}, "server_4": {"max_delay": 0.02871362185613478, "running_time": 27.022361755371094}, "server_5": {"max_delay": 0.030435155911685337, "running_time": 22.017717361450195}}}