{"entropy": 90845997820404846023341893196178762401, "10": {"num_user": 300, "num_service": 41, "server_1": {"max_delay": 0.09687629386786134, "running_time": 15.012025833129883}, "server_2": {"max_delay": 0.17347225363060412, "running_time": 12.009859085083008}, "server_3": {"max_delay": 0.17593414704867566, "running_time": 10.008096694946289}, "server_4": {"max_delay": 0.17593414704867566, "running_time": 11.008501052856445}, "server_5": {"max_delay": 0.17903274882687129, "running_time": 7.005929946899414}}, "20": {"num_user": 300, "num_service": 41, "server_1": {"max_delay": 0.04399732074050562, "running_time": 22.017955780029297}, "server_2": {"max_delay": 0.09687629386786134, "running_time": 15.012502670288086}, "server_3": {"max_delay": 0.118681080199869, "running_time": 15.012741088867188}, "server_4": {"max_delay": 0.118681080199869, "running_time": 15.01321792602539}, "server_5": {"max_delay": 0.17593414704867566, "running_time": 11.008977890014648}}, "30": {"num_user": 300, "num_service": 41, "server_1": {"max_delay": 0.017452488678839646, "running_time": 38.031578063964844}, "server_2": {"max_delay": 0.09027273529322936, "running_time": 18.01466941833496}, "server_3": {"max_delay": 0.09687629386786134, "running_time": 15.012264251708984}, "server_4": {"max_delay": 0.118681080199869, "running_time": 15.012502670288086}, "server_5": {"max_delay": 0.118681080199869, "running_time": 15.011787414550781}}, "40": {"num_user": 300, "num_service": 41, "server_1": {"max_delay": 0.016078320093646924, "running_time": 47.03879356384277}, "server_2": {"max_delay": 0.04302069277948431, "running_time": 23.019075393676758}, "server_3": {"max_delay": 0.09027273529322936, "running_time": 17.014026641845703}, "server_4": {"max_delay": 0.09687629386786134, "running_time": 15.012741088867188}, "server_5": {"max_delay": 0.09447367875927393, "running_time": 17.0137882232666}}, "50": {"num_user": 300, "num_service": 41, "server_1": {"max_delay": 0.014331454417527636, "running_time": 55.045127868652344}, "server_2": {"max_delay": 0.024453362964270354, "running_time": 31.025409698486328}, "server_3": {"max_delay": 0.04399732074050562, "running_time": 23.01955223083496}, "server_4": {"max_delay": 0.09027273529322936, "running_time": 20.01643180847168}, "server_5": {"max_delay": 0.09687629386786134, "running_time": 15.012502670288086}}, "60": {"num_user": 300, "num_service": 41, "server_1": {"max_delay": 0.013166745015872844, "running_time": 63.051700592041016}, "server_2": {"max_delay": 0.01701541898966708, "running_time": 39.0322208404541}, "server_3": {"max_delay": 0.03468203206742158, "running_time": 24.019718170166016}, "server_4": {"max_delay": 0.09027273529322936, "running_time": 20.015716552734375}, "server_5": {"max_delay": 0.09027273529322936, "running_time": 17.014026641845703}}, "70": {"num_user": 300, "num_service": 41, "server_1": {"max_delay": 0.01138605157485577, "running_time": 72.05963134765625}, "server_2": {"max_delay": 0.016205591052760135, "running_time": 47.03927040100098}, "server_3": {"max_delay": 0.030431549774488323, "running_time": 28.023242950439453}, "server_4": {"max_delay": 0.04302069277948431, "running_time": 24.019241333007812}, "server_5": {"max_delay": 0.09027273529322936, "running_time": 18.014192581176758}}, "80": {"num_user": 300, "num_service": 41, "server_1": {"max_delay": 0.010972940503871166, "running_time": 77.06308364868164}, "server_2": {"max_delay": 0.014825921955096766, "running_time": 48.03943634033203}, "server_3": {"max_delay": 0.019914382096911185, "running_time": 37.03022003173828}, "server_4": {"max_delay": 0.0318940451440512, "running_time": 25.02131462097168}, "server_5": {"max_delay": 0.04399732074050562, "running_time": 23.018360137939453}}, "90": {"num_user": 300, "num_service": 41, "server_1": {"max_delay": 0.01027757700889284, "running_time": 89.07365798950195}, "server_2": {"max_delay": 0.014506042024913889, "running_time": 56.04672431945801}, "server_3": {"max_delay": 0.016845249147398673, "running_time": 39.032697677612305}, "server_4": {"max_delay": 0.0318940451440512, "running_time": 28.023242950439453}, "server_5": {"max_delay": 0.03468203206742158, "running_time": 23.018836975097656}}, "100": {"num_user": 300, "num_service": 41, "server_1": {"max_delay": 0.00946940401208253, "running_time": 97.08094596862793}, "server_2": {"max_delay": 0.013398674731769521, "running_time": 57.04760551452637}, "server_3": {"max_delay": 0.015970801795263122, "running_time": 46.037912368774414}, "server_4": {"max_delay": 0.024453362964270354, "running_time": 32.026052474975586}, "server_5": {"max_delay": 0.0318940451440512, "running_time": 25.020360946655273}}}