{"entropy": 258931181368782861699672105805678058698, "10": {"num_user": 300, "num_service": 41, "server_1": {"max_delay": 0.10286601138109151, "running_time": 16.013622283935547}, "server_2": {"max_delay": 0.10302202265599225, "running_time": 13.01121711730957}, "server_3": {"max_delay": 0.22087569673083698, "running_time": 13.010263442993164}, "server_4": {"max_delay": 0.22243440587562535, "running_time": 12.010335922241211}, "server_5": {"max_delay": 0.2232003648744415, "running_time": 8.006572723388672}}, "20": {"num_user": 300, "num_service": 41, "server_1": {"max_delay": 0.09755610226133081, "running_time": 32.02629089355469}, "server_2": {"max_delay": 0.10286601138109151, "running_time": 15.01321792602539}, "server_3": {"max_delay": 0.1014633135112039, "running_time": 15.012025833129883}, "server_4": {"max_delay": 0.10302202265599225, "running_time": 14.043569564819336}, "server_5": {"max_delay": 0.1037879816548084, "running_time": 13.053417205810547}}, "30": {"num_user": 300, "num_service": 41, "server_1": {"max_delay": 0.09319592012400268, "running_time": 43.03574562072754}, "server_2": {"max_delay": 0.09790061257802965, "running_time": 25.020122528076172}, "server_3": {"max_delay": 0.10286601138109151, "running_time": 15.012502670288086}, "server_4": {"max_delay": 0.10302202265599225, "running_time": 13.01121711730957}, "server_5": {"max_delay": 0.1037879816548084, "running_time": 11.009454727172852}}, "40": {"num_user": 300, "num_service": 41, "server_1": {"max_delay": 0.09173750590114033, "running_time": 50.04096031188965}, "server_2": {"max_delay": 0.09645984614781182, "running_time": 30.02476692199707}, "server_3": {"max_delay": 0.09889216447744771, "running_time": 23.018836975097656}, "server_4": {"max_delay": 0.10286601138109151, "running_time": 16.012907028198242}, "server_5": {"max_delay": 0.10302202265599225, "running_time": 12.009620666503906}}, "50": {"num_user": 300, "num_service": 41, "server_1": {"max_delay": 0.09032436558333115, "running_time": 58.048248291015625}, "server_2": {"max_delay": 0.09583439051112047, "running_time": 33.02741050720215}, "server_3": {"max_delay": 0.09755610226133081, "running_time": 25.020122528076172}, "server_4": {"max_delay": 0.10045087362223606, "running_time": 20.016908645629883}, "server_5": {"max_delay": 0.10286601138109151, "running_time": 15.012502670288086}}, "60": {"num_user": 300, "num_service": 41, "server_1": {"max_delay": 0.08921958469768863, "running_time": 71.05875015258789}, "server_2": {"max_delay": 0.0929664174287321, "running_time": 43.035268783569336}, "server_3": {"max_delay": 0.09645984614781182, "running_time": 27.022600173950195}, "server_4": {"max_delay": 0.09747849627193497, "running_time": 26.021242141723633}, "server_5": {"max_delay": 0.09889216447744771, "running_time": 23.019075393676758}}, "70": {"num_user": 300, "num_service": 41, "server_1": {"max_delay": 0.08844556930788715, "running_time": 81.06708526611328}, "server_2": {"max_delay": 0.09150800320586973, "running_time": 46.03767395019531}, "server_3": {"max_delay": 0.09638110860973788, "running_time": 32.02629089355469}, "server_4": {"max_delay": 0.09740862419105537, "running_time": 27.022600173950195}, "server_5": {"max_delay": 0.09825434534585459, "running_time": 23.01931381225586}}, "80": {"num_user": 300, "num_service": 41, "server_1": {"max_delay": 0.08738658016408844, "running_time": 90.07406234741211}, "server_2": {"max_delay": 0.09065925760140008, "running_time": 53.04384231567383}, "server_3": {"max_delay": 0.09367104987075592, "running_time": 39.032936096191406}, "server_4": {"max_delay": 0.09638110860973788, "running_time": 29.02388572692871}, "server_5": {"max_delay": 0.09739261807328609, "running_time": 29.02388572692871}}, "90": {"num_user": 300, "num_service": 41, "server_1": {"max_delay": 0.08707839658568003, "running_time": 99.08151626586914}, "server_2": {"max_delay": 0.09057731209984517, "running_time": 52.04319953918457}, "server_3": {"max_delay": 0.09190819893864036, "running_time": 43.035268783569336}, "server_4": {"max_delay": 0.09638110860973788, "running_time": 30.02476692199707}, "server_5": {"max_delay": 0.09743470528240253, "running_time": 25.020360946655273}}, "100": {"num_user": 300, "num_service": 41, "server_1": {"max_delay": 0.08673149108543841, "running_time": 105.0870418548584}, "server_2": {"max_delay": 0.08974235870998973, "running_time": 58.04753303527832}, "server_3": {"max_delay": 0.09158560919526557, "running_time": 45.037269592285156}, "server_4": {"max_delay": 0.09560488781584989, "running_time": 33.02764892578125}, "server_5": {"max_delay": 0.09631236807753639, "running_time": 30.02476692199707}}}