{"entropy": 99500714422450764710195947719783285926, "10": {"num_user": 300, "num_service": 41, "server_1": {"max_delay": 0.13068640156843034, "running_time": 20.01667022705078}, "server_2": {"max_delay": 0.13726995948954995, "running_time": 13.010740280151367}, "server_3": {"max_delay": 0.13969733821290947, "running_time": 10.007858276367188}, "server_4": {"max_delay": 0.13969733821290947, "running_time": 10.007619857788086}, "server_5": {"max_delay": 0.1542041316220418, "running_time": 7.005214691162109}}, "20": {"num_user": 300, "num_service": 41, "server_1": {"max_delay": 0.1241278777316754, "running_time": 28.02252769470215}, "server_2": {"max_delay": 0.13002206228573446, "running_time": 20.01643180847168}, "server_3": {"max_delay": 0.13314876809328435, "running_time": 14.012336730957031}, "server_4": {"max_delay": 0.13726995948954995, "running_time": 13.010501861572266}, "server_5": {"max_delay": 0.13969733821290947, "running_time": 10.008096694946289}}, "30": {"num_user": 300, "num_service": 41, "server_1": {"max_delay": 0.10947180331587422, "running_time": 37.02998161315918}, "server_2": {"max_delay": 0.1292563106364215, "running_time": 25.020599365234375}, "server_3": {"max_delay": 0.13002206228573446, "running_time": 20.01667022705078}, "server_4": {"max_delay": 0.13068640156843034, "running_time": 17.014265060424805}, "server_5": {"max_delay": 0.13726995948954995, "running_time": 13.007640838623047}}, "40": {"num_user": 300, "num_service": 41, "server_1": {"max_delay": 0.10890806182882654, "running_time": 45.037269592285156}, "server_2": {"max_delay": 0.1241278777316754, "running_time": 27.022361755371094}, "server_3": {"max_delay": 0.1292563106364215, "running_time": 23.018836975097656}, "server_4": {"max_delay": 0.13248442881058847, "running_time": 17.0137882232666}, "server_5": {"max_delay": 0.13002206228573446, "running_time": 20.016193389892578}}, "50": {"num_user": 300, "num_service": 41, "server_1": {"max_delay": 0.1067439626753756, "running_time": 52.04319953918457}, "server_2": {"max_delay": 0.11259637843858268, "running_time": 32.02652931213379}, "server_3": {"max_delay": 0.12358660419153865, "running_time": 30.02476692199707}, "server_4": {"max_delay": 0.1292563106364215, "running_time": 23.019075393676758}, "server_5": {"max_delay": 0.13002206228573446, "running_time": 20.01667022705078}}, "60": {"num_user": 300, "num_service": 41, "server_1": {"max_delay": 0.10605767803850538, "running_time": 57.047367095947266}, "server_2": {"max_delay": 0.10897877681007465, "running_time": 37.02950477600098}, "server_3": {"max_delay": 0.12358660419153865, "running_time": 27.022361755371094}, "server_4": {"max_delay": 0.12613173551371304, "running_time": 25.020837783813477}, "server_5": {"max_delay": 0.13002206228573446, "running_time": 22.0181941986084}}, "70": {"num_user": 300, "num_service": 41, "server_1": {"max_delay": 0.10559377171942114, "running_time": 64.05210494995117}, "server_2": {"max_delay": 0.10876586424646627, "running_time": 39.0322208404541}, "server_3": {"max_delay": 0.11376714493438835, "running_time": 32.02676773071289}, "server_4": {"max_delay": 0.11496895175464988, "running_time": 27.021169662475586}, "server_5": {"max_delay": 0.1292563106364215, "running_time": 22.0186710357666}}, "80": {"num_user": 300, "num_service": 41, "server_1": {"max_delay": 0.10461963199687044, "running_time": 74.06067848205566}, "server_2": {"max_delay": 0.1074859833673615, "running_time": 46.03719711303711}, "server_3": {"max_delay": 0.10947180331587422, "running_time": 37.03045845031738}, "server_4": {"max_delay": 0.11496895175464988, "running_time": 27.02188491821289}, "server_5": {"max_delay": 0.1241278777316754, "running_time": 25.020599365234375}}, "90": {"num_user": 300, "num_service": 41, "server_1": {"max_delay": 0.1040335991446493, "running_time": 82.06748962402344}, "server_2": {"max_delay": 0.10713122933777341, "running_time": 51.04231834411621}, "server_3": {"max_delay": 0.10860590653737101, "running_time": 38.031816482543945}, "server_4": {"max_delay": 0.11376714493438835, "running_time": 31.025409698486328}, "server_5": {"max_delay": 0.1241278777316754, "running_time": 25.020599365234375}}, "100": {"num_user": 300, "num_service": 41, "server_1": {"max_delay": 0.10321653477298057, "running_time": 95.0777530670166}, "server_2": {"max_delay": 0.10542870413362815, "running_time": 52.04272270202637}, "server_3": {"max_delay": 0.10857795578418297, "running_time": 40.03310203552246}, "server_4": {"max_delay": 0.11259637843858268, "running_time": 35.02941131591797}, "server_5": {"max_delay": 0.11376714493438835, "running_time": 30.02476692199707}}}