{"entropy": 177911844207032117395612687302878020053, "10": {"num_user": 300, "num_service": 41, "server_1": {"max_delay": 0.0698006930198871, "running_time": 20.01667022705078}, "server_2": {"max_delay": 0.07414028491222452, "running_time": 17.014026641845703}, "server_3": {"max_delay": 0.09394066020567238, "running_time": 15.012264251708984}, "server_4": {"max_delay": 0.10050595073462415, "running_time": 12.01009750366211}, "server_5": {"max_delay": 0.09394066020567238, "running_time": 14.011383056640625}}, "20": {"num_user": 300, "num_service": 41, "server_1": {"max_delay": 0.059523328338347656, "running_time": 27.022838592529297}, "server_2": {"max_delay": 0.0682315416598785, "running_time": 22.0184326171875}, "server_3": {"max_delay": 0.07282477761952365, "running_time": 17.0137882232666}, "server_4": {"max_delay": 0.07282477761952365, "running_time": 17.014026641845703}, "server_5": {"max_delay": 0.07282477761952365, "running_time": 17.0135498046875}}, "30": {"num_user": 300, "num_service": 41, "server_1": {"max_delay": 0.04283833395637415, "running_time": 38.031578063964844}, "server_2": {"max_delay": 0.06114384406170384, "running_time": 26.021480560302734}, "server_3": {"max_delay": 0.0697561725222292, "running_time": 19.015789031982422}, "server_4": {"max_delay": 0.07282477761952365, "running_time": 17.014026641845703}, "server_5": {"max_delay": 0.0756649157745752, "running_time": 13.010501861572266}}, "40": {"num_user": 300, "num_service": 41, "server_1": {"max_delay": 0.03716224041254694, "running_time": 47.039031982421875}, "server_2": {"max_delay": 0.059523328338347656, "running_time": 27.022838592529297}, "server_3": {"max_delay": 0.06469772865865081, "running_time": 23.018836975097656}, "server_4": {"max_delay": 0.06785191985356857, "running_time": 20.01667022705078}, "server_5": {"max_delay": 0.07282477761952365, "running_time": 16.013383865356445}}, "50": {"num_user": 300, "num_service": 41, "server_1": {"max_delay": 0.034655944199148074, "running_time": 58.04800987243652}, "server_2": {"max_delay": 0.049949886321123835, "running_time": 29.024124145507812}, "server_3": {"max_delay": 0.06469772865865081, "running_time": 24.019479751586914}, "server_4": {"max_delay": 0.06624170289359459, "running_time": 23.019075393676758}, "server_5": {"max_delay": 0.0682315416598785, "running_time": 21.01755142211914}}, "60": {"num_user": 300, "num_service": 41, "server_1": {"max_delay": 0.03219932013808144, "running_time": 70.05810737609863}, "server_2": {"max_delay": 0.04283833395637415, "running_time": 36.02957725524902}, "server_3": {"max_delay": 0.059523328338347656, "running_time": 27.022838592529297}, "server_4": {"max_delay": 0.06624170289359459, "running_time": 26.02219581604004}, "server_5": {"max_delay": 0.06776633375594526, "running_time": 22.017478942871094}}, "70": {"num_user": 300, "num_service": 41, "server_1": {"max_delay": 0.031331919249955875, "running_time": 81.06684684753418}, "server_2": {"max_delay": 0.03758662577138708, "running_time": 48.03872108459473}, "server_3": {"max_delay": 0.049949886321123835, "running_time": 29.023408889770508}, "server_4": {"max_delay": 0.06114384406170384, "running_time": 23.01931381225586}, "server_5": {"max_delay": 0.06776633375594526, "running_time": 21.01755142211914}}, "80": {"num_user": 300, "num_service": 41, "server_1": {"max_delay": 0.031056940912341905, "running_time": 88.0730152130127}, "server_2": {"max_delay": 0.03678261860623701, "running_time": 48.03943634033203}, "server_3": {"max_delay": 0.04345717522866548, "running_time": 34.028053283691406}, "server_4": {"max_delay": 0.059523328338347656, "running_time": 27.022123336791992}, "server_5": {"max_delay": 0.06776633375594526, "running_time": 21.01755142211914}}, "90": {"num_user": 300, "num_service": 41, "server_1": {"max_delay": 0.02942331890498786, "running_time": 107.08832740783691}, "server_2": {"max_delay": 0.03590415398197194, "running_time": 53.04360389709473}, "server_3": {"max_delay": 0.04283833395637415, "running_time": 37.03022003173828}, "server_4": {"max_delay": 0.049949886321123835, "running_time": 30.025005340576172}, "server_5": {"max_delay": 0.059523328338347656, "running_time": 26.021957397460938}}, "100": {"num_user": 300, "num_service": 41, "server_1": {"max_delay": 0.02909736716851742, "running_time": 112.0920181274414}, "server_2": {"max_delay": 0.03353667609175116, "running_time": 58.04777145385742}, "server_3": {"max_delay": 0.03766397389474585, "running_time": 44.0363883972168}, "server_4": {"max_delay": 0.049949886321123835, "running_time": 29.02364730834961}, "server_5": {"max_delay": 0.059523328338347656, "running_time": 27.022123336791992}}}