{"entropy": 125855946992921042446690883415511686259, "10": {"num_user": 300, "num_service": 41, "server_1": {"max_delay": 0.0848238385210716, "running_time": 19.015789031982422}, "server_2": {"max_delay": 0.09544281890932399, "running_time": 10.008573532104492}, "server_3": {"max_delay": 0.12755584268098677, "running_time": 11.009454727172852}, "server_4": {"max_delay": 0.12755584268098677, "running_time": 10.008096694946289}, "server_5": {"max_delay": 0.12755584268098677, "running_time": 11.008977890014648}}, "20": {"num_user": 300, "num_service": 41, "server_1": {"max_delay": 0.06698906044942864, "running_time": 28.023242950439453}, "server_2": {"max_delay": 0.07436544838674657, "running_time": 20.01643180847168}, "server_3": {"max_delay": 0.08783890693201518, "running_time": 15.012741088867188}, "server_4": {"max_delay": 0.09544281890932399, "running_time": 10.008573532104492}, "server_5": {"max_delay": 0.09444474901706783, "running_time": 13.010501861572266}}, "30": {"num_user": 300, "num_service": 41, "server_1": {"max_delay": 0.06508464497751938, "running_time": 35.028934478759766}, "server_2": {"max_delay": 0.06734425888119183, "running_time": 23.018836975097656}, "server_3": {"max_delay": 0.07035932729213541, "running_time": 21.016836166381836}, "server_4": {"max_delay": 0.08783890693201518, "running_time": 16.01386070251465}, "server_5": {"max_delay": 0.09444474901706783, "running_time": 13.010740280151367}}, "40": {"num_user": 300, "num_service": 41, "server_1": {"max_delay": 0.06333120144930293, "running_time": 46.03719711303711}, "server_2": {"max_delay": 0.06563381410305308, "running_time": 30.025005340576172}, "server_3": {"max_delay": 0.07035932729213541, "running_time": 21.017074584960938}, "server_4": {"max_delay": 0.07436544838674657, "running_time": 18.015384674072266}, "server_5": {"max_delay": 0.08783890693201518, "running_time": 15.012264251708984}}, "50": {"num_user": 300, "num_service": 41, "server_1": {"max_delay": 0.06165824761555285, "running_time": 53.04431915283203}, "server_2": {"max_delay": 0.06556072702883028, "running_time": 31.025409698486328}, "server_3": {"max_delay": 0.06698906044942864, "running_time": 25.020837783813477}, "server_4": {"max_delay": 0.07035932729213541, "running_time": 20.01643180847168}, "server_5": {"max_delay": 0.07035932729213541, "running_time": 21.01755142211914}}, "60": {"num_user": 300, "num_service": 41, "server_1": {"max_delay": 0.06002316159185705, "running_time": 61.0504150390625}, "server_2": {"max_delay": 0.06508464497751938, "running_time": 35.028934478759766}, "server_3": {"max_delay": 0.06563381410305308, "running_time": 31.025409698486328}, "server_4": {"max_delay": 0.06734425888119183, "running_time": 23.018836975097656}, "server_5": {"max_delay": 0.07436544838674657, "running_time": 18.015146255493164}}, "70": {"num_user": 300, "num_service": 41, "server_1": {"max_delay": 0.05968349439870575, "running_time": 74.06139373779297}, "server_2": {"max_delay": 0.06358814386667705, "running_time": 41.03398323059082}, "server_3": {"max_delay": 0.06514465527954488, "running_time": 33.02741050720215}, "server_4": {"max_delay": 0.06698906044942864, "running_time": 28.02300453186035}, "server_5": {"max_delay": 0.07035932729213541, "running_time": 20.01643180847168}}, "80": {"num_user": 300, "num_service": 41, "server_1": {"max_delay": 0.05819889989447197, "running_time": 79.06460762023926}, "server_2": {"max_delay": 0.06300232020901841, "running_time": 45.037031173706055}, "server_3": {"max_delay": 0.06514465527954488, "running_time": 35.028934478759766}, "server_4": {"max_delay": 0.06563381410305308, "running_time": 28.023242950439453}, "server_5": {"max_delay": 0.06734425888119183, "running_time": 23.019075393676758}}, "90": {"num_user": 300, "num_service": 41, "server_1": {"max_delay": 0.0579639599513994, "running_time": 87.07118034362793}, "server_2": {"max_delay": 0.06146137770956345, "running_time": 51.041364669799805}, "server_3": {"max_delay": 0.06508464497751938, "running_time": 39.031982421875}, "server_4": {"max_delay": 0.06514465527954488, "running_time": 35.02988815307617}, "server_5": {"max_delay": 0.06563381410305308, "running_time": 30.025005340576172}}, "100": {"num_user": 300, "num_service": 41, "server_1": {"max_delay": 0.05725210316785363, "running_time": 95.0784683227539}, "server_2": {"max_delay": 0.060886056366473484, "running_time": 53.043365478515625}, "server_3": {"max_delay": 0.06316318433415838, "running_time": 43.03598403930664}, "server_4": {"max_delay": 0.06556072702883028, "running_time": 31.025409698486328}, "server_5": {"max_delay": 0.06563381410305308, "running_time": 31.025171279907227}}}