{"entropy": 29181828172810716928254060530203502423, "10": {"num_user": 300, "num_service": 41, "server_1": {"max_delay": 0.059843929672000445, "running_time": 15.012264251708984}, "server_2": {"max_delay": 0.06402376380833999, "running_time": 13.010740280151367}, "server_3": {"max_delay": 0.06836241472627232, "running_time": 10.00833511352539}, "server_4": {"max_delay": 0.06836241472627232, "running_time": 10.00833511352539}, "server_5": {"max_delay": 0.06836241472627232, "running_time": 10.00833511352539}}, "20": {"num_user": 300, "num_service": 41, "server_1": {"max_delay": 0.04713246560970516, "running_time": 22.0181941986084}, "server_2": {"max_delay": 0.059843929672000445, "running_time": 15.012979507446289}, "server_3": {"max_delay": 0.059843929672000445, "running_time": 14.011621475219727}, "server_4": {"max_delay": 0.06402376380833999, "running_time": 13.010025024414062}, "server_5": {"max_delay": 0.06836241472627232, "running_time": 10.00833511352539}}, "30": {"num_user": 300, "num_service": 41, "server_1": {"max_delay": 0.04019341114174955, "running_time": 32.025814056396484}, "server_2": {"max_delay": 0.05766535796784862, "running_time": 17.014265060424805}, "server_3": {"max_delay": 0.059843929672000445, "running_time": 15.012502670288086}, "server_4": {"max_delay": 0.059843929672000445, "running_time": 15.012741088867188}, "server_5": {"max_delay": 0.059843929672000445, "running_time": 15.012025833129883}}, "40": {"num_user": 300, "num_service": 41, "server_1": {"max_delay": 0.03503427714967079, "running_time": 42.03486442565918}, "server_2": {"max_delay": 0.04649057579894652, "running_time": 22.0181941986084}, "server_3": {"max_delay": 0.05766535796784862, "running_time": 17.014265060424805}, "server_4": {"max_delay": 0.059843929672000445, "running_time": 15.012979507446289}, "server_5": {"max_delay": 0.059843929672000445, "running_time": 15.012502670288086}}, "50": {"num_user": 300, "num_service": 41, "server_1": {"max_delay": 0.03457846523050879, "running_time": 49.04055595397949}, "server_2": {"max_delay": 0.04245573080622824, "running_time": 26.021480560302734}, "server_3": {"max_delay": 0.052773566970721865, "running_time": 22.017955780029297}, "server_4": {"max_delay": 0.05766535796784862, "running_time": 17.0137882232666}, "server_5": {"max_delay": 0.059843929672000445, "running_time": 15.012264251708984}}, "60": {"num_user": 300, "num_service": 41, "server_1": {"max_delay": 0.032767668525929806, "running_time": 59.04865264892578}, "server_2": {"max_delay": 0.03955152133099091, "running_time": 31.025409698486328}, "server_3": {"max_delay": 0.04625731271341055, "running_time": 22.0184326171875}, "server_4": {"max_delay": 0.05766535796784862, "running_time": 17.014026641845703}, "server_5": {"max_delay": 0.05766535796784862, "running_time": 18.015146255493164}}, "70": {"num_user": 300, "num_service": 41, "server_1": {"max_delay": 0.017273000585258193, "running_time": 39.031982421875}, "server_2": {"max_delay": 0.03555959040143492, "running_time": 37.030935287475586}, "server_3": {"max_delay": 0.04222246772069226, "running_time": 24.019479751586914}, "server_4": {"max_delay": 0.052773566970721865, "running_time": 22.0184326171875}, "server_5": {"max_delay": 0.05766535796784862, "running_time": 17.014026641845703}}, "80": {"num_user": 300, "num_service": 41, "server_1": {"max_delay": 0.01578435503550324, "running_time": 52.04296112060547}, "server_2": {"max_delay": 0.03418853217618852, "running_time": 42.03462600708008}, "server_3": {"max_delay": 0.039318258245454936, "running_time": 29.02364730834961}, "server_4": {"max_delay": 0.0461440740609188, "running_time": 22.0181941986084}, "server_5": {"max_delay": 0.052773566970721865, "running_time": 22.017955780029297}}, "90": {"num_user": 300, "num_service": 41, "server_1": {"max_delay": 0.014753508899960929, "running_time": 61.0499382019043}, "server_2": {"max_delay": 0.03358224005577293, "running_time": 48.039913177490234}, "server_3": {"max_delay": 0.039205019592963186, "running_time": 32.02629089355469}, "server_4": {"max_delay": 0.04210922906820051, "running_time": 25.020837783813477}, "server_5": {"max_delay": 0.04713246560970516, "running_time": 25.020599365234375}}, "100": {"num_user": 300, "num_service": 41, "server_1": {"max_delay": 0.014118085973109384, "running_time": 71.05875015258789}, "server_2": {"max_delay": 0.03249288750142919, "running_time": 54.04472351074219}, "server_3": {"max_delay": 0.03532632731589895, "running_time": 34.02829170227051}, "server_4": {"max_delay": 0.04210922906820051, "running_time": 25.020599365234375}, "server_5": {"max_delay": 0.04608139756440565, "running_time": 22.0181941986084}}}