{"entropy": 253766897806726368339309810468037668716, "10": {"num_user": 300, "num_service": 41, "server_1": {"max_delay": 0.046722863902246586, "running_time": 16.013622283935547}, "server_2": {"max_delay": 0.0473454977714501, "running_time": 16.013383865356445}, "server_3": {"max_delay": 0.0473454977714501, "running_time": 13.010978698730469}, "server_4": {"max_delay": 0.057469959589947286, "running_time": 13.01121711730957}, "server_5": {"max_delay": 0.057469959589947286, "running_time": 11.009454727172852}}, "20": {"num_user": 300, "num_service": 41, "server_1": {"max_delay": 0.043555368841296155, "running_time": 23.019075393676758}, "server_2": {"max_delay": 0.046722863902246586, "running_time": 16.013622283935547}, "server_3": {"max_delay": 0.0473454977714501, "running_time": 13.010740280151367}, "server_4": {"max_delay": 0.057469959589947286, "running_time": 12.009143829345703}, "server_5": {"max_delay": 0.057469959589947286, "running_time": 11.008977890014648}}, "30": {"num_user": 300, "num_service": 41, "server_1": {"max_delay": 0.04128950913389774, "running_time": 31.02588653564453}, "server_2": {"max_delay": 0.044450865664898115, "running_time": 21.01755142211914}, "server_3": {"max_delay": 0.046722863902246586, "running_time": 15.012264251708984}, "server_4": {"max_delay": 0.0473454977714501, "running_time": 14.011144638061523}, "server_5": {"max_delay": 0.057469959589947286, "running_time": 10.008096694946289}}, "40": {"num_user": 300, "num_service": 41, "server_1": {"max_delay": 0.036922320556003446, "running_time": 38.03229331970215}, "server_2": {"max_delay": 0.04247023960604836, "running_time": 25.020837783813477}, "server_3": {"max_delay": 0.044450865664898115, "running_time": 21.016836166381836}, "server_4": {"max_delay": 0.046722863902246586, "running_time": 15.012979507446289}, "server_5": {"max_delay": 0.0473454977714501, "running_time": 12.01009750366211}}, "50": {"num_user": 300, "num_service": 41, "server_1": {"max_delay": 0.03492998143938351, "running_time": 51.04184150695801}, "server_2": {"max_delay": 0.04153620638945217, "running_time": 28.023242950439453}, "server_3": {"max_delay": 0.043555368841296155, "running_time": 23.018836975097656}, "server_4": {"max_delay": 0.044450865664898115, "running_time": 21.017074584960938}, "server_5": {"max_delay": 0.046722863902246586, "running_time": 18.01466941833496}}, "60": {"num_user": 300, "num_service": 41, "server_1": {"max_delay": 0.03453030013330759, "running_time": 61.0504150390625}, "server_2": {"max_delay": 0.04128950913389774, "running_time": 31.02564811706543}, "server_3": {"max_delay": 0.03987549974127058, "running_time": 25.020837783813477}, "server_4": {"max_delay": 0.043555368841296155, "running_time": 24.019956588745117}, "server_5": {"max_delay": 0.044450865664898115, "running_time": 20.01667022705078}}, "70": {"num_user": 300, "num_service": 41, "server_1": {"max_delay": 0.0335664367618483, "running_time": 66.0552978515625}, "server_2": {"max_delay": 0.037632304296623995, "running_time": 34.028053283691406}, "server_3": {"max_delay": 0.03987549974127058, "running_time": 26.02100372314453}, "server_4": {"max_delay": 0.043555368841296155, "running_time": 23.01931381225586}, "server_5": {"max_delay": 0.044450865664898115, "running_time": 18.01466941833496}}, "80": {"num_user": 300, "num_service": 41, "server_1": {"max_delay": 0.03288971262949601, "running_time": 82.06748962402344}, "server_2": {"max_delay": 0.03645539646236326, "running_time": 39.031982421875}, "server_3": {"max_delay": 0.04128950913389774, "running_time": 28.02300453186035}, "server_4": {"max_delay": 0.04247023960604836, "running_time": 26.02100372314453}, "server_5": {"max_delay": 0.043555368841296155, "running_time": 23.019075393676758}}, "90": {"num_user": 300, "num_service": 41, "server_1": {"max_delay": 0.03235239047356425, "running_time": 94.07758712768555}, "server_2": {"max_delay": 0.034590249120781645, "running_time": 48.03895950317383}, "server_3": {"max_delay": 0.04128950913389774, "running_time": 31.02588653564453}, "server_4": {"max_delay": 0.04247023960604836, "running_time": 26.021957397460938}, "server_5": {"max_delay": 0.04247023960604836, "running_time": 24.019718170166016}}, "100": {"num_user": 300, "num_service": 41, "server_1": {"max_delay": 0.031876546147717975, "running_time": 101.08256340026855}, "server_2": {"max_delay": 0.03446305734574333, "running_time": 54.04496192932129}, "server_3": {"max_delay": 0.03804475948304596, "running_time": 34.027814865112305}, "server_4": {"max_delay": 0.04128950913389774, "running_time": 28.02276611328125}, "server_5": {"max_delay": 0.04247023960604836, "running_time": 23.01931381225586}}}