{"entropy": 257027550399013388746683837682732301112, "10": {"num_user": 300, "num_service": 41, "server_1": {"max_delay": 0.039656952722021827, "running_time": 15.012502670288086}, "server_2": {"max_delay": 0.04747007529689744, "running_time": 12.010335922241211}, "server_3": {"max_delay": 0.04864083564591128, "running_time": 10.007858276367188}, "server_4": {"max_delay": 0.04864083564591128, "running_time": 10.008573532104492}, "server_5": {"max_delay": 0.04864083564591128, "running_time": 11.008739471435547}}, "20": {"num_user": 300, "num_service": 41, "server_1": {"max_delay": 0.02714187894518081, "running_time": 25.02155303955078}, "server_2": {"max_delay": 0.030508583353864714, "running_time": 15.012979507446289}, "server_3": {"max_delay": 0.030504476752491932, "running_time": 18.015146255493164}, "server_4": {"max_delay": 0.04747007529689744, "running_time": 12.010574340820312}, "server_5": {"max_delay": 0.04864083564591128, "running_time": 10.00833511352539}}, "30": {"num_user": 300, "num_service": 41, "server_1": {"max_delay": 0.023516602274658675, "running_time": 32.02652931213379}, "server_2": {"max_delay": 0.02714187894518081, "running_time": 22.0181941986084}, "server_3": {"max_delay": 0.030504476752491932, "running_time": 18.014907836914062}, "server_4": {"max_delay": 0.030508583353864714, "running_time": 15.012741088867188}, "server_5": {"max_delay": 0.039656952722021827, "running_time": 13.010740280151367}}, "40": {"num_user": 300, "num_service": 41, "server_1": {"max_delay": 0.01986092947065608, "running_time": 43.03550720214844}, "server_2": {"max_delay": 0.025289605222818805, "running_time": 28.02300453186035}, "server_3": {"max_delay": 0.02756157998825516, "running_time": 21.01731300354004}, "server_4": {"max_delay": 0.030508583353864714, "running_time": 16.013383865356445}, "server_5": {"max_delay": 0.039656952722021827, "running_time": 12.009143829345703}}, "50": {"num_user": 300, "num_service": 41, "server_1": {"max_delay": 0.018953706744951337, "running_time": 48.03967475891113}, "server_2": {"max_delay": 0.02430640416026581, "running_time": 30.02476692199707}, "server_3": {"max_delay": 0.02714187894518081, "running_time": 23.01955223083496}, "server_4": {"max_delay": 0.030504476752491932, "running_time": 20.01667022705078}, "server_5": {"max_delay": 0.030504476752491932, "running_time": 18.014907836914062}}, "60": {"num_user": 300, "num_service": 41, "server_1": {"max_delay": 0.016438480167462948, "running_time": 58.048248291015625}, "server_2": {"max_delay": 0.022009091658826946, "running_time": 35.02917289733887}, "server_3": {"max_delay": 0.025289605222818805, "running_time": 25.020599365234375}, "server_4": {"max_delay": 0.02756157998825516, "running_time": 20.01643180847168}, "server_5": {"max_delay": 0.030504476752491932, "running_time": 20.01667022705078}}, "70": {"num_user": 300, "num_service": 41, "server_1": {"max_delay": 0.01579512436746301, "running_time": 62.05105781555176}, "server_2": {"max_delay": 0.021213158333276937, "running_time": 34.028053283691406}, "server_3": {"max_delay": 0.023516602274658675, "running_time": 32.025814056396484}, "server_4": {"max_delay": 0.02714187894518081, "running_time": 22.0184326171875}, "server_5": {"max_delay": 0.02714187894518081, "running_time": 23.019075393676758}}, "80": {"num_user": 300, "num_service": 41, "server_1": {"max_delay": 0.015073207443597298, "running_time": 74.06067848205566}, "server_2": {"max_delay": 0.019147872416773893, "running_time": 43.03574562072754}, "server_3": {"max_delay": 0.023516602274658675, "running_time": 32.02676773071289}, "server_4": {"max_delay": 0.025289605222818805, "running_time": 28.02300453186035}, "server_5": {"max_delay": 0.02756157998825516, "running_time": 21.01755142211914}}, "90": {"num_user": 300, "num_service": 41, "server_1": {"max_delay": 0.014195501735485054, "running_time": 86.07101440429688}, "server_2": {"max_delay": 0.01902432286953417, "running_time": 51.04255676269531}, "server_3": {"max_delay": 0.01989817987668526, "running_time": 38.031816482543945}, "server_4": {"max_delay": 0.023516602274658675, "running_time": 30.02476692199707}, "server_5": {"max_delay": 0.02714187894518081, "running_time": 22.018909454345703}}, "100": {"num_user": 300, "num_service": 41, "server_1": {"max_delay": 0.014021338811826347, "running_time": 89.07365798950195}, "server_2": {"max_delay": 0.018728591175837982, "running_time": 53.04360389709473}, "server_3": {"max_delay": 0.01989817987668526, "running_time": 38.031578063964844}, "server_4": {"max_delay": 0.02430640416026581, "running_time": 27.02164649963379}, "server_5": {"max_delay": 0.025289605222818805, "running_time": 27.022361755371094}}}