{"entropy": 167627516693237825838681435232133288646, "10": {"num_user": 300, "num_service": 41, "server_1": {"max_delay": 0.08138548989895676, "running_time": 16.013145446777344}, "server_2": {"max_delay": 0.11267500045256147, "running_time": 11.009454727172852}, "server_3": {"max_delay": 0.11242290951817234, "running_time": 13.01121711730957}, "server_4": {"max_delay": 0.11350801905971312, "running_time": 11.008977890014648}, "server_5": {"max_delay": 0.11376010999410226, "running_time": 8.006572723388672}}, "20": {"num_user": 300, "num_service": 41, "server_1": {"max_delay": 0.04950702265890869, "running_time": 35.02917289733887}, "server_2": {"max_delay": 0.08138548989895676, "running_time": 16.012907028198242}, "server_3": {"max_delay": 0.11242290951817234, "running_time": 16.01266860961914}, "server_4": {"max_delay": 0.11267500045256147, "running_time": 11.008977890014648}, "server_5": {"max_delay": 0.11242290951817234, "running_time": 14.011144638061523}}, "30": {"num_user": 300, "num_service": 41, "server_1": {"max_delay": 0.035293534108710126, "running_time": 45.03750801086426}, "server_2": {"max_delay": 0.06230936276123855, "running_time": 24.02043342590332}, "server_3": {"max_delay": 0.08138548989895676, "running_time": 16.012907028198242}, "server_4": {"max_delay": 0.07066738562171074, "running_time": 19.01555061340332}, "server_5": {"max_delay": 0.11242290951817234, "running_time": 13.010740280151367}}, "40": {"num_user": 300, "num_service": 41, "server_1": {"max_delay": 0.030664741917596258, "running_time": 51.04184150695801}, "server_2": {"max_delay": 0.04661747010659747, "running_time": 36.03005409240723}, "server_3": {"max_delay": 0.05548996019899735, "running_time": 27.022361755371094}, "server_4": {"max_delay": 0.08138548989895676, "running_time": 16.013145446777344}, "server_5": {"max_delay": 0.07066738562171074, "running_time": 19.014835357666016}}, "50": {"num_user": 300, "num_service": 41, "server_1": {"max_delay": 0.02618156986031235, "running_time": 61.0504150390625}, "server_2": {"max_delay": 0.03806863064804634, "running_time": 40.03262519836426}, "server_3": {"max_delay": 0.053538909414382475, "running_time": 29.024124145507812}, "server_4": {"max_delay": 0.06787519751046976, "running_time": 24.019241333007812}, "server_5": {"max_delay": 0.08138548989895676, "running_time": 16.013145446777344}}, "60": {"num_user": 300, "num_service": 41, "server_1": {"max_delay": 0.02512371290897672, "running_time": 69.05651092529297}, "server_2": {"max_delay": 0.03463018135479781, "running_time": 42.034149169921875}, "server_3": {"max_delay": 0.04661747010659747, "running_time": 37.03045845031738}, "server_4": {"max_delay": 0.06230936276123855, "running_time": 24.019956588745117}, "server_5": {"max_delay": 0.06982624829508464, "running_time": 21.01731300354004}}, "70": {"num_user": 300, "num_service": 41, "server_1": {"max_delay": 0.024473403236085295, "running_time": 77.06332206726074}, "server_2": {"max_delay": 0.0342842376737712, "running_time": 45.037269592285156}, "server_3": {"max_delay": 0.03806863064804634, "running_time": 40.03310203552246}, "server_4": {"max_delay": 0.053538909414382475, "running_time": 29.024362564086914}, "server_5": {"max_delay": 0.05548996019899735, "running_time": 26.021242141723633}}, "80": {"num_user": 300, "num_service": 41, "server_1": {"max_delay": 0.023738618456490952, "running_time": 85.07061004638672}, "server_2": {"max_delay": 0.026340736902144644, "running_time": 51.04184150695801}, "server_3": {"max_delay": 0.034288420754445104, "running_time": 43.03550720214844}, "server_4": {"max_delay": 0.04661747010659747, "running_time": 35.02917289733887}, "server_5": {"max_delay": 0.05548996019899735, "running_time": 26.021480560302734}}, "90": {"num_user": 300, "num_service": 41, "server_1": {"max_delay": 0.02255097857645254, "running_time": 96.07934951782227}, "server_2": {"max_delay": 0.026322968395007203, "running_time": 52.04296112060547}, "server_3": {"max_delay": 0.034288420754445104, "running_time": 43.03550720214844}, "server_4": {"max_delay": 0.03806863064804634, "running_time": 38.031578063964844}, "server_5": {"max_delay": 0.053538909414382475, "running_time": 30.025005340576172}}, "100": {"num_user": 300, "num_service": 41, "server_1": {"max_delay": 0.02238220720738996, "running_time": 107.08832740783691}, "server_2": {"max_delay": 0.024870090703852696, "running_time": 61.0504150390625}, "server_3": {"max_delay": 0.029787625958032724, "running_time": 45.037269592285156}, "server_4": {"max_delay": 0.037209055703703434, "running_time": 39.032697677612305}, "server_5": {"max_delay": 0.04661747010659747, "running_time": 37.030935287475586}}}