{"entropy": 90812099442505771977012545065349620102, "10": {"num_user": 300, "num_service": 41, "server_1": {"max_delay": 0.050680946813400116, "running_time": 14.011144638061523}, "server_2": {"max_delay": 0.061187204864782706, "running_time": 10.00833511352539}, "server_3": {"max_delay": 0.06923764346762717, "running_time": 10.008811950683594}, "server_4": {"max_delay": 0.06923764346762717, "running_time": 10.00833511352539}, "server_5": {"max_delay": 0.06923764346762717, "running_time": 10.008573532104492}}, "20": {"num_user": 300, "num_service": 41, "server_1": {"max_delay": 0.03229391806232182, "running_time": 24.019479751586914}, "server_2": {"max_delay": 0.050680946813400116, "running_time": 15.012264251708984}, "server_3": {"max_delay": 0.051256161974864364, "running_time": 13.01121711730957}, "server_4": {"max_delay": 0.051256161974864364, "running_time": 12.009859085083008}, "server_5": {"max_delay": 0.052072341611778594, "running_time": 10.008096694946289}}, "30": {"num_user": 300, "num_service": 41, "server_1": {"max_delay": 0.026913664091647395, "running_time": 34.0275764465332}, "server_2": {"max_delay": 0.037938298367737294, "running_time": 20.01643180847168}, "server_3": {"max_delay": 0.050680946813400116, "running_time": 15.012025833129883}, "server_4": {"max_delay": 0.051256161974864364, "running_time": 12.01009750366211}, "server_5": {"max_delay": 0.052072341611778594, "running_time": 10.00833511352539}}, "40": {"num_user": 300, "num_service": 41, "server_1": {"max_delay": 0.024681529613340723, "running_time": 44.036149978637695}, "server_2": {"max_delay": 0.03164189759715797, "running_time": 25.020599365234375}, "server_3": {"max_delay": 0.037648589395398925, "running_time": 22.017955780029297}, "server_4": {"max_delay": 0.050680946813400116, "running_time": 14.011621475219727}, "server_5": {"max_delay": 0.052072341611778594, "running_time": 9.007692337036133}}, "50": {"num_user": 300, "num_service": 41, "server_1": {"max_delay": 0.02376487040269041, "running_time": 52.04272270202637}, "server_2": {"max_delay": 0.02794946319579854, "running_time": 29.02364730834961}, "server_3": {"max_delay": 0.03753949308419251, "running_time": 26.021957397460938}, "server_4": {"max_delay": 0.042231702927010874, "running_time": 20.016908645629883}, "server_5": {"max_delay": 0.050680946813400116, "running_time": 14.011383056640625}}, "60": {"num_user": 300, "num_service": 41, "server_1": {"max_delay": 0.022454496278945576, "running_time": 58.04800987243652}, "server_2": {"max_delay": 0.026083031981312003, "running_time": 35.028696060180664}, "server_3": {"max_delay": 0.03141318178769152, "running_time": 25.020122528076172}, "server_4": {"max_delay": 0.03760048624706441, "running_time": 20.01667022705078}, "server_5": {"max_delay": 0.042233077817232914, "running_time": 17.0137882232666}}, "70": {"num_user": 300, "num_service": 41, "server_1": {"max_delay": 0.02154515449703392, "running_time": 68.05610656738281}, "server_2": {"max_delay": 0.02489498145369134, "running_time": 41.03398323059082}, "server_3": {"max_delay": 0.02772074738633209, "running_time": 35.028696060180664}, "server_4": {"max_delay": 0.030175766698032642, "running_time": 29.023408889770508}, "server_5": {"max_delay": 0.03747987481154263, "running_time": 23.01931381225586}}, "80": {"num_user": 300, "num_service": 41, "server_1": {"max_delay": 0.02071874692088073, "running_time": 78.0637264251709}, "server_2": {"max_delay": 0.02380079333871042, "running_time": 44.0363883972168}, "server_3": {"max_delay": 0.025854316171845554, "running_time": 34.0275764465332}, "server_4": {"max_delay": 0.0313040854764851, "running_time": 24.01900291442871}, "server_5": {"max_delay": 0.03747987481154263, "running_time": 22.0184326171875}}, "90": {"num_user": 300, "num_service": 41, "server_1": {"max_delay": 0.020490738878030185, "running_time": 79.06484603881836}, "server_2": {"max_delay": 0.023274762628773128, "running_time": 47.039031982421875}, "server_3": {"max_delay": 0.025854316171845554, "running_time": 35.02845764160156}, "server_4": {"max_delay": 0.030116148425382763, "running_time": 29.02364730834961}, "server_5": {"max_delay": 0.030116148425382763, "running_time": 26.020526885986328}}, "100": {"num_user": 300, "num_service": 41, "server_1": {"max_delay": 0.02002591073381775, "running_time": 89.07341957092285}, "server_2": {"max_delay": 0.022884134128060108, "running_time": 50.04096031188965}, "server_3": {"max_delay": 0.024986015745410678, "running_time": 39.03341293334961}, "server_4": {"max_delay": 0.02761165107512567, "running_time": 29.023170471191406}, "server_5": {"max_delay": 0.03124446720383522, "running_time": 24.019718170166016}}}