{"10": {"min_max_greedy": {"max delay": [0.0958001718167638], "running time": [53.04360389709473]}, "min_max_pulp": {"max delay": [0.0958001718167638], "running time": [4200.484037399292]}}, "20": {"min_max_greedy": {"max delay": [0.0833568671051625], "running time": [84.06949043273926]}, "min_max_pulp": {"max delay": [0.08258374229845102], "running time": [9286.666870117188]}}, "30": {"min_max_greedy": {"max delay": [0.0751013851942856], "running time": [85.07037162780762]}, "min_max_pulp": {"max delay": [0.0751013851942856], "running time": [14684.14044380188]}}, "40": {"min_max_greedy": {"max delay": [0.06299856171492764], "running time": [116.09601974487305]}, "min_max_pulp": {"max delay": [0.06277321686477062], "running time": [20637.04514503479]}}, "50": {"min_max_greedy": {"max delay": [0.060202574842520735], "running time": [157.12952613830566]}, "min_max_pulp": {"max delay": [0.04952626805061293], "running time": [26838.162183761597]}}, "60": {"min_max_greedy": {"max delay": [0.045176282295000134], "running time": [127.1047592163086]}, "min_max_pulp": {"max delay": [0.04213458460063738], "running time": [35035.794496536255]}}, "70": {"min_max_greedy": {"max delay": [0.041029808786910885], "running time": [147.12142944335938]}, "min_max_pulp": {"max delay": [0.03922349305330545], "running time": [43340.89994430542]}}, "80": {"min_max_greedy": {"max delay": [0.0391653161155743], "running time": [199.16415214538574]}, "min_max_pulp": {"max delay": [0.034059799409844875], "running time": [51816.786766052246]}}, "90": {"min_max_greedy": {"max delay": [0.037539373922726], "running time": [219.18082237243652]}, "min_max_pulp": {"max delay": [0.029532449895965242], "running time": [64420.21107673645]}}, "100": {"min_max_greedy": {"max delay": [0.03506778576309914], "running time": [273.2260227203369]}, "min_max_pulp": {"max delay": [0.02633878178050282], "running time": [666245.4898357391]}}}