{"10": {"min_max_greedy": {"max delay": [0.41698823255700457], "running time": [33.02741050720215]}, "min_max_pulp": {"max delay": [0.41698823255700457], "running time": [3657.0188999176025]}}, "20": {"min_max_greedy": {"max delay": [0.12836681203707892], "running time": [96.07934951782227]}, "min_max_pulp": {"max delay": [0.12836681203707892], "running time": [7633.3019733428955]}}, "30": {"min_max_greedy": {"max delay": [0.1163816351912474], "running time": [149.1231918334961]}, "min_max_pulp": {"max delay": [0.1115250672005611], "running time": [12005.911827087402]}}, "40": {"min_max_greedy": {"max delay": [0.06659146404158586], "running time": [118.09754371643066]}, "min_max_pulp": {"max delay": [0.06659146404158586], "running time": [17046.072721481323]}}, "50": {"min_max_greedy": {"max delay": [0.04276830126838263], "running time": [149.1234302520752]}, "min_max_pulp": {"max delay": [0.04201143325702559], "running time": [21925.100803375244]}}, "60": {"min_max_greedy": {"max delay": [0.031323385086485696], "running time": [162.13393211364746]}, "min_max_pulp": {"max delay": [0.031323385086485696], "running time": [27966.087579727173]}}, "70": {"min_max_greedy": {"max delay": [0.029129488145200163], "running time": [213.17601203918457]}, "min_max_pulp": {"max delay": [0.027208512861192746], "running time": [35926.66053771973]}}, "80": {"min_max_greedy": {"max delay": [0.028735512330902317], "running time": [202.16679573059082]}, "min_max_pulp": {"max delay": [0.025830408078434806], "running time": [47192.96097755432]}}, "90": {"min_max_greedy": {"max delay": [0.02270842579053153], "running time": [257.2462558746338]}, "min_max_pulp": {"max delay": [0.02270842579053153], "running time": [53863.468408584595]}}, "100": {"min_max_greedy": {"max delay": [0.02378684072686005], "running time": [276.2279510498047]}, "min_max_pulp": {"max delay": [0.021924889217291514], "running time": [88760.27822494507]}}}