{"entropy": 103675803906529375896378714962728224945, "10": {"num_user": 200, "num_service": 41, "min_max_greedy": {"max_delay": 0.04495618923361277, "running_time": 19.015789031982422}, "min_max_equal_weight": {"max_delay": 0.046229393268911526, "running_time": 139.1148567199707}, "min_max_surrogate_relaxation": {"max_delay": 0.045088506345655185, "lower_bound": 0.04188240489011175, "running_time": 741.6112422943115, "none_zero_ratio": 0.01, "max_weight": 0.5, "min_weight": 0.00634765625}, "min_max_pulp": {"max_delay": 0.04495618923361277, "running_time": 30789.392232894897}}, "20": {"num_user": 200, "num_service": 41, "min_max_greedy": {"max_delay": 0.041096195870348046, "running_time": 41.03374481201172}, "min_max_equal_weight": {"max_delay": 0.04383317258555427, "running_time": 165.13586044311523}, "min_max_surrogate_relaxation": {"max_delay": 0.042318726166080414, "lower_bound": 0.037887983903189634, "running_time": 602.496862411499, "none_zero_ratio": 0.01, "max_weight": 0.5, "min_weight": 0.00537109375}, "min_max_pulp": {"max_delay": 0.04069348096294108, "running_time": 61065.36078453064}}, "30": {"num_user": 200, "num_service": 41, "min_max_greedy": {"max_delay": 0.03882055069492693, "running_time": 41.03422164916992}, "min_max_equal_weight": {"max_delay": 0.041963673689521905, "running_time": 298.245906829834}, "min_max_surrogate_relaxation": {"max_delay": 0.039147389161156836, "lower_bound": 0.03542423815419536, "running_time": 782.6452255249023, "none_zero_ratio": 0.0175, "max_weight": 0.2725830078125, "min_weight": 0.014785129576921463}, "min_max_pulp": {"max_delay": 0.037905395281879375, "running_time": 103836.90929412842}}, "40": {"num_user": 200, "num_service": 41, "min_max_greedy": {"max_delay": 0.03638745632123608, "running_time": 53.04360389709473}, "min_max_equal_weight": {"max_delay": 0.039708492645952095, "running_time": 145.11942863464355}, "min_max_surrogate_relaxation": {"max_delay": 0.03614562152587292, "lower_bound": 0.03420906188507174, "running_time": 1421.1721420288086, "none_zero_ratio": 0.0175, "max_weight": 0.3046875, "min_weight": 0.004299916326999664}, "min_max_pulp": {"max_delay": 0.036089406748984254, "running_time": 152472.1806049347}}, "50": {"num_user": 200, "num_service": 41, "min_max_greedy": {"max_delay": 0.035624162092027754, "running_time": 65.05370140075684}, "min_max_equal_weight": {"max_delay": 0.03603240384467756, "running_time": 186.15388870239258}, "min_max_surrogate_relaxation": {"max_delay": 0.0353823272966646, "lower_bound": 0.03361055300231521, "running_time": 2364.95041847229, "none_zero_ratio": 0.04, "max_weight": 0.17229298740858212, "min_weight": 0.008053862867052905}, "min_max_pulp": {"max_delay": 0.0353823272966646, "running_time": 216243.33500862122}}, "60": {"num_user": 200, "num_service": 41, "min_max_greedy": {"max_delay": 0.034844622223994925, "running_time": 66.05410575866699}, "min_max_equal_weight": {"max_delay": 0.03567437819787217, "running_time": 165.13586044311523}, "min_max_surrogate_relaxation": {"max_delay": 0.03474636920783185, "lower_bound": 0.03300387649021925, "running_time": 2997.471809387207, "none_zero_ratio": 0.0375, "max_weight": 0.2686474323272705, "min_weight": 0.003503093280851797}, "min_max_pulp": {"max_delay": 0.034474314896467906, "running_time": 266971.17042541504}}, "70": {"num_user": 200, "num_service": 41, "min_max_greedy": {"max_delay": 0.03407572217442581, "running_time": 87.07189559936523}, "min_max_equal_weight": {"max_delay": 0.03567437819787217, "running_time": 203.16791534423828}, "min_max_surrogate_relaxation": {"max_delay": 0.034094187016127334, "lower_bound": 0.032479714357752563, "running_time": 1887.5563144683838, "none_zero_ratio": 0.0275, "max_weight": 0.125, "min_weight": 0.013198525113633508}, "min_max_pulp": {"max_delay": 0.03376233069767832, "running_time": 180728.045463562}}, "80": {"num_user": 200, "num_service": 41, "min_max_greedy": {"max_delay": 0.03329011391752809, "running_time": 51.04231834411621}, "min_max_equal_weight": {"max_delay": 0.03564335680923282, "running_time": 101.08304023742676}, "min_max_surrogate_relaxation": {"max_delay": 0.034173010988106205, "lower_bound": 0.03131680786569491, "running_time": 319.2636966705322, "none_zero_ratio": 0.0125, "max_weight": 0.375, "min_weight": 0.08852005004882812}, "min_max_pulp": {"max_delay": 0.032453860386405874, "running_time": 214371.7918395996}}, "90": {"num_user": 200, "num_service": 41, "min_max_greedy": {"max_delay": 0.03240805864437747, "running_time": 60.04953384399414}, "min_max_equal_weight": {"max_delay": 0.03521280102889361, "running_time": 104.08616065979004}, "min_max_surrogate_relaxation": {"max_delay": 0.03016742601226219, "lower_bound": 0.028238669719755978, "running_time": 185.15253067016602, "none_zero_ratio": 0.01, "max_weight": 0.5, "min_weight": 0.01220703125}, "min_max_pulp": {"max_delay": 0.02703640642110888, "running_time": 254222.65696525574}}, "100": {"num_user": 200, "num_service": 41, "min_max_greedy": {"max_delay": 0.0322434044259806, "running_time": 62.05105781555176}, "min_max_equal_weight": {"max_delay": 0.03564335680923282, "running_time": 101.08280181884766}, "min_max_surrogate_relaxation": {"max_delay": 0.02896778831869405, "lower_bound": 0.02279953047727103, "running_time": 194.15998458862305, "none_zero_ratio": 0.0125, "max_weight": 0.5, "min_weight": 0.0029754638671875}, "min_max_pulp": {"max_delay": 0.022626367660111113, "running_time": 293624.1500377655}}}