{"entropy": 28413036153589332581656143002892477521, "10": {"num_user": 200, "num_service": 41, "min_max_greedy": {"max_delay": 0.40001042106704454, "running_time": 28.023242950439453}, "min_max_equal_weight": {"max_delay": 0.40754016718953534, "running_time": 155.12824058532715}, "min_max_surrogate_relaxation": {"max_delay": 0.40140417880758866, "lower_bound": 0.39605079453200864, "running_time": 135.11133193969727, "none_zero_ratio": 0.01, "max_weight": 0.5, "min_weight": 0.03173828125}, "min_max_pulp": {"max_delay": 0.40001042106704454, "running_time": 27879.992485046387}}, "20": {"num_user": 200, "num_service": 41, "min_max_greedy": {"max_delay": 0.10518785835657334, "running_time": 17.014265060424805}, "min_max_equal_weight": {"max_delay": 0.10518785835657334, "running_time": 143.11790466308594}, "min_max_surrogate_relaxation": {"max_delay": 0.10518785835657334, "lower_bound": 0.19126728784671046, "running_time": 201.16567611694336, "none_zero_ratio": 0.005, "max_weight": 0.5, "min_weight": 0.5}, "min_max_pulp": {"max_delay": 0.10518785835657334, "running_time": 57704.58960533142}}, "30": {"num_user": 200, "num_service": 41, "min_max_greedy": {"max_delay": 0.06372309117730648, "running_time": 35.028696060180664}, "min_max_equal_weight": {"max_delay": 0.06372309117730648, "running_time": 158.13040733337402}, "min_max_surrogate_relaxation": {"max_delay": 0.06628149183421192, "lower_bound": 0.04772289393474721, "running_time": 209.17272567749023, "none_zero_ratio": 0.01, "max_weight": 0.84765625, "min_weight": 0.0093994140625}, "min_max_pulp": {"max_delay": 0.06372309117730648, "running_time": 86903.66888046265}}, "40": {"num_user": 200, "num_service": 41, "min_max_greedy": {"max_delay": 0.05390693645710775, "running_time": 45.037269592285156}, "min_max_equal_weight": {"max_delay": 0.05525484224561223, "running_time": 146.1203098297119}, "min_max_surrogate_relaxation": {"max_delay": 0.05343035176732228, "lower_bound": 0.04225614069491146, "running_time": 335.27660369873047, "none_zero_ratio": 0.015, "max_weight": 0.51910400390625, "min_weight": 0.0029209256172180176}, "min_max_pulp": {"max_delay": 0.05343035176732228, "running_time": 121667.3390865326}}, "50": {"num_user": 200, "num_service": 41, "min_max_greedy": {"max_delay": 0.04781876770703527, "running_time": 63.05217742919922}, "min_max_equal_weight": {"max_delay": 0.04951854002558029, "running_time": 158.12993049621582}, "min_max_surrogate_relaxation": {"max_delay": 0.05314471497463671, "lower_bound": 0.04153475065031087, "running_time": 456.3765525817871, "none_zero_ratio": 0.0175, "max_weight": 0.3855428695678711, "min_weight": 0.0013805245980620384}, "min_max_pulp": {"max_delay": 0.04756311598547399, "running_time": 158848.00124168396}}, "60": {"num_user": 200, "num_service": 41, "min_max_greedy": {"max_delay": 0.046709659753720795, "running_time": 80.06620407104492}, "min_max_equal_weight": {"max_delay": 0.04761463764857323, "running_time": 154.1273593902588}, "min_max_surrogate_relaxation": {"max_delay": 0.04753313091434969, "lower_bound": 0.039707498892811, "running_time": 519.4284915924072, "none_zero_ratio": 0.0175, "max_weight": 0.5146484375, "min_weight": 0.0013004941865801811}, "min_max_pulp": {"max_delay": 0.04582956846117193, "running_time": 205809.73052978516}}, "70": {"num_user": 200, "num_service": 41, "min_max_greedy": {"max_delay": 0.04387750124572124, "running_time": 59.04817581176758}, "min_max_equal_weight": {"max_delay": 0.04666714706434503, "running_time": 148.12278747558594}, "min_max_surrogate_relaxation": {"max_delay": 0.044846017481093056, "lower_bound": 0.03955655213880573, "running_time": 641.528844833374, "none_zero_ratio": 0.02, "max_weight": 0.2698972821235657, "min_weight": 0.0008118004188872874}, "min_max_pulp": {"max_delay": 0.043820901793419145, "running_time": 252102.90813446045}}, "80": {"num_user": 200, "num_service": 41, "min_max_greedy": {"max_delay": 0.04249607523921333, "running_time": 88.0727767944336}, "min_max_equal_weight": {"max_delay": 0.04362184952415996, "running_time": 154.1271209716797}, "min_max_surrogate_relaxation": {"max_delay": 0.053065651042026644, "lower_bound": 0.036441237300631577, "running_time": 241.19925498962402, "none_zero_ratio": 0.01, "max_weight": 0.75, "min_weight": 0.018310546875}, "min_max_pulp": {"max_delay": 0.04237111020079162, "running_time": 312788.95568847656}}, "90": {"num_user": 200, "num_service": 41, "min_max_greedy": {"max_delay": 0.041103940708927485, "running_time": 89.07365798950195}, "min_max_equal_weight": {"max_delay": 0.04249607523921333, "running_time": 149.122953414917}, "min_max_surrogate_relaxation": {"max_delay": 0.04978909773031363, "lower_bound": 0.030958258539618814, "running_time": 357.29408264160156, "none_zero_ratio": 0.0125, "max_weight": 0.6195068359375, "min_weight": 0.027103424072265625}, "min_max_pulp": {"max_delay": 0.041103940708927485, "running_time": 359619.57693099976}}, "100": {"num_user": 200, "num_service": 41, "min_max_greedy": {"max_delay": 0.040315948778571684, "running_time": 100.0826358795166}, "min_max_equal_weight": {"max_delay": 0.04109254503313263, "running_time": 167.13738441467285}, "min_max_surrogate_relaxation": {"max_delay": 0.05009301847461058, "lower_bound": 0.027932935045674175, "running_time": 441.364049911499, "none_zero_ratio": 0.015, "max_weight": 0.7681884765625, "min_weight": 0.006896853446960449}, "min_max_pulp": {"max_delay": 0.03732383535766516, "running_time": 414249.6302127838}}}