{"entropy": 39300717202378481864040189179624107878, "10": {"num_user": 200, "num_service": 41, "min_max_greedy": {"max_delay": 0.07313562826735541, "running_time": 31.02564811706543}, "min_max_equal_weight": {"max_delay": 0.07313562826735541, "running_time": 134.1097354888916}, "min_max_surrogate_relaxation": {"max_delay": 0.07313562826735541, "lower_bound": 0.05979975990977833, "running_time": 168.1385040283203, "none_zero_ratio": 0.0075, "max_weight": 0.5, "min_weight": 0.015625}, "min_max_pulp": {"max_delay": 0.07313562826735541, "running_time": 22853.85036468506}}, "20": {"num_user": 200, "num_service": 41, "min_max_greedy": {"max_delay": 0.05685159180849551, "running_time": 20.01667022705078}, "min_max_equal_weight": {"max_delay": 0.07205896313299547, "running_time": 136.11221313476562}, "min_max_surrogate_relaxation": {"max_delay": 0.06575168192018616, "lower_bound": 0.04863017346276638, "running_time": 265.21873474121094, "none_zero_ratio": 0.0075, "max_weight": 0.5, "min_weight": 0.078125}, "min_max_pulp": {"max_delay": 0.05685159180849551, "running_time": 43944.24033164978}}, "30": {"num_user": 200, "num_service": 41, "min_max_greedy": {"max_delay": 0.052227205843550686, "running_time": 34.02829170227051}, "min_max_equal_weight": {"max_delay": 0.053383451656627834, "running_time": 193.1591033935547}, "min_max_surrogate_relaxation": {"max_delay": 0.053383451656627834, "lower_bound": 0.04615552053582074, "running_time": 676.558256149292, "none_zero_ratio": 0.0175, "max_weight": 0.5238537788391113, "min_weight": 0.00720582902431488}, "min_max_pulp": {"max_delay": 0.05214709028525341, "running_time": 71859.86018180847}}, "40": {"num_user": 200, "num_service": 41, "min_max_greedy": {"max_delay": 0.04814504614835422, "running_time": 44.036149978637695}, "min_max_equal_weight": {"max_delay": 0.053083375760212874, "running_time": 140.11549949645996}, "min_max_surrogate_relaxation": {"max_delay": 0.0637099065817622, "lower_bound": 0.03903193946691052, "running_time": 74.06115531921387, "none_zero_ratio": 0.0075, "max_weight": 0.5, "min_weight": 0.140625}, "min_max_pulp": {"max_delay": 0.04814504614835422, "running_time": 60508.94117355347}}, "50": {"num_user": 200, "num_service": 41, "min_max_greedy": {"max_delay": 0.04680193106033918, "running_time": 32.02629089355469}, "min_max_equal_weight": {"max_delay": 0.046768305117579324, "running_time": 90.07430076599121}, "min_max_surrogate_relaxation": {"max_delay": 0.06358145347033309, "lower_bound": 0.03861491497524035, "running_time": 78.0644416809082, "none_zero_ratio": 0.0075, "max_weight": 0.3984375, "min_weight": 0.25}, "min_max_pulp": {"max_delay": 0.04572526592597924, "running_time": 90751.09934806824}}, "60": {"num_user": 200, "num_service": 41, "min_max_greedy": {"max_delay": 0.04514021541582282, "running_time": 67.05594062805176}, "min_max_equal_weight": {"max_delay": 0.04613157386473062, "running_time": 201.16591453552246}, "min_max_surrogate_relaxation": {"max_delay": 0.04524742419749723, "lower_bound": 0.0421690417872143, "running_time": 2204.8182487487793, "none_zero_ratio": 0.0225, "max_weight": 0.25, "min_weight": 0.0032277220896048675}, "min_max_pulp": {"max_delay": 0.04406444501235811, "running_time": 161787.32299804688}}, "70": {"num_user": 200, "num_service": 41, "min_max_greedy": {"max_delay": 0.04464036711410679, "running_time": 87.07189559936523}, "min_max_equal_weight": {"max_delay": 0.04376436911594315, "running_time": 152.12559700012207}, "min_max_surrogate_relaxation": {"max_delay": 0.0488696256868327, "lower_bound": 0.03881574193768034, "running_time": 330.27195930480957, "none_zero_ratio": 0.0125, "max_weight": 0.84765625, "min_weight": 0.002202153205871582}, "min_max_pulp": {"max_delay": 0.043460633749915226, "running_time": 200868.9820766449}}, "80": {"num_user": 200, "num_service": 41, "min_max_greedy": {"max_delay": 0.04242105149124474, "running_time": 110.09049415588379}, "min_max_equal_weight": {"max_delay": 0.043158608297852716, "running_time": 147.12142944335938}, "min_max_surrogate_relaxation": {"max_delay": 0.049320429236575994, "lower_bound": 0.03172657040081732, "running_time": 279.23035621643066, "none_zero_ratio": 0.0125, "max_weight": 0.5, "min_weight": 0.046875}, "min_max_pulp": {"max_delay": 0.042121870325725015, "running_time": 231688.05265426636}}, "90": {"num_user": 200, "num_service": 41, "min_max_greedy": {"max_delay": 0.04233155211789981, "running_time": 96.07934951782227}, "min_max_equal_weight": {"max_delay": 0.04861971637903966, "running_time": 100.0826358795166}, "min_max_surrogate_relaxation": {"max_delay": 0.047323565070829195, "lower_bound": 0.029396822941291853, "running_time": 643.5306072235107, "none_zero_ratio": 0.0175, "max_weight": 0.3221435546875, "min_weight": 0.044139862060546875}, "min_max_pulp": {"max_delay": 0.041658746240146406, "running_time": 289232.5019836426}}, "100": {"num_user": 200, "num_service": 41, "min_max_greedy": {"max_delay": 0.04526427461145979, "running_time": 77.06379890441895}, "min_max_equal_weight": {"max_delay": 0.046768305117579324, "running_time": 147.12119102478027}, "min_max_surrogate_relaxation": {"max_delay": 0.04702348917441424, "lower_bound": 0.025219731483616028, "running_time": 444.3957805633545, "none_zero_ratio": 0.015, "max_weight": 0.39825439453125, "min_weight": 0.0625}, "min_max_pulp": {"max_delay": 0.04112300486848876, "running_time": 351809.87310409546}}}