{"entropy": 162508018663872861443069843151462101361, "10": {"num_user": 200, "num_service": 41, "min_max_greedy": {"max_delay": 0.04085214700360715, "running_time": 17.014026641845703}, "min_max_equal_weight": {"max_delay": 0.04783976853029102, "running_time": 133.10980796813965}, "min_max_surrogate_relaxation": {"max_delay": 0.04085214700360715, "lower_bound": 0.03587357572350983, "running_time": 181.14924430847168, "none_zero_ratio": 0.0075, "max_weight": 0.5, "min_weight": 0.140625}, "min_max_pulp": {"max_delay": 0.04085214700360715, "running_time": 20965.290069580078}}, "20": {"num_user": 200, "num_service": 41, "min_max_greedy": {"max_delay": 0.032174670512651535, "running_time": 36.029815673828125}, "min_max_equal_weight": {"max_delay": 0.034018230788257754, "running_time": 156.1281681060791}, "min_max_surrogate_relaxation": {"max_delay": 0.03458720436228957, "lower_bound": 0.026676206802459263, "running_time": 348.28734397888184, "none_zero_ratio": 0.015, "max_weight": 0.3150672912597656, "min_weight": 0.05008542537689209}, "min_max_pulp": {"max_delay": 0.032174670512651535, "running_time": 41510.2334022522}}, "30": {"num_user": 200, "num_service": 41, "min_max_greedy": {"max_delay": 0.028291359306405337, "running_time": 62.05105781555176}, "min_max_equal_weight": {"max_delay": 0.02851125325092672, "running_time": 145.11966705322266}, "min_max_surrogate_relaxation": {"max_delay": 0.028291359306405337, "lower_bound": 0.0242739366569949, "running_time": 525.4330635070801, "none_zero_ratio": 0.0125, "max_weight": 0.353759765625, "min_weight": 0.06369781494140625}, "min_max_pulp": {"max_delay": 0.0278144913198695, "running_time": 60278.711557388306}}, "40": {"num_user": 200, "num_service": 41, "min_max_greedy": {"max_delay": 0.02622387557379708, "running_time": 54.044246673583984}, "min_max_equal_weight": {"max_delay": 0.02600343299632158, "running_time": 176.1453151702881}, "min_max_surrogate_relaxation": {"max_delay": 0.02600343299632158, "lower_bound": 0.022368397955052858, "running_time": 607.5012683868408, "none_zero_ratio": 0.02, "max_weight": 0.23866939544677734, "min_weight": 0.019789573590969667}, "min_max_pulp": {"max_delay": 0.025570790166153864, "running_time": 82621.13690376282}}, "50": {"num_user": 200, "num_service": 41, "min_max_greedy": {"max_delay": 0.024954401566668782, "running_time": 72.05963134765625}, "min_max_equal_weight": {"max_delay": 0.025337614214182385, "running_time": 135.11157035827637}, "min_max_surrogate_relaxation": {"max_delay": 0.025337614214182385, "lower_bound": 0.02148481535838113, "running_time": 688.5678768157959, "none_zero_ratio": 0.0225, "max_weight": 0.22942543029785156, "min_weight": 0.027411800829213462}, "min_max_pulp": {"max_delay": 0.024289343116027828, "running_time": 107541.68939590454}}, "60": {"num_user": 200, "num_service": 41, "min_max_greedy": {"max_delay": 0.023935022864726974, "running_time": 81.06684684753418}, "min_max_equal_weight": {"max_delay": 0.024142614307857236, "running_time": 177.14619636535645}, "min_max_surrogate_relaxation": {"max_delay": 0.024563042470499983, "lower_bound": 0.021148169623993268, "running_time": 1090.8992290496826, "none_zero_ratio": 0.0225, "max_weight": 0.205078125, "min_weight": 0.04421216885930335}, "min_max_pulp": {"max_delay": 0.02348457237697741, "running_time": 138925.57096481323}}, "70": {"num_user": 200, "num_service": 41, "min_max_greedy": {"max_delay": 0.022915000518916068, "running_time": 101.08327865600586}, "min_max_equal_weight": {"max_delay": 0.023968122636361045, "running_time": 170.14026641845703}, "min_max_surrogate_relaxation": {"max_delay": 0.02410071608814586, "lower_bound": 0.020636022760532495, "running_time": 1011.8348598480225, "none_zero_ratio": 0.02, "max_weight": 0.243377685546875, "min_weight": 0.03437216146267019}, "min_max_pulp": {"max_delay": 0.02290093992848497, "running_time": 178777.43697166443}}, "80": {"num_user": 200, "num_service": 41, "min_max_greedy": {"max_delay": 0.023069930449558577, "running_time": 82.06772804260254}, "min_max_equal_weight": {"max_delay": 0.023968122636361045, "running_time": 177.14619636535645}, "min_max_surrogate_relaxation": {"max_delay": 0.02343122721667342, "lower_bound": 0.020228182046260996, "running_time": 1110.914945602417, "none_zero_ratio": 0.025, "max_weight": 0.17011374235153198, "min_weight": 0.027033713776347668}, "min_max_pulp": {"max_delay": 0.02228159210068634, "running_time": 212139.95051383972}}, "90": {"num_user": 200, "num_service": 41, "min_max_greedy": {"max_delay": 0.022120334140752724, "running_time": 110.09097099304199}, "min_max_equal_weight": {"max_delay": 0.023968122636361045, "running_time": 154.1271209716797}, "min_max_surrogate_relaxation": {"max_delay": 0.025036901145532364, "lower_bound": 0.018683444901435003, "running_time": 506.41798973083496, "none_zero_ratio": 0.015, "max_weight": 0.421142578125, "min_weight": 0.028443574905395508}, "min_max_pulp": {"max_delay": 0.021661027710015917, "running_time": 242879.30154800415}}, "100": {"num_user": 200, "num_service": 41, "min_max_greedy": {"max_delay": 0.021759057025188433, "running_time": 118.09754371643066}, "min_max_equal_weight": {"max_delay": 0.022740508847419877, "running_time": 153.12623977661133}, "min_max_surrogate_relaxation": {"max_delay": 0.02648030098285742, "lower_bound": 0.017791903028594857, "running_time": 488.4026050567627, "none_zero_ratio": 0.0125, "max_weight": 0.375, "min_weight": 0.024967193603515625}, "min_max_pulp": {"max_delay": 0.021052753729686034, "running_time": 291301.23472213745}}}