{"entropy": 51421019988099921376169030838907637891, "10": {"num_user": 200, "num_service": 41, "min_max_greedy": {"max_delay": 0.5045407865959743, "running_time": 12.009859085083008}, "min_max_equal_weight": {"max_delay": 0.5905038366280384, "running_time": 89.07365798950195}, "min_max_surrogate_relaxation": {"max_delay": 0.5071729806064874, "lower_bound": 0.4902403319635027, "running_time": 74.06091690063477, "none_zero_ratio": 0.0075, "max_weight": 0.5, "min_weight": 0.171875}, "min_max_pulp": {"max_delay": 0.4932722519939605, "running_time": 11857.779026031494}}, "20": {"num_user": 200, "num_service": 41, "min_max_greedy": {"max_delay": 0.4737427273590802, "running_time": 18.01466941833496}, "min_max_equal_weight": {"max_delay": 0.47523408939420997, "running_time": 91.07470512390137}, "min_max_surrogate_relaxation": {"max_delay": 0.4737427273590802, "lower_bound": 0.46510253900337045, "running_time": 280.2309989929199, "none_zero_ratio": 0.0175, "max_weight": 0.30078125, "min_weight": 0.038114190101623535}, "min_max_pulp": {"max_delay": 0.4737427273590802, "running_time": 23302.21724510193}}, "30": {"num_user": 200, "num_service": 41, "min_max_greedy": {"max_delay": 0.4670382103416788, "running_time": 23.018598556518555}, "min_max_equal_weight": {"max_delay": 0.4682150267919211, "running_time": 91.07446670532227}, "min_max_surrogate_relaxation": {"max_delay": 0.4690634499302088, "lower_bound": 0.4605185796013662, "running_time": 289.23845291137695, "none_zero_ratio": 0.0175, "max_weight": 0.26882171630859375, "min_weight": 0.028562307357788086}, "min_max_pulp": {"max_delay": 0.4670382103416788, "running_time": 36047.72853851318}}, "40": {"num_user": 200, "num_service": 41, "min_max_greedy": {"max_delay": 0.462957372677467, "running_time": 28.023719787597656}, "min_max_equal_weight": {"max_delay": 0.4674536813034537, "running_time": 94.07758712768555}, "min_max_surrogate_relaxation": {"max_delay": 0.2676084421871656, "lower_bound": 0.45682262855559375, "running_time": 110.09073257446289, "none_zero_ratio": 0.0075, "max_weight": 0.5, "min_weight": 0.203125}, "min_max_pulp": {"max_delay": 0.17768249319136672, "running_time": 51049.100160598755}}, "50": {"num_user": 200, "num_service": 41, "min_max_greedy": {"max_delay": 0.06790446600035953, "running_time": 19.015789031982422}, "min_max_equal_weight": {"max_delay": 0.06419983461820715, "running_time": 89.07318115234375}, "min_max_surrogate_relaxation": {"max_delay": 0.06419983461820715, "lower_bound": 0.15386793724375158, "running_time": 141.11661911010742, "none_zero_ratio": 0.01, "max_weight": 0.5, "min_weight": 0.03076171875}, "min_max_pulp": {"max_delay": 0.06419983461820715, "running_time": 64955.56855201721}}, "60": {"num_user": 200, "num_service": 41, "min_max_greedy": {"max_delay": 0.04806595218801256, "running_time": 22.0184326171875}, "min_max_equal_weight": {"max_delay": 0.04846841972650498, "running_time": 91.07518196105957}, "min_max_surrogate_relaxation": {"max_delay": 0.05450109233119302, "lower_bound": 0.03469094532102732, "running_time": 158.13064575195312, "none_zero_ratio": 0.0075, "max_weight": 0.5, "min_weight": 0.203125}, "min_max_pulp": {"max_delay": 0.04681050746275941, "running_time": 84751.8937587738}}, "70": {"num_user": 200, "num_service": 41, "min_max_greedy": {"max_delay": 0.039572337316869766, "running_time": 28.02300453186035}, "min_max_equal_weight": {"max_delay": 0.039987808278644676, "running_time": 91.07470512390137}, "min_max_surrogate_relaxation": {"max_delay": 0.053739746842725616, "lower_bound": 0.03266950300664299, "running_time": 271.2240219116211, "none_zero_ratio": 0.0075, "max_weight": 0.5, "min_weight": 0.234375}, "min_max_pulp": {"max_delay": 0.039572337316869766, "running_time": 101328.5653591156}}, "80": {"num_user": 200, "num_service": 41, "min_max_greedy": {"max_delay": 0.03817152908924095, "running_time": 33.026933670043945}, "min_max_equal_weight": {"max_delay": 0.03881099182840237, "running_time": 94.07782554626465}, "min_max_surrogate_relaxation": {"max_delay": 0.053490852685922505, "lower_bound": 0.03137694998131425, "running_time": 261.2152099609375, "none_zero_ratio": 0.0075, "max_weight": 0.75, "min_weight": 0.0859375}, "min_max_pulp": {"max_delay": 0.036495656525206865, "running_time": 121733.39295387268}}, "90": {"num_user": 200, "num_service": 41, "min_max_greedy": {"max_delay": 0.035974812435895995, "running_time": 38.03110122680664}, "min_max_equal_weight": {"max_delay": 0.037124939569161894, "running_time": 95.0784683227539}, "min_max_surrogate_relaxation": {"max_delay": 0.03857370595191196, "lower_bound": 0.030683995587579498, "running_time": 396.32678031921387, "none_zero_ratio": 0.0175, "max_weight": 0.34847259521484375, "min_weight": 0.001238711178302765}, "min_max_pulp": {"max_delay": 0.03531771705121373, "running_time": 143977.7374267578}}, "100": {"num_user": 200, "num_service": 41, "min_max_greedy": {"max_delay": 0.03516573492776353, "running_time": 42.03438758850098}, "min_max_equal_weight": {"max_delay": 0.0352134669474286, "running_time": 95.0784683227539}, "min_max_surrogate_relaxation": {"max_delay": 0.044631560019034094, "lower_bound": 0.028803984905304867, "running_time": 199.16439056396484, "none_zero_ratio": 0.01, "max_weight": 0.84765625, "min_weight": 0.0111083984375}, "min_max_pulp": {"max_delay": 0.034247052279815594, "running_time": 170782.8450202942}}}