{"entropy": 18723678512392186351313983442403098873, "10": {"num_user": 200, "num_service": 41, "min_max_greedy": {"max_delay": 0.06102273387458456, "running_time": 10.00833511352539}, "min_max_equal_weight": {"max_delay": 0.06049980769364411, "running_time": 88.0727767944336}, "min_max_surrogate_relaxation": {"max_delay": 0.05887663891940365, "lower_bound": 0.05528162448263953, "running_time": 128.12495231628418, "none_zero_ratio": 0.01, "max_weight": 0.5, "min_weight": 0.01220703125}, "min_max_pulp": {"max_delay": 0.058583608537235744, "running_time": 19526.103019714355}}, "20": {"num_user": 200, "num_service": 41, "min_max_greedy": {"max_delay": 0.04962516308636784, "running_time": 17.0137882232666}, "min_max_equal_weight": {"max_delay": 0.05867766560115925, "running_time": 90.07430076599121}, "min_max_surrogate_relaxation": {"max_delay": 0.03845668033554999, "lower_bound": 0.0382317218410487, "running_time": 55.06610870361328, "none_zero_ratio": 0.0075, "max_weight": 0.5, "min_weight": 0.234375}, "min_max_pulp": {"max_delay": 0.03825770701730559, "running_time": 39074.91493225098}}, "30": {"num_user": 200, "num_service": 41, "min_max_greedy": {"max_delay": 0.03149226846790617, "running_time": 15.012264251708984}, "min_max_equal_weight": {"max_delay": 0.048832564287049005, "running_time": 90.07430076599121}, "min_max_surrogate_relaxation": {"max_delay": 0.034128136793806274, "lower_bound": 0.024493327280545527, "running_time": 91.07494354248047, "none_zero_ratio": 0.0075, "max_weight": 0.5, "min_weight": 0.046875}, "min_max_pulp": {"max_delay": 0.03149226846790617, "running_time": 62307.414531707764}}, "40": {"num_user": 200, "num_service": 41, "min_max_greedy": {"max_delay": 0.0292852475137722, "running_time": 21.01731300354004}, "min_max_equal_weight": {"max_delay": 0.030750122222620413, "running_time": 92.07582473754883}, "min_max_surrogate_relaxation": {"max_delay": 0.030914378178996685, "lower_bound": 0.016779595732689244, "running_time": 103.21712493896484, "none_zero_ratio": 0.0075, "max_weight": 0.5, "min_weight": 0.109375}, "min_max_pulp": {"max_delay": 0.02520525389301327, "running_time": 89015.07616043091}}, "50": {"num_user": 200, "num_service": 41, "min_max_greedy": {"max_delay": 0.02121667698930334, "running_time": 27.022361755371094}, "min_max_equal_weight": {"max_delay": 0.026468514936742578, "running_time": 91.07542037963867}, "min_max_surrogate_relaxation": {"max_delay": 0.030820321115073178, "lower_bound": 0.015834979630233784, "running_time": 169.13962364196777, "none_zero_ratio": 0.0075, "max_weight": 0.5, "min_weight": 0.171875}, "min_max_pulp": {"max_delay": 0.02121667698930334, "running_time": 117578.98616790771}}, "60": {"num_user": 200, "num_service": 41, "min_max_greedy": {"max_delay": 0.02026734084274074, "running_time": 34.0273380279541}, "min_max_equal_weight": {"max_delay": 0.02101770367105894, "running_time": 95.09611129760742}, "min_max_surrogate_relaxation": {"max_delay": 0.030770548553048532, "lower_bound": 0.015130700315205366, "running_time": 187.15405464172363, "none_zero_ratio": 0.0075, "max_weight": 0.5, "min_weight": 0.203125}, "min_max_pulp": {"max_delay": 0.01953262250842474, "running_time": 151524.69730377197}}, "70": {"num_user": 200, "num_service": 41, "min_max_greedy": {"max_delay": 0.018436199093871005, "running_time": 45.037031173706055}, "min_max_equal_weight": {"max_delay": 0.020197894502501777, "running_time": 94.07758712768555}, "min_max_surrogate_relaxation": {"max_delay": 0.02891731375601983, "lower_bound": 0.015314675281528547, "running_time": 369.3046569824219, "none_zero_ratio": 0.01, "max_weight": 0.5, "min_weight": 0.00537109375}, "min_max_pulp": {"max_delay": 0.018436199093871005, "running_time": 187675.7755279541}}, "80": {"num_user": 200, "num_service": 41, "min_max_greedy": {"max_delay": 0.018020653918854018, "running_time": 46.037912368774414}, "min_max_equal_weight": {"max_delay": 0.018464067459598527, "running_time": 98.08063507080078}, "min_max_surrogate_relaxation": {"max_delay": 0.02568595159647598, "lower_bound": 0.01505549878393087, "running_time": 411.33928298950195, "none_zero_ratio": 0.015, "max_weight": 0.41791534423828125, "min_weight": 0.005476713180541992}, "min_max_pulp": {"max_delay": 0.01790219182875071, "running_time": 231788.15484046936}}, "90": {"num_user": 200, "num_service": 41, "min_max_greedy": {"max_delay": 0.017462941930887148, "running_time": 51.041603088378906}, "min_max_equal_weight": {"max_delay": 0.018436199093871005, "running_time": 101.08375549316406}, "min_max_surrogate_relaxation": {"max_delay": 0.02589403265781387, "lower_bound": 0.013675615909907395, "running_time": 242.19965934753418, "none_zero_ratio": 0.0125, "max_weight": 0.5, "min_weight": 0.0105743408203125}, "min_max_pulp": {"max_delay": 0.017217142745671106, "running_time": 277709.02609825134}}, "100": {"num_user": 200, "num_service": 41, "min_max_greedy": {"max_delay": 0.017113948813820338, "running_time": 66.0562515258789}, "min_max_equal_weight": {"max_delay": 0.01742059770360735, "running_time": 101.08327865600586}, "min_max_surrogate_relaxation": {"max_delay": 0.027597228778951627, "lower_bound": 0.01346899592067239, "running_time": 155.12800216674805, "none_zero_ratio": 0.01, "max_weight": 0.6796875, "min_weight": 0.015380859375}, "min_max_pulp": {"max_delay": 0.01679582789095264, "running_time": 325929.79311943054}}}