{"entropy": 197174288054396363680547525331832466273, "10": {"num_user": 200, "num_service": 41, "min_max_greedy": {"max_delay": 0.05207123810597637, "running_time": 19.015789031982422}, "min_max_equal_weight": {"max_delay": 0.04876369992635912, "running_time": 156.1286449432373}, "min_max_surrogate_relaxation": {"max_delay": 0.05207123810597637, "lower_bound": 0.04044716727428472, "running_time": 89.07341957092285, "none_zero_ratio": 0.0075, "max_weight": 0.5, "min_weight": 0.203125}, "min_max_pulp": {"max_delay": 0.04876369992635912, "running_time": 19228.85823249817}}, "20": {"num_user": 200, "num_service": 41, "min_max_greedy": {"max_delay": 0.041521101698398497, "running_time": 35.02941131591797}, "min_max_equal_weight": {"max_delay": 0.04833664206652971, "running_time": 145.12014389038086}, "min_max_surrogate_relaxation": {"max_delay": 0.038638780881249446, "lower_bound": 0.031711424807983175, "running_time": 423.34938049316406, "none_zero_ratio": 0.0125, "max_weight": 0.4921875, "min_weight": 0.02039337158203125}, "min_max_pulp": {"max_delay": 0.038638780881249446, "running_time": 38018.35346221924}}, "30": {"num_user": 200, "num_service": 41, "min_max_greedy": {"max_delay": 0.037212674946347744, "running_time": 45.03750801086426}, "min_max_equal_weight": {"max_delay": 0.03552053604807015, "running_time": 155.12800216674805}, "min_max_surrogate_relaxation": {"max_delay": 0.03552053604807015, "lower_bound": 0.028532743845682492, "running_time": 896.7397212982178, "none_zero_ratio": 0.025, "max_weight": 0.26544451314839534, "min_weight": 0.006633063144505513}, "min_max_pulp": {"max_delay": 0.03396307057172182, "running_time": 57591.49527549744}}, "40": {"num_user": 200, "num_service": 41, "min_max_greedy": {"max_delay": 0.029589859024374936, "running_time": 53.043365478515625}, "min_max_equal_weight": {"max_delay": 0.03552053604807015, "running_time": 168.1387424468994}, "min_max_surrogate_relaxation": {"max_delay": 0.03171447636440021, "lower_bound": 0.025704804745798844, "running_time": 1239.0215396881104, "none_zero_ratio": 0.0175, "max_weight": 0.5, "min_weight": 0.0034546852111816406}, "min_max_pulp": {"max_delay": 0.029378707554204842, "running_time": 78484.72595214844}}, "50": {"num_user": 200, "num_service": 41, "min_max_greedy": {"max_delay": 0.027503847743377788, "running_time": 54.044485092163086}, "min_max_equal_weight": {"max_delay": 0.030788031381181583, "running_time": 178.1466007232666}, "min_max_surrogate_relaxation": {"max_delay": 0.027503847743377788, "lower_bound": 0.023319342155041726, "running_time": 1084.8946571350098, "none_zero_ratio": 0.0275, "max_weight": 0.25, "min_weight": 0.0055401957090452925}, "min_max_pulp": {"max_delay": 0.026981971697511646, "running_time": 102627.63667106628}}, "60": {"num_user": 200, "num_service": 41, "min_max_greedy": {"max_delay": 0.025821745330129174, "running_time": 78.0646800994873}, "min_max_equal_weight": {"max_delay": 0.026203166325323178, "running_time": 157.12952613830566}, "min_max_surrogate_relaxation": {"max_delay": 0.025764279302218175, "lower_bound": 0.021186456464394984, "running_time": 744.6141242980957, "none_zero_ratio": 0.0225, "max_weight": 0.2790300641208887, "min_weight": 0.005966103344690055}, "min_max_pulp": {"max_delay": 0.025764279302218175, "running_time": 132698.4360218048}}, "70": {"num_user": 200, "num_service": 41, "min_max_greedy": {"max_delay": 0.023045068242095033, "running_time": 93.07670593261719}, "min_max_equal_weight": {"max_delay": 0.025299869284263032, "running_time": 134.1102123260498}, "min_max_surrogate_relaxation": {"max_delay": 0.03735343903175507, "lower_bound": 0.018938720308140852, "running_time": 160.13216972351074, "none_zero_ratio": 0.0075, "max_weight": 0.6357421875, "min_weight": 0.03125}, "min_max_pulp": {"max_delay": 0.0226827599703503, "running_time": 159165.26317596436}}, "80": {"num_user": 200, "num_service": 41, "min_max_greedy": {"max_delay": 0.022530860473138223, "running_time": 130.10716438293457}, "min_max_equal_weight": {"max_delay": 0.025299869284263032, "running_time": 150.12407302856445}, "min_max_surrogate_relaxation": {"max_delay": 0.029320950609336892, "lower_bound": 0.01988069008815717, "running_time": 616.5082454681396, "none_zero_ratio": 0.0175, "max_weight": 0.3830709457397461, "min_weight": 0.0014548050239682198}, "min_max_pulp": {"max_delay": 0.02200898442727208, "running_time": 214345.67499160767}}, "90": {"num_user": 200, "num_service": 41, "min_max_greedy": {"max_delay": 0.02142353889071746, "running_time": 134.110689163208}, "min_max_equal_weight": {"max_delay": 0.02282454807160131, "running_time": 218.18017959594727}, "min_max_surrogate_relaxation": {"max_delay": 0.033659157080321384, "lower_bound": 0.014915953215560203, "running_time": 289.23845291137695, "none_zero_ratio": 0.01, "max_weight": 0.5562744140625, "min_weight": 0.0179443359375}, "min_max_pulp": {"max_delay": 0.021374435687408908, "running_time": 257360.50605773926}}, "100": {"num_user": 200, "num_service": 41, "min_max_greedy": {"max_delay": 0.0211214136466343, "running_time": 114.09425735473633}, "min_max_equal_weight": {"max_delay": 0.02282454807160131, "running_time": 176.1453151702881}, "min_max_surrogate_relaxation": {"max_delay": 0.025110321988314466, "lower_bound": 0.017899621079581596, "running_time": 836.6906642913818, "none_zero_ratio": 0.02, "max_weight": 0.27610230445861816, "min_weight": 0.03806557506322861}, "min_max_pulp": {"max_delay": 0.02096797841576999, "running_time": 293474.0266799927}}}