{"entropy": 232190246141277499248509210040728083167, "10": {"num_user": 200, "num_service": 41, "min_max_greedy": {"max_delay": 0.04876154147454013, "running_time": 19.016504287719727}, "min_max_equal_weight": {"max_delay": 0.05077094066826522, "running_time": 135.11133193969727}, "min_max_surrogate_relaxation": {"max_delay": 0.04876154147454013, "lower_bound": 0.045825759654251834, "running_time": 225.18563270568848, "none_zero_ratio": 0.0075, "max_weight": 0.51025390625, "min_weight": 0.03662109375}, "min_max_pulp": {"max_delay": 0.04876154147454013, "running_time": 24771.427869796753}}, "20": {"num_user": 200, "num_service": 41, "min_max_greedy": {"max_delay": 0.043711761607977545, "running_time": 27.022838592529297}, "min_max_equal_weight": {"max_delay": 0.046363193733049195, "running_time": 174.14402961730957}, "min_max_surrogate_relaxation": {"max_delay": 0.041883509560373317, "lower_bound": 0.03689262271240407, "running_time": 356.2936782836914, "none_zero_ratio": 0.015, "max_weight": 0.286376953125, "min_weight": 0.022455453872680664}, "min_max_pulp": {"max_delay": 0.041883509560373317, "running_time": 56161.62943840027}}, "30": {"num_user": 200, "num_service": 41, "min_max_greedy": {"max_delay": 0.03836736976949347, "running_time": 39.0322208404541}, "min_max_equal_weight": {"max_delay": 0.041027965228928515, "running_time": 156.1291217803955}, "min_max_surrogate_relaxation": {"max_delay": 0.03454088155707559, "lower_bound": 0.030100707633794292, "running_time": 156.1295986175537, "none_zero_ratio": 0.0075, "max_weight": 0.6328125, "min_weight": 0.1171875}, "min_max_pulp": {"max_delay": 0.03454088155707559, "running_time": 74222.21064567566}}, "40": {"num_user": 200, "num_service": 41, "min_max_greedy": {"max_delay": 0.035964695246341605, "running_time": 73.06051254272461}, "min_max_equal_weight": {"max_delay": 0.0372230364361966, "running_time": 157.12976455688477}, "min_max_surrogate_relaxation": {"max_delay": 0.024345928227292833, "lower_bound": 0.01468002464588806, "running_time": 188.154935836792, "none_zero_ratio": 0.01, "max_weight": 0.57421875, "min_weight": 0.0657958984375}, "min_max_pulp": {"max_delay": 0.02431342139284857, "running_time": 103564.40210342407}}, "50": {"num_user": 200, "num_service": 41, "min_max_greedy": {"max_delay": 0.01839460707881686, "running_time": 42.03462600708008}, "min_max_equal_weight": {"max_delay": 0.020200227230599773, "running_time": 141.11638069152832}, "min_max_surrogate_relaxation": {"max_delay": 0.020100796984742493, "lower_bound": 0.010994950787022445, "running_time": 381.3152313232422, "none_zero_ratio": 0.015, "max_weight": 0.3221435546875, "min_weight": 0.06575000286102295}, "min_max_pulp": {"max_delay": 0.01839460707881686, "running_time": 137759.07802581787}}, "60": {"num_user": 200, "num_service": 41, "min_max_greedy": {"max_delay": 0.017440303752548663, "running_time": 44.0363883972168}, "min_max_equal_weight": {"max_delay": 0.017720209893492923, "running_time": 142.11702346801758}, "min_max_surrogate_relaxation": {"max_delay": 0.01806254190749012, "lower_bound": 0.011063693005009173, "running_time": 971.8015193939209, "none_zero_ratio": 0.025, "max_weight": 0.5, "min_weight": 0.0013666516929333739}, "min_max_pulp": {"max_delay": 0.01632353066510754, "running_time": 171016.19720458984}}, "70": {"num_user": 200, "num_service": 41, "min_max_greedy": {"max_delay": 0.014912851805567043, "running_time": 64.05305862426758}, "min_max_equal_weight": {"max_delay": 0.01699868530526449, "running_time": 152.12559700012207}, "min_max_surrogate_relaxation": {"max_delay": 0.02075310485575506, "lower_bound": 0.005258410940264028, "running_time": 291.2402153015137, "none_zero_ratio": 0.0125, "max_weight": 0.5, "min_weight": 0.0240325927734375}, "min_max_pulp": {"max_delay": 0.014389913041523783, "running_time": 204628.76439094543}}, "80": {"num_user": 200, "num_service": 41, "min_max_greedy": {"max_delay": 0.014220633683148519, "running_time": 67.05522537231445}, "min_max_equal_weight": {"max_delay": 0.016503363764058865, "running_time": 151.1242389678955}, "min_max_surrogate_relaxation": {"max_delay": 0.018536080249324426, "lower_bound": 0.00858751168015923, "running_time": 1159.956693649292, "none_zero_ratio": 0.0225, "max_weight": 0.6951794922351837, "min_weight": 0.0005645979172186344}, "min_max_pulp": {"max_delay": 0.013331473501175995, "running_time": 250865.79155921936}}, "90": {"num_user": 200, "num_service": 41, "min_max_greedy": {"max_delay": 0.013150345202476236, "running_time": 96.07911109924316}, "min_max_equal_weight": {"max_delay": 0.01366942555721322, "running_time": 145.11966705322266}, "min_max_surrogate_relaxation": {"max_delay": 0.01864132320096199, "lower_bound": 0.00746830632499164, "running_time": 612.5049591064453, "none_zero_ratio": 0.0125, "max_weight": 0.5, "min_weight": 0.0894927978515625}, "min_max_pulp": {"max_delay": 0.012529203209849397, "running_time": 323245.2552318573}}, "100": {"num_user": 200, "num_service": 41, "min_max_greedy": {"max_delay": 0.012284710114755546, "running_time": 113.09313774108887}, "min_max_equal_weight": {"max_delay": 0.012822796798303322, "running_time": 148.12207221984863}, "min_max_surrogate_relaxation": {"max_delay": 0.01643835816305181, "lower_bound": 0.008319795904425348, "running_time": 1463.2065296173096, "none_zero_ratio": 0.0275, "max_weight": 0.3412430703174323, "min_weight": 0.0003013315843887199}, "min_max_pulp": {"max_delay": 0.011570643865808349, "running_time": 375190.4273033142}}}