{"entropy": 137743897730470871025494436321561074971, "10": {"num_user": 200, "num_service": 41, "min_max_greedy": {"max_delay": 0.05104403189338258, "running_time": 8.006572723388672}, "min_max_equal_weight": {"max_delay": 0.0698488220388998, "running_time": 85.07013320922852}, "min_max_surrogate_relaxation": {"max_delay": 0.05081948501563886, "lower_bound": 0.04506719661978457, "running_time": 174.14331436157227, "none_zero_ratio": 0.0075, "max_weight": 0.3984375, "min_weight": 0.25}, "min_max_pulp": {"max_delay": 0.048747281961101285, "running_time": 12270.118951797485}}, "20": {"num_user": 200, "num_service": 41, "min_max_greedy": {"max_delay": 0.04471312754069307, "running_time": 15.012264251708984}, "min_max_equal_weight": {"max_delay": 0.0455960312522459, "running_time": 89.07365798950195}, "min_max_surrogate_relaxation": {"max_delay": 0.043429167484878524, "lower_bound": 0.03562154760422966, "running_time": 269.23322677612305, "none_zero_ratio": 0.015, "max_weight": 0.35546875, "min_weight": 0.04922926425933838}, "min_max_pulp": {"max_delay": 0.04310593931386791, "running_time": 23162.10412979126}}, "30": {"num_user": 200, "num_service": 41, "min_max_greedy": {"max_delay": 0.041343414561717674, "running_time": 22.0184326171875}, "min_max_equal_weight": {"max_delay": 0.040961452098928215, "running_time": 90.07477760314941}, "min_max_surrogate_relaxation": {"max_delay": 0.03850432229248638, "lower_bound": 0.03297626845950937, "running_time": 568.4688091278076, "none_zero_ratio": 0.025, "max_weight": 0.5146636962890625, "min_weight": 0.01513671875}, "min_max_pulp": {"max_delay": 0.03749031795904005, "running_time": 35486.584424972534}}, "40": {"num_user": 200, "num_service": 41, "min_max_greedy": {"max_delay": 0.03446187041215229, "running_time": 26.021242141723633}, "min_max_equal_weight": {"max_delay": 0.036540294453703624, "running_time": 92.07582473754883}, "min_max_surrogate_relaxation": {"max_delay": 0.03702531155881511, "lower_bound": 0.02963884984281189, "running_time": 321.26498222351074, "none_zero_ratio": 0.0175, "max_weight": 0.25, "min_weight": 0.07374673336744308}, "min_max_pulp": {"max_delay": 0.03446187041215229, "running_time": 50968.34707260132}}, "50": {"num_user": 200, "num_service": 41, "min_max_greedy": {"max_delay": 0.03259290012471939, "running_time": 31.025409698486328}, "min_max_equal_weight": {"max_delay": 0.03221430345671666, "running_time": 92.07630157470703}, "min_max_surrogate_relaxation": {"max_delay": 0.04077769546048528, "lower_bound": 0.02541306220617484, "running_time": 110.08977890014648, "none_zero_ratio": 0.0075, "max_weight": 0.5, "min_weight": 0.078125}, "min_max_pulp": {"max_delay": 0.0322137000976475, "running_time": 63018.56970787048}}, "60": {"num_user": 200, "num_service": 41, "min_max_greedy": {"max_delay": 0.03057176354976088, "running_time": 34.028053283691406}, "min_max_equal_weight": {"max_delay": 0.03153197492704346, "running_time": 93.07646751403809}, "min_max_surrogate_relaxation": {"max_delay": 0.03501287398527426, "lower_bound": 0.020507691863431918, "running_time": 152.12559700012207, "none_zero_ratio": 0.0075, "max_weight": 0.5, "min_weight": 0.046875}, "min_max_pulp": {"max_delay": 0.027269727927966787, "running_time": 79712.41474151611}}, "70": {"num_user": 200, "num_service": 41, "min_max_greedy": {"max_delay": 0.029615480274738905, "running_time": 39.031982421875}, "min_max_equal_weight": {"max_delay": 0.03016157653084081, "running_time": 95.0784683227539}, "min_max_surrogate_relaxation": {"max_delay": 0.0295648081081405, "lower_bound": 0.015912892226409438, "running_time": 167.13809967041016, "none_zero_ratio": 0.01, "max_weight": 0.849609375, "min_weight": 0.04119873046875}, "min_max_pulp": {"max_delay": 0.024391660675617696, "running_time": 96813.83514404297}}, "80": {"num_user": 200, "num_service": 41, "min_max_greedy": {"max_delay": 0.02288945248215437, "running_time": 31.02588653564453}, "min_max_equal_weight": {"max_delay": 0.02366973456616306, "running_time": 92.07630157470703}, "min_max_surrogate_relaxation": {"max_delay": 0.03143042377331108, "lower_bound": 0.01555901433277999, "running_time": 243.20077896118164, "none_zero_ratio": 0.0125, "max_weight": 0.658447265625, "min_weight": 0.01915740966796875}, "min_max_pulp": {"max_delay": 0.02224776992053698, "running_time": 116435.00566482544}}, "90": {"num_user": 200, "num_service": 41, "min_max_greedy": {"max_delay": 0.02087928316936512, "running_time": 37.030935287475586}, "min_max_equal_weight": {"max_delay": 0.020641885526718733, "running_time": 94.07782554626465}, "min_max_surrogate_relaxation": {"max_delay": 0.02331177573564987, "lower_bound": 0.0139535988915083, "running_time": 235.19420623779297, "none_zero_ratio": 0.015, "max_weight": 0.5227088928222656, "min_weight": 0.059458136558532715}, "min_max_pulp": {"max_delay": 0.020458128888275792, "running_time": 135626.87945365906}}, "100": {"num_user": 200, "num_service": 41, "min_max_greedy": {"max_delay": 0.019990045423765677, "running_time": 41.03398323059082}, "min_max_equal_weight": {"max_delay": 0.020458128888275792, "running_time": 96.07911109924316}, "min_max_surrogate_relaxation": {"max_delay": 0.026301161162847857, "lower_bound": 0.012370772304621167, "running_time": 254.61435317993164, "none_zero_ratio": 0.0125, "max_weight": 0.6195068359375, "min_weight": 0.08131027221679688}, "min_max_pulp": {"max_delay": 0.01949207689160458, "running_time": 156210.06107330322}}}