{"entropy": 67699088520690137600914526286104930764, "10": {"num_user": 200, "num_service": 41, "min_max_greedy": {"max_delay": 0.08449899735437132, "running_time": 24.019718170166016}, "min_max_equal_weight": {"max_delay": 0.08449899735437132, "running_time": 153.12647819519043}, "min_max_surrogate_relaxation": {"max_delay": 0.10249107473981832, "lower_bound": 0.08542971051839844, "running_time": 200.164794921875, "none_zero_ratio": 0.0075, "max_weight": 0.5, "min_weight": 0.015625}, "min_max_pulp": {"max_delay": 0.08449899735437132, "running_time": 33551.66935920715}}, "20": {"num_user": 200, "num_service": 41, "min_max_greedy": {"max_delay": 0.05658804819214098, "running_time": 37.03117370605469}, "min_max_equal_weight": {"max_delay": 0.05750531311119841, "running_time": 175.14371871948242}, "min_max_surrogate_relaxation": {"max_delay": 0.05585085271888635, "lower_bound": 0.05217017426333706, "running_time": 505.4168701171875, "none_zero_ratio": 0.02, "max_weight": 0.2876701354980469, "min_weight": 0.0003784209256991744}, "min_max_pulp": {"max_delay": 0.05585085271888635, "running_time": 67678.81441116333}}, "30": {"num_user": 200, "num_service": 41, "min_max_greedy": {"max_delay": 0.053972116527690496, "running_time": 49.04007911682129}, "min_max_equal_weight": {"max_delay": 0.05711372598826261, "running_time": 192.15846061706543}, "min_max_surrogate_relaxation": {"max_delay": 0.0530751322005955, "lower_bound": 0.04629768408303687, "running_time": 687.5667572021484, "none_zero_ratio": 0.015, "max_weight": 0.57177734375, "min_weight": 0.0025425106287002563}, "min_max_pulp": {"max_delay": 0.051932758093606604, "running_time": 108225.252866745}}, "40": {"num_user": 200, "num_service": 41, "min_max_greedy": {"max_delay": 0.050464778973243536, "running_time": 59.04865264892578}, "min_max_equal_weight": {"max_delay": 0.05295583707995124, "running_time": 165.13633728027344}, "min_max_surrogate_relaxation": {"max_delay": 0.04928652042317185, "lower_bound": 0.04541953046409626, "running_time": 961.7936611175537, "none_zero_ratio": 0.0275, "max_weight": 0.24641990661621094, "min_weight": 0.00015644510287238234}, "min_max_pulp": {"max_delay": 0.04922578513554194, "running_time": 154668.555021286}}, "50": {"num_user": 200, "num_service": 41, "min_max_greedy": {"max_delay": 0.04678743936850989, "running_time": 70.05763053894043}, "min_max_equal_weight": {"max_delay": 0.04928652042317185, "running_time": 179.14748191833496}, "min_max_surrogate_relaxation": {"max_delay": 0.088227464401981, "lower_bound": 0.03754740795901403, "running_time": 145.11919021606445, "none_zero_ratio": 0.0075, "max_weight": 0.9375, "min_weight": 0.009765625}, "min_max_pulp": {"max_delay": 0.04328346435798876, "running_time": 203590.90113639832}}, "60": {"num_user": 200, "num_service": 41, "min_max_greedy": {"max_delay": 0.04654949796644463, "running_time": 71.05851173400879}, "min_max_equal_weight": {"max_delay": 0.04781051835485452, "running_time": 178.1468391418457}, "min_max_surrogate_relaxation": {"max_delay": 0.05257803739622007, "lower_bound": 0.02762465333752148, "running_time": 458.3783149719238, "none_zero_ratio": 0.015, "max_weight": 0.5032958984375, "min_weight": 0.00042808055877685547}, "min_max_pulp": {"max_delay": 0.030024879909867557, "running_time": 256882.84993171692}}, "70": {"num_user": 200, "num_service": 41, "min_max_greedy": {"max_delay": 0.042888357647834205, "running_time": 104.08568382263184}, "min_max_equal_weight": {"max_delay": 0.04672670408087998, "running_time": 172.14202880859375}, "min_max_surrogate_relaxation": {"max_delay": 0.05103315062597544, "lower_bound": 0.015150273892971019, "running_time": 376.3105869293213, "none_zero_ratio": 0.01, "max_weight": 0.5, "min_weight": 0.00048828125}, "min_max_pulp": {"max_delay": 0.02707006547970022, "running_time": 331527.40931510925}}, "80": {"num_user": 200, "num_service": 41, "min_max_greedy": {"max_delay": 0.025131483600970676, "running_time": 71.05851173400879}, "min_max_equal_weight": {"max_delay": 0.04240278585293217, "running_time": 155.12824058532715}, "min_max_surrogate_relaxation": {"max_delay": 0.03018857168103178, "lower_bound": 0.015200637117798371, "running_time": 612.5051975250244, "none_zero_ratio": 0.015, "max_weight": 0.7973384857177734, "min_weight": 0.0008037686347961426}, "min_max_pulp": {"max_delay": 0.023950684262110767, "running_time": 394734.5359325409}}, "90": {"num_user": 200, "num_service": 41, "min_max_greedy": {"max_delay": 0.021519713636050684, "running_time": 92.07606315612793}, "min_max_equal_weight": {"max_delay": 0.04240278585293217, "running_time": 170.14074325561523}, "min_max_surrogate_relaxation": {"max_delay": 0.050970138574827795, "lower_bound": 0.01419119225600337, "running_time": 361.2978458404541, "none_zero_ratio": 0.01, "max_weight": 0.9384765625, "min_weight": 0.000946044921875}, "min_max_pulp": {"max_delay": 0.021128126513114878, "running_time": 473310.33658981323}}, "100": {"num_user": 200, "num_service": 41, "min_max_greedy": {"max_delay": 0.02120485504017749, "running_time": 73.0600357055664}, "min_max_equal_weight": {"max_delay": 0.04240278585293217, "running_time": 171.1413860321045}, "min_max_surrogate_relaxation": {"max_delay": 0.05095159622362651, "lower_bound": 0.014303340936798772, "running_time": 422.3482608795166, "none_zero_ratio": 0.0125, "max_weight": 0.908203125, "min_weight": 0.0008296966552734375}, "min_max_pulp": {"max_delay": 0.02005584634329256, "running_time": 528619.9505329132}}}