{"10": {"min_max_greedy": {"max delay": [0.040619368982424915], "running time": [89.07294273376465]}, "min_max_pulp": {"max delay": [0.040619368982424915], "running time": [4615.823030471802]}}, "20": {"min_max_greedy": {"max delay": [0.03406989082725828], "running time": [145.11990547180176]}, "min_max_pulp": {"max delay": [0.03406989082725828], "running time": [9660.985946655273]}}, "30": {"min_max_greedy": {"max delay": [0.03269284966260009], "running time": [189.15629386901855]}, "min_max_pulp": {"max delay": [0.03186595563372105], "running time": [15496.808290481567]}}, "40": {"min_max_greedy": {"max delay": [0.03215096322467999], "running time": [155.12800216674805]}, "min_max_pulp": {"max delay": [0.020808293952565646], "running time": [21284.596920013428]}}, "50": {"min_max_greedy": {"max delay": [0.024922043934817072], "running time": [236.19508743286133]}, "min_max_pulp": {"max delay": [0.013540147085237621], "running time": [28633.67986679077]}}, "60": {"min_max_greedy": {"max delay": [0.010556444003549487], "running time": [216.17841720581055]}, "min_max_pulp": {"max delay": [0.009380769738283154], "running time": [37009.61136817932]}}, "70": {"min_max_greedy": {"max delay": [0.007326110917770483], "running time": [266.2198543548584]}, "min_max_pulp": {"max delay": [0.006891131110218082], "running time": [46542.49882698059]}}, "80": {"min_max_greedy": {"max delay": [0.0056561570988887125], "running time": [298.2461452484131]}, "min_max_pulp": {"max delay": [0.0052861740478362465], "running time": [57186.52009963989]}}, "90": {"min_max_greedy": {"max delay": [0.00513655443974312], "running time": [342.282772064209]}, "min_max_pulp": {"max delay": [0.004622885584856276], "running time": [66534.11841392517]}}, "100": {"min_max_greedy": {"max delay": [0.004306619740337436], "running time": [399.33013916015625]}, "min_max_pulp": {"max delay": [0.00393681287056862], "running time": [79161.77821159363]}}}