{"10": {"min_max_greedy": {"max delay": [0.07570059102385307], "running time": [64.05258178710938]}, "min_max_pulp": {"max delay": [0.06967000932669931], "running time": [3405.811548233032]}}, "20": {"min_max_greedy": {"max delay": [0.04973905256231465], "running time": [113.12484741210938]}, "min_max_pulp": {"max delay": [0.04808289768703987], "running time": [6887.686014175415]}}, "30": {"min_max_greedy": {"max delay": [0.042893668278679846], "running time": [140.11597633361816]}, "min_max_pulp": {"max delay": [0.042893668278679846], "running time": [10921.016454696655]}}, "40": {"min_max_greedy": {"max delay": [0.03933836523512221], "running time": [186.15317344665527]}, "min_max_pulp": {"max delay": [0.03933836523512221], "running time": [15653.918504714966]}}, "50": {"min_max_greedy": {"max delay": [0.03683460007967213], "running time": [241.19877815246582]}, "min_max_pulp": {"max delay": [0.03671664274333434], "running time": [21109.429121017456]}}, "60": {"min_max_greedy": {"max delay": [0.035248424924567395], "running time": [282.2291851043701]}, "min_max_pulp": {"max delay": [0.0335239316066557], "running time": [25743.252992630005]}}, "70": {"min_max_greedy": {"max delay": [0.030008488169453503], "running time": [229.18939590454102]}, "min_max_pulp": {"max delay": [0.0295656972811414], "running time": [31438.955307006836]}}, "80": {"min_max_greedy": {"max delay": [0.027367529694854596], "running time": [269.2224979400635]}, "min_max_pulp": {"max delay": [0.023922286471746965], "running time": [36436.08069419861]}}, "90": {"min_max_greedy": {"max delay": [0.02924079028740322], "running time": [232.1913242340088]}, "min_max_pulp": {"max delay": [0.020366983428189326], "running time": [43036.529779434204]}}, "100": {"min_max_greedy": {"max delay": [0.018847893587494696], "running time": [272.22490310668945]}, "min_max_pulp": {"max delay": [0.018050327429051237], "running time": [56484.91835594177]}}}