{"10": {"min_max_greedy": {"max delay": [0.15579464513857827], "running time": [66.0545825958252]}, "min_max_pulp": {"max delay": [0.1486918681874962], "running time": [3415.8198833465576]}}, "20": {"min_max_greedy": {"max delay": [0.05560912157198757], "running time": [76.06267929077148]}, "min_max_pulp": {"max delay": [0.05560912157198757], "running time": [6616.462230682373]}}, "30": {"min_max_greedy": {"max delay": [0.03937799988332282], "running time": [119.09866333007812]}, "min_max_pulp": {"max delay": [0.03937799988332282], "running time": [10333.462476730347]}}, "40": {"min_max_greedy": {"max delay": [0.03559973500727869], "running time": [162.15753555297852]}, "min_max_pulp": {"max delay": [0.03559973500727869], "running time": [14864.271402359009]}}, "50": {"min_max_greedy": {"max delay": [0.03442482202010659], "running time": [151.12543106079102]}, "min_max_pulp": {"max delay": [0.03158015630206227], "running time": [19499.098300933838]}}, "60": {"min_max_greedy": {"max delay": [0.03153985046862559], "running time": [184.15236473083496]}, "min_max_pulp": {"max delay": [0.028512968700821685], "running time": [27606.791257858276]}}, "70": {"min_max_greedy": {"max delay": [0.02861217985950973], "running time": [207.17120170593262]}, "min_max_pulp": {"max delay": [0.02656128821298403], "running time": [34865.78369140625]}}}