{"10": {"min_max_greedy": {"max delay": [0.05880157724992913], "running time": [87.07165718078613]}, "min_max_pulp": {"max delay": [0.056714916710647566], "running time": [3935.248613357544]}}, "20": {"min_max_greedy": {"max delay": [0.05312309432183058], "running time": [128.10540199279785]}, "min_max_pulp": {"max delay": [0.0358716881435784], "running time": [7802.441596984863]}}, "30": {"min_max_greedy": {"max delay": [0.03286154242621655], "running time": [161.1330509185791]}, "min_max_pulp": {"max delay": [0.029303619107756907], "running time": [12634.430646896362]}}, "40": {"min_max_greedy": {"max delay": [0.02874811263864588], "running time": [172.14202880859375]}, "min_max_pulp": {"max delay": [0.026142793240994337], "running time": [18513.283491134644]}}, "50": {"min_max_greedy": {"max delay": [0.024318670546808727], "running time": [225.18587112426758]}, "min_max_pulp": {"max delay": [0.023218928119400777], "running time": [24038.846015930176]}}, "60": {"min_max_greedy": {"max delay": [0.026173668255646772], "running time": [235.19396781921387]}, "min_max_pulp": {"max delay": [0.020435151627820308], "running time": [32496.82855606079]}}, "70": {"min_max_greedy": {"max delay": [0.019962534771464265], "running time": [279.23011779785156]}, "min_max_pulp": {"max delay": [0.017787782918154166], "running time": [39097.277879714966]}}, "80": {"min_max_greedy": {"max delay": [0.01610103094033108], "running time": [330.2726745605469]}, "min_max_pulp": {"max delay": [0.014392297047262735], "running time": [639004.6191215515]}}, "90": {"min_max_greedy": {"max delay": [0.014750306572444704], "running time": [387.31980323791504]}, "min_max_pulp": {"max delay": [0.011955217085292095], "running time": [366277.4021625519]}}, "100": {"min_max_greedy": {"max delay": [0.014010948937975184], "running time": [373.3077049255371]}, "min_max_pulp": {"max delay": [0.009762629161522781], "running time": [654456.3148021698]}}}