{"10": {"min_max_greedy": {"max delay": [0.07389597179061265], "running time": [76.06315612792969]}, "min_max_pulp": {"max delay": [0.07389597179061265], "running time": [3799.1366386413574]}}, "20": {"min_max_greedy": {"max delay": [0.04969022674155389], "running time": [130.10740280151367]}, "min_max_pulp": {"max delay": [0.04202164549281462], "running time": [7593.269109725952]}}, "30": {"min_max_greedy": {"max delay": [0.039729365030587376], "running time": [175.14419555664062]}, "min_max_pulp": {"max delay": [0.03592443753347989], "running time": [12359.203577041626]}}, "40": {"min_max_greedy": {"max delay": [0.03650043122891978], "running time": [176.14459991455078]}, "min_max_pulp": {"max delay": [0.03361728919248717], "running time": [17567.502975463867]}}, "50": {"min_max_greedy": {"max delay": [0.033340251083164386], "running time": [235.19349098205566]}, "min_max_pulp": {"max delay": [0.030028541420509626], "running time": [23024.006605148315]}}, "60": {"min_max_greedy": {"max delay": [0.030206091235766834], "running time": [288.2380485534668]}, "min_max_pulp": {"max delay": [0.027483448765715505], "running time": [30117.900133132935]}}, "70": {"min_max_greedy": {"max delay": [0.02666779105791987], "running time": [239.1974925994873]}, "min_max_pulp": {"max delay": [0.024438935821755874], "running time": [37452.99959182739]}}, "80": {"min_max_greedy": {"max delay": [0.02568085546988491], "running time": [237.1957302093506]}, "min_max_pulp": {"max delay": [0.022445059379074442], "running time": [44388.07797431946]}}, "90": {"min_max_greedy": {"max delay": [0.023070363152172677], "running time": [270.22266387939453]}, "min_max_pulp": {"max delay": [0.02029864767537397], "running time": [54014.7123336792]}}, "100": {"min_max_greedy": {"max delay": [0.019651905381588664], "running time": [282.2425365447998]}, "min_max_pulp": {"max delay": [0.018634340366547108], "running time": [652095.1566696167]}}}