{"10": {"min_max_greedy": {"max delay": [0.09416709731183576], "running time": [76.06267929077148]}, "min_max_pulp": {"max delay": [0.09416709731183576], "running time": [3476.869821548462]}}, "20": {"min_max_greedy": {"max delay": [0.08689668572020263], "running time": [109.09008979797363]}, "min_max_pulp": {"max delay": [0.08689668572020263], "running time": [7042.814016342163]}}, "30": {"min_max_greedy": {"max delay": [0.07807637850457527], "running time": [153.12647819519043]}, "min_max_pulp": {"max delay": [0.07711405145578656], "running time": [11682.645797729492]}}, "40": {"min_max_greedy": {"max delay": [0.07309926291573236], "running time": [194.16046142578125]}, "min_max_pulp": {"max delay": [0.055158676690136785], "running time": [15922.144651412964]}}, "50": {"min_max_greedy": {"max delay": [0.05179720077355792], "running time": [152.12583541870117]}, "min_max_pulp": {"max delay": [0.045901597984223476], "running time": [21051.379442214966]}}, "60": {"min_max_greedy": {"max delay": [0.043158278240537536], "running time": [194.15974617004395]}, "min_max_pulp": {"max delay": [0.04153439267587185], "running time": [27292.531728744507]}}, "70": {"min_max_greedy": {"max delay": [0.04062417816823285], "running time": [227.1878719329834]}, "min_max_pulp": {"max delay": [0.03266930996859039], "running time": [31937.366485595703]}}, "80": {"min_max_greedy": {"max delay": [0.03643200989356157], "running time": [258.2125663757324]}, "min_max_pulp": {"max delay": [0.02633053396601163], "running time": [38874.094009399414]}}, "90": {"min_max_greedy": {"max delay": [0.030557475509444956], "running time": [256.2117576599121]}, "min_max_pulp": {"max delay": [0.02110007030691266], "running time": [47136.91449165344]}}, "100": {"min_max_greedy": {"max delay": [0.022295585624253426], "running time": [260.21480560302734]}, "min_max_pulp": {"max delay": [0.01937251647762092], "running time": [56028.255462646484]}}}