{"10": {"min_max_greedy": {"max delay": [0.06891548667745785], "running time": [105.0868034362793]}, "min_max_pulp": {"max delay": [0.06891548667745785], "running time": [4671.856880187988]}}, "20": {"min_max_greedy": {"max delay": [0.04902298940822806], "running time": [138.11373710632324]}, "min_max_pulp": {"max delay": [0.04902298940822806], "running time": [9458.808660507202]}}, "30": {"min_max_greedy": {"max delay": [0.04143262129499765], "running time": [172.14202880859375]}, "min_max_pulp": {"max delay": [0.04059241989161934], "running time": [15640.912771224976]}}, "40": {"min_max_greedy": {"max delay": [0.03898826016149617], "running time": [242.19989776611328]}, "min_max_pulp": {"max delay": [0.03736955240122677], "running time": [22473.55318069458]}}, "50": {"min_max_greedy": {"max delay": [0.035013355132863494], "running time": [264.2183303833008]}, "min_max_pulp": {"max delay": [0.034644205878764774], "running time": [29098.02222251892]}}, "60": {"min_max_greedy": {"max delay": [0.03334871872916912], "running time": [296.24462127685547]}, "min_max_pulp": {"max delay": [0.032618675393143295], "running time": [39317.45958328247]}}, "70": {"min_max_greedy": {"max delay": [0.03370802526219298], "running time": [275.2268314361572]}, "min_max_pulp": {"max delay": [0.03111441233385954], "running time": [51027.12678909302]}}, "80": {"min_max_greedy": {"max delay": [0.035609570950987574], "running time": [265.21873474121094]}, "min_max_pulp": {"max delay": [0.030385058914805627], "running time": [65352.95343399048]}}, "90": {"min_max_greedy": {"max delay": [0.03350160256473534], "running time": [309.25512313842773]}, "min_max_pulp": {"max delay": [0.02480767697108859], "running time": [658857.3551177979]}}, "100": {"min_max_greedy": {"max delay": [0.02986507205721468], "running time": [360.29720306396484]}, "min_max_pulp": {"max delay": [0.022107847546556418], "running time": [670030.89594841]}}}