{"10": {"min_max_greedy": {"max delay": [1.0134687200364088], "running time": [104.08592224121094]}, "min_max_pulp": {"max delay": [1.0134687200364088], "running time": [4455.678462982178]}}, "20": {"min_max_greedy": {"max delay": [0.06550141821506918], "running time": [91.07518196105957]}, "min_max_pulp": {"max delay": [0.06550141821506918], "running time": [9370.736360549927]}}, "30": {"min_max_greedy": {"max delay": [0.051616370505334935], "running time": [137.1135711669922]}, "min_max_pulp": {"max delay": [0.04672184498535262], "running time": [15156.51249885559]}}, "40": {"min_max_greedy": {"max delay": [0.03365471515992863], "running time": [149.1231918334961]}, "min_max_pulp": {"max delay": [0.03290821694436971], "running time": [22082.23032951355]}}, "50": {"min_max_greedy": {"max delay": [0.03111490287228752], "running time": [206.17032051086426]}, "min_max_pulp": {"max delay": [0.03008348576992852], "running time": [29737.56241798401]}}, "60": {"min_max_greedy": {"max delay": [0.02711817130880255], "running time": [240.19813537597656]}, "min_max_pulp": {"max delay": [0.02711817130880255], "running time": [39871.917724609375]}}, "70": {"min_max_greedy": {"max delay": [0.025292907931639238], "running time": [308.2540035247803]}, "min_max_pulp": {"max delay": [0.025229368511408702], "running time": [50942.05641746521]}}, "80": {"min_max_greedy": {"max delay": [0.025774553559754856], "running time": [275.22730827331543]}, "min_max_pulp": {"max delay": [0.02175172819070036], "running time": [55412.75930404663]}}, "90": {"min_max_greedy": {"max delay": [0.023698445152114018], "running time": [321.26522064208984]}, "min_max_pulp": {"max delay": [0.017843621078177167], "running time": [69843.66083145142]}}, "100": {"min_max_greedy": {"max delay": [0.022692365004701332], "running time": [372.30730056762695]}, "min_max_pulp": {"max delay": [0.015727975656438496], "running time": [672429.1410446167]}}}