{"entropy": 97707897406959002290318151214698881982, "10": {"num_user": 100, "num_service": 41, "min_max_greedy": {"max_delay": 0.190269325827082, "running_time": 48.03967475891113}, "min_max_surrogate_relaxation": {"max_delay": 0.190269325827082, "lower_bound": 0.14499404818699219, "running_time": 474.39002990722656}, "min_max_equal_weight": {"max_delay": 0.190269325827082, "running_time": 39.0322208404541}, "min_max_pulp": {"max_delay": 0.190269325827082, "running_time": 2318.908214569092}}, "20": {"num_user": 100, "num_service": 41, "min_max_greedy": {"max_delay": 0.08257070664189589, "running_time": 64.05258178710938}, "min_max_surrogate_relaxation": {"max_delay": 0.08257070664189589, "lower_bound": 0.06113280202680863, "running_time": 487.4083995819092}, "min_max_equal_weight": {"max_delay": 0.08757931030955395, "running_time": 39.031982421875}, "min_max_pulp": {"max_delay": 0.08257070664189589, "running_time": 4217.471122741699}}, "30": {"num_user": 100, "num_service": 41, "min_max_greedy": {"max_delay": 0.05384761090621075, "running_time": 84.07115936279297}, "min_max_surrogate_relaxation": {"max_delay": 0.05384761090621075, "lower_bound": 0.038065695226752544, "running_time": 746.6146945953369}, "min_max_equal_weight": {"max_delay": 0.060332463691128456, "running_time": 40.05265235900879}, "min_max_pulp": {"max_delay": 0.05384761090621075, "running_time": 6284.178018569946}}, "40": {"num_user": 100, "num_service": 41, "min_max_greedy": {"max_delay": 0.04581527437623526, "running_time": 104.08473014831543}, "min_max_surrogate_relaxation": {"max_delay": 0.048564186709590576, "lower_bound": 0.028565103475376392, "running_time": 634.5219612121582}, "min_max_equal_weight": {"max_delay": 0.05384761090621075, "running_time": 40.03286361694336}, "min_max_pulp": {"max_delay": 0.04581527437623526, "running_time": 8841.287851333618}}, "50": {"num_user": 100, "num_service": 41, "min_max_greedy": {"max_delay": 0.04302268606999653, "running_time": 127.10428237915039}, "min_max_surrogate_relaxation": {"max_delay": 0.04302268606999653, "lower_bound": 0.026868104498625114, "running_time": 785.6464385986328}, "min_max_equal_weight": {"max_delay": 0.04302268606999653, "running_time": 41.03398323059082}, "min_max_pulp": {"max_delay": 0.041861173978341534, "running_time": 11836.740732192993}}, "60": {"num_user": 100, "num_service": 41, "min_max_greedy": {"max_delay": 0.041244244180880796, "running_time": 151.1247158050537}, "min_max_surrogate_relaxation": {"max_delay": 0.04094686462042193, "lower_bound": 0.024299704965350923, "running_time": 1079.8888206481934}, "min_max_equal_weight": {"max_delay": 0.041565677495895556, "running_time": 42.03057289123535}, "min_max_pulp": {"max_delay": 0.03853306735855621, "running_time": 15979.150533676147}}, "70": {"num_user": 100, "num_service": 41, "min_max_greedy": {"max_delay": 0.03987081156316533, "running_time": 159.13057327270508}, "min_max_surrogate_relaxation": {"max_delay": 0.03812493853308092, "lower_bound": 0.022698164233494373, "running_time": 1419.1679954528809}, "min_max_equal_weight": {"max_delay": 0.0412948288807306, "running_time": 43.02811622619629}, "min_max_pulp": {"max_delay": 0.034543536174274164, "running_time": 17646.522045135498}}, "80": {"num_user": 100, "num_service": 41, "min_max_greedy": {"max_delay": 0.03418326374055636, "running_time": 186.15293502807617}, "min_max_surrogate_relaxation": {"max_delay": 0.03812493853308092, "lower_bound": 0.021088805676618454, "running_time": 992.8171634674072}, "min_max_equal_weight": {"max_delay": 0.036967921233155024, "running_time": 43.035030364990234}, "min_max_pulp": {"max_delay": 0.032362847816905134, "running_time": 21482.678651809692}}, "90": {"num_user": 100, "num_service": 41, "min_max_greedy": {"max_delay": 0.03210744229098175, "running_time": 196.16150856018066}, "min_max_surrogate_relaxation": {"max_delay": 0.03568840929303549, "lower_bound": 0.01723125152781941, "running_time": 714.5884037017822}, "min_max_equal_weight": {"max_delay": 0.034303747804217466, "running_time": 45.037031173706055}, "min_max_pulp": {"max_delay": 0.03029058360653349, "running_time": 25367.8777217865}}, "100": {"num_user": 100, "num_service": 41, "min_max_greedy": {"max_delay": 0.03132464476231994, "running_time": 227.1866798400879}, "min_max_surrogate_relaxation": {"max_delay": 0.035203311591018326, "lower_bound": 0.016452318948168704, "running_time": 896.7380523681641}, "min_max_equal_weight": {"max_delay": 0.03390540338795571, "running_time": 45.037031173706055}, "min_max_pulp": {"max_delay": 0.0276193288716722, "running_time": 29886.594772338867}}}