{"10": {"min_max_greedy": {"max delay": [0.03448503973763882], "running time": [2241.8508529663086]}, "min_max_pulp": {"max delay": [0.03448503973763882], "running time": [123154.6733379364]}}, "20": {"min_max_greedy": {"max delay": [0.025260109648639707], "running time": [3693.0487155914307]}, "min_max_pulp": {"max delay": [0.023418451979156617], "running time": [232149.6570110321]}}, "30": {"min_max_greedy": {"max delay": [0.019363711989094624], "running time": [5604.626893997192]}, "min_max_pulp": {"max delay": [0.017864662993480298], "running time": [343848.87313842773]}}, "40": {"min_max_greedy": {"max delay": [0.016446564854242344], "running time": [7483.178377151489]}, "min_max_pulp": {"max delay": [0.014092413400848124], "running time": [482148.0493545532]}}, "50": {"min_max_greedy": {"max delay": [0.013014471614052094], "running time": [8590.091943740845]}, "min_max_pulp": {"max delay": [0.012501694198889076], "running time": [615821.4070796967]}}, "60": {"min_max_greedy": {"max delay": [0.011670398895414276], "running time": [9845.128297805786]}, "min_max_pulp": {"max delay": [0.011296662849569369], "running time": [783764.0559673309]}}, "70": {"min_max_greedy": {"max delay": [0.010871991074485037], "running time": [11721.67706489563]}, "min_max_pulp": {"max delay": [0.01033970611117236], "running time": [961392.7018642426]}}, "80": {"min_max_greedy": {"max delay": [0.0100601914868826], "running time": [13601.228952407837]}, "min_max_pulp": {"max delay": [0.009578265594390206], "running time": [1142966.605424881]}}, "90": {"min_max_greedy": {"max delay": [0.009627392888509211], "running time": [15166.521072387695]}, "min_max_pulp": {"max delay": [0.009112875911008496], "running time": [1334145.4377174377]}}, "100": {"min_max_greedy": {"max delay": [0.009421081045128132], "running time": [16709.794998168945]}, "min_max_pulp": {"max delay": [0.008620450657342247], "running time": [1567164.8125648499]}}}