{"10": {"min_max_greedy": {"max delay": [0.04656162198883561], "running time": [2677.2100925445557]}, "min_max_pulp": {"max delay": [0.041818014947220795], "running time": [146652.0721912384]}}, "20": {"min_max_greedy": {"max delay": [0.02618971247831262], "running time": [5978.935956954956]}, "min_max_pulp": {"max delay": [0.023398785527729865], "running time": [270530.3430557251]}}, "30": {"min_max_greedy": {"max delay": [0.018656917999809435], "running time": [6096.032619476318]}, "min_max_pulp": {"max delay": [0.018656917999809435], "running time": [417501.67894363403]}}, "40": {"min_max_greedy": {"max delay": [0.01660849989089795], "running time": [7247.983932495117]}, "min_max_pulp": {"max delay": [0.01641240557908396], "running time": [586728.3885478973]}}, "50": {"min_max_greedy": {"max delay": [0.01592676503984323], "running time": [8768.23902130127]}, "min_max_pulp": {"max delay": [0.015438495968125614], "running time": [754987.2987270355]}}, "60": {"min_max_greedy": {"max delay": [0.015502496356698144], "running time": [10043.291091918945]}, "min_max_pulp": {"max delay": [0.01400039737491559], "running time": [962393.5286998749]}}, "70": {"min_max_greedy": {"max delay": [0.013507819702656769], "running time": [11555.540084838867]}, "min_max_pulp": {"max delay": [0.013318662523860861], "running time": [1129736.6826534271]}}, "80": {"min_max_greedy": {"max delay": [0.01246680495114443], "running time": [13410.07113456726]}, "min_max_pulp": {"max delay": [0.012383698512288021], "running time": [1351445.7201957703]}}, "90": {"min_max_greedy": {"max delay": [0.012363026736534694], "running time": [15085.453748703003]}, "min_max_pulp": {"max delay": [0.011956759417490212], "running time": [1594437.3281002045]}}, "100": {"min_max_greedy": {"max delay": [0.011670013494137389], "running time": [16528.645753860474]}, "min_max_pulp": {"max delay": [0.011567547603320976], "running time": [1813004.7717094421]}}}