{"10": {"min_max_greedy": {"max delay": [0.048067239840380804], "running time": [2287.888526916504]}, "min_max_pulp": {"max delay": [0.048067239840380804], "running time": [211640.7253742218]}}, "20": {"min_max_greedy": {"max delay": [0.033989180109221265], "running time": [3398.806095123291]}, "min_max_pulp": {"max delay": [0.031712354387886305], "running time": [409515.0856971741]}}, "30": {"min_max_greedy": {"max delay": [0.02570863942074533], "running time": [4914.056777954102]}, "min_max_pulp": {"max delay": [0.025087501034768252], "running time": [657599.8983383179]}}, "40": {"min_max_greedy": {"max delay": [0.021298154669706495], "running time": [7177.92534828186]}, "min_max_pulp": {"max delay": [0.021298154669706495], "running time": [914651.1137485504]}}, "50": {"min_max_greedy": {"max delay": [0.0179501784921271], "running time": [8724.202632904053]}, "min_max_pulp": {"max delay": [0.01765959350915469], "running time": [1221356.321811676]}}, "60": {"min_max_greedy": {"max delay": [0.017343912576683558], "running time": [13442.097425460815]}, "min_max_pulp": {"max delay": [0.017082661678604987], "running time": [1504866.3806915283]}}, "70": {"min_max_greedy": {"max delay": [0.01698350535771978], "running time": [11874.80354309082]}, "min_max_pulp": {"max delay": [0.016454261411217183], "running time": [1895482.6126098633]}}, "80": {"min_max_greedy": {"max delay": [0.015917874760572347], "running time": [13414.073944091797]}, "min_max_pulp": {"max delay": [0.015917874760572347], "running time": [2165318.633556366]}}, "90": {"min_max_greedy": {"max delay": [0.015340942930022647], "running time": [14897.29905128479]}, "min_max_pulp": {"max delay": [0.015340942930022647], "running time": [2580747.601747513]}}, "100": {"min_max_greedy": {"max delay": [0.015141592902227798], "running time": [15692.95597076416]}, "min_max_pulp": {"max delay": [0.014927576502052255], "running time": [2973737.044095993]}}}