{"10": {"min_max_greedy": {"max delay": [0.03915897981914951], "running time": [2676.2092113494873]}, "min_max_pulp": {"max delay": [0.03915897981914951], "running time": [129232.73277282715]}}, "20": {"min_max_greedy": {"max delay": [0.02601911153036606], "running time": [3556.936025619507]}, "min_max_pulp": {"max delay": [0.02601911153036606], "running time": [246962.89944648743]}}, "30": {"min_max_greedy": {"max delay": [0.021519810280055104], "running time": [6023.97894859314]}, "min_max_pulp": {"max delay": [0.019548806385887473], "running time": [365572.23200798035]}}, "40": {"min_max_greedy": {"max delay": [0.016974893909393426], "running time": [6625.4918575286865]}, "min_max_pulp": {"max delay": [0.014954578529238281], "running time": [506266.5400505066]}}, "50": {"min_max_greedy": {"max delay": [0.014452922079199444], "running time": [8400.936126708984]}, "min_max_pulp": {"max delay": [0.013950277068887317], "running time": [643499.5448589325]}}, "60": {"min_max_greedy": {"max delay": [0.013858892638148245], "running time": [9750.049352645874]}, "min_max_pulp": {"max delay": [0.012907875654448078], "running time": [855701.5795707703]}}, "70": {"min_max_greedy": {"max delay": [0.012563678746983727], "running time": [11830.772638320923]}, "min_max_pulp": {"max delay": [0.012096065405130797], "running time": [1012991.4450645447]}}, "80": {"min_max_greedy": {"max delay": [0.011237008898287559], "running time": [14705.140352249146]}, "min_max_pulp": {"max delay": [0.011031020679951656], "running time": [1186112.319469452]}}, "90": {"min_max_greedy": {"max delay": [0.01087759081719009], "running time": [14445.926189422607]}, "min_max_pulp": {"max delay": [0.010405000799907383], "running time": [1401421.5686321259]}}, "100": {"min_max_greedy": {"max delay": [0.01051054763048958], "running time": [16165.345907211304]}, "min_max_pulp": {"max delay": [0.009773336732382175], "running time": [1647591.2103652954]}}}