{"10": {"min_max_greedy": {"max delay": [0.03837478244654752], "running time": [3070.535182952881]}, "min_max_pulp": {"max delay": [0.03837478244654752], "running time": [140638.1072998047]}}, "20": {"min_max_greedy": {"max delay": [0.03161423109806087], "running time": [4980.111360549927]}, "min_max_pulp": {"max delay": [0.03148361171901042], "running time": [262181.4503669739]}}, "30": {"min_max_greedy": {"max delay": [0.0282931827395233], "running time": [6526.387691497803]}, "min_max_pulp": {"max delay": [0.0282931827395233], "running time": [408640.36321640015]}}, "40": {"min_max_greedy": {"max delay": [0.027626388500261133], "running time": [7735.385894775391]}, "min_max_pulp": {"max delay": [0.02656443767469914], "running time": [571271.627664566]}}, "50": {"min_max_greedy": {"max delay": [0.025961859907946836], "running time": [9772.067546844482]}, "min_max_pulp": {"max delay": [0.025280786952372156], "running time": [752217.7610397339]}}, "60": {"min_max_greedy": {"max delay": [0.024915178689491765], "running time": [12070.965766906738]}, "min_max_pulp": {"max delay": [0.023973992216519375], "running time": [957402.4076461792]}}, "70": {"min_max_greedy": {"max delay": [0.023085587210256376], "running time": [13455.108165740967]}, "min_max_pulp": {"max delay": [0.022927310998064304], "running time": [1135224.212884903]}}, "80": {"min_max_greedy": {"max delay": [0.022409656648500458], "running time": [15189.54062461853]}, "min_max_pulp": {"max delay": [0.022409656648500458], "running time": [1387303.3232688904]}}, "90": {"min_max_greedy": {"max delay": [0.02212032180605773], "running time": [17113.127946853638]}, "min_max_pulp": {"max delay": [0.02188822257365112], "running time": [1628831.7232131958]}}, "100": {"min_max_greedy": {"max delay": [0.02183248461635701], "running time": [19081.753730773926]}, "min_max_pulp": {"max delay": [0.02151450589993737], "running time": [1907584.8548412323]}}}