{"10": {"min_max_greedy": {"max delay": [0.05126260286567457], "running time": [2211.8258476257324]}, "min_max_pulp": {"max delay": [0.05126260286567457], "running time": [147266.58487319946]}}, "20": {"min_max_greedy": {"max delay": [0.04976972447190993], "running time": [3317.7387714385986]}, "min_max_pulp": {"max delay": [0.04423696267118316], "running time": [274285.44330596924]}}, "30": {"min_max_greedy": {"max delay": [0.042685258139836806], "running time": [4796.95987701416]}, "min_max_pulp": {"max delay": [0.04041720065576254], "running time": [415575.08873939514]}}, "40": {"min_max_greedy": {"max delay": [0.03876258072883778], "running time": [5942.906379699707]}, "min_max_pulp": {"max delay": [0.03677917337915659], "running time": [572736.837387085]}}, "50": {"min_max_greedy": {"max delay": [0.03354021099121202], "running time": [7443.145275115967]}, "min_max_pulp": {"max delay": [0.03354971017288127], "running time": [766123.4924793243]}}, "60": {"min_max_greedy": {"max delay": [0.03204826431151902], "running time": [11266.301155090332]}, "min_max_pulp": {"max delay": [0.031746902180351505], "running time": [954399.9288082123]}}, "70": {"min_max_greedy": {"max delay": [0.03132759088918425], "running time": [10226.442813873291]}, "min_max_pulp": {"max delay": [0.030711773230300592], "running time": [1110515.8140659332]}}, "80": {"min_max_greedy": {"max delay": [0.030821813718642743], "running time": [11735.689163208008]}, "min_max_pulp": {"max delay": [0.030222724534685545], "running time": [1336071.0272789001]}}, "90": {"min_max_greedy": {"max delay": [0.0299284985402039], "running time": [13180.881977081299]}, "min_max_pulp": {"max delay": [0.02939610828818011], "running time": [1553338.3977413177]}}, "100": {"min_max_greedy": {"max delay": [0.029184286389547887], "running time": [16832.896947860718]}, "min_max_pulp": {"max delay": [0.029024909278352405], "running time": [1815751.0392665863]}}}