{"10": {"min_max_greedy": {"max delay": [0.08230526703981073], "running time": [2630.171775817871]}, "min_max_pulp": {"max delay": [0.08230526703981073], "running time": [144118.98136138916]}}, "20": {"min_max_greedy": {"max delay": [0.06405380061485762], "running time": [3743.0903911590576]}, "min_max_pulp": {"max delay": [0.06348812853436767], "running time": [274504.62436676025]}}, "30": {"min_max_greedy": {"max delay": [0.05697996126221213], "running time": [5612.633466720581]}, "min_max_pulp": {"max delay": [0.055661841684943446], "running time": [433746.08969688416]}}, "40": {"min_max_greedy": {"max delay": [0.05239335049209217], "running time": [6722.549915313721]}, "min_max_pulp": {"max delay": [0.05239335049209217], "running time": [617087.452173233]}}, "50": {"min_max_greedy": {"max delay": [0.0513402946054772], "running time": [8620.116233825684]}, "min_max_pulp": {"max delay": [0.051203673040320925], "running time": [793270.9054946899]}}, "60": {"min_max_greedy": {"max delay": [0.050283631442888894], "running time": [10262.47262954712]}, "min_max_pulp": {"max delay": [0.05020647951493518], "running time": [1014267.3544883728]}}, "70": {"min_max_greedy": {"max delay": [0.049667963797600745], "running time": [12370.21255493164]}, "min_max_pulp": {"max delay": [0.04942084363249524], "running time": [1222903.599023819]}}, "80": {"min_max_greedy": {"max delay": [0.04932110369208357], "running time": [14277.787923812866]}, "min_max_pulp": {"max delay": [0.04865070360897259], "running time": [1476066.6041374207]}}, "90": {"min_max_greedy": {"max delay": [0.048353737161647536], "running time": [15330.65676689148]}, "min_max_pulp": {"max delay": [0.04824502349556583], "running time": [1745129.7359466553]}}, "100": {"min_max_greedy": {"max delay": [0.04791196692012695], "running time": [17380.348682403564]}, "min_max_pulp": {"max delay": [0.04772241508021089], "running time": [2013195.04404068]}}}