{"10": {"min_max_greedy": {"max delay": [0.056674630541176246], "running time": [2623.1656074523926]}, "min_max_pulp": {"max delay": [0.05277972880143142], "running time": [131757.77626037598]}}, "20": {"min_max_greedy": {"max delay": [0.03287816214217089], "running time": [4531.741142272949]}, "min_max_pulp": {"max delay": [0.03234706433415718], "running time": [240756.7629814148]}}, "30": {"min_max_greedy": {"max delay": [0.022885580026112264], "running time": [5678.688287734985]}, "min_max_pulp": {"max delay": [0.02237398495471458], "running time": [377786.8916988373]}}, "40": {"min_max_greedy": {"max delay": [0.02078483205838523], "running time": [7279.009819030762]}, "min_max_pulp": {"max delay": [0.019713131257043597], "running time": [509669.77071762085]}}, "50": {"min_max_greedy": {"max delay": [0.01864755640339734], "running time": [8742.217302322388]}, "min_max_pulp": {"max delay": [0.01834949236736845], "running time": [660345.1647758484]}}, "60": {"min_max_greedy": {"max delay": [0.01712253745476825], "running time": [13356.02617263794]}, "min_max_pulp": {"max delay": [0.016860692810544024], "running time": [846375.7467269897]}}, "70": {"min_max_greedy": {"max delay": [0.016808189116705983], "running time": [12166.043996810913]}, "min_max_pulp": {"max delay": [0.016173035320581276], "running time": [1012083.5514068604]}}, "80": {"min_max_greedy": {"max delay": [0.016116705605854882], "running time": [13823.4121799469]}, "min_max_pulp": {"max delay": [0.015599675927893516], "running time": [1200992.5096035004]}}, "90": {"min_max_greedy": {"max delay": [0.015904668910282464], "running time": [15295.627355575562]}, "min_max_pulp": {"max delay": [0.015056729072571363], "running time": [1410463.4437561035]}}, "100": {"min_max_greedy": {"max delay": [0.015053320047065845], "running time": [17519.463539123535]}, "min_max_pulp": {"max delay": [0.014631419292669423], "running time": [1626952.1718025208]}}}