{"10": {"min_max_greedy": {"max delay": [0.03841873983247387], "running time": [2981.461524963379]}, "min_max_pulp": {"max delay": [0.03841873983247387], "running time": [155355.25727272034]}}, "20": {"min_max_greedy": {"max delay": [0.03409713024232898], "running time": [4810.97149848938]}, "min_max_pulp": {"max delay": [0.031634648329899505], "running time": [292981.8787574768]}}, "30": {"min_max_greedy": {"max delay": [0.025679007393158537], "running time": [5905.87592124939]}, "min_max_pulp": {"max delay": [0.025679007393158537], "running time": [449559.1447353363]}}, "40": {"min_max_greedy": {"max delay": [0.025015418724829524], "running time": [7481.176137924194]}, "min_max_pulp": {"max delay": [0.024341621248919303], "running time": [632501.177072525]}}, "50": {"min_max_greedy": {"max delay": [0.02435839252506505], "running time": [8922.36590385437]}, "min_max_pulp": {"max delay": [0.02346567293578445], "running time": [817144.6144580841]}}, "60": {"min_max_greedy": {"max delay": [0.02281104699815931], "running time": [10430.611610412598]}, "min_max_pulp": {"max delay": [0.02191622480726471], "running time": [1026686.6071224213]}}, "70": {"min_max_greedy": {"max delay": [0.021873813113786174], "running time": [12239.10403251648]}, "min_max_pulp": {"max delay": [0.02116804922588216], "running time": [1266318.4413909912]}}, "80": {"min_max_greedy": {"max delay": [0.020390406762931995], "running time": [14214.735269546509]}, "min_max_pulp": {"max delay": [0.020255469386820178], "running time": [1489137.395143509]}}, "90": {"min_max_greedy": {"max delay": [0.020176716507786085], "running time": [15604.882955551147]}, "min_max_pulp": {"max delay": [0.019767454659243594], "running time": [1739766.307592392]}}, "100": {"min_max_greedy": {"max delay": [0.01958795391083992], "running time": [19332.960844039917]}, "min_max_pulp": {"max delay": [0.019456166559860495], "running time": [2011441.596031189]}}}