{"10": {"min_max_greedy": {"max delay": [0.0854412095105272], "running time": [2700.2291679382324]}, "min_max_pulp": {"max delay": [0.08032895012738515], "running time": [221213.6287689209]}}, "20": {"min_max_greedy": {"max delay": [0.06460369327592155], "running time": [4574.776649475098]}, "min_max_pulp": {"max delay": [0.06302738228735641], "running time": [439976.97830200195]}}, "30": {"min_max_greedy": {"max delay": [0.0551558305429212], "running time": [6146.086692810059]}, "min_max_pulp": {"max delay": [0.0551558305429212], "running time": [715001.2609958649]}}, "40": {"min_max_greedy": {"max delay": [0.049503725147185394], "running time": [9945.210933685303]}, "min_max_pulp": {"max delay": [0.049503725147185394], "running time": [957486.377954483]}}, "50": {"min_max_greedy": {"max delay": [0.04785140980885766], "running time": [9358.734607696533]}, "min_max_pulp": {"max delay": [0.04768906912679769], "running time": [1303943.730354309]}}, "60": {"min_max_greedy": {"max delay": [0.04691939973024758], "running time": [11311.337947845459]}, "min_max_pulp": {"max delay": [0.04658145763735618], "running time": [1614775.3698825836]}}, "70": {"min_max_greedy": {"max delay": [0.04637697345322704], "running time": [15125.487089157104]}, "min_max_pulp": {"max delay": [0.04600885452613573], "running time": [1944125.5865097046]}}, "80": {"min_max_greedy": {"max delay": [0.04534523133710693], "running time": [14452.931880950928]}, "min_max_pulp": {"max delay": [0.04520977753579347], "running time": [2382002.766609192]}}, "90": {"min_max_greedy": {"max delay": [0.04488924949624862], "running time": [21267.58098602295]}, "min_max_pulp": {"max delay": [0.04471536477949846], "running time": [2755547.469854355]}}, "100": {"min_max_greedy": {"max delay": [0.04455043936503042], "running time": [17865.74959754944]}, "min_max_pulp": {"max delay": [0.04435700113012176], "running time": [3196147.6604938507]}}}