{"10": {"min_max_greedy": {"max delay": [0.05055009617442639], "running time": [3467.862844467163]}, "min_max_pulp": {"max delay": [0.04949512662958645], "running time": [220691.19715690613]}}, "20": {"min_max_greedy": {"max delay": [0.04408658105069813], "running time": [5770.763635635376]}, "min_max_pulp": {"max delay": [0.043186091965832805], "running time": [450632.0307254791]}}, "30": {"min_max_greedy": {"max delay": [0.040154047657511675], "running time": [10710.842609405518]}, "min_max_pulp": {"max delay": [0.04003136360663393], "running time": [729335.120677948]}}, "40": {"min_max_greedy": {"max delay": [0.03953177012267934], "running time": [9773.068189620972]}, "min_max_pulp": {"max delay": [0.03933060603999189], "running time": [1073136.955022812]}}, "50": {"min_max_greedy": {"max delay": [0.03902784616330105], "running time": [11338.361024856567]}, "min_max_pulp": {"max delay": [0.03859313479309471], "running time": [1598148.3917236328]}}, "60": {"min_max_greedy": {"max delay": [0.03801017105614463], "running time": [11846.780776977539]}, "min_max_pulp": {"max delay": [0.03777157402898165], "running time": [2554504.9364566803]}}, "70": {"min_max_greedy": {"max delay": [0.03747291060646307], "running time": [15421.73147201538]}, "min_max_pulp": {"max delay": [0.03715172848033222], "running time": [2091067.3334598541]}}, "80": {"min_max_greedy": {"max delay": [0.036780668467949654], "running time": [15626.900911331177]}, "min_max_pulp": {"max delay": [0.026427189775324406], "running time": [2488986.845970154]}}, "90": {"min_max_greedy": {"max delay": [0.03654206956652635], "running time": [18103.946208953857]}, "min_max_pulp": {"max delay": [0.01850226224515521], "running time": [2843938.8856887817]}}, "100": {"min_max_greedy": {"max delay": [0.035883189760119664], "running time": [21394.662618637085]}, "min_max_pulp": {"max delay": [0.015710431655277975], "running time": [3216702.63004303]}}}