{"10": {"min_max_greedy": {"max delay": [0.07074996739794744], "running time": [2309.9076747894287]}, "min_max_pulp": {"max delay": [0.06579647628220116], "running time": [214725.84009170532]}}, "20": {"min_max_greedy": {"max delay": [0.04929320875888694], "running time": [4148.424863815308]}, "min_max_pulp": {"max delay": [0.04666594463832878], "running time": [430954.7154903412]}}, "30": {"min_max_greedy": {"max delay": [0.043689411725631566], "running time": [5669.68035697937]}, "min_max_pulp": {"max delay": [0.042467855739563805], "running time": [691586.9879722595]}}, "40": {"min_max_greedy": {"max delay": [0.04166252911116389], "running time": [7860.489368438721]}, "min_max_pulp": {"max delay": [0.04082273851412818], "running time": [993167.5326824188]}}, "50": {"min_max_greedy": {"max delay": [0.03967934577994001], "running time": [12186.060190200806]}, "min_max_pulp": {"max delay": [0.0392508103939824], "running time": [1262562.3400211334]}}, "60": {"min_max_greedy": {"max delay": [0.03845621885924815], "running time": [10213.43183517456]}, "min_max_pulp": {"max delay": [0.0222144578303167], "running time": [1628617.5467967987]}}, "70": {"min_max_greedy": {"max delay": [0.03820047212299778], "running time": [11785.729885101318]}, "min_max_pulp": {"max delay": [0.019496414714915502], "running time": [1904829.5803070068]}}, "80": {"min_max_greedy": {"max delay": [0.01745565206155666], "running time": [8471.994161605835]}, "min_max_pulp": {"max delay": [0.017028486672891526], "running time": [2288439.2790794373]}}, "90": {"min_max_greedy": {"max delay": [0.01626357420799228], "running time": [10297.5013256073]}, "min_max_pulp": {"max delay": [0.015897034959672714], "running time": [2779290.513277054]}}, "100": {"min_max_greedy": {"max delay": [0.014810576188989347], "running time": [11783.728837966919]}, "min_max_pulp": {"max delay": [0.014719998087032844], "running time": [3079079.0116786957]}}}