{"10": {"min_max_greedy": {"max delay": [0.08128312865643435], "running time": [77.06403732299805]}, "min_max_pulp": {"max delay": [0.08128312865643435], "running time": [3601.9973754882812]}}, "20": {"min_max_greedy": {"max delay": [0.0781400937676944], "running time": [131.10923767089844]}, "min_max_pulp": {"max delay": [0.0781400937676944], "running time": [6965.79647064209]}}, "30": {"min_max_greedy": {"max delay": [0.07624333493186296], "running time": [175.14610290527344]}, "min_max_pulp": {"max delay": [0.07586165092978552], "running time": [11113.247632980347]}}, "40": {"min_max_greedy": {"max delay": [0.07530644187697287], "running time": [209.17415618896484]}, "min_max_pulp": {"max delay": [0.07490917112798283], "running time": [15859.19713973999]}}, "50": {"min_max_greedy": {"max delay": [0.07410773360819152], "running time": [262.2184753417969]}, "min_max_pulp": {"max delay": [0.07410773360819152], "running time": [20584.128856658936]}}, "60": {"min_max_greedy": {"max delay": [0.07382152312360414], "running time": [312.2599124908447]}, "min_max_pulp": {"max delay": [0.03634444828074776], "running time": [26368.942260742188]}}, "70": {"min_max_greedy": {"max delay": [0.02180954568839721], "running time": [88.0734920501709]}, "min_max_pulp": {"max delay": [0.02180954568839721], "running time": [31787.45150566101]}}, "80": {"min_max_greedy": {"max delay": [0.019155676194806338], "running time": [147.12214469909668]}, "min_max_pulp": {"max delay": [0.018435111548563404], "running time": [38565.083265304565]}}, "90": {"min_max_greedy": {"max delay": [0.018529396601125337], "running time": [133.11076164245605]}, "min_max_pulp": {"max delay": [0.017208829861765623], "running time": [45785.099506378174]}}, "100": {"min_max_greedy": {"max delay": [0.016225138027013634], "running time": [173.14410209655762]}, "min_max_pulp": {"max delay": [0.01579890121180693], "running time": [53736.71579360962]}}}