{"10": {"min_max_greedy": {"max delay": [0.05844199022681137], "running time": [78.06515693664551]}, "min_max_pulp": {"max delay": [0.05525898406272317], "running time": [2979.4795513153076]}}, "20": {"min_max_greedy": {"max delay": [0.04455861902079771], "running time": [111.09256744384766]}, "min_max_pulp": {"max delay": [0.043667834386901215], "running time": [6290.234804153442]}}, "30": {"min_max_greedy": {"max delay": [0.031125332034671268], "running time": [124.10330772399902]}, "min_max_pulp": {"max delay": [0.031039302668832997], "running time": [9096.569538116455]}}, "40": {"min_max_greedy": {"max delay": [0.025799525882982823], "running time": [154.1285514831543]}, "min_max_pulp": {"max delay": [0.02546281933548722], "running time": [12622.504472732544]}}, "50": {"min_max_greedy": {"max delay": [0.022117743952873005], "running time": [192.15941429138184]}, "min_max_pulp": {"max delay": [0.022020312609371], "running time": [16376.627683639526]}}, "60": {"min_max_greedy": {"max delay": [0.020935526142932256], "running time": [234.19547080993652]}, "min_max_pulp": {"max delay": [0.020786508372394416], "running time": [21344.76137161255]}}, "70": {"min_max_greedy": {"max delay": [0.0226877734456278], "running time": [177.14738845825195]}, "min_max_pulp": {"max delay": [0.0201251885619438], "running time": [26196.799278259277]}}, "80": {"min_max_greedy": {"max delay": [0.02090094815119738], "running time": [222.1853733062744]}, "min_max_pulp": {"max delay": [0.019480655440968195], "running time": [30887.701988220215]}}, "90": {"min_max_greedy": {"max delay": [0.02014628419074976], "running time": [267.22240447998047]}, "min_max_pulp": {"max delay": [0.01911438102371471], "running time": [36761.5807056427]}}, "100": {"min_max_greedy": {"max delay": [0.019491561212905968], "running time": [371.3085651397705]}, "min_max_pulp": {"max delay": [0.018761613254077963], "running time": [43220.964431762695]}}}