{"10": {"min_max_greedy": {"max delay": [0.46643903043506735], "running time": [68.05658340454102]}, "min_max_pulp": {"max delay": [0.4654418856337811], "running time": [4254.539966583252]}}, "20": {"min_max_greedy": {"max delay": [0.4604427942116763], "running time": [110.0916862487793]}, "min_max_pulp": {"max delay": [0.4604427942116763], "running time": [8588.146209716797]}}, "30": {"min_max_greedy": {"max delay": [0.4588825300421985], "running time": [143.11885833740234]}, "min_max_pulp": {"max delay": [0.11432661293498625], "running time": [13687.388896942139]}}, "40": {"min_max_greedy": {"max delay": [0.04147787567824264], "running time": [89.07413482666016]}, "min_max_pulp": {"max delay": [0.04122455366421633], "running time": [19880.542993545532]}}, "50": {"min_max_greedy": {"max delay": [0.03686029551582358], "running time": [121.10114097595215]}, "min_max_pulp": {"max delay": [0.0366121618980539], "running time": [26494.046211242676]}}, "60": {"min_max_greedy": {"max delay": [0.03421336317428514], "running time": [153.12790870666504]}, "min_max_pulp": {"max delay": [0.03335536472493024], "running time": [34135.40554046631]}}, "70": {"min_max_greedy": {"max delay": [0.031065471828328074], "running time": [220.1836109161377]}, "min_max_pulp": {"max delay": [0.031065471828328074], "running time": [42170.09115219116]}}, "80": {"min_max_greedy": {"max delay": [0.03035513431650298], "running time": [265.22088050842285]}, "min_max_pulp": {"max delay": [0.030217042589531316], "running time": [50879.33826446533]}}, "90": {"min_max_greedy": {"max delay": [0.029801215051148612], "running time": [318.2649612426758]}, "min_max_pulp": {"max delay": [0.02775212368188315], "running time": [60623.446464538574]}}, "100": {"min_max_greedy": {"max delay": [0.029623725938442313], "running time": [335.2789878845215]}, "min_max_pulp": {"max delay": [0.02021814528119001], "running time": [71962.88228034973]}}}