{"10": {"min_max_greedy": {"max delay": [0.029039772595633652], "running time": [90.07501602172852]}, "min_max_pulp": {"max delay": [0.026152775604416676], "running time": [4717.926263809204]}}, "20": {"min_max_greedy": {"max delay": [0.01937341313241094], "running time": [146.12269401550293]}, "min_max_pulp": {"max delay": [0.01908419716175069], "running time": [9800.151109695435]}}, "30": {"min_max_greedy": {"max delay": [0.014846612135304676], "running time": [201.16758346557617]}, "min_max_pulp": {"max delay": [0.014846612135304676], "running time": [15988.304376602173]}}, "40": {"min_max_greedy": {"max delay": [0.013767404544092674], "running time": [262.2184753417969]}, "min_max_pulp": {"max delay": [0.01352225155420713], "running time": [22990.13066291809]}}, "50": {"min_max_greedy": {"max delay": [0.012960827995732966], "running time": [317.2640800476074]}, "min_max_pulp": {"max delay": [0.012835064877505466], "running time": [30674.525260925293]}}, "60": {"min_max_greedy": {"max delay": [0.012532027927303905], "running time": [351.29284858703613]}, "min_max_pulp": {"max delay": [0.012291130521672739], "running time": [39579.936265945435]}}, "70": {"min_max_greedy": {"max delay": [0.01210840486321102], "running time": [429.35681343078613]}, "min_max_pulp": {"max delay": [0.011849905837290953], "running time": [49487.17999458313]}}, "80": {"min_max_greedy": {"max delay": [0.013213217724390713], "running time": [289.24083709716797]}, "min_max_pulp": {"max delay": [0.011619863483752697], "running time": [60039.961099624634]}}, "90": {"min_max_greedy": {"max delay": [0.012406641176031005], "running time": [335.2789878845215]}, "min_max_pulp": {"max delay": [0.011448874199036396], "running time": [71524.51777458191]}}, "100": {"min_max_greedy": {"max delay": [0.011905404228116718], "running time": [370.30816078186035]}, "min_max_pulp": {"max delay": [0.011325953214108616], "running time": [85655.27629852295]}}}