{"10": {"min_max_greedy": {"max delay": [0.06989692643495324], "running time": [78.0646800994873]}, "min_max_pulp": {"max delay": [0.06989692643495324], "running time": [3935.274839401245]}}, "20": {"min_max_greedy": {"max delay": [0.07684896654620631], "running time": [79.06603813171387]}, "min_max_pulp": {"max delay": [0.06012640447520992], "running time": [7826.512575149536]}}, "30": {"min_max_greedy": {"max delay": [0.05635809035184115], "running time": [136.11316680908203]}, "min_max_pulp": {"max delay": [0.05635809035184115], "running time": [12709.57612991333]}}, "40": {"min_max_greedy": {"max delay": [0.052903696249434085], "running time": [179.14915084838867]}, "min_max_pulp": {"max delay": [0.05270963269316359], "running time": [18066.033363342285]}}, "50": {"min_max_greedy": {"max delay": [0.05179765860177524], "running time": [248.20661544799805]}, "min_max_pulp": {"max delay": [0.05119754308324977], "running time": [24577.45122909546]}}, "60": {"min_max_greedy": {"max delay": [0.05025189484575415], "running time": [304.25333976745605]}, "min_max_pulp": {"max delay": [0.02766741545841325], "running time": [31478.19423675537]}}, "70": {"min_max_greedy": {"max delay": [0.022194540428094395], "running time": [179.14938926696777]}, "min_max_pulp": {"max delay": [0.018474916221027517], "running time": [37833.48250389099]}}, "80": {"min_max_greedy": {"max delay": [0.00795989588868497], "running time": [168.14017295837402]}, "min_max_pulp": {"max delay": [0.00795989588868497], "running time": [45278.67770195007]}}, "90": {"min_max_greedy": {"max delay": [0.0060786415636828834], "running time": [225.1875400543213]}, "min_max_pulp": {"max delay": [0.005532467540662397], "running time": [54598.432779312134]}}, "100": {"min_max_greedy": {"max delay": [0.004587299811608217], "running time": [292.24300384521484]}, "min_max_pulp": {"max delay": [0.004192847176055369], "running time": [63951.215505599976]}}}