{"10": {"min_max_greedy": {"max delay": [0.03579992667365916], "running time": [78.0649185180664]}, "min_max_pulp": {"max delay": [0.03556388307039186], "running time": [3620.0122833251953]}}, "20": {"min_max_greedy": {"max delay": [0.027743937160917557], "running time": [113.09456825256348]}, "min_max_pulp": {"max delay": [0.026754548021612125], "running time": [7196.988821029663]}}, "30": {"min_max_greedy": {"max delay": [0.022390592268230078], "running time": [170.14169692993164]}, "min_max_pulp": {"max delay": [0.022390592268230078], "running time": [11796.815395355225]}}, "40": {"min_max_greedy": {"max delay": [0.021024302710661222], "running time": [234.19475555419922]}, "min_max_pulp": {"max delay": [0.02030919865871695], "running time": [16365.618467330933]}}, "50": {"min_max_greedy": {"max delay": [0.01736909075411144], "running time": [169.14081573486328]}, "min_max_pulp": {"max delay": [0.016855684708576693], "running time": [21577.955961227417]}}, "60": {"min_max_greedy": {"max delay": [0.009707288318209136], "running time": [169.14081573486328]}, "min_max_pulp": {"max delay": [0.009707288318209136], "running time": [27736.079931259155]}}, "70": {"min_max_greedy": {"max delay": [0.006513381196626965], "running time": [202.16846466064453]}, "min_max_pulp": {"max delay": [0.006029474085792737], "running time": [34353.58667373657]}}, "80": {"min_max_greedy": {"max delay": [0.004400479628393206], "running time": [249.2072582244873]}, "min_max_pulp": {"max delay": [0.004400479628393206], "running time": [40884.021282196045]}}, "90": {"min_max_greedy": {"max delay": [0.003723591377670755], "running time": [317.2638416290283]}, "min_max_pulp": {"max delay": [0.0036348967658976004], "running time": [48432.30175971985]}}, "100": {"min_max_greedy": {"max delay": [0.0031552978378077364], "running time": [359.2991828918457]}, "min_max_pulp": {"max delay": [0.0030223610206568633], "running time": [56766.237020492554]}}}