{"10": {"min_max_greedy": {"max delay": [0.06256859786773712], "running time": [78.0649185180664]}, "min_max_pulp": {"max delay": [0.05903573732547248], "running time": [3851.2046337127686]}}, "20": {"min_max_greedy": {"max delay": [0.05483778367439699], "running time": [133.11123847961426]}, "min_max_pulp": {"max delay": [0.05483778367439699], "running time": [7596.320867538452]}}, "30": {"min_max_greedy": {"max delay": [0.05355746521238092], "running time": [181.16116523742676]}, "min_max_pulp": {"max delay": [0.04232999364067849], "running time": [12530.4274559021]}}, "40": {"min_max_greedy": {"max delay": [0.029995230527950577], "running time": [112.09297180175781]}, "min_max_pulp": {"max delay": [0.0292384397461581], "running time": [17011.155366897583]}}, "50": {"min_max_greedy": {"max delay": [0.027075133197286515], "running time": [169.14129257202148]}, "min_max_pulp": {"max delay": [0.027005725772425236], "running time": [22186.46216392517]}}, "60": {"min_max_greedy": {"max delay": [0.02619640072256303], "running time": [192.15989112854004]}, "min_max_pulp": {"max delay": [0.02601792115688853], "running time": [29463.002681732178]}}, "70": {"min_max_greedy": {"max delay": [0.025604910200557416], "running time": [235.19587516784668]}, "min_max_pulp": {"max delay": [0.025184638315177567], "running time": [35789.81614112854]}}, "80": {"min_max_greedy": {"max delay": [0.02470415719734166], "running time": [267.22264289855957]}, "min_max_pulp": {"max delay": [0.02470415719734166], "running time": [42920.75777053833]}}, "90": {"min_max_greedy": {"max delay": [0.024198917411998415], "running time": [326.27129554748535]}, "min_max_pulp": {"max delay": [0.024198917411998415], "running time": [51109.53164100647]}}, "100": {"min_max_greedy": {"max delay": [0.023979808007599034], "running time": [370.30839920043945]}, "min_max_pulp": {"max delay": [0.021649419908244608], "running time": [59658.64372253418]}}}