{"10": {"min_max_greedy": {"max delay": [0.017614705496320063], "running time": [16338.56463432312]}, "lower bound": {"max delay": [0.015672247401804975], "running time": [215530.9362411499]}, "upper bound": {"max delay": [0.019911173068876797], "running time": [215530.9362411499]}, "min_max_equal_weight": {"max delay": [0.021658463163348574], "running time": [6478.378772735596]}}, "20": {"min_max_greedy": {"max delay": [0.017024442023557945], "running time": [24546.37861251831]}, "lower bound": {"max delay": [0.014859975361877458], "running time": [215745.11337280273]}, "upper bound": {"max delay": [0.021524028909711286], "running time": [215745.11337280273]}, "min_max_equal_weight": {"max delay": [0.017586449456589357], "running time": [6508.403539657593]}}, "30": {"min_max_greedy": {"max delay": [0.016717538140528048], "running time": [30609.41195487976]}, "lower bound": {"max delay": [0.011484976718039228], "running time": [172610.3024482727]}, "upper bound": {"max delay": [0.01952703255398229], "running time": [172610.3024482727]}, "min_max_equal_weight": {"max delay": [0.017512595461512195], "running time": [6517.41099357605]}}, "40": {"min_max_greedy": {"max delay": [0.013878267830811399], "running time": [22501.681089401245]}, "lower bound": {"max delay": [0.002483340855117287], "running time": [172313.05599212646]}, "upper bound": {"max delay": [0.017320493818691315], "running time": [172313.05599212646]}, "min_max_equal_weight": {"max delay": [0.0172405899589476], "running time": [6579.462051391602]}}, "50": {"min_max_greedy": {"max delay": [0.012261600900361274], "running time": [28679.810523986816]}, "lower bound": {"max delay": [0.006019824671775892], "running time": [563738.0213737488]}, "upper bound": {"max delay": [0.013107148523266396], "running time": [563738.0213737488]}, "min_max_equal_weight": {"max delay": [0.0172405899589476], "running time": [6562.448024749756]}}, "60": {"min_max_greedy": {"max delay": [0.01193386111327037], "running time": [34840.92569351196]}, "lower bound": {"max delay": [0.004972096559872572], "running time": [432904.4020175934]}, "upper bound": {"max delay": [0.012153801064560566], "running time": [432904.4020175934]}, "min_max_equal_weight": {"max delay": [0.0172405899589476], "running time": [6594.474077224731]}}, "70": {"min_max_greedy": {"max delay": [0.011789213663600705], "running time": [30592.394590377808]}, "lower bound": {"max delay": [0.004114606053675966], "running time": [476120.2802658081]}, "upper bound": {"max delay": [0.011570968755535658], "running time": [476120.2802658081]}, "min_max_equal_weight": {"max delay": [0.017209821090395427], "running time": [6627.501726150513]}}, "80": {"min_max_greedy": {"max delay": [0.01162231530180328], "running time": [34842.92817115784]}, "lower bound": {"max delay": [0.004688805633309005], "running time": [652017.3120498657]}, "upper bound": {"max delay": [0.011376642574523272], "running time": [652017.3120498657]}, "min_max_equal_weight": {"max delay": [0.017209821090395427], "running time": [6658.528089523315]}}, "90": {"min_max_greedy": {"max delay": [0.010851553469117491], "running time": [47118.117809295654]}, "lower bound": {"max delay": [0.0007357621623345766], "running time": [86397.72844314575]}, "upper bound": {"max delay": [0.02278896940187787], "running time": [86397.72844314575]}, "min_max_equal_weight": {"max delay": [0.013510202158105493], "running time": [6560.446500778198]}}, "100": {"min_max_greedy": {"max delay": [0.010367682329008133], "running time": [38926.31673812866]}, "lower bound": {"max delay": [0.004285743573925922], "running time": [609792.2561168671]}, "upper bound": {"max delay": [0.011119815375460085], "running time": [609792.2561168671]}, "min_max_equal_weight": {"max delay": [0.013479433289553323], "running time": [6594.474792480469]}}}