{"10": {"min_max_greedy": {"max delay": [0.01523387307465792], "running time": [14396.952629089355]}, "lower bound": {"max delay": [0.010502847827321056], "running time": [698366.7917251587]}, "upper bound": {"max delay": [0.01533269622355462], "running time": [698366.7917251587]}, "min_max_equal_weight": {"max delay": [0.02088167573514723], "running time": [6512.406826019287]}}, "20": {"min_max_greedy": {"max delay": [0.011272248498961962], "running time": [24926.69439315796]}, "lower bound": {"max delay": [0.00823748996859138], "running time": [261267.90738105774]}, "upper bound": {"max delay": [0.015247100525080113], "running time": [261267.90738105774]}, "min_max_equal_weight": {"max delay": [0.012354360195939953], "running time": [6523.415803909302]}}, "30": {"min_max_greedy": {"max delay": [0.01060091816249165], "running time": [30796.56744003296]}, "lower bound": {"max delay": [0.0057237645398568555], "running time": [261622.20215797424]}, "upper bound": {"max delay": [0.012330308211860654], "running time": [261622.20215797424]}, "min_max_equal_weight": {"max delay": [0.012330308211860654], "running time": [6563.449144363403]}}, "40": {"min_max_greedy": {"max delay": [0.00996236026950979], "running time": [39288.617849349976]}, "lower bound": {"max delay": [0.006294739484139309], "running time": [349715.3377532959]}, "upper bound": {"max delay": [0.011663506293660534], "running time": [349715.3377532959]}, "min_max_equal_weight": {"max delay": [0.011181057717218348], "running time": [6576.459884643555]}}, "50": {"min_max_greedy": {"max delay": [0.008743249036017673], "running time": [35067.11292266846]}, "lower bound": {"max delay": [0.004247966598997676], "running time": [436820.6534385681]}, "upper bound": {"max delay": [0.00961285876085563], "running time": [436820.6534385681]}, "min_max_equal_weight": {"max delay": [0.011081998868205314], "running time": [6598.478078842163]}}, "60": {"min_max_greedy": {"max delay": [0.00778334291027463], "running time": [45631.88433647156]}, "lower bound": {"max delay": [0.0035663060298705097], "running time": [349445.1131820679]}, "upper bound": {"max delay": [0.009704383640075009], "running time": [349445.1131820679]}, "min_max_equal_weight": {"max delay": [0.009631037206121445], "running time": [6572.456359863281]}}, "70": {"min_max_greedy": {"max delay": [0.007704814621307808], "running time": [51561.80739402771]}, "lower bound": {"max delay": [0.0034536486972478824], "running time": [349453.11999320984]}, "upper bound": {"max delay": [0.009685433647506321], "running time": [349453.11999320984]}, "min_max_equal_weight": {"max delay": [0.009631037206121445], "running time": [6625.500202178955]}}, "80": {"min_max_greedy": {"max delay": [0.007554687378394984], "running time": [55700.24299621582]}, "lower bound": {"max delay": [0.0025730005653154123], "running time": [262207.68761634827]}, "upper bound": {"max delay": [0.01165680217663426], "running time": [262207.68761634827]}, "min_max_equal_weight": {"max delay": [0.009631037206121445], "running time": [6630.504846572876]}}, "90": {"min_max_greedy": {"max delay": [0.006042341064452625], "running time": [49473.07300567627]}, "lower bound": {"max delay": [0.002482221386791526], "running time": [349867.4645423889]}, "upper bound": {"max delay": [0.008597581949386533], "running time": [349867.4645423889]}, "min_max_equal_weight": {"max delay": [0.007752093349129835], "running time": [6653.523921966553]}}, "100": {"min_max_greedy": {"max delay": [0.005693735493579322], "running time": [56018.50700378418]}, "lower bound": {"max delay": [0.0018564651480198464], "running time": [438405.969619751]}, "upper bound": {"max delay": [0.006417024327288533], "running time": [438405.969619751]}, "min_max_equal_weight": {"max delay": [0.00774538923210356], "running time": [6673.540353775024]}}}