{"10": {"min_max_greedy": {"max delay": [0.1883968255658795], "running time": [12331.23755455017]}, "lower bound": {"max delay": [0.18647688474003907], "running time": [216245.52941322327]}, "upper bound": {"max delay": [0.18878805364880988], "running time": [216245.52941322327]}, "min_max_equal_weight": {"max delay": [0.19044062846715598], "running time": [6506.401777267456]}}, "20": {"min_max_greedy": {"max delay": [0.18693046619453643], "running time": [24538.3722782135]}, "lower bound": {"max delay": [0.18641786849482775], "running time": [520195.87206840515]}, "upper bound": {"max delay": [0.187209996511299], "running time": [520195.87206840515]}, "min_max_equal_weight": {"max delay": [0.19044062846715598], "running time": [6498.395204544067]}}, "30": {"min_max_greedy": {"max delay": [0.1869679432756678], "running time": [30662.456512451172]}, "lower bound": {"max delay": [0.18246235151487067], "running time": [216533.76865386963]}, "upper bound": {"max delay": [0.17868417341616288], "running time": [216533.76865386963]}, "min_max_equal_weight": {"max delay": [0.19044062846715598], "running time": [6526.418209075928]}}, "40": {"min_max_greedy": {"max delay": [0.11088407045763003], "running time": [14299.872398376465]}, "lower bound": {"max delay": [0.09352680386041581], "running time": [173136.73996925354]}, "upper bound": {"max delay": [0.11583680775770927], "running time": [173136.73996925354]}, "min_max_equal_weight": {"max delay": [0.19038233707272284], "running time": [6586.46821975708]}}, "50": {"min_max_greedy": {"max delay": [0.10867955045766908], "running time": [20580.08599281311]}, "lower bound": {"max delay": [0.046778456957072695], "running time": [260689.42737579346]}, "upper bound": {"max delay": [0.11068169490445194], "running time": [260689.42737579346]}, "min_max_equal_weight": {"max delay": [0.11286147571451387], "running time": [6535.425662994385]}}, "60": {"min_max_greedy": {"max delay": [0.108191159030328], "running time": [28785.898447036743]}, "lower bound": {"max delay": [0.03746589535993641], "running time": [217315.41776657104]}, "upper bound": {"max delay": [0.1106234035100188], "running time": [217315.41776657104]}, "min_max_equal_weight": {"max delay": [0.10919175004153711], "running time": [6504.400253295898]}}, "70": {"min_max_greedy": {"max delay": [0.10780060011510213], "running time": [39017.39239692688]}, "lower bound": {"max delay": [0.026026073498654993], "running time": [304398.71525764465]}, "upper bound": {"max delay": [0.10913345864710397], "running time": [304398.71525764465]}, "min_max_equal_weight": {"max delay": [0.10841888351005785], "running time": [6513.407468795776]}}, "80": {"min_max_greedy": {"max delay": [0.10765022381655982], "running time": [45361.65976524353]}, "lower bound": {"max delay": [0.03208662589648287], "running time": [304188.5404586792]}, "upper bound": {"max delay": [0.10913345864710397], "running time": [304188.5404586792]}, "min_max_equal_weight": {"max delay": [0.10841888351005785], "running time": [6619.495630264282]}}, "90": {"min_max_greedy": {"max delay": [0.03734737610853905], "running time": [22693.840742111206]}, "lower bound": {"max delay": [0.02623166065658834], "running time": [349035.7735157013]}, "upper bound": {"max delay": [0.03873791060023893], "running time": [349035.7735157013]}, "min_max_equal_weight": {"max delay": [0.10839367160423363], "running time": [6664.532899856567]}}, "100": {"min_max_greedy": {"max delay": [0.035983785366917556], "running time": [37067.774057388306]}, "lower bound": {"max delay": [0.010471039150539098], "running time": [262947.3023414612]}, "upper bound": {"max delay": [0.038682797302243714], "running time": [262947.3023414612]}, "min_max_equal_weight": {"max delay": [0.03867961920580579], "running time": [6554.441690444946]}}}