{"10": {"min_max_greedy": {"max delay": [0.2549292591579174], "running time": [14401.956796646118]}, "lower bound": {"max delay": [0.2539666738996639], "running time": [388629.6446323395]}, "upper bound": {"max delay": [0.2549292591579174], "running time": [388629.6446323395]}, "min_max_equal_weight": {"max delay": [0.26525581676944776], "running time": [6514.408588409424]}}, "20": {"min_max_greedy": {"max delay": [0.25225476004854697], "running time": [22560.73045730591]}, "lower bound": {"max delay": [0.25133917850302834], "running time": [388736.7334365845]}, "upper bound": {"max delay": [0.252409301681022], "running time": [388736.7334365845]}, "min_max_equal_weight": {"max delay": [0.25482181089944544], "running time": [6533.424139022827]}}, "30": {"min_max_greedy": {"max delay": [0.2517260561147578], "running time": [30681.472063064575]}, "lower bound": {"max delay": [0.2509646979709889], "running time": [520124.81355667114]}, "upper bound": {"max delay": [0.2517260561147578], "running time": [520124.81355667114]}, "min_max_equal_weight": {"max delay": [0.25328287083260254], "running time": [6492.390155792236]}}, "40": {"min_max_greedy": {"max delay": [0.02465619124657667], "running time": [14281.856775283813]}, "lower bound": {"max delay": [0.015544617856280918], "running time": [172776.44109725952]}, "upper bound": {"max delay": [0.027669263246225956], "running time": [172776.44109725952]}, "min_max_equal_weight": {"max delay": [0.03213029522999383], "running time": [6477.37717628479]}}, "50": {"min_max_greedy": {"max delay": [0.015293971078235305], "running time": [24439.289808273315]}, "lower bound": {"max delay": [0.010277291102489447], "running time": [173482.02896118164]}, "upper bound": {"max delay": [0.021972265063771056], "running time": [173482.02896118164]}, "min_max_equal_weight": {"max delay": [0.015551975176511721], "running time": [6486.385345458984]}}, "60": {"min_max_greedy": {"max delay": [0.012956241535266626], "running time": [30860.620737075806]}, "lower bound": {"max delay": [0.008010389757796955], "running time": [173010.63585281372]}, "upper bound": {"max delay": [0.021925890802710665], "running time": [173010.63585281372]}, "min_max_equal_weight": {"max delay": [0.01503903287123523], "running time": [6550.437927246094]}}, "70": {"min_max_greedy": {"max delay": [0.011748811044657824], "running time": [38929.31914329529]}, "lower bound": {"max delay": [0.004232442963524056], "running time": [172660.3446006775]}, "upper bound": {"max delay": [0.021366809003605807], "running time": [172660.3446006775]}, "min_max_equal_weight": {"max delay": [0.012835836983967272], "running time": [6534.424781799316]}}, "80": {"min_max_greedy": {"max delay": [0.01154957538256406], "running time": [45158.490896224976]}, "lower bound": {"max delay": [0.0055653915141607516], "running time": [172860.51034927368]}, "upper bound": {"max delay": [0.02136213174915], "running time": [172860.51034927368]}, "min_max_equal_weight": {"max delay": [0.012409516435570159], "running time": [6605.484247207642]}}, "90": {"min_max_greedy": {"max delay": [0.011597038584759493], "running time": [38889.286279678345]}, "lower bound": {"max delay": [0.004306949167718277], "running time": [172573.27270507812]}, "upper bound": {"max delay": [0.02141427220580124], "running time": [172573.27270507812]}, "min_max_equal_weight": {"max delay": [0.011973020989911218], "running time": [6656.5260887146]}}, "100": {"min_max_greedy": {"max delay": [0.01125357566616313], "running time": [51400.673151016235]}, "lower bound": {"max delay": [0.004616772435759942], "running time": [173155.75575828552]}, "upper bound": {"max delay": [0.021352657298852985], "running time": [173155.75575828552]}, "min_max_equal_weight": {"max delay": [0.011952366705087293], "running time": [6640.512466430664]}}}