{"10": {"min_max_greedy": {"max delay": [0.04089029850624584], "running time": [10330.576419830322]}, "lower bound": {"max delay": [0.037075872970363265], "running time": [216173.4697818756]}, "upper bound": {"max delay": [0.04089029850624584], "running time": [216173.4697818756]}, "min_max_equal_weight": {"max delay": [0.04500033467436221], "running time": [6493.3905601501465]}}, "20": {"min_max_greedy": {"max delay": [0.03838074715987192], "running time": [20586.090803146362]}, "lower bound": {"max delay": [0.02746933564638803], "running time": [216592.82231330872]}, "upper bound": {"max delay": [0.04011324643572159], "running time": [216592.82231330872]}, "min_max_equal_weight": {"max delay": [0.04019934747472356], "running time": [6526.418447494507]}}, "30": {"min_max_greedy": {"max delay": [0.02739600256896063], "running time": [18507.364749908447]}, "lower bound": {"max delay": [0.022333506412104007], "running time": [259865.74363708496]}, "upper bound": {"max delay": [0.027218742754138013], "running time": [259865.74363708496]}, "min_max_equal_weight": {"max delay": [0.02730484379313998], "running time": [6512.406349182129]}}, "40": {"min_max_greedy": {"max delay": [0.026460993418469924], "running time": [28738.858938217163]}, "lower bound": {"max delay": [0.009641561682375337], "running time": [303133.6646080017]}, "upper bound": {"max delay": [0.026897161751347456], "running time": [303133.6646080017]}, "min_max_equal_weight": {"max delay": [0.027271033867843887], "running time": [6502.398490905762]}}, "50": {"min_max_greedy": {"max delay": [0.02573533558054263], "running time": [40922.974824905396]}, "lower bound": {"max delay": [0.008158219146661524], "running time": [303534.99817848206]}, "upper bound": {"max delay": [0.026881246107514044], "running time": [303534.99817848206]}, "min_max_equal_weight": {"max delay": [0.026749395090332945], "running time": [6469.3708419799805]}}, "60": {"min_max_greedy": {"max delay": [0.025869221225047593], "running time": [24666.478157043457]}, "lower bound": {"max delay": [0.0036008196891187793], "running time": [216716.9213294983]}, "upper bound": {"max delay": [0.02577806244922694], "running time": [216716.9213294983]}, "min_max_equal_weight": {"max delay": [0.027271033867843887], "running time": [6574.458122253418]}}, "70": {"min_max_greedy": {"max delay": [0.022895451402744304], "running time": [30844.60735321045]}, "lower bound": {"max delay": [0.019717823563450466], "running time": [216821.00701332092]}, "upper bound": {"max delay": [0.025642235841095467], "running time": [216821.00701332092]}, "min_max_equal_weight": {"max delay": [0.02673347944649953], "running time": [6534.424781799316]}}, "80": {"min_max_greedy": {"max delay": [0.022489202739050678], "running time": [41013.049602508545]}, "lower bound": {"max delay": [0.01570429063536099], "running time": [260680.419921875]}, "upper bound": {"max delay": [0.024342223600094047], "running time": [260680.419921875]}, "min_max_equal_weight": {"max delay": [0.02673347944649953], "running time": [6581.463813781738]}}, "90": {"min_max_greedy": {"max delay": [0.022138227486511116], "running time": [51317.604541778564]}, "lower bound": {"max delay": [0.008183541019892722], "running time": [217098.23727607727]}, "upper bound": {"max delay": [0.02442656923818534], "running time": [217098.23727607727]}, "min_max_equal_weight": {"max delay": [0.0265253818864688], "running time": [6605.4840087890625]}}, "100": {"min_max_greedy": {"max delay": [0.021786190418379876], "running time": [59676.543951034546]}, "lower bound": {"max delay": [0.011084293887467912], "running time": [391437.9758834839]}, "upper bound": {"max delay": [0.02254789649256906], "running time": [391437.9758834839]}, "min_max_equal_weight": {"max delay": [0.02673347944649953], "running time": [6562.448501586914]}}}