{"10": {"min_max_greedy": {"max delay": [0.09032838191427751], "running time": [12343.247413635254]}, "lower bound": {"max delay": [0.08560362888952665], "running time": [172809.46850776672]}, "upper bound": {"max delay": [0.09052008601538553], "running time": [172809.46850776672]}, "min_max_equal_weight": {"max delay": [0.10465349798384663], "running time": [6480.379819869995]}}, "20": {"min_max_greedy": {"max delay": [0.08449139710303483], "running time": [20480.0021648407]}, "lower bound": {"max delay": [0.08319308349479498], "running time": [518520.4813480377]}, "upper bound": {"max delay": [0.08441134950426445], "running time": [518520.4813480377]}, "min_max_equal_weight": {"max delay": [0.09013775219895394], "running time": [6494.391679763794]}}, "30": {"min_max_greedy": {"max delay": [0.0836489971195722], "running time": [26692.1603679657]}, "lower bound": {"max delay": [0.08229296306361687], "running time": [606677.6700019836]}, "upper bound": {"max delay": [0.08349362883118797], "running time": [606677.6700019836]}, "min_max_equal_weight": {"max delay": [0.09013075898086131], "running time": [6500.396728515625]}}, "40": {"min_max_greedy": {"max delay": [0.08284735131177332], "running time": [32804.23402786255]}, "lower bound": {"max delay": [0.08165059061298072], "running time": [522860.0842952728]}, "upper bound": {"max delay": [0.08347475302062798], "running time": [522860.0842952728]}, "min_max_equal_weight": {"max delay": [0.09013075898086131], "running time": [6602.481365203857]}}, "50": {"min_max_greedy": {"max delay": [0.0825044048650633], "running time": [40912.96672821045]}, "lower bound": {"max delay": [0.08073200673951722], "running time": [304158.5156917572]}, "upper bound": {"max delay": [0.031015651104438047], "running time": [304158.5156917572]}, "min_max_equal_weight": {"max delay": [0.08424451232347839], "running time": [6555.442333221436]}}, "60": {"min_max_greedy": {"max delay": [0.08235684700158112], "running time": [51053.38525772095]}, "lower bound": {"max delay": [0.0444944108922699], "running time": [173499.0406036377]}, "upper bound": {"max delay": [0.020984932039202313], "running time": [173499.0406036377]}, "min_max_equal_weight": {"max delay": [0.08424451232347839], "running time": [6581.464052200317]}}, "70": {"min_max_greedy": {"max delay": [0.020440425693905258], "running time": [24675.485849380493]}, "lower bound": {"max delay": [0.007949777593381474], "running time": [215836.1897468567]}, "upper bound": {"max delay": [0.016378172962841192], "running time": [215836.1897468567]}, "min_max_equal_weight": {"max delay": [0.08363905369150233], "running time": [6611.489057540894]}}, "80": {"min_max_greedy": {"max delay": [0.013753371975209776], "running time": [30606.410026550293]}, "lower bound": {"max delay": [0.010935459918932125], "running time": [216081.3934803009]}, "upper bound": {"max delay": [0.01679300187949368], "running time": [216081.3934803009]}, "min_max_equal_weight": {"max delay": [0.015398385677669], "running time": [6540.4298305511475]}}, "90": {"min_max_greedy": {"max delay": [0.012955390371932612], "running time": [35437.42227554321]}, "lower bound": {"max delay": [0.0071364519103937155], "running time": [216619.8399066925]}, "upper bound": {"max delay": [0.016983631594817257], "running time": [216619.8399066925]}, "min_max_equal_weight": {"max delay": [0.015398385677669], "running time": [6549.442529678345]}}, "100": {"min_max_greedy": {"max delay": [0.010977792218972394], "running time": [34862.94341087341]}, "lower bound": {"max delay": [0.005217109425889957], "running time": [389734.5621585846]}, "upper bound": {"max delay": [0.011260897055111737], "running time": [389734.5621585846]}, "min_max_equal_weight": {"max delay": [0.013762272904871316], "running time": [6516.409873962402]}}}