{"10": {"min_max_greedy": {"max delay": [0.02111960747779543], "running time": [12298.210144042969]}, "lower bound": {"max delay": [0.018723398329328424], "running time": [302662.27412223816]}, "upper bound": {"max delay": [0.02111960747779543], "running time": [302662.27412223816]}, "min_max_equal_weight": {"max delay": [0.022445169598738105], "running time": [6465.367555618286]}}, "20": {"min_max_greedy": {"max delay": [0.018661969179571383], "running time": [26726.18842124939]}, "lower bound": {"max delay": [0.017663131917018907], "running time": [519267.1010494232]}, "upper bound": {"max delay": [0.018697023064374742], "running time": [519267.1010494232]}, "min_max_equal_weight": {"max delay": [0.020450339185146868], "running time": [6498.394966125488]}}, "30": {"min_max_greedy": {"max delay": [0.0181152710396876], "running time": [32754.19282913208]}, "lower bound": {"max delay": [0.01638725225258801], "running time": [303385.87474823]}, "upper bound": {"max delay": [0.019798728342440265], "running time": [303385.87474823]}, "min_max_equal_weight": {"max delay": [0.020450339185146868], "running time": [6562.448024749756]}}, "40": {"min_max_greedy": {"max delay": [0.01776801732604342], "running time": [40994.03381347656]}, "lower bound": {"max delay": [0.01587103262535338], "running time": [217013.16714286804]}, "upper bound": {"max delay": [0.020259365263578088], "running time": [217013.16714286804]}, "min_max_equal_weight": {"max delay": [0.01864527904608756], "running time": [6592.47350692749]}}, "50": {"min_max_greedy": {"max delay": [0.01747965650220772], "running time": [47189.17727470398]}, "lower bound": {"max delay": [0.015817163410003353], "running time": [217421.50568962097]}, "upper bound": {"max delay": [0.020251661311155966], "running time": [217421.50568962097]}, "min_max_equal_weight": {"max delay": [0.01863646029035609], "running time": [6570.454835891724]}}, "60": {"min_max_greedy": {"max delay": [0.017168729359653107], "running time": [57367.62714385986]}, "lower bound": {"max delay": [0.01579509145752537], "running time": [216982.14101791382]}, "upper bound": {"max delay": [0.020251661311155966], "running time": [216982.14101791382]}, "min_max_equal_weight": {"max delay": [0.01795383408344564], "running time": [6568.453550338745]}}, "70": {"min_max_greedy": {"max delay": [0.017085946658734318], "running time": [65453.34029197693]}, "lower bound": {"max delay": [0.01585417525402515], "running time": [260761.4870071411]}, "upper bound": {"max delay": [0.020039791801776074], "running time": [260761.4870071411]}, "min_max_equal_weight": {"max delay": [0.017856194941970563], "running time": [6667.535305023193]}}, "80": {"min_max_greedy": {"max delay": [0.016892085902998122], "running time": [78078.82261276245]}, "lower bound": {"max delay": [0.015757181943895436], "running time": [305214.3921852112]}, "upper bound": {"max delay": [0.01961634498914536], "running time": [305214.3921852112]}, "min_max_equal_weight": {"max delay": [0.01761826977272447], "running time": [6682.548046112061]}}, "90": {"min_max_greedy": {"max delay": [0.016937203610480882], "running time": [81776.8919467926]}, "lower bound": {"max delay": [0.007017360430510942], "running time": [173847.3298549652]}, "upper bound": {"max delay": [0.018101177214042943], "running time": [173847.3298549652]}, "min_max_equal_weight": {"max delay": [0.017856194941970563], "running time": [6679.5454025268555]}}, "100": {"min_max_greedy": {"max delay": [0.0167629743325163], "running time": [92570.85347175598]}, "lower bound": {"max delay": [0.0025822467059800876], "running time": [217929.92734909058]}, "upper bound": {"max delay": [0.017999236058005248], "running time": [217929.92734909058]}, "min_max_equal_weight": {"max delay": [0.017856194941970563], "running time": [6647.518634796143]}}}