{"10": {"min_max_greedy": {"max delay": [0.028580193235501455], "running time": [12302.212953567505]}, "lower bound": {"max delay": [0.01762967436768127], "running time": [259555.4859638214]}, "upper bound": {"max delay": [0.028580193235501455], "running time": [259555.4859638214]}, "min_max_equal_weight": {"max delay": [0.029424285052379425], "running time": [6503.398895263672]}}, "20": {"min_max_greedy": {"max delay": [0.01963472084640396], "running time": [24724.52688217163]}, "lower bound": {"max delay": [0.016847977146330555], "running time": [303331.82978630066]}, "upper bound": {"max delay": [0.020169090611295407], "running time": [303331.82978630066]}, "min_max_equal_weight": {"max delay": [0.02019383224279211], "running time": [6494.391918182373]}}, "30": {"min_max_greedy": {"max delay": [0.018797086785720545], "running time": [34832.91840553284]}, "lower bound": {"max delay": [0.016677556622871948], "running time": [347469.473361969]}, "upper bound": {"max delay": [0.019638594905723884], "running time": [347469.473361969]}, "min_max_equal_weight": {"max delay": [0.02019383224279211], "running time": [6559.44561958313]}}, "40": {"min_max_greedy": {"max delay": [0.017931113859562274], "running time": [41146.15988731384]}, "lower bound": {"max delay": [0.016232211769294028], "running time": [260044.89254951477]}, "upper bound": {"max delay": [0.02086538370238823], "running time": [260044.89254951477]}, "min_max_equal_weight": {"max delay": [0.020173637170540746], "running time": [6633.507490158081]}}, "50": {"min_max_greedy": {"max delay": [0.017514186207780037], "running time": [51197.50475883484]}, "lower bound": {"max delay": [0.016060412304422934], "running time": [216741.94145202637]}, "upper bound": {"max delay": [0.020897122745964346], "running time": [216741.94145202637]}, "min_max_equal_weight": {"max delay": [0.020148895539044042], "running time": [6595.475435256958]}}, "60": {"min_max_greedy": {"max delay": [0.017316834108822437], "running time": [59552.44159698486]}, "lower bound": {"max delay": [0.01611184546635501], "running time": [260601.35459899902]}, "upper bound": {"max delay": [0.02084541276252551], "running time": [260601.35459899902]}, "min_max_equal_weight": {"max delay": [0.020173637170540746], "running time": [6591.472148895264]}}, "70": {"min_max_greedy": {"max delay": [0.017234064467137867], "running time": [67844.3250656128]}, "lower bound": {"max delay": [0.0138843466016471], "running time": [260330.12866973877]}, "upper bound": {"max delay": [0.01975688541201434], "running time": [260330.12866973877]}, "min_max_equal_weight": {"max delay": [0.019517875238628683], "running time": [6653.523683547974]}}, "80": {"min_max_greedy": {"max delay": [0.01719515150952848], "running time": [77871.64974212646]}, "lower bound": {"max delay": [0.006581701834638525], "running time": [173363.92903327942]}, "upper bound": {"max delay": [0.01961618780488723], "running time": [173363.92903327942]}, "min_max_equal_weight": {"max delay": [0.018766267661935163], "running time": [6650.521516799927]}}, "90": {"min_max_greedy": {"max delay": [0.016999624358863735], "running time": [92299.62825775146]}, "lower bound": {"max delay": [0.007150365384561304], "running time": [740456.7353725433]}, "upper bound": {"max delay": [0.017681153607658137], "running time": [740456.7353725433]}, "min_max_equal_weight": {"max delay": [0.018207634080782485], "running time": [6699.561834335327]}}, "100": {"min_max_greedy": {"max delay": [0.01676984882921821], "running time": [47224.20620918274]}, "lower bound": {"max delay": [0.003404409802954742], "running time": [260895.59864997864]}, "upper bound": {"max delay": [0.019571251101139157], "running time": [260895.59864997864]}, "min_max_equal_weight": {"max delay": [0.018207634080782485], "running time": [6681.5478801727295]}}}