{"10": {"min_max_greedy": {"max delay": [0.03733980314203117], "running time": [10266.523361206055]}, "lower bound": {"max delay": [0.03073341692495011], "running time": [388923.88820648193]}, "upper bound": {"max delay": [0.03733980314203117], "running time": [388923.88820648193]}, "min_max_equal_weight": {"max delay": [0.037115811110249336], "running time": [6479.378938674927]}}, "20": {"min_max_greedy": {"max delay": [0.026530324701934622], "running time": [16390.607357025146]}, "lower bound": {"max delay": [0.02575152602435505], "running time": [477172.15371131897]}, "upper bound": {"max delay": [0.026530324701934622], "running time": [477172.15371131897]}, "min_max_equal_weight": {"max delay": [0.02674051499422867], "running time": [6494.392156600952]}}, "30": {"min_max_greedy": {"max delay": [0.026530324701934622], "running time": [16405.620098114014]}, "lower bound": {"max delay": [0.023506653381554332], "running time": [129678.66039276123]}, "upper bound": {"max delay": [0.03710737610200794], "running time": [129678.66039276123]}, "min_max_equal_weight": {"max delay": [0.026680804600858754], "running time": [6539.428472518921]}}, "40": {"min_max_greedy": {"max delay": [0.02627593500532683], "running time": [24684.481382369995]}, "lower bound": {"max delay": [0.023446602406196115], "running time": [129654.64091300964]}, "upper bound": {"max delay": [0.03701366456235617], "running time": [129654.64091300964]}, "min_max_equal_weight": {"max delay": [0.026680804600858754], "running time": [6520.413160324097]}}, "50": {"min_max_greedy": {"max delay": [0.026014565328481374], "running time": [34948.01378250122]}, "lower bound": {"max delay": [0.020341860256796806], "running time": [173376.939535141]}, "upper bound": {"max delay": [0.02666309129300235], "running time": [173376.939535141]}, "min_max_equal_weight": {"max delay": [0.026680804600858754], "running time": [6567.452430725098]}}, "60": {"min_max_greedy": {"max delay": [0.02563393161434514], "running time": [45192.519187927246]}, "lower bound": {"max delay": [0.009903935500777809], "running time": [173326.89762115479]}, "upper bound": {"max delay": [0.0266125536885715], "running time": [173326.89762115479]}, "min_max_equal_weight": {"max delay": [0.026680804600858754], "running time": [6578.461408615112]}}, "70": {"min_max_greedy": {"max delay": [0.013014917757861792], "running time": [18452.32367515564]}, "lower bound": {"max delay": [0.003611042326200637], "running time": [260070.91403007507]}, "upper bound": {"max delay": [0.02327592952740503], "running time": [260070.91403007507]}, "min_max_equal_weight": {"max delay": [0.026656081754191905], "running time": [6619.495391845703]}}, "80": {"min_max_greedy": {"max delay": [0.010139016231231588], "running time": [22651.806116104126]}, "lower bound": {"max delay": [0.00620919163760651], "running time": [303739.1674518585]}, "upper bound": {"max delay": [0.012714345316227251], "running time": [303739.1674518585]}, "min_max_equal_weight": {"max delay": [0.026656081754191905], "running time": [6590.4717445373535]}}, "90": {"min_max_greedy": {"max delay": [0.009091710613507508], "running time": [32916.327714920044]}, "lower bound": {"max delay": [0.005811374739134528], "running time": [260005.85961341858]}, "upper bound": {"max delay": [0.012698057477801797], "running time": [260005.85961341858]}, "min_max_equal_weight": {"max delay": [0.010300345922759132], "running time": [6563.448905944824]}}, "100": {"min_max_greedy": {"max delay": [0.008627670323956286], "running time": [39174.52311515808]}, "lower bound": {"max delay": [0.0036192307892584726], "running time": [260195.01662254333]}, "upper bound": {"max delay": [0.01267925225884824], "running time": [260195.01662254333]}, "min_max_equal_weight": {"max delay": [0.00995676193060956], "running time": [6607.486009597778]}}}