{"10": {"min_max_greedy": {"max delay": [0.06492564822627543], "running time": [12167.101383209229]}, "lower bound": {"max delay": [0.0632490223908945], "running time": [258597.72658348083]}, "upper bound": {"max delay": [0.06446530073585288], "running time": [258597.72658348083]}, "min_max_equal_weight": {"max delay": [0.0684623694263838], "running time": [6403.316259384155]}}, "20": {"min_max_greedy": {"max delay": [0.06303543729458473], "running time": [16193.444013595581]}, "lower bound": {"max delay": [0.059065114960308404], "running time": [129091.17317199707]}, "upper bound": {"max delay": [0.06417679595915829], "running time": [129091.17317199707]}, "min_max_equal_weight": {"max delay": [0.06669443144785385], "running time": [6383.2995891571045]}}, "30": {"min_max_greedy": {"max delay": [0.06252054942296364], "running time": [28451.621055603027]}, "lower bound": {"max delay": [0.0589960379087807], "running time": [129006.10280036926]}, "upper bound": {"max delay": [0.0637868635184459], "running time": [129006.10280036926]}, "min_max_equal_weight": {"max delay": [0.06292302209176659], "running time": [6589.470624923706]}}, "40": {"min_max_greedy": {"max delay": [0.06233531160128112], "running time": [34521.6600894928]}, "lower bound": {"max delay": [0.05894968919511733], "running time": [128497.67994880676]}, "upper bound": {"max delay": [0.06386146986933938], "running time": [128497.67994880676]}, "min_max_equal_weight": {"max delay": [0.06292302209176659], "running time": [6580.463171005249]}}, "50": {"min_max_greedy": {"max delay": [0.06218357889788899], "running time": [44705.11436462402]}, "lower bound": {"max delay": [0.01756572783242717], "running time": [214548.12097549438]}, "upper bound": {"max delay": [0.06285893229872568], "running time": [214548.12097549438]}, "min_max_equal_weight": {"max delay": [0.0629077240934015], "running time": [6502.398490905762]}}, "60": {"min_max_greedy": {"max delay": [0.036798408246019834], "running time": [14164.759635925293]}, "lower bound": {"max delay": [0.011878635100841481], "running time": [215059.54456329346]}, "upper bound": {"max delay": [0.04264999427796945], "running time": [215059.54456329346]}, "min_max_equal_weight": {"max delay": [0.06292302209176659], "running time": [6450.355529785156]}}, "70": {"min_max_greedy": {"max delay": [0.033181894965376955], "running time": [22354.55870628357]}, "lower bound": {"max delay": [0.010185970350941417], "running time": [320033.7119102478]}, "upper bound": {"max delay": [0.03608452721012161], "running time": [320033.7119102478]}, "min_max_equal_weight": {"max delay": [0.03668599304320168], "running time": [6417.327404022217]}}, "80": {"min_max_greedy": {"max delay": [0.03280239296776678], "running time": [32415.91215133667]}, "lower bound": {"max delay": [0.008275913841463913], "running time": [267888.4038925171]}, "upper bound": {"max delay": [0.036377275110907784], "running time": [267888.4038925171]}, "min_max_equal_weight": {"max delay": [0.03668599304320168], "running time": [6504.39977645874]}}, "90": {"min_max_greedy": {"max delay": [0.032696875829852076], "running time": [40567.67988204956]}, "lower bound": {"max delay": [0.01189184346936335], "running time": [343460.1442813873]}, "upper bound": {"max delay": [0.036377275110907784], "running time": [343460.1442813873]}, "min_max_equal_weight": {"max delay": [0.03305418176419371], "running time": [6492.390155792236]}}, "100": {"min_max_greedy": {"max delay": [0.03223409770869957], "running time": [50733.118772506714]}, "lower bound": {"max delay": [0.006823523343534663], "running time": [257369.67134475708]}, "upper bound": {"max delay": [0.02775430759946216], "running time": [257369.67134475708]}, "min_max_equal_weight": {"max delay": [0.016702552309483757], "running time": [6430.338144302368]}}}