{"entropy": 156066729068481224441581849064373692245, "10": {"num_user": 300, "num_service": 41, "min_max_greedy": {"max_delay": 0.022390312273661117, "running_time": 9.006977081298828}, "min_max_equal_weight": {"max_delay": 0.022390312273661117, "running_time": 187.15453147888184}, "min_max_surrogate_relaxation": {"max_delay": 0.022390312273661117, "lower_bound": 0.028595560708743334, "running_time": 96.07911109924316, "none_zero_ratio": 0.0022222222222222222, "max_weight": 0.5, "min_weight": 0.5}, "min_max_pulp": {"max_delay": 0.022390312273661117, "running_time": 31449.936628341675}}, "20": {"num_user": 300, "num_service": 41, "min_max_greedy": {"max_delay": 0.015599218584358551, "running_time": 21.01755142211914}, "min_max_equal_weight": {"max_delay": 0.016700929124799098, "running_time": 189.15605545043945}, "min_max_surrogate_relaxation": {"max_delay": 0.01562873672973881, "lower_bound": 0.011852030424852448, "running_time": 377.31099128723145, "none_zero_ratio": 0.0077777777777777776, "max_weight": 0.25, "min_weight": 0.0009639188647270203}, "min_max_pulp": {"max_delay": 0.015196072107579338, "running_time": 65092.682123184204}}, "30": {"num_user": 300, "num_service": 41, "min_max_greedy": {"max_delay": 0.01400485240551215, "running_time": 23.019075393676758}, "min_max_equal_weight": {"max_delay": 0.01498759151853951, "running_time": 190.1571750640869}, "min_max_surrogate_relaxation": {"max_delay": 0.013866274305562002, "lower_bound": 0.008184250929764035, "running_time": 242.19989776611328, "none_zero_ratio": 0.006666666666666667, "max_weight": 0.4390754699707031, "min_weight": 0.04649250581860542}, "min_max_pulp": {"max_delay": 0.013798731615913122, "running_time": 98608.32166671753}}, "40": {"num_user": 300, "num_service": 41, "min_max_greedy": {"max_delay": 0.013059031222045225, "running_time": 27.022361755371094}, "min_max_equal_weight": {"max_delay": 0.014094361567138792, "running_time": 189.15605545043945}, "min_max_surrogate_relaxation": {"max_delay": 0.01240842614046528, "lower_bound": 0.007320632834302549, "running_time": 478.3947467803955, "none_zero_ratio": 0.011111111111111112, "max_weight": 0.22675883769989014, "min_weight": 0.017542710868756473}, "min_max_pulp": {"max_delay": 0.012336690794978261, "running_time": 134604.00700569153}}, "50": {"num_user": 300, "num_service": 41, "min_max_greedy": {"max_delay": 0.011490180987994125, "running_time": 30.025005340576172}, "min_max_equal_weight": {"max_delay": 0.01498759151853951, "running_time": 197.16262817382812}, "min_max_surrogate_relaxation": {"max_delay": 0.011342819182160842, "lower_bound": 0.006040719507987808, "running_time": 315.2596950531006, "none_zero_ratio": 0.01, "max_weight": 0.205078125, "min_weight": 0.02216472125837754}, "min_max_pulp": {"max_delay": 0.01074026452993139, "running_time": 172196.0096359253}}, "60": {"num_user": 300, "num_service": 41, "min_max_greedy": {"max_delay": 0.010301948814330619, "running_time": 32.02676773071289}, "min_max_equal_weight": {"max_delay": 0.014094361567138792, "running_time": 190.1571750640869}, "min_max_surrogate_relaxation": {"max_delay": 0.010775240456852485, "lower_bound": 0.004591187686389912, "running_time": 291.23997688293457, "none_zero_ratio": 0.0077777777777777776, "max_weight": 0.31207072734832764, "min_weight": 0.060053084045648575}, "min_max_pulp": {"max_delay": 0.009690321748511577, "running_time": 262140.18559455872}}, "70": {"num_user": 300, "num_service": 41, "min_max_greedy": {"max_delay": 0.009946345955013463, "running_time": 35.028934478759766}, "min_max_equal_weight": {"max_delay": 0.011916271265721987, "running_time": 188.1551742553711}, "min_max_surrogate_relaxation": {"max_delay": 0.00914517994371027, "lower_bound": 0.004784786677388211, "running_time": 770.6358432769775, "none_zero_ratio": 0.012222222222222223, "max_weight": 0.13671875, "min_weight": 0.03540773746921744}, "min_max_pulp": {"max_delay": 0.007531402235162819, "running_time": 284353.50489616394}}, "80": {"num_user": 300, "num_service": 41, "min_max_greedy": {"max_delay": 0.008741100409815808, "running_time": 40.03286361694336}, "min_max_equal_weight": {"max_delay": 0.011752966672407855, "running_time": 193.1593418121338}, "min_max_surrogate_relaxation": {"max_delay": 0.006984712005026612, "lower_bound": 0.003787348152157178, "running_time": 941.7762756347656, "none_zero_ratio": 0.0077777777777777776, "max_weight": 0.25, "min_weight": 0.07480848580598831}, "min_max_pulp": {"max_delay": 0.006277422210370338, "running_time": 338487.14876174927}}, "90": {"num_user": 300, "num_service": 41, "min_max_greedy": {"max_delay": 0.0053442542438852094, "running_time": 41.03398323059082}, "min_max_equal_weight": {"max_delay": 0.011916271265721987, "running_time": 193.1595802307129}, "min_max_surrogate_relaxation": {"max_delay": 0.005489659479827066, "lower_bound": 0.003100605586181707, "running_time": 684.5643520355225, "none_zero_ratio": 0.0077777777777777776, "max_weight": 0.25, "min_weight": 0.05527753382921219}, "min_max_pulp": {"max_delay": 0.004886598251906668, "running_time": 377084.9804878235}}, "100": {"num_user": 300, "num_service": 41, "min_max_greedy": {"max_delay": 0.004585919802946582, "running_time": 47.039031982421875}, "min_max_equal_weight": {"max_delay": 0.0045693225847520365, "running_time": 192.15846061706543}, "min_max_surrogate_relaxation": {"max_delay": 0.004732627178066168, "lower_bound": 0.002818894240881935, "running_time": 1317.0862197875977, "none_zero_ratio": 0.012222222222222223, "max_weight": 0.13671875, "min_weight": 0.01896339815177228}, "min_max_pulp": {"max_delay": 0.0043512159414086276, "running_time": 477517.80676841736}}}