{"entropy": 217775875883669684801788722956973183252, "10": {"num_user": 300, "num_service": 41, "min_max_greedy": {"max_delay": 0.02990201512460218, "running_time": 13.010740280151367}, "min_max_equal_weight": {"max_delay": 0.03391460769756556, "running_time": 187.15429306030273}, "min_max_surrogate_relaxation": {"max_delay": 0.02990201512460218, "lower_bound": 0.02076971870685215, "running_time": 319.263219833374, "none_zero_ratio": 0.006666666666666667, "max_weight": 0.5, "min_weight": 0.0086517333984375}, "min_max_pulp": {"max_delay": 0.02990201512460218, "running_time": 34775.67958831787}}, "20": {"num_user": 300, "num_service": 41, "min_max_greedy": {"max_delay": 0.02198150319622628, "running_time": 17.014026641845703}, "min_max_equal_weight": {"max_delay": 0.020609466209095657, "running_time": 187.15405464172363}, "min_max_surrogate_relaxation": {"max_delay": 0.019918393846187096, "lower_bound": 0.01268037643444892, "running_time": 216.17817878723145, "none_zero_ratio": 0.005555555555555556, "max_weight": 0.5967178344726562, "min_weight": 0.01924896240234375}, "min_max_pulp": {"max_delay": 0.019918393846187096, "running_time": 69292.14477539062}}, "30": {"num_user": 300, "num_service": 41, "min_max_greedy": {"max_delay": 0.01732429701583392, "running_time": 26.021480560302734}, "min_max_equal_weight": {"max_delay": 0.01788567421157119, "running_time": 189.15653228759766}, "min_max_surrogate_relaxation": {"max_delay": 0.016769640184147283, "lower_bound": 0.009570502507869377, "running_time": 340.27981758117676, "none_zero_ratio": 0.0077777777777777776, "max_weight": 0.3309288024902344, "min_weight": 0.00912487506866455}, "min_max_pulp": {"max_delay": 0.015414132720037466, "running_time": 108524.49989318848}}, "40": {"num_user": 300, "num_service": 41, "min_max_greedy": {"max_delay": 0.01282167059719372, "running_time": 29.024124145507812}, "min_max_equal_weight": {"max_delay": 0.015414132720037466, "running_time": 188.1551742553711}, "min_max_surrogate_relaxation": {"max_delay": 0.013231733900984744, "lower_bound": 0.006173695209869319, "running_time": 227.1873950958252, "none_zero_ratio": 0.005555555555555556, "max_weight": 0.5, "min_weight": 0.078125}, "min_max_pulp": {"max_delay": 0.012378068982797773, "running_time": 149990.69690704346}}, "50": {"num_user": 300, "num_service": 41, "min_max_greedy": {"max_delay": 0.008611212095993302, "running_time": 36.029815673828125}, "min_max_equal_weight": {"max_delay": 0.013070193635331519, "running_time": 190.1571750640869}, "min_max_surrogate_relaxation": {"max_delay": 0.010669301896295079, "lower_bound": 0.00545708720342423, "running_time": 300.2474308013916, "none_zero_ratio": 0.008888888888888889, "max_weight": 0.36895751953125, "min_weight": 0.029296875}, "min_max_pulp": {"max_delay": 0.008611212095993302, "running_time": 193223.35028648376}}, "60": {"num_user": 300, "num_service": 41, "min_max_greedy": {"max_delay": 0.008193135700324202, "running_time": 44.0363883972168}, "min_max_equal_weight": {"max_delay": 0.00886222114607939, "running_time": 192.15846061706543}, "min_max_surrogate_relaxation": {"max_delay": 0.00802931141911459, "lower_bound": 0.004796798373999926, "running_time": 389.32085037231445, "none_zero_ratio": 0.008888888888888889, "max_weight": 0.25585079193115234, "min_weight": 0.05999697095830925}, "min_max_pulp": {"max_delay": 0.00802931141911459, "running_time": 248451.8973827362}}, "70": {"num_user": 300, "num_service": 41, "min_max_greedy": {"max_delay": 0.007543585818739804, "running_time": 53.043365478515625}, "min_max_equal_weight": {"max_delay": 0.00802931141911459, "running_time": 194.15998458862305}, "min_max_surrogate_relaxation": {"max_delay": 0.008280144914951344, "lower_bound": 0.003601666491607615, "running_time": 511.42191886901855, "none_zero_ratio": 0.01, "max_weight": 0.24435323575744405, "min_weight": 0.04758196882903576}, "min_max_pulp": {"max_delay": 0.0071780806595837104, "running_time": 874420.1302528381}}, "80": {"num_user": 300, "num_service": 41, "min_max_greedy": {"max_delay": 0.007155394460377821, "running_time": 42.03462600708008}, "min_max_equal_weight": {"max_delay": 0.00802395513945192, "running_time": 192.15822219848633}, "min_max_surrogate_relaxation": {"max_delay": 0.007292752322903049, "lower_bound": 0.0035543342448371663, "running_time": 637.5253200531006, "none_zero_ratio": 0.011111111111111112, "max_weight": 0.25, "min_weight": 0.03183554335350891}, "min_max_pulp": {"max_delay": 0.00623780100500034, "running_time": 1041305.760383606}}, "90": {"num_user": 300, "num_service": 41, "min_max_greedy": {"max_delay": 0.007093759838747022, "running_time": 46.03767395019531}, "min_max_equal_weight": {"max_delay": 0.006596179982704998, "running_time": 191.15805625915527}, "min_max_surrogate_relaxation": {"max_delay": 0.006412006051284964, "lower_bound": 0.0030709548836604524, "running_time": 595.4906940460205, "none_zero_ratio": 0.011111111111111112, "max_weight": 0.25543212890625, "min_weight": 0.021490950267377684}, "min_max_pulp": {"max_delay": 0.005524673640276573, "running_time": 884128.1363964081}}, "100": {"num_user": 300, "num_service": 41, "min_max_greedy": {"max_delay": 0.005787975025007558, "running_time": 51.04207992553711}, "min_max_equal_weight": {"max_delay": 0.0060875139319969945, "running_time": 192.15869903564453}, "min_max_surrogate_relaxation": {"max_delay": 0.005553169808471436, "lower_bound": 0.0030877523110197517, "running_time": 1296.0689067840576, "none_zero_ratio": 0.008888888888888889, "max_weight": 0.25, "min_weight": 0.04888090188615024}, "min_max_pulp": {"max_delay": 0.0049002267865320874, "running_time": 830453.8712501526}}}