{"entropy": 117101857655713036483654158791463214951, "10": {"num_user": 300, "num_service": 41, "min_max_greedy": {"max_delay": 0.06512034148605378, "running_time": 7.0056915283203125}, "min_max_equal_weight": {"max_delay": 0.06512034148605378, "running_time": 190.1569366455078}, "min_max_surrogate_relaxation": {"max_delay": 0.05967062537455638, "lower_bound": 0.05168064212079403, "running_time": 174.14379119873047, "none_zero_ratio": 0.0033333333333333335, "max_weight": 0.44921875, "min_weight": 0.17578125}, "min_max_pulp": {"max_delay": 0.05814739684251407, "running_time": 45088.18435668945}}, "20": {"num_user": 300, "num_service": 41, "min_max_greedy": {"max_delay": 0.05117541248540648, "running_time": 17.014265060424805}, "min_max_equal_weight": {"max_delay": 0.05474333231087335, "running_time": 192.15846061706543}, "min_max_surrogate_relaxation": {"max_delay": 0.052417079965516575, "lower_bound": 0.021230173848004456, "running_time": 110.09097099304199, "none_zero_ratio": 0.0033333333333333335, "max_weight": 0.5, "min_weight": 0.046875}, "min_max_pulp": {"max_delay": 0.05089385143347427, "running_time": 90653.76162528992}}, "30": {"num_user": 300, "num_service": 41, "min_max_greedy": {"max_delay": 0.013801007829773934, "running_time": 14.011621475219727}, "min_max_equal_weight": {"max_delay": 0.016945316680091915, "running_time": 190.1571750640869}, "min_max_surrogate_relaxation": {"max_delay": 0.013801007829773934, "lower_bound": 0.01016592980567134, "running_time": 120.09811401367188, "none_zero_ratio": 0.005555555555555556, "max_weight": 0.5197219848632812, "min_weight": 0.05376434326171875}, "min_max_pulp": {"max_delay": 0.013801007829773934, "running_time": 140628.9758682251}}, "40": {"num_user": 300, "num_service": 41, "min_max_greedy": {"max_delay": 0.011916488846495418, "running_time": 23.018836975097656}, "min_max_equal_weight": {"max_delay": 0.012883479506350366, "running_time": 191.15757942199707}, "min_max_surrogate_relaxation": {"max_delay": 0.011439314764024612, "lower_bound": 0.0064971388710223866, "running_time": 171.1416244506836, "none_zero_ratio": 0.005555555555555556, "max_weight": 0.5555648803710938, "min_weight": 0.01792144775390625}, "min_max_pulp": {"max_delay": 0.011321389261300578, "running_time": 198491.6956424713}}, "50": {"num_user": 300, "num_service": 41, "min_max_greedy": {"max_delay": 0.009982918749745096, "running_time": 23.018836975097656}, "min_max_equal_weight": {"max_delay": 0.012883479506350366, "running_time": 191.15757942199707}, "min_max_surrogate_relaxation": {"max_delay": 0.010441816483000294, "lower_bound": 0.006342294497049864, "running_time": 544.4490909576416, "none_zero_ratio": 0.006666666666666667, "max_weight": 0.2578125, "min_weight": 0.04573702812194824}, "min_max_pulp": {"max_delay": 0.009808196871802706, "running_time": 271012.5026702881}}, "60": {"num_user": 300, "num_service": 41, "min_max_greedy": {"max_delay": 0.008302070728653492, "running_time": 30.02452850341797}, "min_max_equal_weight": {"max_delay": 0.01127417386449136, "running_time": 191.15781784057617}, "min_max_surrogate_relaxation": {"max_delay": 0.008284968339760399, "lower_bound": 0.0051953714252097345, "running_time": 912.752628326416, "none_zero_ratio": 0.013333333333333334, "max_weight": 0.205078125, "min_weight": 0.009061131702519645}, "min_max_pulp": {"max_delay": 0.007650129428866769, "running_time": 332252.0067691803}}, "70": {"num_user": 300, "num_service": 41, "min_max_greedy": {"max_delay": 0.007833166082011159, "running_time": 35.028696060180664}, "min_max_equal_weight": {"max_delay": 0.007484988529333518, "running_time": 194.16046142578125}, "min_max_surrogate_relaxation": {"max_delay": 0.007484988529333518, "lower_bound": 0.0038355639075346062, "running_time": 406.33535385131836, "none_zero_ratio": 0.008888888888888889, "max_weight": 0.24609375, "min_weight": 0.01317857822868973}, "min_max_pulp": {"max_delay": 0.006604249748195602, "running_time": 409634.8240375519}}, "80": {"num_user": 300, "num_service": 41, "min_max_greedy": {"max_delay": 0.006688114172893845, "running_time": 44.036149978637695}, "min_max_equal_weight": {"max_delay": 0.00726082205807968, "running_time": 194.15998458862305}, "min_max_surrogate_relaxation": {"max_delay": 0.006991877920002927, "lower_bound": 0.003209480192015882, "running_time": 634.5233917236328, "none_zero_ratio": 0.01, "max_weight": 0.5, "min_weight": 0.019063038998865522}, "min_max_pulp": {"max_delay": 0.005468128574167055, "running_time": 806435.0638389587}}, "90": {"num_user": 300, "num_service": 41, "min_max_greedy": {"max_delay": 0.0058907087670166496, "running_time": 53.04360389709473}, "min_max_equal_weight": {"max_delay": 0.006214942377408512, "running_time": 194.15998458862305}, "min_max_surrogate_relaxation": {"max_delay": 0.0063375842663109475, "lower_bound": 0.0027141772803358478, "running_time": 829.6840190887451, "none_zero_ratio": 0.011111111111111112, "max_weight": 0.25, "min_weight": 0.010130296601573718}, "min_max_pulp": {"max_delay": 0.0043185332805094935, "running_time": 1322737.8561496735}}, "100": {"num_user": 300, "num_service": 41, "min_max_greedy": {"max_delay": 0.005374924821557048, "running_time": 60.050010681152344}, "min_max_equal_weight": {"max_delay": 0.005269309542262783, "running_time": 197.16238975524902}, "min_max_surrogate_relaxation": {"max_delay": 0.005004931984829443, "lower_bound": 0.002105976178375992, "running_time": 1030.8504104614258, "none_zero_ratio": 0.011111111111111112, "max_weight": 0.27610230445861816, "min_weight": 0.006454930859263186}, "min_max_pulp": {"max_delay": 0.0034092198029768953, "running_time": 883436.5663528442}}}