{"entropy": 177843540273670350774809872788538711829, "10": {"num_user": 300, "num_service": 41, "min_max_greedy": {"max_delay": 0.10331886692299498, "running_time": 12.009620666503906}, "min_max_equal_weight": {"max_delay": 0.1074538865098067, "running_time": 184.15212631225586}, "min_max_surrogate_relaxation": {"max_delay": 0.10181145501816263, "lower_bound": 0.07026889485424914, "running_time": 91.07542037963867, "none_zero_ratio": 0.0033333333333333335, "max_weight": 0.75, "min_weight": 0.0078125}, "min_max_pulp": {"max_delay": 0.10181145501816263, "running_time": 46895.67446708679}}, "20": {"num_user": 300, "num_service": 41, "min_max_greedy": {"max_delay": 0.03387583993614693, "running_time": 16.013383865356445}, "min_max_equal_weight": {"max_delay": 0.02289175283236493, "running_time": 185.15253067016602}, "min_max_surrogate_relaxation": {"max_delay": 0.022802058466384043, "lower_bound": 0.01686114718683479, "running_time": 164.13617134094238, "none_zero_ratio": 0.005555555555555556, "max_weight": 0.3984375, "min_weight": 0.00240325927734375}, "min_max_pulp": {"max_delay": 0.022802058466384043, "running_time": 92671.42581939697}}, "30": {"num_user": 300, "num_service": 41, "min_max_greedy": {"max_delay": 0.012667636683864853, "running_time": 18.01466941833496}, "min_max_equal_weight": {"max_delay": 0.02101587313832132, "running_time": 186.15388870239258}, "min_max_surrogate_relaxation": {"max_delay": 0.013811122509505839, "lower_bound": 0.006168006360989442, "running_time": 197.16262817382812, "none_zero_ratio": 0.0077777777777777776, "max_weight": 0.3845279384404421, "min_weight": 0.012404127046465874}, "min_max_pulp": {"max_delay": 0.012667636683864853, "running_time": 146086.47680282593}}, "40": {"num_user": 300, "num_service": 41, "min_max_greedy": {"max_delay": 0.008930518945563239, "running_time": 26.021242141723633}, "min_max_equal_weight": {"max_delay": 0.008930518945563239, "running_time": 184.15164947509766}, "min_max_surrogate_relaxation": {"max_delay": 0.008886204439438447, "lower_bound": 0.005928671507583293, "running_time": 530.4372310638428, "none_zero_ratio": 0.01, "max_weight": 0.48248291015625, "min_weight": 0.01767512917467684}, "min_max_pulp": {"max_delay": 0.008607128367847033, "running_time": 205049.10326004028}}, "50": {"num_user": 300, "num_service": 41, "min_max_greedy": {"max_delay": 0.0068741970419366645, "running_time": 32.02629089355469}, "min_max_equal_weight": {"max_delay": 0.007633897880322284, "running_time": 189.15581703186035}, "min_max_surrogate_relaxation": {"max_delay": 0.007626000979145021, "lower_bound": 0.00384754041363297, "running_time": 432.356595993042, "none_zero_ratio": 0.006666666666666667, "max_weight": 0.25, "min_weight": 0.117919921875}, "min_max_pulp": {"max_delay": 0.006799259089182073, "running_time": 269369.1475391388}}, "60": {"num_user": 300, "num_service": 41, "min_max_greedy": {"max_delay": 0.006225588720352676, "running_time": 40.03310203552246}, "min_max_equal_weight": {"max_delay": 0.007100655997244789, "running_time": 189.15605545043945}, "min_max_surrogate_relaxation": {"max_delay": 0.006763918813536015, "lower_bound": 0.0036187146182004057, "running_time": 544.4490909576416, "none_zero_ratio": 0.012222222222222223, "max_weight": 0.30232417583465576, "min_weight": 0.0232290696118298}, "min_max_pulp": {"max_delay": 0.00608299446812878, "running_time": 346571.8159675598}}, "70": {"num_user": 300, "num_service": 41, "min_max_greedy": {"max_delay": 0.0057791095845520085, "running_time": 40.03286361694336}, "min_max_equal_weight": {"max_delay": 0.006225588720352676, "running_time": 190.1569366455078}, "min_max_surrogate_relaxation": {"max_delay": 0.005224695343905879, "lower_bound": 0.003068470993962543, "running_time": 661.5452766418457, "none_zero_ratio": 0.011111111111111112, "max_weight": 0.2537841796875, "min_weight": 0.01691764974509624}, "min_max_pulp": {"max_delay": 0.004639451902155688, "running_time": 433207.2639465332}}, "80": {"num_user": 300, "num_service": 41, "min_max_greedy": {"max_delay": 0.005241998912625253, "running_time": 47.03927040100098}, "min_max_equal_weight": {"max_delay": 0.006225588720352676, "running_time": 192.15822219848633}, "min_max_surrogate_relaxation": {"max_delay": 0.005891134085884309, "lower_bound": 0.002225605214983412, "running_time": 482.39755630493164, "none_zero_ratio": 0.008888888888888889, "max_weight": 0.25, "min_weight": 0.036153753055259585}, "min_max_pulp": {"max_delay": 0.004050155575597534, "running_time": 556864.2437458038}}, "90": {"num_user": 300, "num_service": 41, "min_max_greedy": {"max_delay": 0.004513514072245529, "running_time": 57.047128677368164}, "min_max_equal_weight": {"max_delay": 0.005276735810560026, "running_time": 191.15757942199707}, "min_max_surrogate_relaxation": {"max_delay": 0.0038904720692729444, "lower_bound": 0.0022503935608719533, "running_time": 1660.3693962097168, "none_zero_ratio": 0.01, "max_weight": 0.25, "min_weight": 0.04164319561823504}, "min_max_pulp": {"max_delay": 0.0033729111308353284, "running_time": 712863.8956546783}}, "100": {"num_user": 300, "num_service": 41, "min_max_greedy": {"max_delay": 0.0030668212480449387, "running_time": 51.04231834411621}, "min_max_equal_weight": {"max_delay": 0.004842934770043622, "running_time": 192.15846061706543}, "min_max_surrogate_relaxation": {"max_delay": 0.003434091299119018, "lower_bound": 0.0019902588690441417, "running_time": 1266.0443782806396, "none_zero_ratio": 0.016666666666666666, "max_weight": 0.10902732610702515, "min_weight": 0.026180152885843307}, "min_max_pulp": {"max_delay": 0.0028938736815801768, "running_time": 868226.0222434998}}}