{"entropy": 187504405025647257645019297819666719647, "10": {"num_user": 300, "num_service": 41, "min_max_greedy": {"max_delay": 0.06084076832460325, "running_time": 12.01009750366211}, "min_max_equal_weight": {"max_delay": 0.07432867333738888, "running_time": 186.15388870239258}, "min_max_surrogate_relaxation": {"max_delay": 0.06084076832460325, "lower_bound": 0.055148448733900395, "running_time": 78.0642032623291, "none_zero_ratio": 0.0033333333333333335, "max_weight": 0.5, "min_weight": 0.015625}, "min_max_pulp": {"max_delay": 0.06084076832460325, "running_time": 30528.1765460968}}, "20": {"num_user": 300, "num_service": 41, "min_max_greedy": {"max_delay": 0.04976505686682044, "running_time": 18.015384674072266}, "min_max_equal_weight": {"max_delay": 0.054968991796876504, "running_time": 190.1569366455078}, "min_max_surrogate_relaxation": {"max_delay": 0.0506867966750481, "lower_bound": 0.029289657495805685, "running_time": 178.1468391418457, "none_zero_ratio": 0.005555555555555556, "max_weight": 0.5, "min_weight": 0.0023345947265625}, "min_max_pulp": {"max_delay": 0.0419156540473958, "running_time": 57412.34755516052}}, "30": {"num_user": 300, "num_service": 41, "min_max_greedy": {"max_delay": 0.03028246711666814, "running_time": 21.01731300354004}, "min_max_equal_weight": {"max_delay": 0.031780293140725197, "running_time": 189.15581703186035}, "min_max_surrogate_relaxation": {"max_delay": 0.041453167341672585, "lower_bound": 0.018727340548000255, "running_time": 89.07365798950195, "none_zero_ratio": 0.0044444444444444444, "max_weight": 0.361083984375, "min_weight": 0.0703125}, "min_max_pulp": {"max_delay": 0.03028246711666814, "running_time": 85448.46892356873}}, "40": {"num_user": 300, "num_service": 41, "min_max_greedy": {"max_delay": 0.025944898596650105, "running_time": 29.02388572692871}, "min_max_equal_weight": {"max_delay": 0.02908400156602306, "running_time": 190.1571750640869}, "min_max_surrogate_relaxation": {"max_delay": 0.027586175541966004, "lower_bound": 0.012761212940194309, "running_time": 171.1411476135254, "none_zero_ratio": 0.006666666666666667, "max_weight": 0.276123046875, "min_weight": 0.027193307876586914}, "min_max_pulp": {"max_delay": 0.025944898596650105, "running_time": 119961.93218231201}}, "50": {"num_user": 300, "num_service": 41, "min_max_greedy": {"max_delay": 0.015904464278543237, "running_time": 25.020599365234375}, "min_max_equal_weight": {"max_delay": 0.018565151078443278, "running_time": 190.1571750640869}, "min_max_surrogate_relaxation": {"max_delay": 0.018818931551708815, "lower_bound": 0.008010579377960979, "running_time": 180.14860153198242, "none_zero_ratio": 0.0044444444444444444, "max_weight": 0.4453125, "min_weight": 0.123779296875}, "min_max_pulp": {"max_delay": 0.015904464278543237, "running_time": 152871.07181549072}}, "60": {"num_user": 300, "num_service": 41, "min_max_greedy": {"max_delay": 0.00919408462568791, "running_time": 44.0363883972168}, "min_max_equal_weight": {"max_delay": 0.0148145409450193, "running_time": 194.16022300720215}, "min_max_surrogate_relaxation": {"max_delay": 0.00919408462568791, "lower_bound": 0.00644458690345247, "running_time": 573.4727382659912, "none_zero_ratio": 0.008888888888888889, "max_weight": 0.28777574747800827, "min_weight": 0.013954642927274108}, "min_max_pulp": {"max_delay": 0.00919408462568791, "running_time": 201644.2952156067}}, "70": {"num_user": 300, "num_service": 41, "min_max_greedy": {"max_delay": 0.007758181813015471, "running_time": 39.0322208404541}, "min_max_equal_weight": {"max_delay": 0.007575740141487922, "running_time": 192.15822219848633}, "min_max_surrogate_relaxation": {"max_delay": 0.00872492666649605, "lower_bound": 0.004834551139363854, "running_time": 380.3133964538574, "none_zero_ratio": 0.006666666666666667, "max_weight": 0.3984375, "min_weight": 0.03775477409362793}, "min_max_pulp": {"max_delay": 0.007575740141487922, "running_time": 239053.1461238861}}, "80": {"num_user": 300, "num_service": 41, "min_max_greedy": {"max_delay": 0.007592001237896753, "running_time": 43.03550720214844}, "min_max_equal_weight": {"max_delay": 0.007575740141487922, "running_time": 193.1591033935547}, "min_max_surrogate_relaxation": {"max_delay": 0.008136268218116674, "lower_bound": 0.003397322598638592, "running_time": 357.29479789733887, "none_zero_ratio": 0.006666666666666667, "max_weight": 0.3046875, "min_weight": 0.0627443790435791}, "min_max_pulp": {"max_delay": 0.006792156835267268, "running_time": 279399.4195461273}}, "90": {"num_user": 300, "num_service": 41, "min_max_greedy": {"max_delay": 0.006904355845383622, "running_time": 46.037912368774414}, "min_max_equal_weight": {"max_delay": 0.007288056127004137, "running_time": 193.1591033935547}, "min_max_surrogate_relaxation": {"max_delay": 0.006244402621930925, "lower_bound": 0.0036517943586988812, "running_time": 680.5610656738281, "none_zero_ratio": 0.013333333333333334, "max_weight": 0.25, "min_weight": 0.010524844295739522}, "min_max_pulp": {"max_delay": 0.005706562888146756, "running_time": 331286.2102985382}}, "100": {"num_user": 300, "num_service": 41, "min_max_greedy": {"max_delay": 0.005389163247426819, "running_time": 46.037912368774414}, "min_max_equal_weight": {"max_delay": 0.006861847388491103, "running_time": 194.15974617004395}, "min_max_surrogate_relaxation": {"max_delay": 0.004428555320901742, "lower_bound": 0.00292203226951344, "running_time": 1223.008632659912, "none_zero_ratio": 0.013333333333333334, "max_weight": 0.21605300903320312, "min_weight": 0.02734375}, "min_max_pulp": {"max_delay": 0.004428555320901742, "running_time": 379713.14787864685}}}