{"entropy": 183157205543999876374616307817451825873, "10": {"num_user": 300, "num_service": 41, "min_max_greedy": {"max_delay": 0.5074924839376336, "running_time": 18.014907836914062}, "min_max_equal_weight": {"max_delay": 0.5095358752814941, "running_time": 193.1595802307129}, "min_max_surrogate_relaxation": {"max_delay": 0.5090139873658388, "lower_bound": 0.5034462759292054, "running_time": 69.05698776245117, "none_zero_ratio": 0.0022222222222222222, "max_weight": 0.5, "min_weight": 0.5}, "min_max_pulp": {"max_delay": 0.5074924839376336, "running_time": 51762.68815994263}}, "20": {"num_user": 300, "num_service": 41, "min_max_greedy": {"max_delay": 0.062443750713656765, "running_time": 7.0056915283203125}, "min_max_equal_weight": {"max_delay": 0.062443750713656765, "running_time": 193.1593418121338}, "min_max_surrogate_relaxation": {"max_delay": 0.062443750713656765, "lower_bound": 0.22008626634994966, "running_time": 155.12776374816895, "none_zero_ratio": 0.0022222222222222222, "max_weight": 0.5, "min_weight": 0.5}, "min_max_pulp": {"max_delay": 0.062443750713656765, "running_time": 102649.65438842773}}, "30": {"num_user": 300, "num_service": 41, "min_max_greedy": {"max_delay": 0.02216835884560906, "running_time": 11.008977890014648}, "min_max_equal_weight": {"max_delay": 0.024026876623118035, "running_time": 190.15741348266602}, "min_max_surrogate_relaxation": {"max_delay": 0.020649421689633848, "lower_bound": 0.013405830710557835, "running_time": 81.06684684753418, "none_zero_ratio": 0.0044444444444444444, "max_weight": 0.5, "min_weight": 0.00537109375}, "min_max_pulp": {"max_delay": 0.020649421689633848, "running_time": 161737.38431930542}}, "40": {"num_user": 300, "num_service": 41, "min_max_greedy": {"max_delay": 0.01263780775888545, "running_time": 23.018836975097656}, "min_max_equal_weight": {"max_delay": 0.012717895243445269, "running_time": 191.15781784057617}, "min_max_surrogate_relaxation": {"max_delay": 0.01263780775888545, "lower_bound": 0.009790782803350568, "running_time": 326.26914978027344, "none_zero_ratio": 0.011111111111111112, "max_weight": 0.3472280502319336, "min_weight": 0.0024936580480527937}, "min_max_pulp": {"max_delay": 0.01263780775888545, "running_time": 230393.75829696655}}, "50": {"num_user": 300, "num_service": 41, "min_max_greedy": {"max_delay": 0.010108782731651738, "running_time": 27.022361755371094}, "min_max_equal_weight": {"max_delay": 0.011696835410276385, "running_time": 192.15846061706543}, "min_max_surrogate_relaxation": {"max_delay": 0.010108782731651738, "lower_bound": 0.006559155552673938, "running_time": 367.30289459228516, "none_zero_ratio": 0.011111111111111112, "max_weight": 0.25, "min_weight": 0.00863471726120224}, "min_max_pulp": {"max_delay": 0.010108782731651738, "running_time": 293322.9024410248}}, "60": {"num_user": 300, "num_service": 41, "min_max_greedy": {"max_delay": 0.009694896883618704, "running_time": 29.024124145507812}, "min_max_equal_weight": {"max_delay": 0.011696835410276385, "running_time": 192.15846061706543}, "min_max_surrogate_relaxation": {"max_delay": 0.009582146863562985, "lower_bound": 0.006180041505334292, "running_time": 659.5439910888672, "none_zero_ratio": 0.012222222222222223, "max_weight": 0.2230224609375, "min_weight": 0.016411615149092285}, "min_max_pulp": {"max_delay": 0.009039848934058096, "running_time": 382304.2845726013}}, "70": {"num_user": 300, "num_service": 41, "min_max_greedy": {"max_delay": 0.007767954269925721, "running_time": 34.02829170227051}, "min_max_equal_weight": {"max_delay": 0.007982933840988297, "running_time": 194.15998458862305}, "min_max_surrogate_relaxation": {"max_delay": 0.009201472963468231, "lower_bound": 0.004520280380540182, "running_time": 459.3789577484131, "none_zero_ratio": 0.005555555555555556, "max_weight": 0.3046875, "min_weight": 0.13698577880859375}, "min_max_pulp": {"max_delay": 0.00762571796422816, "running_time": 463959.6257209778}}, "80": {"num_user": 300, "num_service": 41, "min_max_greedy": {"max_delay": 0.006927531500118575, "running_time": 45.037269592285156}, "min_max_equal_weight": {"max_delay": 0.006877702910627583, "running_time": 194.16022300720215}, "min_max_surrogate_relaxation": {"max_delay": 0.0070617290444150195, "lower_bound": 0.00409119415695895, "running_time": 1066.8799877166748, "none_zero_ratio": 0.013333333333333334, "max_weight": 0.13671875, "min_weight": 0.041347090154886246}, "min_max_pulp": {"max_delay": 0.006877702910627583, "running_time": 650346.3380336761}}, "90": {"num_user": 300, "num_service": 41, "min_max_greedy": {"max_delay": 0.0056300305921580165, "running_time": 49.04031753540039}, "min_max_equal_weight": {"max_delay": 0.006811588755657841, "running_time": 195.1608657836914}, "min_max_surrogate_relaxation": {"max_delay": 0.005629844403300645, "lower_bound": 0.00362650852997869, "running_time": 1205.9948444366455, "none_zero_ratio": 0.012222222222222223, "max_weight": 0.5, "min_weight": 0.019612968673143882}, "min_max_pulp": {"max_delay": 0.0056300305921580165, "running_time": 687384.8831653595}}, "100": {"num_user": 300, "num_service": 41, "min_max_greedy": {"max_delay": 0.005081406513804128, "running_time": 59.04865264892578}, "min_max_equal_weight": {"max_delay": 0.006841847650726669, "running_time": 194.16022300720215}, "min_max_surrogate_relaxation": {"max_delay": 0.005629844403300645, "lower_bound": 0.0025360649834861872, "running_time": 671.5538501739502, "none_zero_ratio": 0.011111111111111112, "max_weight": 0.5, "min_weight": 0.02888179551518988}, "min_max_pulp": {"max_delay": 0.004973339011678764, "running_time": 976839.5955562592}}}