{"entropy": 37301814617435779174610994758302075361, "10": {"num_user": 300, "num_service": 41, "min_max_greedy": {"max_delay": 0.27124454114540836, "running_time": 11.008977890014648}, "min_max_equal_weight": {"max_delay": 0.27456798742024385, "running_time": 185.1522922515869}, "min_max_surrogate_relaxation": {"max_delay": 0.27124454114540836, "lower_bound": 0.2695675265944434, "running_time": 77.06356048583984, "none_zero_ratio": 0.0022222222222222222, "max_weight": 0.5, "min_weight": 0.5}, "min_max_pulp": {"max_delay": 0.27124454114540836, "running_time": 32040.42339324951}}, "20": {"num_user": 300, "num_service": 41, "min_max_greedy": {"max_delay": 0.05096449703291592, "running_time": 6.004810333251953}, "min_max_equal_weight": {"max_delay": 0.05096449703291592, "running_time": 186.15365028381348}, "min_max_surrogate_relaxation": {"max_delay": 0.05096449703291592, "lower_bound": 0.09693531743480878, "running_time": 100.0823974609375, "none_zero_ratio": 0.0022222222222222222, "max_weight": 0.5, "min_weight": 0.5}, "min_max_pulp": {"max_delay": 0.05096449703291592, "running_time": 60847.18060493469}}, "30": {"num_user": 300, "num_service": 41, "min_max_greedy": {"max_delay": 0.03191205584430029, "running_time": 14.011383056640625}, "min_max_equal_weight": {"max_delay": 0.032326775335736926, "running_time": 185.15324592590332}, "min_max_surrogate_relaxation": {"max_delay": 0.032326775335736926, "lower_bound": 0.026310375960850178, "running_time": 108.08920860290527, "none_zero_ratio": 0.005555555555555556, "max_weight": 0.6690673828125, "min_weight": 0.002162933349609375}, "min_max_pulp": {"max_delay": 0.03148863709888112, "running_time": 95061.39659881592}}, "40": {"num_user": 300, "num_service": 41, "min_max_greedy": {"max_delay": 0.02783880107650781, "running_time": 19.016027450561523}, "min_max_equal_weight": {"max_delay": 0.02935656591705332, "running_time": 188.1554126739502}, "min_max_surrogate_relaxation": {"max_delay": 0.0248945312092961, "lower_bound": 0.018065027262874428, "running_time": 115.09466171264648, "none_zero_ratio": 0.0033333333333333335, "max_weight": 0.75, "min_weight": 0.0703125}, "min_max_pulp": {"max_delay": 0.0248945312092961, "running_time": 130495.61905860901}}, "50": {"num_user": 300, "num_service": 41, "min_max_greedy": {"max_delay": 0.019087559492565825, "running_time": 20.0192928314209}, "min_max_equal_weight": {"max_delay": 0.023854689677211632, "running_time": 188.154935836792}, "min_max_surrogate_relaxation": {"max_delay": 0.01828752317460786, "lower_bound": 0.009597319934992852, "running_time": 125.10275840759277, "none_zero_ratio": 0.0044444444444444444, "max_weight": 0.403564453125, "min_weight": 0.041748046875}, "min_max_pulp": {"max_delay": 0.01828752317460786, "running_time": 169059.4220161438}}, "60": {"num_user": 300, "num_service": 41, "min_max_greedy": {"max_delay": 0.01604321210295991, "running_time": 21.01755142211914}, "min_max_equal_weight": {"max_delay": 0.01804771796048136, "running_time": 186.15365028381348}, "min_max_surrogate_relaxation": {"max_delay": 0.015490111587851381, "lower_bound": 0.006858237167264247, "running_time": 139.1148567199707, "none_zero_ratio": 0.0044444444444444444, "max_weight": 0.403564453125, "min_weight": 0.041748046875}, "min_max_pulp": {"max_delay": 0.014607783253943081, "running_time": 215081.39872550964}}, "70": {"num_user": 300, "num_service": 41, "min_max_greedy": {"max_delay": 0.011847352246660803, "running_time": 25.020599365234375}, "min_max_equal_weight": {"max_delay": 0.014061392006016625, "running_time": 189.15605545043945}, "min_max_surrogate_relaxation": {"max_delay": 0.011325539498199508, "lower_bound": 0.006308107290898185, "running_time": 274.22618865966797, "none_zero_ratio": 0.006666666666666667, "max_weight": 0.25, "min_weight": 0.04894137382507324}, "min_max_pulp": {"max_delay": 0.011325539498199508, "running_time": 256822.99971580505}}, "80": {"num_user": 300, "num_service": 41, "min_max_greedy": {"max_delay": 0.009182679668467482, "running_time": 37.03045845031738}, "min_max_equal_weight": {"max_delay": 0.01281131803038904, "running_time": 188.154935836792}, "min_max_surrogate_relaxation": {"max_delay": 0.010075465522571925, "lower_bound": 0.005072769535384081, "running_time": 402.3318290710449, "none_zero_ratio": 0.01, "max_weight": 0.5, "min_weight": 0.0143597226269776}, "min_max_pulp": {"max_delay": 0.009053882307298998, "running_time": 378749.3529319763}}, "90": {"num_user": 300, "num_service": 41, "min_max_greedy": {"max_delay": 0.008397351080694403, "running_time": 38.031816482543945}, "min_max_equal_weight": {"max_delay": 0.009053882307298998, "running_time": 186.15365028381348}, "min_max_surrogate_relaxation": {"max_delay": 0.007357509548609937, "lower_bound": 0.0038465899156452914, "running_time": 455.37567138671875, "none_zero_ratio": 0.006666666666666667, "max_weight": 0.25, "min_weight": 0.04502606391906738}, "min_max_pulp": {"max_delay": 0.007357509548609937, "running_time": 395337.033033371}}, "100": {"num_user": 300, "num_service": 41, "min_max_greedy": {"max_delay": 0.006903558174619214, "running_time": 43.035268783569336}, "min_max_equal_weight": {"max_delay": 0.009053882307298998, "running_time": 187.15429306030273}, "min_max_surrogate_relaxation": {"max_delay": 0.006694350471668016, "lower_bound": 0.003630948412457726, "running_time": 635.5245113372803, "none_zero_ratio": 0.01, "max_weight": 0.167266845703125, "min_weight": 0.06258993323626783}, "min_max_pulp": {"max_delay": 0.006278867359938763, "running_time": 479826.9774913788}}}