{"entropy": 36305040694996359281828029782642665540, "10": {"num_user": 300, "num_service": 41, "min_max_equal_weight": {"max_delay": 0.03851615730629421, "running_time": 44.0363883972168}}, "20": {"num_user": 300, "num_service": 41, "min_max_equal_weight": {"max_delay": 0.02938474325948911, "running_time": 45.037031173706055}}, "30": {"num_user": 300, "num_service": 41, "min_max_equal_weight": {"max_delay": 0.029194782975886815, "running_time": 50.04119873046875}}, "40": {"num_user": 300, "num_service": 41, "min_max_equal_weight": {"max_delay": 0.026069062245206723, "running_time": 54.044246673583984}}, "50": {"num_user": 300, "num_service": 41, "min_max_equal_weight": {"max_delay": 0.023780323357592344, "running_time": 63.05193901062012}}, "60": {"num_user": 300, "num_service": 41, "min_max_equal_weight": {"max_delay": 0.023687246717363865, "running_time": 57.04665184020996}}, "70": {"num_user": 300, "num_service": 41, "min_max_equal_weight": {"max_delay": 0.022945900478367073, "running_time": 61.0504150390625}}, "80": {"num_user": 300, "num_service": 41, "min_max_equal_weight": {"max_delay": 0.02280857590035654, "running_time": 71.05851173400879}}, "90": {"num_user": 300, "num_service": 41, "min_max_equal_weight": {"max_delay": 0.022556156998147232, "running_time": 63.05241584777832}}, "100": {"num_user": 300, "num_service": 41, "min_max_equal_weight": {"max_delay": 0.021807320690032057, "running_time": 65.05370140075684}}}