{"entropy": 227059822017735719624808352989222569864, "10": {"num_user": 300, "num_service": 41, "min_max_equal_weight": {"max_delay": 0.0908033565600818, "running_time": 44.036149978637695}}, "20": {"num_user": 300, "num_service": 41, "min_max_equal_weight": {"max_delay": 0.06324186664436401, "running_time": 48.040151596069336}}, "30": {"num_user": 300, "num_service": 41, "min_max_equal_weight": {"max_delay": 0.05113287950436413, "running_time": 53.04360389709473}}, "40": {"num_user": 300, "num_service": 41, "min_max_equal_weight": {"max_delay": 0.050926372699476086, "running_time": 54.044485092163086}}, "50": {"num_user": 300, "num_service": 41, "min_max_equal_weight": {"max_delay": 0.050926372699476086, "running_time": 56.0460090637207}}, "60": {"num_user": 300, "num_service": 41, "min_max_equal_weight": {"max_delay": 0.048495498946105255, "running_time": 58.04800987243652}}, "70": {"num_user": 300, "num_service": 41, "min_max_equal_weight": {"max_delay": 0.048394852489142055, "running_time": 71.05827331542969}}, "80": {"num_user": 300, "num_service": 41, "min_max_equal_weight": {"max_delay": 0.04593578200693357, "running_time": 63.051700592041016}}, "90": {"num_user": 300, "num_service": 41, "min_max_equal_weight": {"max_delay": 0.014566349727863524, "running_time": 53.04360389709473}}, "100": {"num_user": 300, "num_service": 41, "min_max_equal_weight": {"max_delay": 0.013672005182805919, "running_time": 59.04841423034668}}}