{"entropy": 276419068674508376347982647890639055245, "10": {"num_user": 300, "num_service": 41, "min_max_equal_weight": {"max_delay": 0.06691978496484673, "running_time": 40.03310203552246}}, "20": {"num_user": 300, "num_service": 41, "min_max_equal_weight": {"max_delay": 0.04773354602621516, "running_time": 46.037912368774414}}, "30": {"num_user": 300, "num_service": 41, "min_max_equal_weight": {"max_delay": 0.04113242500327949, "running_time": 48.03967475891113}}, "40": {"num_user": 300, "num_service": 41, "min_max_equal_weight": {"max_delay": 0.03173794146461475, "running_time": 50.04096031188965}}, "50": {"num_user": 300, "num_service": 41, "min_max_equal_weight": {"max_delay": 0.030251787865320772, "running_time": 55.045127868652344}}, "60": {"num_user": 300, "num_service": 41, "min_max_equal_weight": {"max_delay": 0.029548771553924248, "running_time": 57.04784393310547}}, "70": {"num_user": 300, "num_service": 41, "min_max_equal_weight": {"max_delay": 0.028010180621096753, "running_time": 58.04777145385742}}, "80": {"num_user": 300, "num_service": 41, "min_max_equal_weight": {"max_delay": 0.027881718484469395, "running_time": 74.06091690063477}}, "90": {"num_user": 300, "num_service": 41, "min_max_equal_weight": {"max_delay": 0.027211776385540648, "running_time": 66.0548210144043}}, "100": {"num_user": 300, "num_service": 41, "min_max_equal_weight": {"max_delay": 0.029004266103586564, "running_time": 63.05217742919922}}}