{"entropy": 268674555260636952550257047757362624657, "10": {"num_user": 300, "num_service": 41, "min_max_equal_weight": {"max_delay": 0.17339619222339245, "running_time": 44.0363883972168}}, "20": {"num_user": 300, "num_service": 41, "min_max_equal_weight": {"max_delay": 0.16906409655412774, "running_time": 45.03679275512695}}, "30": {"num_user": 300, "num_service": 41, "min_max_equal_weight": {"max_delay": 0.1641311608230733, "running_time": 58.04800987243652}}, "40": {"num_user": 300, "num_service": 41, "min_max_equal_weight": {"max_delay": 0.16362295588165887, "running_time": 53.04384231567383}}, "50": {"num_user": 300, "num_service": 41, "min_max_equal_weight": {"max_delay": 0.16259060560451297, "running_time": 54.04472351074219}}, "60": {"num_user": 300, "num_service": 41, "min_max_equal_weight": {"max_delay": 0.16135569950676243, "running_time": 69.05722618103027}}, "70": {"num_user": 300, "num_service": 41, "min_max_equal_weight": {"max_delay": 0.16107210440388076, "running_time": 62.05105781555176}}, "80": {"num_user": 300, "num_service": 41, "min_max_equal_weight": {"max_delay": 0.16042424056350324, "running_time": 66.0543441772461}}, "90": {"num_user": 300, "num_service": 41, "min_max_equal_weight": {"max_delay": 0.1601471735417215, "running_time": 63.051700592041016}}, "100": {"num_user": 300, "num_service": 41, "min_max_equal_weight": {"max_delay": 0.15900042616385382, "running_time": 73.06075096130371}}}