{"entropy": 239045973564857047479663275074736927939, "10": {"num_user": 300, "num_service": 41, "min_max_equal_weight": {"max_delay": 0.059158348707451666, "running_time": 43.03550720214844}}, "20": {"num_user": 300, "num_service": 41, "min_max_equal_weight": {"max_delay": 0.03686282544618166, "running_time": 54.04472351074219}}, "30": {"num_user": 300, "num_service": 41, "min_max_equal_weight": {"max_delay": 0.03390576407545524, "running_time": 55.04560470581055}}, "40": {"num_user": 300, "num_service": 41, "min_max_equal_weight": {"max_delay": 0.031057498001598547, "running_time": 51.041603088378906}}, "50": {"num_user": 300, "num_service": 41, "min_max_equal_weight": {"max_delay": 0.028559902800476114, "running_time": 54.044485092163086}}, "60": {"num_user": 300, "num_service": 41, "min_max_equal_weight": {"max_delay": 0.028428656469344147, "running_time": 62.05105781555176}}, "70": {"num_user": 300, "num_service": 41, "min_max_equal_weight": {"max_delay": 0.01636961080080474, "running_time": 59.04865264892578}}, "80": {"num_user": 300, "num_service": 41, "min_max_equal_weight": {"max_delay": 0.016175660628319037, "running_time": 58.04800987243652}}, "90": {"num_user": 300, "num_service": 41, "min_max_equal_weight": {"max_delay": 0.015217955056242962, "running_time": 60.04929542541504}}, "100": {"num_user": 300, "num_service": 41, "min_max_equal_weight": {"max_delay": 0.014162252677010823, "running_time": 63.051700592041016}}}