{"entropy": 257027550399013388746683837682732301112, "10": {"num_user": 300, "num_service": 41, "min_max_equal_weight": {"max_delay": 0.04747007529689744, "running_time": 48.03967475891113}}, "20": {"num_user": 300, "num_service": 41, "min_max_equal_weight": {"max_delay": 0.028506628822985075, "running_time": 48.03967475891113}}, "30": {"num_user": 300, "num_service": 41, "min_max_equal_weight": {"max_delay": 0.025144031015673952, "running_time": 53.04360389709473}}, "40": {"num_user": 300, "num_service": 41, "min_max_equal_weight": {"max_delay": 0.021518754345151814, "running_time": 53.04360389709473}}, "50": {"num_user": 300, "num_service": 41, "min_max_equal_weight": {"max_delay": 0.017863081541149222, "running_time": 53.04408073425293}}, "60": {"num_user": 300, "num_service": 41, "min_max_equal_weight": {"max_delay": 0.017438181155300353, "running_time": 57.047128677368164}}, "70": {"num_user": 300, "num_service": 41, "min_max_equal_weight": {"max_delay": 0.01643837142163644, "running_time": 58.04777145385742}}, "80": {"num_user": 300, "num_service": 41, "min_max_equal_weight": {"max_delay": 0.015499283927940314, "running_time": 66.05386734008789}}, "90": {"num_user": 300, "num_service": 41, "min_max_equal_weight": {"max_delay": 0.01484593000481865, "running_time": 65.05370140075684}}, "100": {"num_user": 300, "num_service": 41, "min_max_equal_weight": {"max_delay": 0.01484593000481865, "running_time": 66.05410575866699}}}