{"entropy": 90845997820404846023341893196178762401, "10": {"num_user": 300, "num_service": 41, "min_max_equal_weight": {"max_delay": 0.09687629386786134, "running_time": 44.036149978637695}}, "20": {"num_user": 300, "num_service": 41, "min_max_equal_weight": {"max_delay": 0.08781084187515784, "running_time": 52.04296112060547}}, "30": {"num_user": 300, "num_service": 41, "min_max_equal_weight": {"max_delay": 0.017452488678839646, "running_time": 49.04031753540039}}, "40": {"num_user": 300, "num_service": 41, "min_max_equal_weight": {"max_delay": 0.01701541898966708, "running_time": 52.04296112060547}}, "50": {"num_user": 300, "num_service": 41, "min_max_equal_weight": {"max_delay": 0.014655752112828362, "running_time": 55.04584312438965}}, "60": {"num_user": 300, "num_service": 41, "min_max_equal_weight": {"max_delay": 0.013724214886086664, "running_time": 59.04865264892578}}, "70": {"num_user": 300, "num_service": 41, "min_max_equal_weight": {"max_delay": 0.01158236066413776, "running_time": 69.05698776245117}}, "80": {"num_user": 300, "num_service": 41, "min_max_equal_weight": {"max_delay": 0.011266177207695112, "running_time": 72.05939292907715}}, "90": {"num_user": 300, "num_service": 41, "min_max_equal_weight": {"max_delay": 0.010691959981727754, "running_time": 67.05546379089355}}, "100": {"num_user": 300, "num_service": 41, "min_max_equal_weight": {"max_delay": 0.010204013422185205, "running_time": 68.05562973022461}}}