{"entropy": 219888990862474816401992832984488967279, "10": {"num_user": 300, "num_service": 41, "min_max_equal_weight": {"max_delay": 0.12244843307695749, "running_time": 43.035268783569336}}, "20": {"num_user": 300, "num_service": 41, "min_max_equal_weight": {"max_delay": 0.09412970211822239, "running_time": 46.037912368774414}}, "30": {"num_user": 300, "num_service": 41, "min_max_equal_weight": {"max_delay": 0.09051193838868687, "running_time": 48.039913177490234}}, "40": {"num_user": 300, "num_service": 41, "min_max_equal_weight": {"max_delay": 0.07090340522540882, "running_time": 51.04231834411621}}, "50": {"num_user": 300, "num_service": 41, "min_max_equal_weight": {"max_delay": 0.06867094134812211, "running_time": 79.06532287597656}}, "60": {"num_user": 300, "num_service": 41, "min_max_equal_weight": {"max_delay": 0.06772853849063216, "running_time": 55.045366287231445}}, "70": {"num_user": 300, "num_service": 41, "min_max_equal_weight": {"max_delay": 0.06772853849063216, "running_time": 57.047367095947266}}, "80": {"num_user": 300, "num_service": 41, "min_max_equal_weight": {"max_delay": 0.06765354690580738, "running_time": 61.0508918762207}}, "90": {"num_user": 300, "num_service": 41, "min_max_equal_weight": {"max_delay": 0.06695911515489095, "running_time": 62.05153465270996}}, "100": {"num_user": 300, "num_service": 41, "min_max_equal_weight": {"max_delay": 0.06562032194470795, "running_time": 64.05258178710938}}}