{"entropy": 187015234287220579941211703200581919039, "10": {"num_user": 300, "num_service": 41, "min_max_equal_weight": {"max_delay": 0.04863417693050132, "running_time": 51.04207992553711}}, "20": {"num_user": 300, "num_service": 41, "min_max_equal_weight": {"max_delay": 0.03728933916928917, "running_time": 75.06203651428223}}, "30": {"num_user": 300, "num_service": 41, "min_max_equal_weight": {"max_delay": 0.019032834961099167, "running_time": 51.04184150695801}}, "40": {"num_user": 300, "num_service": 41, "min_max_equal_weight": {"max_delay": 0.013522949793432586, "running_time": 53.04527282714844}}, "50": {"num_user": 300, "num_service": 41, "min_max_equal_weight": {"max_delay": 0.013122152152171804, "running_time": 63.05217742919922}}, "60": {"num_user": 300, "num_service": 41, "min_max_equal_weight": {"max_delay": 0.00973771577630416, "running_time": 64.05305862426758}}, "70": {"num_user": 300, "num_service": 41, "min_max_equal_weight": {"max_delay": 0.009521544855228773, "running_time": 66.0545825958252}}, "80": {"num_user": 300, "num_service": 41, "min_max_equal_weight": {"max_delay": 0.009423050565351546, "running_time": 77.06356048583984}}, "90": {"num_user": 300, "num_service": 41, "min_max_equal_weight": {"max_delay": 0.00897778303748127, "running_time": 70.05810737609863}}, "100": {"num_user": 300, "num_service": 41, "min_max_equal_weight": {"max_delay": 0.008554365151068225, "running_time": 76.06267929077148}}}