{"entropy": 258931181368782861699672105805678058698, "10": {"num_user": 300, "num_service": 41, "min_max_equal_weight": {"max_delay": 0.1014633135112039, "running_time": 46.037912368774414}}, "20": {"num_user": 300, "num_service": 41, "min_max_equal_weight": {"max_delay": 0.10109878806441383, "running_time": 61.0504150390625}}, "30": {"num_user": 300, "num_service": 41, "min_max_equal_weight": {"max_delay": 0.09499770048858003, "running_time": 53.043365478515625}}, "40": {"num_user": 300, "num_service": 41, "min_max_equal_weight": {"max_delay": 0.09183059294924453, "running_time": 54.044246673583984}}, "50": {"num_user": 300, "num_service": 41, "min_max_equal_weight": {"max_delay": 0.09146421221633727, "running_time": 57.047128677368164}}, "60": {"num_user": 300, "num_service": 41, "min_max_equal_weight": {"max_delay": 0.09030401841504211, "running_time": 95.07918357849121}}, "70": {"num_user": 300, "num_service": 41, "min_max_equal_weight": {"max_delay": 0.08909818771876035, "running_time": 64.05258178710938}}, "80": {"num_user": 300, "num_service": 41, "min_max_equal_weight": {"max_delay": 0.08851744158840509, "running_time": 97.08070755004883}}, "90": {"num_user": 300, "num_service": 41, "min_max_equal_weight": {"max_delay": 0.08729829396467706, "running_time": 78.0646800994873}}, "100": {"num_user": 300, "num_service": 41, "min_max_equal_weight": {"max_delay": 0.08708720538793822, "running_time": 90.07406234741211}}}