{"entropy": 99500714422450764710195947719783285926, "10": {"num_user": 300, "num_service": 41, "min_max_equal_weight": {"max_delay": 0.13657276309020103, "running_time": 43.035030364990234}}, "20": {"num_user": 300, "num_service": 41, "min_max_equal_weight": {"max_delay": 0.1275618264457219, "running_time": 48.040151596069336}}, "30": {"num_user": 300, "num_service": 41, "min_max_equal_weight": {"max_delay": 0.10947180331587422, "running_time": 47.03879356384277}}, "40": {"num_user": 300, "num_service": 41, "min_max_equal_weight": {"max_delay": 0.10897877681007465, "running_time": 52.04272270202637}}, "50": {"num_user": 300, "num_service": 41, "min_max_equal_weight": {"max_delay": 0.10897877681007465, "running_time": 53.04408073425293}}, "60": {"num_user": 300, "num_service": 41, "min_max_equal_weight": {"max_delay": 0.10617925790804293, "running_time": 61.0504150390625}}, "70": {"num_user": 300, "num_service": 41, "min_max_equal_weight": {"max_delay": 0.10617925790804293, "running_time": 60.04977226257324}}, "80": {"num_user": 300, "num_service": 41, "min_max_equal_weight": {"max_delay": 0.10599134944575964, "running_time": 60.04953384399414}}, "90": {"num_user": 300, "num_service": 41, "min_max_equal_weight": {"max_delay": 0.10537674307042252, "running_time": 63.05193901062012}}, "100": {"num_user": 300, "num_service": 41, "min_max_equal_weight": {"max_delay": 0.10505721177675055, "running_time": 79.06484603881836}}}