{"entropy": 167627516693237825838681435232133288646, "10": {"num_user": 300, "num_service": 41, "min_max_equal_weight": {"max_delay": 0.10453742281353352, "running_time": 61.0501766204834}}, "20": {"num_user": 300, "num_service": 41, "min_max_equal_weight": {"max_delay": 0.055957824050357166, "running_time": 48.03943634033203}}, "30": {"num_user": 300, "num_service": 41, "min_max_equal_weight": {"max_delay": 0.03806863064804634, "running_time": 50.04119873046875}}, "40": {"num_user": 300, "num_service": 41, "min_max_equal_weight": {"max_delay": 0.033877679980690065, "running_time": 56.04720115661621}}, "50": {"num_user": 300, "num_service": 41, "min_max_equal_weight": {"max_delay": 0.026340736902144644, "running_time": 58.04753303527832}}, "60": {"num_user": 300, "num_service": 41, "min_max_equal_weight": {"max_delay": 0.024638558991064038, "running_time": 63.05241584777832}}, "70": {"num_user": 300, "num_service": 41, "min_max_equal_weight": {"max_delay": 0.024638558991064038, "running_time": 65.05346298217773}}, "80": {"num_user": 300, "num_service": 41, "min_max_equal_weight": {"max_delay": 0.02406480603299825, "running_time": 72.05939292907715}}, "90": {"num_user": 300, "num_service": 41, "min_max_equal_weight": {"max_delay": 0.02406480603299825, "running_time": 67.05498695373535}}, "100": {"num_user": 300, "num_service": 41, "min_max_equal_weight": {"max_delay": 0.022893600367644016, "running_time": 69.05698776245117}}}