{"entropy": 125855946992921042446690883415511686259, "10": {"num_user": 300, "num_service": 41, "min_max_equal_weight": {"max_delay": 0.08783890693201518, "running_time": 45.03750801086426}}, "20": {"num_user": 300, "num_service": 41, "min_max_equal_weight": {"max_delay": 0.06698906044942864, "running_time": 48.03967475891113}}, "30": {"num_user": 300, "num_service": 41, "min_max_equal_weight": {"max_delay": 0.06435719258475618, "running_time": 50.04096031188965}}, "40": {"num_user": 300, "num_service": 41, "min_max_equal_weight": {"max_delay": 0.063868033761248, "running_time": 53.04384231567383}}, "50": {"num_user": 300, "num_service": 41, "min_max_equal_weight": {"max_delay": 0.06352782350932261, "running_time": 55.04560470581055}}, "60": {"num_user": 300, "num_service": 41, "min_max_equal_weight": {"max_delay": 0.06061673718842054, "running_time": 56.046485900878906}}, "70": {"num_user": 300, "num_service": 41, "min_max_equal_weight": {"max_delay": 0.05854761209546589, "running_time": 58.04800987243652}}, "80": {"num_user": 300, "num_service": 41, "min_max_equal_weight": {"max_delay": 0.058406329821634774, "running_time": 62.05105781555176}}, "90": {"num_user": 300, "num_service": 41, "min_max_equal_weight": {"max_delay": 0.05825857981919977, "running_time": 64.05282020568848}}, "100": {"num_user": 300, "num_service": 41, "min_max_equal_weight": {"max_delay": 0.05854761209546589, "running_time": 68.05586814880371}}}