{"entropy": 177911844207032117395612687302878020053, "10": {"num_user": 300, "num_service": 41, "min_max_equal_weight": {"max_delay": 0.07130014675717296, "running_time": 45.03750801086426}}, "20": {"num_user": 300, "num_service": 41, "min_max_equal_weight": {"max_delay": 0.06785191985356857, "running_time": 48.03967475891113}}, "30": {"num_user": 300, "num_service": 41, "min_max_equal_weight": {"max_delay": 0.041552922560004875, "running_time": 49.04031753540039}}, "40": {"num_user": 300, "num_service": 41, "min_max_equal_weight": {"max_delay": 0.03774808387532749, "running_time": 73.06051254272461}}, "50": {"num_user": 300, "num_service": 41, "min_max_equal_weight": {"max_delay": 0.03766397389474585, "running_time": 58.04777145385742}}, "60": {"num_user": 300, "num_service": 41, "min_max_equal_weight": {"max_delay": 0.034532980647808645, "running_time": 70.05786895751953}}, "70": {"num_user": 300, "num_service": 41, "min_max_equal_weight": {"max_delay": 0.0321152101574998, "running_time": 62.050819396972656}}, "80": {"num_user": 300, "num_service": 41, "min_max_equal_weight": {"max_delay": 0.03206701755710585, "running_time": 89.07318115234375}}, "90": {"num_user": 300, "num_service": 41, "min_max_equal_weight": {"max_delay": 0.029967018137046778, "running_time": 96.07934951782227}}, "100": {"num_user": 300, "num_service": 41, "min_max_equal_weight": {"max_delay": 0.02939310148665865, "running_time": 71.05875015258789}}}