{"entropy": 121786119304411924728611862394206163691, "10": {"num_user": 300, "num_service": 41, "min_max_equal_weight": {"max_delay": 0.12261911227292588, "running_time": 49.04031753540039}}, "20": {"num_user": 300, "num_service": 41, "min_max_equal_weight": {"max_delay": 0.11481753303959856, "running_time": 50.04119873046875}}, "30": {"num_user": 300, "num_service": 41, "min_max_equal_weight": {"max_delay": 0.10719179402320503, "running_time": 49.04031753540039}}, "40": {"num_user": 300, "num_service": 41, "min_max_equal_weight": {"max_delay": 0.10496415173273714, "running_time": 73.0600357055664}}, "50": {"num_user": 300, "num_service": 41, "min_max_equal_weight": {"max_delay": 0.10496415173273714, "running_time": 55.045366287231445}}, "60": {"num_user": 300, "num_service": 41, "min_max_equal_weight": {"max_delay": 0.10154205797427439, "running_time": 56.0460090637207}}, "70": {"num_user": 300, "num_service": 41, "min_max_equal_weight": {"max_delay": 0.10130614392499115, "running_time": 60.04977226257324}}, "80": {"num_user": 300, "num_service": 41, "min_max_equal_weight": {"max_delay": 0.09927305985245594, "running_time": 61.0501766204834}}, "90": {"num_user": 300, "num_service": 41, "min_max_equal_weight": {"max_delay": 0.09801841348933664, "running_time": 73.06027412414551}}, "100": {"num_user": 300, "num_service": 41, "min_max_equal_weight": {"max_delay": 0.10644219638207705, "running_time": 61.0504150390625}}}