{"entropy": 226474515429483781362231743719333035912, "10": {"num_user": 300, "num_service": 41, "min_max_equal_weight": {"max_delay": 0.041561958756317526, "running_time": 42.03462600708008}}, "20": {"num_user": 300, "num_service": 41, "min_max_equal_weight": {"max_delay": 0.03669951878045169, "running_time": 46.037912368774414}}, "30": {"num_user": 300, "num_service": 41, "min_max_equal_weight": {"max_delay": 0.0249932343360978, "running_time": 53.04360389709473}}, "40": {"num_user": 300, "num_service": 41, "min_max_equal_weight": {"max_delay": 0.023076940289502502, "running_time": 51.04231834411621}}, "50": {"num_user": 300, "num_service": 41, "min_max_equal_weight": {"max_delay": 0.019509020196112684, "running_time": 53.04431915283203}}, "60": {"num_user": 300, "num_service": 41, "min_max_equal_weight": {"max_delay": 0.01762736089307392, "running_time": 56.046247482299805}}, "70": {"num_user": 300, "num_service": 41, "min_max_equal_weight": {"max_delay": 0.017178704133751933, "running_time": 58.04753303527832}}, "80": {"num_user": 300, "num_service": 41, "min_max_equal_weight": {"max_delay": 0.016706666171530354, "running_time": 62.05129623413086}}, "90": {"num_user": 300, "num_service": 41, "min_max_equal_weight": {"max_delay": 0.01654240277938682, "running_time": 64.05282020568848}}, "100": {"num_user": 300, "num_service": 41, "min_max_equal_weight": {"max_delay": 0.01653037180544285, "running_time": 45.037031173706055}}}