{"10": {"min_max_greedy": {"max delay": [0.04571469505209469], "running time": [79.06532287597656]}, "min_max_pulp": {"max delay": [0.04571469505209469], "running time": [5006.133079528809]}}, "20": {"min_max_greedy": {"max delay": [0.03506630857398752], "running time": [135.11180877685547]}, "min_max_pulp": {"max delay": [0.03473987235233721], "running time": [10744.870901107788]}}, "30": {"min_max_greedy": {"max delay": [0.03388589496417423], "running time": [190.1571750640869]}, "min_max_pulp": {"max delay": [0.03310733961602489], "running time": [20327.78239250183]}}, "40": {"min_max_greedy": {"max delay": [0.03248793839111172], "running time": [245.20254135131836]}, "min_max_pulp": {"max delay": [0.028276652450478498], "running time": [23780.632257461548]}}, "50": {"min_max_greedy": {"max delay": [0.02841751510458778], "running time": [227.1878719329834]}, "min_max_pulp": {"max delay": [0.024038578927094392], "running time": [35646.42882347107]}}, "60": {"min_max_greedy": {"max delay": [0.02459736516248263], "running time": [279.23059463500977]}, "min_max_pulp": {"max delay": [0.022530964666800803], "running time": [49005.457401275635]}}, "70": {"min_max_greedy": {"max delay": [0.023670401997380953], "running time": [324.2676258087158]}, "min_max_pulp": {"max delay": [0.02139250583097078], "running time": [79882.08818435669]}}}