{"entropy": 62764960353425954198875082735709962989, "10": {"num_user": 400, "num_service": 41, "min_max_greedy": {"max_delay": 2.037831754312469, "running_time": 947.7791786193848}, "min_max_surrogate_relaxation": {"max_delay": 2.034135839738835, "lower_bound": 2.0220564962613805, "running_time": 9001.262187957764}, "min_max_equal_weight": {"max_delay": 2.037952745625645, "running_time": 612.5040054321289}, "min_max_pulp": {"max_delay": 2.034135839738835, "running_time": 61563.20405006409}}, "20": {"num_user": 400, "num_service": 41, "min_max_greedy": {"max_delay": 2.012939547331248, "running_time": 1466.869831085205}, "min_max_surrogate_relaxation": {"max_delay": 2.012939547331248, "lower_bound": 2.0095492396921872, "running_time": 26648.365020751953}, "min_max_equal_weight": {"max_delay": 2.0230368883846968, "running_time": 617.5086498260498}, "min_max_pulp": {"max_delay": 2.012939547331248, "running_time": 108980.5953502655}}, "30": {"num_user": 400, "num_service": 41, "min_max_greedy": {"max_delay": 2.0094947258862006, "running_time": 2181.7049980163574}, "min_max_surrogate_relaxation": {"max_delay": 2.0089929245388385, "lower_bound": 2.006304723935641, "running_time": 23991.127252578735}, "min_max_equal_weight": {"max_delay": 2.0089929245388385, "running_time": 616.5075302124023}, "min_max_pulp": {"max_delay": 2.0089929245388385, "running_time": 166348.42824935913}}, "40": {"num_user": 400, "num_service": 41, "min_max_greedy": {"max_delay": 2.0080455247347473, "running_time": 2539.0894412994385}, "min_max_surrogate_relaxation": {"max_delay": 2.007010161854521, "lower_bound": 2.0045517011972906, "running_time": 20401.004314422607}, "min_max_equal_weight": {"max_delay": 2.0089929245388385, "running_time": 615.5064105987549}, "min_max_pulp": {"max_delay": 2.007010161854521, "running_time": 226713.4108543396}}, "50": {"num_user": 400, "num_service": 41, "min_max_greedy": {"max_delay": 2.007509921759587, "running_time": 3090.543508529663}, "min_max_surrogate_relaxation": {"max_delay": 2.0065391852646326, "lower_bound": 2.0041107284132256, "running_time": 25918.654680252075}, "min_max_equal_weight": {"max_delay": 2.006385406811982, "running_time": 620.6247806549072}, "min_max_pulp": {"max_delay": 2.0059587329795256, "running_time": 290431.2071800232}}, "60": {"num_user": 400, "num_service": 41, "min_max_greedy": {"max_delay": 2.00720753425247, "running_time": 3349.008798599243}, "min_max_surrogate_relaxation": {"max_delay": 2.006015376531905, "lower_bound": 2.0033025430598137, "running_time": 22825.207471847534}, "min_max_equal_weight": {"max_delay": 2.006385406811982, "running_time": 626.5153884887695}, "min_max_pulp": {"max_delay": 2.005393332439715, "running_time": 369146.94714546204}}, "70": {"num_user": 400, "num_service": 41, "min_max_greedy": {"max_delay": 2.0059547370891577, "running_time": 3871.2501525878906}, "min_max_surrogate_relaxation": {"max_delay": 2.0050518815283076, "lower_bound": 2.0031633293636024, "running_time": 30363.08193206787}, "min_max_equal_weight": {"max_delay": 2.0058200062721716, "running_time": 623.5127449035645}, "min_max_pulp": {"max_delay": 2.00460627251315, "running_time": 438215.78669548035}}, "80": {"num_user": 400, "num_service": 41, "min_max_greedy": {"max_delay": 2.005423334242051, "running_time": 4193.508863449097}, "min_max_surrogate_relaxation": {"max_delay": 2.0042648216017427, "lower_bound": 2.002683344088043, "running_time": 26991.833686828613}, "min_max_equal_weight": {"max_delay": 2.005650569571524, "running_time": 656.5403938293457}, "min_max_pulp": {"max_delay": 2.004117133235169, "running_time": 526408.3766937256}}, "90": {"num_user": 400, "num_service": 41, "min_max_greedy": {"max_delay": 2.0038457466394752, "running_time": 5154.447317123413}, "min_max_surrogate_relaxation": {"max_delay": 2.004509137612879, "lower_bound": 2.0023025795259817, "running_time": 29747.97534942627}, "min_max_equal_weight": {"max_delay": 2.005650569571524, "running_time": 642.5282955169678}, "min_max_pulp": {"max_delay": 2.0037119350739627, "running_time": 615816.5001869202}}, "100": {"num_user": 400, "num_service": 41, "min_max_greedy": {"max_delay": 2.0032232996283006, "running_time": 5313.387393951416}, "min_max_surrogate_relaxation": {"max_delay": 2.004031268265289, "lower_bound": 2.002015479194353, "running_time": 29703.093767166138}, "min_max_equal_weight": {"max_delay": 2.003526029460493, "running_time": 632.0452690124512}, "min_max_pulp": {"max_delay": 2.002999997359451, "running_time": 704525.171995163}}}