{"entropy": 325760738496573883685802009518038721189, "10": {"num_user": 16, "num_service": 21, "min_max_greedy": {"max_delay": 0.13751642029545227, "running_time": 3.002643585205078}, "min_max_nn": {"max_delay": 0.13751642029545227, "running_time": 27.022600173950195}}, "20": {"num_user": 16, "num_service": 21, "min_max_greedy": {"max_delay": 0.08037716194888966, "running_time": 4.003286361694336}, "min_max_nn": {"max_delay": 0.07108067132653942, "running_time": 48.03967475891113}}, "30": {"num_user": 16, "num_service": 21, "min_max_greedy": {"max_delay": 0.047796721623407805, "running_time": 6.005048751831055}, "min_max_nn": {"max_delay": 0.05276350674883194, "running_time": 70.05786895751953}}, "40": {"num_user": 16, "num_service": 21, "min_max_greedy": {"max_delay": 0.0327776042501259, "running_time": 6.004810333251953}, "min_max_nn": {"max_delay": 0.039729388463019016, "running_time": 103.08504104614258}}, "50": {"num_user": 16, "num_service": 21, "min_max_greedy": {"max_delay": 0.03150301983771925, "running_time": 7.005453109741211}, "min_max_nn": {"max_delay": 0.03150301983771925, "running_time": 127.07066535949707}}, "60": {"num_user": 16, "num_service": 21, "min_max_greedy": {"max_delay": 0.023983298930438463, "running_time": 9.007692337036133}, "min_max_nn": {"max_delay": 0.02556394077077427, "running_time": 135.11109352111816}}, "70": {"num_user": 16, "num_service": 21, "min_max_greedy": {"max_delay": 0.021616257233208237, "running_time": 10.008096694946289}, "min_max_nn": {"max_delay": 0.01922822518484713, "running_time": 153.6693572998047}}, "80": {"num_user": 16, "num_service": 21, "min_max_greedy": {"max_delay": 0.014832380088158506, "running_time": 11.008977890014648}, "min_max_nn": {"max_delay": 0.014008940232326492, "running_time": 194.16022300720215}}, "90": {"num_user": 16, "num_service": 21, "min_max_greedy": {"max_delay": 0.012998308042968096, "running_time": 12.01009750366211}, "min_max_nn": {"max_delay": 0.012962855305862067, "running_time": 194.72455978393555}}, "100": {"num_user": 16, "num_service": 21, "min_max_greedy": {"max_delay": 0.01074948554635972, "running_time": 13.010740280151367}, "min_max_nn": {"max_delay": 0.009351869442193985, "running_time": 221.18306159973145}}}