{"entropy": 88232126289899682388548351018460501955, "10": {"num_user": 16, "num_service": 21, "min_max_greedy": {"max_delay": 0.11444694200880887, "running_time": 3.001689910888672}, "min_max_nn": {"max_delay": 0.11444694200880887, "running_time": 26.583194732666016}}, "20": {"num_user": 16, "num_service": 21, "min_max_greedy": {"max_delay": 0.06716781796490627, "running_time": 4.003763198852539}, "min_max_nn": {"max_delay": 0.07626712640742239, "running_time": 34.02829170227051}}, "30": {"num_user": 16, "num_service": 21, "min_max_greedy": {"max_delay": 0.05357383281722034, "running_time": 4.003047943115234}, "min_max_nn": {"max_delay": 0.07626712640742239, "running_time": 41.03398323059082}}, "40": {"num_user": 16, "num_service": 21, "min_max_greedy": {"max_delay": 0.04508925309295543, "running_time": 6.005287170410156}, "min_max_nn": {"max_delay": 0.051404516300509094, "running_time": 77.06356048583984}}, "50": {"num_user": 16, "num_service": 21, "min_max_greedy": {"max_delay": 0.03267400071126236, "running_time": 6.004571914672852}, "min_max_nn": {"max_delay": 0.0371520198631351, "running_time": 95.0782299041748}}, "60": {"num_user": 16, "num_service": 21, "min_max_greedy": {"max_delay": 0.029134727380317978, "running_time": 8.006811141967773}, "min_max_nn": {"max_delay": 0.03267400071126236, "running_time": 113.57331275939941}}, "70": {"num_user": 16, "num_service": 21, "min_max_greedy": {"max_delay": 0.03083977221698738, "running_time": 8.006095886230469}, "min_max_nn": {"max_delay": 0.02733191935214063, "running_time": 134.1109275817871}}, "80": {"num_user": 16, "num_service": 21, "min_max_greedy": {"max_delay": 0.02010924716824946, "running_time": 7.0056915283203125}, "min_max_nn": {"max_delay": 0.02010924716824946, "running_time": 158.97059440612793}}, "90": {"num_user": 16, "num_service": 21, "min_max_greedy": {"max_delay": 0.016396422551759868, "running_time": 10.008096694946289}, "min_max_nn": {"max_delay": 0.016396422551759868, "running_time": 188.05289268493652}}, "100": {"num_user": 16, "num_service": 21, "min_max_greedy": {"max_delay": 0.013259087548572116, "running_time": 10.008096694946289}, "min_max_nn": {"max_delay": 0.015002657002483958, "running_time": 180.14883995056152}}}