{"entropy": 25540934914791890283151506057814588538, "10": {"num_user": 16, "num_service": 21, "min_max_greedy": {"max_delay": 0.06365302785222202, "running_time": 2.0012855529785156}, "min_max_nn": {"max_delay": 0.06365302785222202, "running_time": 25.020599365234375}}, "20": {"num_user": 16, "num_service": 21, "min_max_greedy": {"max_delay": 0.05141471323853952, "running_time": 3.0024051666259766}, "min_max_nn": {"max_delay": 0.06365302785222202, "running_time": 37.03045845031738}}, "30": {"num_user": 16, "num_service": 21, "min_max_greedy": {"max_delay": 0.03704818165843568, "running_time": 5.004405975341797}, "min_max_nn": {"max_delay": 0.054015617132744075, "running_time": 64.60714340209961}}, "40": {"num_user": 16, "num_service": 21, "min_max_greedy": {"max_delay": 0.03332136431159626, "running_time": 6.004810333251953}, "min_max_nn": {"max_delay": 0.04293413045867095, "running_time": 90.07430076599121}}, "50": {"num_user": 16, "num_service": 21, "min_max_greedy": {"max_delay": 0.026622100904740688, "running_time": 7.0056915283203125}, "min_max_nn": {"max_delay": 0.033908858485914364, "running_time": 117.0966625213623}}, "60": {"num_user": 16, "num_service": 21, "min_max_greedy": {"max_delay": 0.01974029751600701, "running_time": 9.007453918457031}, "min_max_nn": {"max_delay": 0.021142007890027112, "running_time": 127.66861915588379}}, "70": {"num_user": 16, "num_service": 21, "min_max_greedy": {"max_delay": 0.018553057170170962, "running_time": 8.006811141967773}, "min_max_nn": {"max_delay": 0.014442744483171534, "running_time": 143.54705810546875}}, "80": {"num_user": 16, "num_service": 21, "min_max_greedy": {"max_delay": 0.01082128066882982, "running_time": 10.00833511352539}, "min_max_nn": {"max_delay": 0.011531374948854815, "running_time": 164.6749973297119}}, "90": {"num_user": 16, "num_service": 21, "min_max_greedy": {"max_delay": 0.00918517160597473, "running_time": 10.00833511352539}, "min_max_nn": {"max_delay": 0.009324113264436539, "running_time": 196.16222381591797}}, "100": {"num_user": 16, "num_service": 21, "min_max_greedy": {"max_delay": 0.007078432466596304, "running_time": 11.009454727172852}, "min_max_nn": {"max_delay": 0.00908294202776442, "running_time": 186.15388870239258}}}