{"entropy": 28479866647750204668026123600496314670, "10": {"num_user": 16, "num_service": 21, "min_max_greedy": {"max_delay": 0.09578877472645818, "running_time": 2.0017623901367188}, "min_max_nn": {"max_delay": 0.09456378981803618, "running_time": 17.0137882232666}}, "20": {"num_user": 16, "num_service": 21, "min_max_greedy": {"max_delay": 0.08121239726377878, "running_time": 3.0024051666259766}, "min_max_nn": {"max_delay": 0.0878313083216121, "running_time": 33.026695251464844}}, "30": {"num_user": 16, "num_service": 21, "min_max_greedy": {"max_delay": 0.06326404754096789, "running_time": 5.003452301025391}, "min_max_nn": {"max_delay": 0.0878313083216121, "running_time": 51.0408878326416}}, "40": {"num_user": 16, "num_service": 21, "min_max_greedy": {"max_delay": 0.04569966595154037, "running_time": 94.07734870910645}, "min_max_nn": {"max_delay": 0.05481408922532399, "running_time": 73.06027412414551}}, "50": {"num_user": 16, "num_service": 21, "min_max_greedy": {"max_delay": 0.03125685830349396, "running_time": 6.005048751831055}, "min_max_nn": {"max_delay": 0.043469169604249056, "running_time": 96.07934951782227}}, "60": {"num_user": 16, "num_service": 21, "min_max_greedy": {"max_delay": 0.024496340272901453, "running_time": 8.006572723388672}, "min_max_nn": {"max_delay": 0.028031059285813606, "running_time": 130.10740280151367}}, "70": {"num_user": 16, "num_service": 21, "min_max_greedy": {"max_delay": 0.023658778632854267, "running_time": 9.007453918457031}, "min_max_nn": {"max_delay": 0.022702157927118136, "running_time": 158.48827362060547}}, "80": {"num_user": 16, "num_service": 21, "min_max_greedy": {"max_delay": 0.01789238590662631, "running_time": 10.586261749267578}, "min_max_nn": {"max_delay": 0.01583272140607759, "running_time": 156.1288833618164}}, "90": {"num_user": 16, "num_service": 21, "min_max_greedy": {"max_delay": 0.014108599373282855, "running_time": 12.009859085083008}, "min_max_nn": {"max_delay": 0.015489410698193344, "running_time": 184.15212631225586}}, "100": {"num_user": 16, "num_service": 21, "min_max_greedy": {"max_delay": 0.012670622171893103, "running_time": 12.01009750366211}, "min_max_nn": {"max_delay": 0.012354391526280978, "running_time": 199.72896575927734}}}