{"entropy": 111073738801336980812492979573126000209, "10": {"num_user": 16, "num_service": 21, "min_max_greedy": {"max_delay": 0.07276660259227585, "running_time": 1.0006427764892578}, "min_max_nn": {"max_delay": 0.08992317375890664, "running_time": 19.015789031982422}}, "20": {"num_user": 16, "num_service": 21, "min_max_greedy": {"max_delay": 0.057444843041777036, "running_time": 5.003690719604492}, "min_max_nn": {"max_delay": 0.073841942093428, "running_time": 43.03550720214844}}, "30": {"num_user": 16, "num_service": 21, "min_max_greedy": {"max_delay": 0.035791249208661544, "running_time": 6.005048751831055}, "min_max_nn": {"max_delay": 0.06636209541974003, "running_time": 55.04465103149414}}, "40": {"num_user": 16, "num_service": 21, "min_max_greedy": {"max_delay": 0.031630225073710896, "running_time": 8.00633430480957}, "min_max_nn": {"max_delay": 0.04141272070553922, "running_time": 83.06884765625}}, "50": {"num_user": 16, "num_service": 21, "min_max_greedy": {"max_delay": 0.029952052364247715, "running_time": 8.00633430480957}, "min_max_nn": {"max_delay": 0.03444341313442646, "running_time": 122.1003532409668}}, "60": {"num_user": 16, "num_service": 21, "min_max_greedy": {"max_delay": 0.01729906545923606, "running_time": 10.008096694946289}, "min_max_nn": {"max_delay": 0.01729906545923606, "running_time": 166.1374568939209}}, "70": {"num_user": 16, "num_service": 21, "min_max_greedy": {"max_delay": 0.01214628639139805, "running_time": 9.007692337036133}, "min_max_nn": {"max_delay": 0.01117512378381717, "running_time": 178.1477928161621}}, "80": {"num_user": 16, "num_service": 21, "min_max_greedy": {"max_delay": 0.009051733352845889, "running_time": 11.010169982910156}, "min_max_nn": {"max_delay": 0.01090641690386535, "running_time": 211.03715896606445}}, "90": {"num_user": 16, "num_service": 21, "min_max_greedy": {"max_delay": 0.0076849328053841745, "running_time": 14.558553695678711}, "min_max_nn": {"max_delay": 0.009051733352845889, "running_time": 244.20166015625}}, "100": {"num_user": 16, "num_service": 21, "min_max_greedy": {"max_delay": 0.006325040022720403, "running_time": 15.012025833129883}, "min_max_nn": {"max_delay": 0.008323254887636482, "running_time": 268.7981128692627}}}