{"entropy": 91082104204619737989730802653268042751, "10": {"num_user": 16, "num_service": 21, "min_max_greedy": {"max_delay": 0.0864851993975072, "running_time": 1.0006427764892578}, "min_max_nn": {"max_delay": 0.0864851993975072, "running_time": 18.01466941833496}}, "20": {"num_user": 16, "num_service": 21, "min_max_greedy": {"max_delay": 0.05452994899788583, "running_time": 2.0012855529785156}, "min_max_nn": {"max_delay": 0.06849300552444665, "running_time": 34.02876853942871}}, "30": {"num_user": 16, "num_service": 21, "min_max_greedy": {"max_delay": 0.04226525795744863, "running_time": 4.003047943115234}, "min_max_nn": {"max_delay": 0.04766281729678966, "running_time": 44.0363883972168}}, "40": {"num_user": 16, "num_service": 21, "min_max_greedy": {"max_delay": 0.030695006070245816, "running_time": 4.003286361694336}, "min_max_nn": {"max_delay": 0.04518883377896417, "running_time": 58.04800987243652}}, "50": {"num_user": 16, "num_service": 21, "min_max_greedy": {"max_delay": 0.025210205246488482, "running_time": 5.004405975341797}, "min_max_nn": {"max_delay": 0.03721765464681821, "running_time": 79.06532287597656}}, "60": {"num_user": 16, "num_service": 21, "min_max_greedy": {"max_delay": 0.022831401180216673, "running_time": 6.004810333251953}, "min_max_nn": {"max_delay": 0.02288137804571745, "running_time": 100.0823974609375}}, "70": {"num_user": 16, "num_service": 21, "min_max_greedy": {"max_delay": 0.017459572967373306, "running_time": 7.0056915283203125}, "min_max_nn": {"max_delay": 0.02273778836916309, "running_time": 153.18846702575684}}, "80": {"num_user": 16, "num_service": 21, "min_max_greedy": {"max_delay": 0.012425383107197176, "running_time": 7.0056915283203125}, "min_max_nn": {"max_delay": 0.015111681754929447, "running_time": 157.12952613830566}}, "90": {"num_user": 16, "num_service": 21, "min_max_greedy": {"max_delay": 0.010402237571016984, "running_time": 8.00633430480957}, "min_max_nn": {"max_delay": 0.014004120014712174, "running_time": 157.69362449645996}}, "100": {"num_user": 16, "num_service": 21, "min_max_greedy": {"max_delay": 0.009169979082854487, "running_time": 10.00833511352539}, "min_max_nn": {"max_delay": 0.013013664028282381, "running_time": 171.1411476135254}}}