{"entropy": 47900544979955314074283659860461515245, "10": {"num_user": 16, "num_service": 21, "min_max_greedy": {"max_delay": 0.15703220364221837, "running_time": 4.003286361694336}, "min_max_nn": {"max_delay": 0.08194219443539895, "running_time": 39.0322208404541}}, "20": {"num_user": 16, "num_service": 21, "min_max_greedy": {"max_delay": 0.06424041004789902, "running_time": 4.003047943115234}, "min_max_nn": {"max_delay": 0.06460958206574058, "running_time": 74.06091690063477}}, "30": {"num_user": 16, "num_service": 21, "min_max_greedy": {"max_delay": 0.04907234643936132, "running_time": 6.004810333251953}, "min_max_nn": {"max_delay": 0.06460958206574058, "running_time": 73.61531257629395}}, "40": {"num_user": 16, "num_service": 21, "min_max_greedy": {"max_delay": 0.03515346366745885, "running_time": 6.005287170410156}, "min_max_nn": {"max_delay": 0.057322844292831056, "running_time": 74.06163215637207}}, "50": {"num_user": 16, "num_service": 21, "min_max_greedy": {"max_delay": 0.038628678731608204, "running_time": 7.0056915283203125}, "min_max_nn": {"max_delay": 0.04272161607831559, "running_time": 102.08439826965332}}, "60": {"num_user": 16, "num_service": 21, "min_max_greedy": {"max_delay": 0.023962652743370904, "running_time": 8.007049560546875}, "min_max_nn": {"max_delay": 0.031164657480447486, "running_time": 142.68112182617188}}, "70": {"num_user": 16, "num_service": 21, "min_max_greedy": {"max_delay": 0.020473340883164028, "running_time": 10.008811950683594}, "min_max_nn": {"max_delay": 0.018921881400856714, "running_time": 166.1369800567627}}, "80": {"num_user": 16, "num_service": 21, "min_max_greedy": {"max_delay": 0.017075153057339212, "running_time": 10.00833511352539}, "min_max_nn": {"max_delay": 0.014545995182098172, "running_time": 196.54178619384766}}, "90": {"num_user": 16, "num_service": 21, "min_max_greedy": {"max_delay": 0.012225808773626739, "running_time": 11.00921630859375}, "min_max_nn": {"max_delay": 0.012581594463226679, "running_time": 189.15605545043945}}, "100": {"num_user": 16, "num_service": 21, "min_max_greedy": {"max_delay": 0.008608634036475361, "running_time": 12.009859085083008}, "min_max_nn": {"max_delay": 0.01171740386236834, "running_time": 224.18522834777832}}}