{"entropy": 141288776088214904326090666273778981842, "10": {"num_user": 16, "num_service": 21, "min_max_greedy": {"max_delay": 0.2381059355234584, "running_time": 3.0024051666259766}, "min_max_nn": {"max_delay": 0.2381059355234584, "running_time": 27.8780460357666}}, "20": {"num_user": 16, "num_service": 21, "min_max_greedy": {"max_delay": 0.08869098472169291, "running_time": 3.002643585205078}, "min_max_nn": {"max_delay": 0.08869098472169291, "running_time": 52.042484283447266}}, "30": {"num_user": 16, "num_service": 21, "min_max_greedy": {"max_delay": 0.05790900447232475, "running_time": 2.001047134399414}, "min_max_nn": {"max_delay": 0.05790900447232475, "running_time": 53.04312705993652}}, "40": {"num_user": 16, "num_service": 21, "min_max_greedy": {"max_delay": 0.039778210712110317, "running_time": 5.0048828125}, "min_max_nn": {"max_delay": 0.05779109019189558, "running_time": 59.04889106750488}}, "50": {"num_user": 16, "num_service": 21, "min_max_greedy": {"max_delay": 0.03631654587387752, "running_time": 7.005929946899414}, "min_max_nn": {"max_delay": 0.05733544070137156, "running_time": 72.60751724243164}}, "60": {"num_user": 16, "num_service": 21, "min_max_greedy": {"max_delay": 0.02838647414630599, "running_time": 8.00633430480957}, "min_max_nn": {"max_delay": 0.02966330893609129, "running_time": 87.07213401794434}}, "70": {"num_user": 16, "num_service": 21, "min_max_greedy": {"max_delay": 0.02596535044789979, "running_time": 9.007453918457031}, "min_max_nn": {"max_delay": 0.02762050024343749, "running_time": 111.09137535095215}}, "80": {"num_user": 16, "num_service": 21, "min_max_greedy": {"max_delay": 0.020042273330642797, "running_time": 9.007692337036133}, "min_max_nn": {"max_delay": 0.021864446383778845, "running_time": 152.70733833312988}}, "90": {"num_user": 16, "num_service": 21, "min_max_greedy": {"max_delay": 0.015527704466843477, "running_time": 11.008739471435547}, "min_max_nn": {"max_delay": 0.017812119028471067, "running_time": 199.16439056396484}}, "100": {"num_user": 16, "num_service": 21, "min_max_greedy": {"max_delay": 0.013005388576101356, "running_time": 10.008096694946289}, "min_max_nn": {"max_delay": 0.01691057212778919, "running_time": 192.71039962768555}}}