{"entropy": 10762332856737902520567427340171630648, "10": {"num_user": 16, "num_service": 21, "min_max_greedy": {"max_delay": 0.18294618965386697, "running_time": 2.0012855529785156}, "min_max_nn": {"max_delay": 0.18294618965386697, "running_time": 41.03374481201172}}, "20": {"num_user": 16, "num_service": 21, "min_max_greedy": {"max_delay": 0.050388917069651935, "running_time": 5.004167556762695}, "min_max_nn": {"max_delay": 0.050388917069651935, "running_time": 64.05234336853027}}, "30": {"num_user": 16, "num_service": 21, "min_max_greedy": {"max_delay": 0.041078784041750825, "running_time": 6.005048751831055}, "min_max_nn": {"max_delay": 0.050388917069651935, "running_time": 63.05217742919922}}, "40": {"num_user": 16, "num_service": 21, "min_max_greedy": {"max_delay": 0.03179865151952899, "running_time": 9.007692337036133}, "min_max_nn": {"max_delay": 0.041078784041750825, "running_time": 92.07630157470703}}, "50": {"num_user": 16, "num_service": 21, "min_max_greedy": {"max_delay": 0.024232876808109295, "running_time": 9.007453918457031}, "min_max_nn": {"max_delay": 0.03767198455670458, "running_time": 116.09601974487305}}, "60": {"num_user": 16, "num_service": 21, "min_max_greedy": {"max_delay": 0.021098983596196372, "running_time": 8.00633430480957}, "min_max_nn": {"max_delay": 0.026624541201615837, "running_time": 123.10147285461426}}, "70": {"num_user": 16, "num_service": 21, "min_max_greedy": {"max_delay": 0.02036196015886633, "running_time": 10.00833511352539}, "min_max_nn": {"max_delay": 0.01732598539110896, "running_time": 152.12583541870117}}, "80": {"num_user": 16, "num_service": 21, "min_max_greedy": {"max_delay": 0.014293353237801284, "running_time": 11.008977890014648}, "min_max_nn": {"max_delay": 0.015273499956530375, "running_time": 184.15212631225586}}, "90": {"num_user": 16, "num_service": 21, "min_max_greedy": {"max_delay": 0.011248719606326653, "running_time": 12.009859085083008}, "min_max_nn": {"max_delay": 0.011578048215016921, "running_time": 226.18651390075684}}, "100": {"num_user": 16, "num_service": 21, "min_max_greedy": {"max_delay": 0.010121848959624362, "running_time": 13.010978698730469}, "min_max_nn": {"max_delay": 0.008684530289261042, "running_time": 261.2152099609375}}}