{"entropy": 21352022742942957548850243287811387083, "10": {"num_user": 16, "num_service": 21, "min_max_greedy": {"max_delay": 0.07082636925932255, "running_time": 4.003286361694336}, "min_max_nn": {"max_delay": 0.07156532939140861, "running_time": 32.02652931213379}}, "20": {"num_user": 16, "num_service": 21, "min_max_greedy": {"max_delay": 0.048930382630718174, "running_time": 3.002643585205078}, "min_max_nn": {"max_delay": 0.05758591262071605, "running_time": 40.03310203552246}}, "30": {"num_user": 16, "num_service": 21, "min_max_greedy": {"max_delay": 0.04187271696033062, "running_time": 5.003929138183594}, "min_max_nn": {"max_delay": 0.050528246950328495, "running_time": 54.044485092163086}}, "40": {"num_user": 16, "num_service": 21, "min_max_greedy": {"max_delay": 0.03919304009811532, "running_time": 6.005048751831055}, "min_max_nn": {"max_delay": 0.038124715443633404, "running_time": 92.07582473754883}}, "50": {"num_user": 16, "num_service": 21, "min_max_greedy": {"max_delay": 0.022577693899740972, "running_time": 7.005929946899414}, "min_max_nn": {"max_delay": 0.029031131368649935, "running_time": 124.10235404968262}}, "60": {"num_user": 16, "num_service": 21, "min_max_greedy": {"max_delay": 0.012411084113995854, "running_time": 10.008096694946289}, "min_max_nn": {"max_delay": 0.018219977620079406, "running_time": 143.11838150024414}}, "70": {"num_user": 16, "num_service": 21, "min_max_greedy": {"max_delay": 0.010507390722542271, "running_time": 10.00833511352539}, "min_max_nn": {"max_delay": 0.013870993004684362, "running_time": 164.69645500183105}}, "80": {"num_user": 16, "num_service": 21, "min_max_greedy": {"max_delay": 0.008881878751069522, "running_time": 12.01009750366211}, "min_max_nn": {"max_delay": 0.013870993004684362, "running_time": 172.14226722717285}}, "90": {"num_user": 16, "num_service": 21, "min_max_greedy": {"max_delay": 0.006803909933819382, "running_time": 12.01009750366211}, "min_max_nn": {"max_delay": 0.008781994689437338, "running_time": 262.7756595611572}}, "100": {"num_user": 16, "num_service": 21, "min_max_greedy": {"max_delay": 0.00577238975032668, "running_time": 15.012264251708984}, "min_max_nn": {"max_delay": 0.008246016509587853, "running_time": 271.2240219116211}}}