{"entropy": 163633868878566782794211237752506995614, "10": {"num_user": 16, "num_service": 21, "min_max_greedy": {"max_delay": 0.056614534067712816, "running_time": 2.0020008087158203}, "min_max_nn": {"max_delay": 0.056614534067712816, "running_time": 40.03286361694336}}, "20": {"num_user": 16, "num_service": 21, "min_max_greedy": {"max_delay": 0.04555958627352985, "running_time": 5.004167556762695}, "min_max_nn": {"max_delay": 0.08367762359820291, "running_time": 41.03374481201172}}, "30": {"num_user": 16, "num_service": 21, "min_max_greedy": {"max_delay": 0.04362146358050216, "running_time": 5.004405975341797}, "min_max_nn": {"max_delay": 0.07542458737870655, "running_time": 40.033578872680664}}, "40": {"num_user": 16, "num_service": 21, "min_max_greedy": {"max_delay": 0.0327515270261817, "running_time": 7.005929946899414}, "min_max_nn": {"max_delay": 0.05672350666430197, "running_time": 70.05810737609863}}, "50": {"num_user": 16, "num_service": 21, "min_max_greedy": {"max_delay": 0.026393603517463726, "running_time": 9.007453918457031}, "min_max_nn": {"max_delay": 0.03351701190266078, "running_time": 97.08023071289062}}, "60": {"num_user": 16, "num_service": 21, "min_max_greedy": {"max_delay": 0.018724151271757743, "running_time": 10.00833511352539}, "min_max_nn": {"max_delay": 0.031003607047397675, "running_time": 110.94856262207031}}, "70": {"num_user": 16, "num_service": 21, "min_max_greedy": {"max_delay": 0.01826501754524311, "running_time": 11.00921630859375}, "min_max_nn": {"max_delay": 0.031003607047397675, "running_time": 147.6914882659912}}, "80": {"num_user": 16, "num_service": 21, "min_max_greedy": {"max_delay": 0.017197636962666404, "running_time": 11.00921630859375}, "min_max_nn": {"max_delay": 0.01788543531707215, "running_time": 153.02801132202148}}, "90": {"num_user": 16, "num_service": 21, "min_max_greedy": {"max_delay": 0.01482854055613965, "running_time": 11.008977890014648}, "min_max_nn": {"max_delay": 0.01397270120246451, "running_time": 172.14226722717285}}, "100": {"num_user": 16, "num_service": 21, "min_max_greedy": {"max_delay": 0.0077080492853712655, "running_time": 14.011383056640625}, "min_max_nn": {"max_delay": 0.010983365450672529, "running_time": 203.16815376281738}}}