{"entropy": 11347435409406145697623189279884781727, "10": {"num_user": 16, "num_service": 21, "min_max_greedy": {"max_delay": 0.07716144938657539, "running_time": 3.0024051666259766}, "min_max_nn": {"max_delay": 0.07716144938657539, "running_time": 37.030696868896484}}, "20": {"num_user": 16, "num_service": 21, "min_max_greedy": {"max_delay": 0.053830921278112204, "running_time": 5.004405975341797}, "min_max_nn": {"max_delay": 0.07647388557299806, "running_time": 47.03855514526367}}, "30": {"num_user": 16, "num_service": 21, "min_max_greedy": {"max_delay": 0.036286990701046164, "running_time": 6.005287170410156}, "min_max_nn": {"max_delay": 0.0491588038926692, "running_time": 83.62746238708496}}, "40": {"num_user": 16, "num_service": 21, "min_max_greedy": {"max_delay": 0.0317527379915367, "running_time": 7.006168365478516}, "min_max_nn": {"max_delay": 0.049020849557233515, "running_time": 93.07622909545898}}, "50": {"num_user": 16, "num_service": 21, "min_max_greedy": {"max_delay": 0.024802129914135607, "running_time": 7.0056915283203125}, "min_max_nn": {"max_delay": 0.024221647371347764, "running_time": 114.09401893615723}}, "60": {"num_user": 16, "num_service": 21, "min_max_greedy": {"max_delay": 0.018867257236539203, "running_time": 9.007453918457031}, "min_max_nn": {"max_delay": 0.01895156977236685, "running_time": 136.67631149291992}}, "70": {"num_user": 16, "num_service": 21, "min_max_greedy": {"max_delay": 0.01720530177744503, "running_time": 10.00833511352539}, "min_max_nn": {"max_delay": 0.014760612659170926, "running_time": 158.7076187133789}}, "80": {"num_user": 16, "num_service": 21, "min_max_greedy": {"max_delay": 0.013700291116712757, "running_time": 12.009620666503906}, "min_max_nn": {"max_delay": 0.012575141318327921, "running_time": 187.93654441833496}}, "90": {"num_user": 16, "num_service": 21, "min_max_greedy": {"max_delay": 0.009997239373401311, "running_time": 12.01009750366211}, "min_max_nn": {"max_delay": 0.011745953614875656, "running_time": 213.17601203918457}}, "100": {"num_user": 16, "num_service": 21, "min_max_greedy": {"max_delay": 0.008087102324771799, "running_time": 14.011383056640625}, "min_max_nn": {"max_delay": 0.00819673866483424, "running_time": 214.7352695465088}}}