{"entropy": 51218950799434363142827044983418230608, "10": {"num_user": 16, "num_service": 21, "min_max_greedy": {"max_delay": 0.06963739103211959, "running_time": 2.001523971557617}, "min_max_nn": {"max_delay": 0.06963739103211959, "running_time": 32.567739486694336}}, "20": {"num_user": 16, "num_service": 21, "min_max_greedy": {"max_delay": 0.05307523557619668, "running_time": 5.004167556762695}, "min_max_nn": {"max_delay": 0.05757456904231638, "running_time": 49.04055595397949}}, "30": {"num_user": 16, "num_service": 21, "min_max_greedy": {"max_delay": 0.038711829412958566, "running_time": 6.004810333251953}, "min_max_nn": {"max_delay": 0.05757456904231638, "running_time": 49.040794372558594}}, "40": {"num_user": 16, "num_service": 21, "min_max_greedy": {"max_delay": 0.030199952681733234, "running_time": 6.005048751831055}, "min_max_nn": {"max_delay": 0.05313058173264472, "running_time": 62.05129623413086}}, "50": {"num_user": 16, "num_service": 21, "min_max_greedy": {"max_delay": 0.024860599286577037, "running_time": 8.006572723388672}, "min_max_nn": {"max_delay": 0.03096702402507352, "running_time": 105.0865650177002}}, "60": {"num_user": 16, "num_service": 21, "min_max_greedy": {"max_delay": 0.019479235276408467, "running_time": 10.00833511352539}, "min_max_nn": {"max_delay": 0.01861269448631863, "running_time": 148.12231063842773}}, "70": {"num_user": 16, "num_service": 21, "min_max_greedy": {"max_delay": 0.019914134877297256, "running_time": 10.007619857788086}, "min_max_nn": {"max_delay": 0.014395294909461568, "running_time": 157.12976455688477}}, "80": {"num_user": 16, "num_service": 21, "min_max_greedy": {"max_delay": 0.011607907974613082, "running_time": 12.009620666503906}, "min_max_nn": {"max_delay": 0.011895151890605917, "running_time": 192.72422790527344}}, "90": {"num_user": 16, "num_service": 21, "min_max_greedy": {"max_delay": 0.008916534686185367, "running_time": 12.009859085083008}, "min_max_nn": {"max_delay": 0.011895151890605917, "running_time": 201.16615295410156}}, "100": {"num_user": 16, "num_service": 21, "min_max_greedy": {"max_delay": 0.006802267985217328, "running_time": 14.011383056640625}, "min_max_nn": {"max_delay": 0.010586557461612899, "running_time": 238.7700080871582}}}