{"entropy": 10682397152756199148507961328239922452, "10": {"num_user": 16, "num_service": 21, "min_max_greedy": {"max_delay": 0.09927805321653298, "running_time": 2.0020008087158203}, "min_max_nn": {"max_delay": 0.09927805321653298, "running_time": 27.022123336791992}}, "20": {"num_user": 16, "num_service": 21, "min_max_greedy": {"max_delay": 0.07086221544011473, "running_time": 4.003286361694336}, "min_max_nn": {"max_delay": 0.07544997166925488, "running_time": 35.028696060180664}}, "30": {"num_user": 16, "num_service": 21, "min_max_greedy": {"max_delay": 0.052451367090925106, "running_time": 4.0035247802734375}, "min_max_nn": {"max_delay": 0.06733869130161356, "running_time": 46.038150787353516}}, "40": {"num_user": 16, "num_service": 21, "min_max_greedy": {"max_delay": 0.04725432569899312, "running_time": 4.003763198852539}, "min_max_nn": {"max_delay": 0.0485112011223846, "running_time": 69.05698776245117}}, "50": {"num_user": 16, "num_service": 21, "min_max_greedy": {"max_delay": 0.042158957015182894, "running_time": 6.004810333251953}, "min_max_nn": {"max_delay": 0.042331978948046446, "running_time": 82.06748962402344}}, "60": {"num_user": 16, "num_service": 21, "min_max_greedy": {"max_delay": 0.038948125832970616, "running_time": 8.00633430480957}, "min_max_nn": {"max_delay": 0.034694348585554785, "running_time": 96.07934951782227}}, "70": {"num_user": 16, "num_service": 21, "min_max_greedy": {"max_delay": 0.034202101871594885, "running_time": 7.005453109741211}, "min_max_nn": {"max_delay": 0.029829122157343367, "running_time": 117.0966625213623}}, "80": {"num_user": 16, "num_service": 21, "min_max_greedy": {"max_delay": 0.026206376767108283, "running_time": 7.0056915283203125}, "min_max_nn": {"max_delay": 0.026206376767108283, "running_time": 165.69972038269043}}, "90": {"num_user": 16, "num_service": 21, "min_max_greedy": {"max_delay": 0.018365168190697813, "running_time": 8.00633430480957}, "min_max_nn": {"max_delay": 0.018596028470614888, "running_time": 173.6156940460205}}, "100": {"num_user": 16, "num_service": 21, "min_max_greedy": {"max_delay": 0.01386251943473198, "running_time": 10.008096694946289}, "min_max_nn": {"max_delay": 0.014389152815700718, "running_time": 185.1518154144287}}}