{"10": {"min_max_greedy": {"max delay": [0.08494211615827982], "running time": [75.06179809570312]}, "min_max_pulp": {"max delay": [0.08494211615827982], "running time": [4151.427507400513]}}, "20": {"min_max_greedy": {"max delay": [0.07085992365534904], "running time": [107.08785057067871]}, "min_max_pulp": {"max delay": [0.06101812912933561], "running time": [7976.585149765015]}}, "30": {"min_max_greedy": {"max delay": [0.057897414181121584], "running time": [128.10587882995605]}, "min_max_pulp": {"max delay": [0.05461814161303657], "running time": [12927.672386169434]}}, "40": {"min_max_greedy": {"max delay": [0.057240902073647695], "running time": [127.1047592163086]}, "min_max_pulp": {"max delay": [0.05129787273811257], "running time": [18181.75196647644]}}, "50": {"min_max_greedy": {"max delay": [0.05504067284951092], "running time": [161.13042831420898]}, "min_max_pulp": {"max delay": [0.049421485533430835], "running time": [24237.009525299072]}}, "60": {"min_max_greedy": {"max delay": [0.04528982923288849], "running time": [149.1227149963379]}, "min_max_pulp": {"max delay": [0.04191158107172815], "running time": [29601.027965545654]}}, "70": {"min_max_greedy": {"max delay": [0.040942869014993256], "running time": [181.14948272705078]}, "min_max_pulp": {"max delay": [0.037197520154661524], "running time": [38247.575759887695]}}}