{"entropy": 176072471128064711020480516532580247641, "10": {"num_user": 200, "num_service": 264, "min_max_surrogate_relaxation": {"max_delay": 0.10959525996428277, "running_time": 59854.69174385071}}, "20": {"num_user": 200, "num_service": 264, "min_max_surrogate_relaxation": {"max_delay": 0.10406143058544574, "running_time": 167109.7354888916}}, "30": {"num_user": 200, "num_service": 264, "min_max_surrogate_relaxation": {"max_delay": 0.09548970311798681, "running_time": 292558.8855743408}}, "40": {"num_user": 200, "num_service": 264, "min_max_surrogate_relaxation": {"max_delay": 0.09433752187538486, "running_time": 338151.7369747162}}, "50": {"num_user": 200, "num_service": 264, "min_max_surrogate_relaxation": {"max_delay": 0.09433752187538486, "running_time": 507099.99918937683}}, "60": {"num_user": 200, "num_service": 264, "min_max_surrogate_relaxation": {"max_delay": 0.09072807634360758, "running_time": 680077.6073932648}}, "70": {"num_user": 200, "num_service": 264, "min_max_surrogate_relaxation": {"max_delay": 0.09054556930253908, "running_time": 414333.9846134186}}, "80": {"num_user": 200, "num_service": 264, "min_max_surrogate_relaxation": {"max_delay": 0.0899069290829405, "running_time": 302172.8675365448}}, "90": {"num_user": 200, "num_service": 264, "min_max_surrogate_relaxation": {"max_delay": 0.08862333714401034, "running_time": 551226.6345024109}}, "100": {"num_user": 200, "num_service": 264, "min_max_surrogate_relaxation": {"max_delay": 0.08620621530232903, "running_time": 622821.0723400116}}}