{"entropy": 301062729484847487697209845376235113166, "10": {"num_user": 200, "num_service": 255, "min_max_surrogate_relaxation": {"max_delay": 0.1413588691630519, "running_time": 120484.02690887451}}, "20": {"num_user": 200, "num_service": 255, "min_max_surrogate_relaxation": {"max_delay": 0.13923897686873213, "running_time": 101728.45602035522}}, "30": {"num_user": 200, "num_service": 255, "min_max_surrogate_relaxation": {"max_delay": 0.135550455564634, "running_time": 310343.16301345825}}, "40": {"num_user": 200, "num_service": 255, "min_max_surrogate_relaxation": {"max_delay": 0.12863440296115292, "running_time": 425145.96033096313}}, "50": {"num_user": 200, "num_service": 255, "min_max_surrogate_relaxation": {"max_delay": 0.12845765368926174, "running_time": 586459.8851203918}}, "60": {"num_user": 200, "num_service": 255, "min_max_surrogate_relaxation": {"max_delay": 0.12470169696718773, "running_time": 590169.9647903442}}, "70": {"num_user": 200, "num_service": 255, "min_max_surrogate_relaxation": {"max_delay": 0.12339202294428936, "running_time": 427950.2885341644}}, "80": {"num_user": 200, "num_service": 255, "min_max_surrogate_relaxation": {"max_delay": 0.11614810644854613, "running_time": 1067332.1101665497}}, "90": {"num_user": 200, "num_service": 255, "min_max_surrogate_relaxation": {"max_delay": 0.11726506630267554, "running_time": 1111094.4511890411}}, "100": {"num_user": 200, "num_service": 255, "min_max_surrogate_relaxation": {"max_delay": 0.11362594393744686, "running_time": 887048.436164856}}}