{"entropy": 226428070960699510914205331995011870515, "10": {"num_user": 100, "num_service": 133, "min_max_pulp": {"max_delay": 0.12917115483361324, "running_time": 4079.364776611328}}, "20": {"num_user": 100, "num_service": 133, "min_max_pulp": {"max_delay": 0.05156950936156788, "running_time": 7680.334568023682}}, "30": {"num_user": 100, "num_service": 133, "min_max_pulp": {"max_delay": 0.03494960554036856, "running_time": 12940.672874450684}}, "40": {"num_user": 100, "num_service": 133, "min_max_pulp": {"max_delay": 0.026265932425911208, "running_time": 18412.185192108154}}, "50": {"num_user": 100, "num_service": 133, "min_max_pulp": {"max_delay": 0.02060751826697716, "running_time": 27733.872890472412}}, "60": {"num_user": 100, "num_service": 133, "min_max_pulp": {"max_delay": 0.01870182501545857, "running_time": 40072.04842567444}}, "70": {"num_user": 100, "num_service": 133, "min_max_pulp": {"max_delay": 0.016711994272747888, "running_time": 85694.67258453369}}, "80": {"num_user": 100, "num_service": 133, "min_max_pulp": {"max_delay": 0.014624607879045457, "running_time": 170900.94566345215}}, "90": {"num_user": 100, "num_service": 133, "min_max_pulp": {"max_delay": 0.013360038387826971, "running_time": 141591.77088737488}}, "100": {"num_user": 100, "num_service": 133, "min_max_pulp": {"max_delay": 0.012782644965500667, "running_time": 356659.1360569}}}