{"entropy": 256393395068900109561356141677536933999, "10": {"num_user": 100, "num_service": 130, "min_max_pulp": {"max_delay": 0.23163739764989194, "running_time": 4047.337293624878}}, "20": {"num_user": 100, "num_service": 130, "min_max_pulp": {"max_delay": 0.2173588475907632, "running_time": 11861.782550811768}}, "30": {"num_user": 100, "num_service": 130, "min_max_pulp": {"max_delay": 0.08897612491740373, "running_time": 12832.58318901062}}, "40": {"num_user": 100, "num_service": 130, "min_max_pulp": {"max_delay": 0.05294555093620311, "running_time": 17554.476976394653}}, "50": {"num_user": 100, "num_service": 130, "min_max_pulp": {"max_delay": 0.03227966065181942, "running_time": 23421.315670013428}}, "60": {"num_user": 100, "num_service": 130, "min_max_pulp": {"max_delay": 0.020846273560109443, "running_time": 29675.4732131958}}, "70": {"num_user": 100, "num_service": 130, "min_max_pulp": {"max_delay": 0.018312199534082335, "running_time": 122244.8148727417}}, "80": {"num_user": 100, "num_service": 130, "min_max_pulp": {"max_delay": 0.015084696895443835, "running_time": 385154.6354293823}}, "90": {"num_user": 100, "num_service": 130, "min_max_pulp": {"max_delay": 0.013971269541006904, "running_time": 1849914.2196178436}}, "100": {"num_user": 100, "num_service": 130, "min_max_pulp": {"max_delay": 0.012631951935104163, "running_time": 1401490.8061027527}}}