{"10": {"min_max_greedy": {"max delay": [0.13383389843710186], "running time": [74.06091690063477]}, "min_max_pulp": {"max delay": [0.1152732476478136], "running time": [4520.732164382935]}}, "20": {"min_max_greedy": {"max delay": [0.06357087308793143], "running time": [124.08447265625]}, "min_max_pulp": {"max delay": [0.06357087308793143], "running time": [9392.754793167114]}}, "30": {"min_max_greedy": {"max delay": [0.057349477458751574], "running time": [127.10428237915039]}, "min_max_pulp": {"max delay": [0.057129523760769366], "running time": [15013.395309448242]}}, "40": {"min_max_greedy": {"max delay": [0.05101795621663816], "running time": [127.1047592163086]}, "min_max_pulp": {"max delay": [0.050936613662113515], "running time": [21150.460958480835]}}, "50": {"min_max_greedy": {"max delay": [0.04269913706841232], "running time": [159.13105010986328]}, "min_max_pulp": {"max delay": [0.04269913706841232], "running time": [28543.564558029175]}}, "60": {"min_max_greedy": {"max delay": [0.038176677206180565], "running time": [190.1566982269287]}, "min_max_pulp": {"max delay": [0.03627062915231132], "running time": [35810.564041137695]}}, "70": {"min_max_greedy": {"max delay": [0.03433843561624173], "running time": [254.2095184326172]}, "min_max_pulp": {"max delay": [0.03433843561624173], "running time": [51315.36412239075]}}}