{"10": {"min_max_greedy": {"max delay": [0.03717051205499013], "running time": [1872.5457191467285]}, "min_max_pulp": {"max delay": [0.035531496196304115], "running time": [70672.34516143799]}}, "20": {"min_max_greedy": {"max delay": [0.02294903827499659], "running time": [3000.4777908325195]}, "min_max_pulp": {"max delay": [0.02294903827499659], "running time": [128987.48898506165]}}, "30": {"min_max_greedy": {"max delay": [0.021461020144232155], "running time": [3914.231538772583]}, "min_max_pulp": {"max delay": [0.02077125338307499], "running time": [203137.7055644989]}}, "40": {"min_max_greedy": {"max delay": [0.019653050123774985], "running time": [4647.837162017822]}, "min_max_pulp": {"max delay": [0.01758696506242897], "running time": [274320.4720020294]}}, "50": {"min_max_greedy": {"max delay": [0.016367221960993696], "running time": [5858.836889266968]}, "min_max_pulp": {"max delay": [0.015957518252400826], "running time": [352076.6656398773]}}, "60": {"min_max_greedy": {"max delay": [0.015576439206026993], "running time": [6757.578611373901]}, "min_max_pulp": {"max delay": [0.015041810227840768], "running time": [450627.02655792236]}}, "70": {"min_max_greedy": {"max delay": [0.014780714034869658], "running time": [7825.460433959961]}, "min_max_pulp": {"max delay": [0.012771749013378037], "running time": [537384.6516609192]}}, "80": {"min_max_greedy": {"max delay": [0.013956397875755477], "running time": [8705.186605453491]}, "min_max_pulp": {"max delay": [0.011052077734914316], "running time": [634389.7361755371]}}, "90": {"min_max_greedy": {"max delay": [0.013293431084172523], "running time": [10255.46646118164]}, "min_max_pulp": {"max delay": [0.010035640390635833], "running time": [756969.9354171753]}}, "100": {"min_max_greedy": {"max delay": [0.0124801717140939], "running time": [11115.17596244812]}, "min_max_pulp": {"max delay": [0.009237028015946839], "running time": [891336.865901947]}}}