{"10": {"min_max_greedy": {"max delay": [0.04028043227739615], "running time": [2169.7914600372314]}, "min_max_pulp": {"max delay": [0.04009275628769117], "running time": [109993.80826950073]}}, "20": {"min_max_greedy": {"max delay": [0.03452403674752888], "running time": [2341.9337272644043]}, "min_max_pulp": {"max delay": [0.033582381201758556], "running time": [220258.8403224945]}}, "30": {"min_max_greedy": {"max delay": [0.02714286711411148], "running time": [3280.7087898254395]}, "min_max_pulp": {"max delay": [0.024844874703587573], "running time": [331596.7586040497]}}, "40": {"min_max_greedy": {"max delay": [0.02213358905266395], "running time": [4018.317222595215]}, "min_max_pulp": {"max delay": [0.02172050986846921], "running time": [469363.4948730469]}}, "50": {"min_max_greedy": {"max delay": [0.01978464601546796], "running time": [5485.527992248535]}, "min_max_pulp": {"max delay": [0.01884508607564127], "running time": [618190.3626918793]}}, "60": {"min_max_greedy": {"max delay": [0.016455460493001128], "running time": [6158.083915710449]}, "min_max_pulp": {"max delay": [0.016455460493001128], "running time": [789278.6083221436]}}, "70": {"min_max_greedy": {"max delay": [0.01608085658487201], "running time": [7386.098384857178]}, "min_max_pulp": {"max delay": [0.015385250411854793], "running time": [958056.9479465485]}}, "80": {"min_max_greedy": {"max delay": [0.015273209739207712], "running time": [8329.877138137817]}, "min_max_pulp": {"max delay": [0.015057236719082613], "running time": [1149084.6557617188]}}, "90": {"min_max_greedy": {"max delay": [0.01444077894588255], "running time": [9025.45189857483]}, "min_max_pulp": {"max delay": [0.014179993126504534], "running time": [1371024.884223938]}}, "100": {"min_max_greedy": {"max delay": [0.014049095906323745], "running time": [9913.18392753601]}, "min_max_pulp": {"max delay": [0.01391237777631584], "running time": [1579237.779378891]}}}