{"entropy": 89772491623645174009272190879908138755, "10": {"num_user": 200, "num_service": 41, "min_max_greedy": {"max_delay": 0.23570544504283192, "running_time": 193.1591033935547}, "min_max_surrogate_relaxation": {"max_delay": 0.23570544504283192, "lower_bound": 0.21508666214878802, "running_time": 2229.83455657959}, "min_max_equal_weight": {"max_delay": 0.23570544504283192, "running_time": 186.15460395812988}, "min_max_pulp": {"max_delay": 0.23570544504283192, "running_time": 12109.079599380493}}, "20": {"num_user": 200, "num_service": 41, "min_max_greedy": {"max_delay": 0.2079388039072701, "running_time": 331.2726020812988}, "min_max_surrogate_relaxation": {"max_delay": 0.20558484561383908, "lower_bound": 0.19518806291510007, "running_time": 2720.23868560791}, "min_max_equal_weight": {"max_delay": 0.20898082585147623, "running_time": 153.12623977661133}, "min_max_pulp": {"max_delay": 0.20558484561383908, "running_time": 20334.733963012695}}, "30": {"num_user": 200, "num_service": 41, "min_max_greedy": {"max_delay": 0.19967552272369773, "running_time": 423.34818840026855}, "min_max_surrogate_relaxation": {"max_delay": 0.20208714867700414, "lower_bound": 0.18787219591905507, "running_time": 3608.9744567871094}, "min_max_equal_weight": {"max_delay": 0.20898082585147623, "running_time": 158.13016891479492}, "min_max_pulp": {"max_delay": 0.1991243659852836, "running_time": 31406.986474990845}}, "40": {"num_user": 200, "num_service": 41, "min_max_greedy": {"max_delay": 0.19242491929506475, "running_time": 525.4321098327637}, "min_max_surrogate_relaxation": {"max_delay": 0.19297601204539575, "lower_bound": 0.1849581876006335, "running_time": 4555.748701095581}, "min_max_equal_weight": {"max_delay": 0.2071778748238118, "running_time": 157.12928771972656}, "min_max_pulp": {"max_delay": 0.19242491929506475, "running_time": 43681.947231292725}}, "50": {"num_user": 200, "num_service": 41, "min_max_greedy": {"max_delay": 0.1905231370301316, "running_time": 657.541036605835}, "min_max_surrogate_relaxation": {"max_delay": 0.11640903584639367, "lower_bound": 0.0876693957743393, "running_time": 1173.966407775879}, "min_max_equal_weight": {"max_delay": 0.19959265921452457, "running_time": 160.13193130493164}, "min_max_pulp": {"max_delay": 0.11640903584639367, "running_time": 55987.07389831543}}, "60": {"num_user": 200, "num_service": 41, "min_max_greedy": {"max_delay": 0.18891128087123973, "running_time": 753.6203861236572}, "min_max_surrogate_relaxation": {"max_delay": 0.06388769874416717, "lower_bound": 0.05386517800705101, "running_time": 1941.5977001190186}, "min_max_equal_weight": {"max_delay": 0.1883686439146379, "running_time": 163.13409805297852}, "min_max_pulp": {"max_delay": 0.0634875722528497, "running_time": 71170.56894302368}}, "70": {"num_user": 200, "num_service": 41, "min_max_greedy": {"max_delay": 0.04121654638130501, "running_time": 426.35083198547363}, "min_max_surrogate_relaxation": {"max_delay": 0.041928781420098434, "lower_bound": 0.04436559083138978, "running_time": 2388.965606689453}, "min_max_equal_weight": {"max_delay": 0.044966551014430756, "running_time": 154.11901473999023}, "min_max_pulp": {"max_delay": 0.04095651490035903, "running_time": 88260.23006439209}}, "80": {"num_user": 200, "num_service": 41, "min_max_greedy": {"max_delay": 0.036322890175382316, "running_time": 480.3953170776367}, "min_max_surrogate_relaxation": {"max_delay": 0.04030593058484486, "lower_bound": 0.018863907735635562, "running_time": 2094.7155952453613}, "min_max_equal_weight": {"max_delay": 0.04134206563347843, "running_time": 172.14035987854004}, "min_max_pulp": {"max_delay": 0.03323495682954976, "running_time": 104025.883436203}}, "90": {"num_user": 200, "num_service": 41, "min_max_greedy": {"max_delay": 0.03126033457306494, "running_time": 561.469316482544}, "min_max_surrogate_relaxation": {"max_delay": 0.030334119019533062, "lower_bound": 0.026112083051235975, "running_time": 3396.7955112457275}, "min_max_equal_weight": {"max_delay": 0.03323495682954976, "running_time": 160.13169288635254}, "min_max_pulp": {"max_delay": 0.029812711188130038, "running_time": 125123.83723258972}}, "100": {"num_user": 200, "num_service": 41, "min_max_greedy": {"max_delay": 0.02887237974072336, "running_time": 716.5899276733398}, "min_max_surrogate_relaxation": {"max_delay": 0.02989995782402899, "lower_bound": 0.017465363358706673, "running_time": 4658.833742141724}, "min_max_equal_weight": {"max_delay": 0.03195389899652676, "running_time": 163.13433647155762}, "min_max_pulp": {"max_delay": 0.025629693862206527, "running_time": 143837.36872673035}}}