{"entropy": 306980460724605763696257630823606843972, "10": {"num_user": 200, "num_service": 41, "min_max_greedy": {"max_delay": 0.1995805095905323, "running_time": 231.19020462036133}, "min_max_surrogate_relaxation": {"max_delay": 0.1995805095905323, "lower_bound": 0.15988537459998003, "running_time": 1883.5499286651611}, "min_max_equal_weight": {"max_delay": 0.1995805095905323, "running_time": 161.1325740814209}, "min_max_pulp": {"max_delay": 0.19620903639203305, "running_time": 12053.896188735962}}, "20": {"num_user": 200, "num_service": 41, "min_max_greedy": {"max_delay": 0.1463810397208438, "running_time": 369.30394172668457}, "min_max_surrogate_relaxation": {"max_delay": 0.1463810397208438, "lower_bound": 0.11730512412656745, "running_time": 4449.66197013855}, "min_max_equal_weight": {"max_delay": 0.1599567064070904, "running_time": 154.1271209716797}, "min_max_pulp": {"max_delay": 0.14535441065387367, "running_time": 22634.626865386963}}, "30": {"num_user": 200, "num_service": 41, "min_max_greedy": {"max_delay": 0.12430789605507651, "running_time": 460.37912368774414}, "min_max_surrogate_relaxation": {"max_delay": 0.12415604641628619, "lower_bound": 0.10646741674356645, "running_time": 5957.902669906616}, "min_max_equal_weight": {"max_delay": 0.12848962178865528, "running_time": 158.12993049621582}, "min_max_pulp": {"max_delay": 0.12415604641628619, "running_time": 36496.034145355225}}, "40": {"num_user": 200, "num_service": 41, "min_max_greedy": {"max_delay": 0.10769642212270104, "running_time": 570.4696178436279}, "min_max_surrogate_relaxation": {"max_delay": 0.10769642212270104, "lower_bound": 0.09922747544849063, "running_time": 5629.6327114105225}, "min_max_equal_weight": {"max_delay": 0.12200931219843589, "running_time": 158.13016891479492}, "min_max_pulp": {"max_delay": 0.10761998531529877, "running_time": 49137.436866760254}}, "50": {"num_user": 200, "num_service": 41, "min_max_greedy": {"max_delay": 0.09685214241665423, "running_time": 782.6440334320068}, "min_max_surrogate_relaxation": {"max_delay": 0.09685214241665423, "lower_bound": 0.09498081528040478, "running_time": 10636.753559112549}, "min_max_equal_weight": {"max_delay": 0.10595271228260819, "running_time": 160.13145446777344}, "min_max_pulp": {"max_delay": 0.09685214241665423, "running_time": 63080.91187477112}}, "60": {"num_user": 200, "num_service": 41, "min_max_greedy": {"max_delay": 0.09561307821563264, "running_time": 833.686113357544}, "min_max_surrogate_relaxation": {"max_delay": 0.1024153270800623, "lower_bound": 0.08976438222160808, "running_time": 3519.8965072631836}, "min_max_equal_weight": {"max_delay": 0.10576366207466746, "running_time": 164.13497924804688}, "min_max_pulp": {"max_delay": 0.0945502985476609, "running_time": 80213.01007270813}}, "70": {"num_user": 200, "num_service": 41, "min_max_greedy": {"max_delay": 0.09452160315305523, "running_time": 945.7783699035645}, "min_max_surrogate_relaxation": {"max_delay": 0.10242137118554806, "lower_bound": 0.04159397539939822, "running_time": 1664.3693447113037}, "min_max_equal_weight": {"max_delay": 0.09510843257656139, "running_time": 163.13409805297852}, "min_max_pulp": {"max_delay": 0.09119054863083059, "running_time": 98571.11692428589}}, "80": {"num_user": 200, "num_service": 41, "min_max_greedy": {"max_delay": 0.09343937256970937, "running_time": 1098.9041328430176}, "min_max_surrogate_relaxation": {"max_delay": 0.08582793883077769, "lower_bound": 0.029057242815273762, "running_time": 1653.360366821289}, "min_max_equal_weight": {"max_delay": 0.09829085556711992, "running_time": 165.13609886169434}, "min_max_pulp": {"max_delay": 0.07229853241941955, "running_time": 114590.30032157898}}, "90": {"num_user": 200, "num_service": 41, "min_max_greedy": {"max_delay": 0.0928741276507746, "running_time": 1167.9608821868896}, "min_max_surrogate_relaxation": {"max_delay": 0.07107322521942898, "lower_bound": 0.024884957102122567, "running_time": 2133.755683898926}, "min_max_equal_weight": {"max_delay": 0.0945502985476609, "running_time": 165.13609886169434}, "min_max_pulp": {"max_delay": 0.056148223153687254, "running_time": 133028.47361564636}}, "100": {"num_user": 200, "num_service": 41, "min_max_greedy": {"max_delay": 0.045380380255042714, "running_time": 776.6389846801758}, "min_max_surrogate_relaxation": {"max_delay": 0.07245495552265638, "lower_bound": 0.017420745390067813, "running_time": 1670.3746318817139}, "min_max_equal_weight": {"max_delay": 0.0943320617121135, "running_time": 177.14571952819824}, "min_max_pulp": {"max_delay": 0.045380380255042714, "running_time": 155837.24403381348}}}