{"entropy": 125814791524265263217979527845788161598, "10": {"num_user": 200, "num_service": 41, "min_max_greedy": {"max_delay": 0.05262101730040593, "running_time": 226.18651390075684}, "min_max_surrogate_relaxation": {"max_delay": 0.04958915887515561, "lower_bound": 0.037054740523367324, "running_time": 1492.2277927398682}, "min_max_equal_weight": {"max_delay": 0.04958915887515561, "running_time": 151.1247158050537}, "min_max_pulp": {"max_delay": 0.04958915887515561, "running_time": 14720.11399269104}}, "20": {"num_user": 200, "num_service": 41, "min_max_greedy": {"max_delay": 0.037187368547470026, "running_time": 355.29232025146484}, "min_max_surrogate_relaxation": {"max_delay": 0.03422670295566542, "lower_bound": 0.026547615208837697, "running_time": 5616.621971130371}, "min_max_equal_weight": {"max_delay": 0.036585038971032297, "running_time": 158.13016891479492}, "min_max_pulp": {"max_delay": 0.03396049927359398, "running_time": 28977.8470993042}}, "30": {"num_user": 200, "num_service": 41, "min_max_greedy": {"max_delay": 0.03028655705660205, "running_time": 505.4159164428711}, "min_max_surrogate_relaxation": {"max_delay": 0.02882082593408145, "lower_bound": 0.02158070737950656, "running_time": 9424.756288528442}, "min_max_equal_weight": {"max_delay": 0.030000798695496256, "running_time": 156.1281681060791}, "min_max_pulp": {"max_delay": 0.02845783444815814, "running_time": 45097.11170196533}}, "40": {"num_user": 200, "num_service": 41, "min_max_greedy": {"max_delay": 0.024704071943067205, "running_time": 582.4794769287109}, "min_max_surrogate_relaxation": {"max_delay": 0.024927258482272258, "lower_bound": 0.017184654550103127, "running_time": 4195.452690124512}, "min_max_equal_weight": {"max_delay": 0.0250326124693544, "running_time": 156.1284065246582}, "min_max_pulp": {"max_delay": 0.024408137480308394, "running_time": 62404.35481071472}}, "50": {"num_user": 200, "num_service": 41, "min_max_greedy": {"max_delay": 0.023175627705068532, "running_time": 747.6155757904053}, "min_max_surrogate_relaxation": {"max_delay": 0.022418393700027663, "lower_bound": 0.015860595095059535, "running_time": 4408.628225326538}, "min_max_equal_weight": {"max_delay": 0.022612573441664122, "running_time": 160.13193130493164}, "min_max_pulp": {"max_delay": 0.020835972163956593, "running_time": 82821.15626335144}}, "60": {"num_user": 200, "num_service": 41, "min_max_greedy": {"max_delay": 0.020041538009115435, "running_time": 888.7314796447754}, "min_max_surrogate_relaxation": {"max_delay": 0.021988085793173323, "lower_bound": 0.014713476799623607, "running_time": 4527.725696563721}, "min_max_equal_weight": {"max_delay": 0.02243346869031549, "running_time": 162.13321685791016}, "min_max_pulp": {"max_delay": 0.019224770584530114, "running_time": 104405.91931343079}}, "70": {"num_user": 200, "num_service": 41, "min_max_greedy": {"max_delay": 0.01808825010089049, "running_time": 1038.8553142547607}, "min_max_surrogate_relaxation": {"max_delay": 0.017870698340852996, "lower_bound": 0.014437980946721012, "running_time": 7516.185522079468}, "min_max_equal_weight": {"max_delay": 0.02243346869031549, "running_time": 177.14548110961914}, "min_max_pulp": {"max_delay": 0.017178731987081974, "running_time": 127544.96145248413}}, "80": {"num_user": 200, "num_service": 41, "min_max_greedy": {"max_delay": 0.016986144115485095, "running_time": 1145.9431648254395}, "min_max_surrogate_relaxation": {"max_delay": 0.016638258325970844, "lower_bound": 0.013688047771934459, "running_time": 8434.941291809082}, "min_max_equal_weight": {"max_delay": 0.019772348021923944, "running_time": 167.13762283325195}, "min_max_pulp": {"max_delay": 0.015903475207009042, "running_time": 154561.19418144226}}, "90": {"num_user": 200, "num_service": 41, "min_max_greedy": {"max_delay": 0.015466626729974073, "running_time": 1347.1086025238037}, "min_max_surrogate_relaxation": {"max_delay": 0.015344529373858285, "lower_bound": 0.013288710150303482, "running_time": 14678.07936668396}, "min_max_equal_weight": {"max_delay": 0.015665758041458117, "running_time": 167.13786125183105}, "min_max_pulp": {"max_delay": 0.014771952255663256, "running_time": 180767.76003837585}}, "100": {"num_user": 200, "num_service": 41, "min_max_greedy": {"max_delay": 0.015105807673724166, "running_time": 1454.1966915130615}, "min_max_surrogate_relaxation": {"max_delay": 0.015449599499860401, "lower_bound": 0.012543860049762611, "running_time": 7007.766962051392}, "min_max_equal_weight": {"max_delay": 0.014904024492682381, "running_time": 169.13914680480957}, "min_max_pulp": {"max_delay": 0.01383111395553889, "running_time": 205014.7144794464}}}