{"entropy": 46719274146411344359945208295544518070, "10": {"num_user": 100, "num_service": 139, "min_max_greedy": {"max_delay": 0.15116323638320112, "running_time": 22.0181941986084}, "min_max_equal_weight": {"max_delay": 0.13257801498711838, "running_time": 12.009382247924805}, "min_max_surrogate_relaxation": {"max_delay": 0.15642756957418677, "running_time": 144.1197395324707}, "min_max_pulp": {"max_delay": 0.13009209458366472, "running_time": 4679.878234863281}}, "20": {"num_user": 100, "num_service": 139, "min_max_greedy": {"max_delay": 0.130134779141551, "running_time": 29.024362564086914}, "min_max_equal_weight": {"max_delay": 0.1308898429441076, "running_time": 16.013145446777344}, "min_max_surrogate_relaxation": {"max_delay": 0.12840392254065394, "running_time": 324.2688179016113}, "min_max_pulp": {"max_delay": 0.12429944941323692, "running_time": 11473.628282546997}}, "30": {"num_user": 100, "num_service": 139, "min_max_greedy": {"max_delay": 0.12076500926329546, "running_time": 43.035030364990234}, "min_max_equal_weight": {"max_delay": 0.12821562842078157, "running_time": 19.016265869140625}, "min_max_surrogate_relaxation": {"max_delay": 0.12492494468528244, "running_time": 354.2928695678711}, "min_max_pulp": {"max_delay": 0.11528841379079165, "running_time": 21962.19801902771}}, "40": {"num_user": 100, "num_service": 139, "min_max_greedy": {"max_delay": 0.1084091745645029, "running_time": 53.04431915283203}, "min_max_equal_weight": {"max_delay": 0.12821562842078157, "running_time": 20.01643180847168}, "min_max_surrogate_relaxation": {"max_delay": 0.1278898429441076, "running_time": 832.6897621154785}, "min_max_pulp": {"max_delay": 0.10548056151983032, "running_time": 23708.645343780518}}, "50": {"num_user": 100, "num_service": 139, "min_max_greedy": {"max_delay": 0.1048080348341776, "running_time": 61.0504150390625}, "min_max_equal_weight": {"max_delay": 0.11641194762790852, "running_time": 21.01731300354004}, "min_max_surrogate_relaxation": {"max_delay": 0.12492599859039263, "running_time": 1157.9596996307373}, "min_max_pulp": {"max_delay": 0.10130815077676994, "running_time": 31775.32911300659}}, "60": {"num_user": 100, "num_service": 139, "min_max_greedy": {"max_delay": 0.10405453499223079, "running_time": 72.05939292907715}, "min_max_equal_weight": {"max_delay": 0.10236636294922004, "running_time": 22.0181941986084}, "min_max_surrogate_relaxation": {"max_delay": 0.10424282911210316, "running_time": 1268.0509090423584}, "min_max_pulp": {"max_delay": 0.09655076848936969, "running_time": 40173.28858375549}}, "70": {"num_user": 100, "num_service": 139, "min_max_greedy": {"max_delay": 0.10127050313318073, "running_time": 76.06315612792969}, "min_max_equal_weight": {"max_delay": 0.09880861155332327, "running_time": 24.019479751586914}, "min_max_surrogate_relaxation": {"max_delay": 0.11533079170451556, "running_time": 460.38126945495605}, "min_max_pulp": {"max_delay": 0.09525319803721395, "running_time": 552178.5416603088}}, "80": {"num_user": 100, "num_service": 139, "min_max_greedy": {"max_delay": 0.10119824477775494, "running_time": 83.06884765625}, "min_max_equal_weight": {"max_delay": 0.09880861155332327, "running_time": 27.022361755371094}, "min_max_surrogate_relaxation": {"max_delay": 0.10845836339323002, "running_time": 2073.718547821045}, "min_max_pulp": {"max_delay": 0.09383539858040496, "running_time": 1842943.0866241455}}, "90": {"num_user": 100, "num_service": 139, "min_max_greedy": {"max_delay": 0.09911844042446094, "running_time": 96.08030319213867}, "min_max_equal_weight": {"max_delay": 0.09682449493013526, "running_time": 28.02300453186035}, "min_max_surrogate_relaxation": {"max_delay": 0.11330955667617909, "running_time": 1614.33744430542}, "min_max_pulp": {"max_delay": 0.09098893997509418, "running_time": 1851263.994216919}}, "100": {"num_user": 100, "num_service": 139, "min_max_greedy": {"max_delay": 0.0961487101325215, "running_time": 98.08135032653809}, "min_max_equal_weight": {"max_delay": 0.09682449493013526, "running_time": 29.024600982666016}, "min_max_surrogate_relaxation": {"max_delay": 0.1320277760757959, "running_time": 901.7467498779297}, "min_max_pulp": {"max_delay": 0.0902967547031601, "running_time": 1859314.5196437836}}}