{"entropy": 268359714054752458600856382210601121357, "10": {"num_user": 100, "num_service": 133, "min_max_greedy": {"max_delay": 0.1336672637465387, "running_time": 24.019718170166016}, "min_max_equal_weight": {"max_delay": 0.13469669637067577, "running_time": 11.00921630859375}, "min_max_surrogate_relaxation": {"max_delay": 0.2364360608288, "running_time": 583.4832191467285}, "min_max_pulp": {"max_delay": 0.1336672637465387, "running_time": 4051.3575077056885}}, "20": {"num_user": 100, "num_service": 133, "min_max_greedy": {"max_delay": 0.10011056761736492, "running_time": 48.03943634033203}, "min_max_equal_weight": {"max_delay": 0.11073434864088617, "running_time": 16.01266860961914}, "min_max_surrogate_relaxation": {"max_delay": 0.10011056761736492, "running_time": 726.60231590271}, "min_max_pulp": {"max_delay": 0.10011056761736492, "running_time": 8351.92060470581}}, "30": {"num_user": 100, "num_service": 133, "min_max_greedy": {"max_delay": 0.09532903171803413, "running_time": 67.05546379089355}, "min_max_equal_weight": {"max_delay": 0.10725674870633792, "running_time": 23.019075393676758}, "min_max_surrogate_relaxation": {"max_delay": 0.09809844972947364, "running_time": 1913.5856628417969}, "min_max_pulp": {"max_delay": 0.09171250266573565, "running_time": 13092.848777770996}}, "40": {"num_user": 100, "num_service": 133, "min_max_greedy": {"max_delay": 0.08953897665679617, "running_time": 87.07284927368164}, "min_max_equal_weight": {"max_delay": 0.10121258016745371, "running_time": 25.020837783813477}, "min_max_surrogate_relaxation": {"max_delay": 0.1097049160167491, "running_time": 1023.848295211792}, "min_max_pulp": {"max_delay": 0.08738873964893772, "running_time": 24757.514715194702}}, "50": {"num_user": 100, "num_service": 133, "min_max_greedy": {"max_delay": 0.08719294563554479, "running_time": 101.08423233032227}, "min_max_equal_weight": {"max_delay": 0.08925382658710995, "running_time": 27.022123336791992}, "min_max_surrogate_relaxation": {"max_delay": 0.10630524925513667, "running_time": 500.4148483276367}, "min_max_pulp": {"max_delay": 0.08365885690759974, "running_time": 51362.55955696106}}, "60": {"num_user": 100, "num_service": 133, "min_max_greedy": {"max_delay": 0.08370781031397524, "running_time": 119.09866333007812}, "min_max_equal_weight": {"max_delay": 0.08925382658710995, "running_time": 31.02564811706543}, "min_max_surrogate_relaxation": {"max_delay": 0.09739296323139028, "running_time": 375.31137466430664}, "min_max_pulp": {"max_delay": 0.08169442634405666, "running_time": 544886.1427307129}}, "70": {"num_user": 100, "num_service": 133, "min_max_greedy": {"max_delay": 0.08087190462762608, "running_time": 136.11268997192383}, "min_max_equal_weight": {"max_delay": 0.08925382658710995, "running_time": 33.02741050720215}, "min_max_surrogate_relaxation": {"max_delay": 0.09837302769666918, "running_time": 318.26305389404297}, "min_max_pulp": {"max_delay": 0.07897753536685918, "running_time": 193282.7639579773}}, "80": {"num_user": 100, "num_service": 133, "min_max_greedy": {"max_delay": 0.08190133494846795, "running_time": 140.11621475219727}, "min_max_equal_weight": {"max_delay": 0.08898906963269945, "running_time": 34.028053283691406}, "min_max_surrogate_relaxation": {"max_delay": 0.09833189020614269, "running_time": 316.26152992248535}, "min_max_pulp": {"max_delay": 0.07717759486185394, "running_time": 135876.58858299255}}, "90": {"num_user": 100, "num_service": 133, "min_max_greedy": {"max_delay": 0.08167074104224008, "running_time": 148.12278747558594}, "min_max_equal_weight": {"max_delay": 0.08204880178140035, "running_time": 37.03117370605469}, "min_max_surrogate_relaxation": {"max_delay": 0.1300568969337308, "running_time": 148.12278747558594}, "min_max_pulp": {"max_delay": 0.07608687418787236, "running_time": 1398105.4892539978}}, "100": {"num_user": 100, "num_service": 133, "min_max_greedy": {"max_delay": 0.08078352497693846, "running_time": 160.13264656066895}, "min_max_equal_weight": {"max_delay": 0.08204880178140035, "running_time": 38.031578063964844}, "min_max_surrogate_relaxation": {"max_delay": 0.13003759429667622, "running_time": 154.127836227417}, "min_max_pulp": {"max_delay": 0.07499934813723275, "running_time": 1854148.3330726624}}}