{"entropy": 181731866587982345815823724680548218128, "10": {"num_user": 300, "num_service": 368, "min_max_pulp": {"max_delay": 0.2241438921700543, "running_time": 50779.87813949585}}, "20": {"num_user": 300, "num_service": 368, "min_max_pulp": {"max_delay": 0.21890497731860067, "running_time": 128920.32027244568}}, "30": {"num_user": 300, "num_service": 368, "min_max_pulp": {"max_delay": 0.2154109443204141, "running_time": 342975.85105895996}}, "40": {"num_user": 300, "num_service": 368, "min_max_pulp": {"max_delay": 0.21445343080445697, "running_time": 1962991.7862415314}}, "50": {"num_user": 300, "num_service": 368, "min_max_pulp": {"max_delay": 0.0411319175202945, "running_time": 279543.6613559723}}, "60": {"num_user": 300, "num_service": 368, "min_max_pulp": {"max_delay": 0.03581132337370441, "running_time": 359396.39353752136}}, "70": {"num_user": 300, "num_service": 368, "min_max_pulp": {"max_delay": 0.030308814603967765, "running_time": 422865.736246109}}, "80": {"num_user": 300, "num_service": 368, "min_max_pulp": {"max_delay": 0.02506989975251414, "running_time": 509293.01500320435}}, "90": {"num_user": 300, "num_service": 368, "min_max_pulp": {"max_delay": 0.023773632061593056, "running_time": 604564.5844936371}}, "100": {"num_user": 300, "num_service": 368, "min_max_pulp": {"max_delay": 0.022699449286304844, "running_time": 1904211.6639614105}}}