{"entropy": 110995808718867375475450845708969360065, "10": {"num_user": 300, "num_service": 361, "min_max_pulp": {"max_delay": 0.03213105725731633, "running_time": 47451.133251190186}}, "20": {"num_user": 300, "num_service": 361, "min_max_pulp": {"max_delay": 0.02150488000518997, "running_time": 93618.2062625885}}, "30": {"num_user": 300, "num_service": 361, "min_max_pulp": {"max_delay": 0.018994804711986064, "running_time": 189452.2407054901}}, "40": {"num_user": 300, "num_service": 361, "min_max_pulp": {"max_delay": 0.017579958548131422, "running_time": 1951456.2721252441}}, "50": {"num_user": 300, "num_service": 361, "min_max_pulp": {"max_delay": 0.016753834221773622, "running_time": 2002936.9444847107}}, "60": {"num_user": 300, "num_service": 361, "min_max_pulp": {"max_delay": 0.015938698698846565, "running_time": 2053921.1320877075}}, "70": {"num_user": 300, "num_service": 361, "min_max_pulp": {"max_delay": 0.015095752996406791, "running_time": 2118527.169942856}}, "80": {"num_user": 300, "num_service": 361, "min_max_pulp": {"max_delay": 0.014789120799904399, "running_time": 2207233.0782413483}}, "90": {"num_user": 300, "num_service": 361, "min_max_pulp": {"max_delay": 0.013917087132087006, "running_time": 2253070.081949234}}, "100": {"num_user": 300, "num_service": 361, "min_max_pulp": {"max_delay": 0.013759820548221996, "running_time": 2340710.5309963226}}}