{"entropy": 121380842752065353341963552781944623002, "10": {"num_user": 300, "num_service": 361, "min_max_pulp": {"max_delay": 0.08172754502345975, "running_time": 60847.179889678955}}, "20": {"num_user": 300, "num_service": 361, "min_max_pulp": {"max_delay": 0.06620408670449951, "running_time": 127551.19156837463}}, "30": {"num_user": 300, "num_service": 361, "min_max_pulp": {"max_delay": 0.05516466698935786, "running_time": 320498.31342697144}}, "40": {"num_user": 300, "num_service": 361, "min_max_pulp": {"max_delay": 0.05229587001471212, "running_time": 1995335.5875015259}}, "50": {"num_user": 300, "num_service": 361, "min_max_pulp": {"max_delay": 0.047866949386149105, "running_time": 2050580.1107883453}}, "60": {"num_user": 300, "num_service": 361, "min_max_pulp": {"max_delay": 0.04766603616084791, "running_time": 2112410.364627838}}, "70": {"num_user": 300, "num_service": 361, "min_max_pulp": {"max_delay": 0.04644557074492783, "running_time": 2204813.34066391}}, "80": {"num_user": 300, "num_service": 361, "min_max_pulp": {"max_delay": 0.04660979616941347, "running_time": 2254802.20580101}}, "90": {"num_user": 300, "num_service": 361, "min_max_pulp": {"max_delay": 0.043604082052297696, "running_time": 2358636.308670044}}, "100": {"num_user": 300, "num_service": 361, "min_max_pulp": {"max_delay": 0.040446784781895034, "running_time": 2467409.946203232}}}