{"entropy": 264407077578133790807232091806849574648, "10": {"num_user": 300, "num_service": 368, "min_max_pulp": {"max_delay": 0.04963645237520322, "running_time": 41291.05234146118}}, "20": {"num_user": 300, "num_service": 368, "min_max_pulp": {"max_delay": 0.04487576881234254, "running_time": 1859413.539648056}}, "30": {"num_user": 300, "num_service": 368, "min_max_pulp": {"max_delay": 0.040395920407983336, "running_time": 1894418.5154438019}}, "40": {"num_user": 300, "num_service": 368, "min_max_pulp": {"max_delay": 0.04007701983717136, "running_time": 1931583.9557647705}}, "50": {"num_user": 300, "num_service": 368, "min_max_pulp": {"max_delay": 0.036233345957796446, "running_time": 1969045.8958148956}}, "60": {"num_user": 300, "num_service": 368, "min_max_pulp": {"max_delay": 0.03531691626594988, "running_time": 2016727.6978492737}}, "70": {"num_user": 300, "num_service": 368, "min_max_pulp": {"max_delay": 0.036942884259166295, "running_time": 2065526.4434814453}}, "80": {"num_user": 300, "num_service": 368, "min_max_pulp": {"max_delay": 0.034672901444848615, "running_time": 2119039.5636558533}}, "90": {"num_user": 300, "num_service": 368, "min_max_pulp": {"max_delay": 0.03488093682695248, "running_time": 2181588.2272720337}}, "100": {"num_user": 300, "num_service": 368, "min_max_pulp": {"max_delay": 0.03420886788682078, "running_time": 2244376.9314289093}}}