{"entropy": 309703954652422498856572061381134263618, "10": {"num_user": 300, "num_service": 361, "min_max_pulp": {"max_delay": 0.302900731180734, "running_time": 33633.737087249756}}, "20": {"num_user": 300, "num_service": 361, "min_max_pulp": {"max_delay": 0.2940981339010267, "running_time": 70593.21713447571}}, "30": {"num_user": 300, "num_service": 361, "min_max_pulp": {"max_delay": 0.289033456684629, "running_time": 120148.0860710144}}, "40": {"num_user": 300, "num_service": 361, "min_max_pulp": {"max_delay": 0.05783947512286632, "running_time": 118709.89942550659}}, "50": {"num_user": 300, "num_service": 361, "min_max_pulp": {"max_delay": 0.04912847803695992, "running_time": 150657.24658966064}}, "60": {"num_user": 300, "num_service": 361, "min_max_pulp": {"max_delay": 0.04452527465326015, "running_time": 187556.67757987976}}, "70": {"num_user": 300, "num_service": 361, "min_max_pulp": {"max_delay": 0.042220774443106075, "running_time": 227117.30313301086}}, "80": {"num_user": 300, "num_service": 361, "min_max_pulp": {"max_delay": 0.04087022609785891, "running_time": 289552.8061389923}}, "90": {"num_user": 300, "num_service": 361, "min_max_pulp": {"max_delay": 0.025652916797796934, "running_time": 304097.78809547424}}, "100": {"num_user": 300, "num_service": 361, "min_max_pulp": {"max_delay": 0.018159571577421933, "running_time": 355450.21414756775}}}