{"entropy": 264839739355134612826522459778550122696, "10": {"num_user": 300, "num_service": 359, "min_max_pulp": {"max_delay": 0.04996063151450875, "running_time": 41217.992305755615}}, "20": {"num_user": 300, "num_service": 359, "min_max_pulp": {"max_delay": 0.03787688983864221, "running_time": 85124.20177459717}}, "30": {"num_user": 300, "num_service": 359, "min_max_pulp": {"max_delay": 0.03598882869475966, "running_time": 194519.4194316864}}, "40": {"num_user": 300, "num_service": 359, "min_max_pulp": {"max_delay": 0.03470132422553642, "running_time": 787225.2357006073}}, "50": {"num_user": 300, "num_service": 359, "min_max_pulp": {"max_delay": 0.03313260825262057, "running_time": 1029142.7419185638}}, "60": {"num_user": 300, "num_service": 359, "min_max_pulp": {"max_delay": 0.031999442226575775, "running_time": 1987339.6308422089}}, "70": {"num_user": 300, "num_service": 359, "min_max_pulp": {"max_delay": 0.03049537646649522, "running_time": 1629250.6365776062}}, "80": {"num_user": 300, "num_service": 359, "min_max_pulp": {"max_delay": 0.028930482240417964, "running_time": 1250806.68592453}}, "90": {"num_user": 300, "num_service": 359, "min_max_pulp": {"max_delay": 0.029045772103899328, "running_time": 2137869.175195694}}, "100": {"num_user": 300, "num_service": 359, "min_max_pulp": {"max_delay": 0.01678970527740447, "running_time": 625641.9773101807}}}