{"10": {"min_max_greedy": {"max delay": [0.8505259454658644], "running time": [86.07101440429688]}, "min_max_pulp": {"max delay": [0.8476197831803541], "running time": [3552.9332160949707]}}, "20": {"min_max_greedy": {"max delay": [0.15618885485990766], "running time": [55.04560470581055]}, "min_max_pulp": {"max delay": [0.15618885485990766], "running time": [7020.795822143555]}}, "30": {"min_max_greedy": {"max delay": [0.09155500206650988], "running time": [88.0727767944336]}, "min_max_pulp": {"max delay": [0.09155500206650988], "running time": [11311.338424682617]}}, "40": {"min_max_greedy": {"max delay": [0.08698618444319117], "running time": [120.09906768798828]}, "min_max_pulp": {"max delay": [0.08698618444319117], "running time": [16558.67028236389]}}, "50": {"min_max_greedy": {"max delay": [0.060310215988677536], "running time": [98.08135032653809]}, "min_max_pulp": {"max delay": [0.047864379575944346], "running time": [20996.334552764893]}}, "60": {"min_max_greedy": {"max delay": [0.03433867860852375], "running time": [157.12976455688477]}, "min_max_pulp": {"max delay": [0.033351250354579205], "running time": [27059.33952331543]}}, "70": {"min_max_greedy": {"max delay": [0.03160279333122692], "running time": [163.13481330871582]}, "min_max_pulp": {"max delay": [0.0287824327312605], "running time": [32501.832485198975]}}, "80": {"min_max_greedy": {"max delay": [0.027695483787848113], "running time": [227.1873950958252]}, "min_max_pulp": {"max delay": [0.02590664919269292], "running time": [42924.437284469604]}}, "90": {"min_max_greedy": {"max delay": [0.024402471928705594], "running time": [249.2058277130127]}, "min_max_pulp": {"max delay": [0.023349588786322217], "running time": [55808.07423591614]}}, "100": {"min_max_greedy": {"max delay": [0.02238369827041506], "running time": [318.26281547546387]}, "min_max_pulp": {"max delay": [0.02129321363663061], "running time": [648279.203414917]}}}