{"10": {"min_max_greedy": {"max delay": [5.02527785791278], "running time": [66.0545825958252]}, "min_max_pulp": {"max delay": [5.020778400824999], "running time": [3105.5641174316406]}}, "20": {"min_max_greedy": {"max delay": [5.018865893756779], "running time": [55.045127868652344]}, "min_max_pulp": {"max delay": [5.011328384598939], "running time": [6228.14154624939]}}, "30": {"min_max_greedy": {"max delay": [0.4724274121293261], "running time": [76.06267929077148]}, "min_max_pulp": {"max delay": [0.4724274121293261], "running time": [10075.318098068237]}}, "40": {"min_max_greedy": {"max delay": [0.46376414043119535], "running time": [110.0912094116211]}, "min_max_pulp": {"max delay": [0.4626913515476145], "running time": [14603.05643081665]}}, "50": {"min_max_greedy": {"max delay": [0.2903123156117944], "running time": [67.05522537231445]}, "min_max_pulp": {"max delay": [0.2903123156117944], "running time": [18185.012817382812]}}, "60": {"min_max_greedy": {"max delay": [0.18550331954127391], "running time": [101.08327865600586]}, "min_max_pulp": {"max delay": [0.18131230470780466], "running time": [23766.621351242065]}}, "70": {"min_max_greedy": {"max delay": [0.1259194364197921], "running time": [89.07365798950195]}, "min_max_pulp": {"max delay": [0.1211346522017797], "running time": [27856.99772834778]}}, "80": {"min_max_greedy": {"max delay": [0.05921913266734232], "running time": [145.11966705322266]}, "min_max_pulp": {"max delay": [0.05921913266734232], "running time": [33990.06128311157]}}, "90": {"min_max_greedy": {"max delay": [0.04930871048371947], "running time": [171.1409091949463]}, "min_max_pulp": {"max delay": [0.04491752595615268], "running time": [40592.512130737305]}}, "100": {"min_max_greedy": {"max delay": [0.04757098556027531], "running time": [189.15605545043945]}, "min_max_pulp": {"max delay": [0.04102940741958102], "running time": [55582.88788795471]}}}