{"10": {"min_max_greedy": {"max delay": [0.05526812858163917], "running time": [1434.1840744018555]}, "min_max_pulp": {"max delay": [0.05526812858163917], "running time": [62036.21602058411]}}, "20": {"min_max_greedy": {"max delay": [0.03043541444672156], "running time": [2367.954969406128]}, "min_max_pulp": {"max delay": [0.02999813136446691], "running time": [118356.71257972717]}}, "30": {"min_max_greedy": {"max delay": [0.026997466115391444], "running time": [4008.3088874816895]}, "min_max_pulp": {"max delay": [0.02482215174852278], "running time": [177309.3819618225]}}, "40": {"min_max_greedy": {"max delay": [0.021789282092057338], "running time": [3791.1295890808105]}, "min_max_pulp": {"max delay": [0.021789282092057338], "running time": [243551.0699748993]}}, "50": {"min_max_greedy": {"max delay": [0.020494858284962898], "running time": [4556.762218475342]}, "min_max_pulp": {"max delay": [0.019796204823971035], "running time": [306706.20918273926]}}, "60": {"min_max_greedy": {"max delay": [0.019515743222681292], "running time": [5494.5361614227295]}, "min_max_pulp": {"max delay": [0.01915574675613331], "running time": [397545.2034473419]}}, "70": {"min_max_greedy": {"max delay": [0.0188411165757644], "running time": [6583.43505859375]}, "min_max_pulp": {"max delay": [0.018149677461649454], "running time": [465601.389169693]}}, "80": {"min_max_greedy": {"max delay": [0.018222248483762315], "running time": [7586.262941360474]}, "min_max_pulp": {"max delay": [0.017482613909118993], "running time": [566608.7779998779]}}, "90": {"min_max_greedy": {"max delay": [0.017546374385582514], "running time": [8877.328634262085]}, "min_max_pulp": {"max delay": [0.016306328117581686], "running time": [646686.888217926]}}, "100": {"min_max_greedy": {"max delay": [0.016745490671013715], "running time": [9761.058330535889]}, "min_max_pulp": {"max delay": [0.013948974546263974], "running time": [757826.6422748566]}}}