{"10": {"min_max_greedy": {"max delay": [0.07931568644961291], "running time": [1410.1645946502686]}, "min_max_pulp": {"max delay": [0.07931568644961291], "running time": [66440.85216522217]}}, "20": {"min_max_greedy": {"max delay": [0.05290290239367552], "running time": [2351.9420623779297]}, "min_max_pulp": {"max delay": [0.0517364036581395], "running time": [130026.34644508362]}}, "30": {"min_max_greedy": {"max delay": [0.041091747284683705], "running time": [3246.68025970459]}, "min_max_pulp": {"max delay": [0.039786591474312426], "running time": [193331.60996437073]}}, "40": {"min_max_greedy": {"max delay": [0.03892744455741303], "running time": [4076.3652324676514]}, "min_max_pulp": {"max delay": [0.03839235317142559], "running time": [275116.1286830902]}}, "50": {"min_max_greedy": {"max delay": [0.03813678878039525], "running time": [5217.307567596436]}, "min_max_pulp": {"max delay": [0.036508233281464395], "running time": [346177.796125412]}}, "60": {"min_max_greedy": {"max delay": [0.036251808658625075], "running time": [5889.862537384033]}, "min_max_pulp": {"max delay": [0.035507672803984584], "running time": [451583.81605148315]}}, "70": {"min_max_greedy": {"max delay": [0.035500581754928665], "running time": [7014.791488647461]}, "min_max_pulp": {"max delay": [0.03461315244867792], "running time": [532346.4922904968]}}, "80": {"min_max_greedy": {"max delay": [0.034586495848306836], "running time": [8180.753946304321]}, "min_max_pulp": {"max delay": [0.033949467253562876], "running time": [641842.8897857666]}}, "90": {"min_max_greedy": {"max delay": [0.0339874533455061], "running time": [8741.216659545898]}, "min_max_pulp": {"max delay": [0.03328972836017399], "running time": [760852.1411418915]}}, "100": {"min_max_greedy": {"max delay": [0.03342481647154104], "running time": [9890.165090560913]}, "min_max_pulp": {"max delay": [0.032841189833398995], "running time": [884570.2793598175]}}}