{"10": {"min_max_greedy": {"max delay": [0.0442794435965688], "running time": [2739.2613887786865]}, "min_max_pulp": {"max delay": [0.0442794435965688], "running time": [97112.17331886292]}}, "20": {"min_max_greedy": {"max delay": [0.03424042624117543], "running time": [3955.2650451660156]}, "min_max_pulp": {"max delay": [0.03256910098302084], "running time": [188697.78394699097]}}, "30": {"min_max_greedy": {"max delay": [0.02543843839527405], "running time": [4497.713327407837]}, "min_max_pulp": {"max delay": [0.02476098729346223], "running time": [289395.91789245605]}}, "40": {"min_max_greedy": {"max delay": [0.02269476293448321], "running time": [6623.463869094849]}, "min_max_pulp": {"max delay": [0.02264724006198387], "running time": [410175.6308078766]}}, "50": {"min_max_greedy": {"max delay": [0.02143829696935975], "running time": [6911.705732345581]}, "min_max_pulp": {"max delay": [0.020505529407882143], "running time": [537854.0389537811]}}, "60": {"min_max_greedy": {"max delay": [0.019724490167601996], "running time": [8218.785285949707]}, "min_max_pulp": {"max delay": [0.01961151941041137], "running time": [688909.7464084625]}}, "70": {"min_max_greedy": {"max delay": [0.019248253878550683], "running time": [9678.990602493286]}, "min_max_pulp": {"max delay": [0.01902389526795534], "running time": [841737.9183769226]}}, "80": {"min_max_greedy": {"max delay": [0.018798759616223442], "running time": [10511.678457260132]}, "min_max_pulp": {"max delay": [0.018627488389701356], "running time": [1062170.9020137787]}}, "90": {"min_max_greedy": {"max delay": [0.018735589888982572], "running time": [11473.472118377686]}, "min_max_pulp": {"max delay": [0.016447374847024205], "running time": [1189547.0607280731]}}, "100": {"min_max_greedy": {"max delay": [0.0182132034269149], "running time": [16452.582836151123]}, "min_max_pulp": {"max delay": [0.014133072193565972], "running time": [1380126.3988018036]}}}