{"entropy": 67166329242003540779744838060567311940, "10": {"num_user": 400, "num_service": 41, "min_max_greedy": {"max_delay": 0.04262465886833316, "running_time": 22.0181941986084}, "min_max_equal_weight": {"max_delay": 0.04262465886833316, "running_time": 347.2864627838135}, "min_max_surrogate_relaxation": {"max_delay": 0.04262465886833316, "lower_bound": 0.03527020651614476, "running_time": 308.2542419433594, "none_zero_ratio": 0.001875, "max_weight": 0.5, "min_weight": 0.015625}, "min_max_pulp": {"max_delay": 0.04262465886833316, "running_time": 81254.00996208191}}, "20": {"num_user": 400, "num_service": 41, "min_max_greedy": {"max_delay": 0.026535701155422878, "running_time": 37.03022003173828}, "min_max_equal_weight": {"max_delay": 0.028212455522758147, "running_time": 343.28317642211914}, "min_max_surrogate_relaxation": {"max_delay": 0.025118883401180785, "lower_bound": 0.016225859154909934, "running_time": 247.208833694458, "none_zero_ratio": 0.0025, "max_weight": 0.7265625, "min_weight": 0.000732421875}, "min_max_pulp": {"max_delay": 0.025118883401180785, "running_time": 151451.90167427063}}, "30": {"num_user": 400, "num_service": 41, "min_max_greedy": {"max_delay": 0.02293305354822492, "running_time": 44.0363883972168}, "min_max_equal_weight": {"max_delay": 0.022437408254855087, "running_time": 350.28886795043945}, "min_max_surrogate_relaxation": {"max_delay": 0.02161773661528971, "lower_bound": 0.014945386327306779, "running_time": 704.5807838439941, "none_zero_ratio": 0.005625, "max_weight": 0.3335990905761719, "min_weight": 0.002146817208995344}, "min_max_pulp": {"max_delay": 0.02145252478121739, "running_time": 234320.24264335632}}, "40": {"num_user": 400, "num_service": 41, "min_max_greedy": {"max_delay": 0.01926163763890378, "running_time": 59.04841423034668}, "min_max_equal_weight": {"max_delay": 0.020472444657370886, "running_time": 354.2919158935547}, "min_max_surrogate_relaxation": {"max_delay": 0.020378476108617406, "lower_bound": 0.0133886543536643, "running_time": 1316.0853385925293, "none_zero_ratio": 0.00375, "max_weight": 0.5, "min_weight": 0.004055500030517578}, "min_max_pulp": {"max_delay": 0.017799836714350085, "running_time": 324681.764125824}}, "50": {"num_user": 400, "num_service": 41, "min_max_greedy": {"max_delay": 0.016512242942560686, "running_time": 69.05698776245117}, "min_max_equal_weight": {"max_delay": 0.020197695686064627, "running_time": 357.29432106018066}, "min_max_surrogate_relaxation": {"max_delay": 0.015379567722750169, "lower_bound": 0.012265296203909336, "running_time": 1092.9009914398193, "none_zero_ratio": 0.00625, "max_weight": 0.27191162109375, "min_weight": 0.010025866153284824}, "min_max_pulp": {"max_delay": 0.015379567722750169, "running_time": 425960.28757095337}}, "60": {"num_user": 400, "num_service": 41, "min_max_greedy": {"max_delay": 0.01473824959854728, "running_time": 82.06772804260254}, "min_max_equal_weight": {"max_delay": 0.014705096723197215, "running_time": 356.2939167022705}, "min_max_surrogate_relaxation": {"max_delay": 0.02206147189731712, "lower_bound": 0.007629144260570572, "running_time": 299.24464225769043, "none_zero_ratio": 0.0025, "max_weight": 0.71875, "min_weight": 0.028839111328125}, "min_max_pulp": {"max_delay": 0.01462853929127686, "running_time": 538729.2876243591}}, "70": {"num_user": 400, "num_service": 41, "min_max_greedy": {"max_delay": 0.013681306488687026, "running_time": 87.07213401794434}, "min_max_equal_weight": {"max_delay": 0.01421938595070895, "running_time": 362.29896545410156}, "min_max_surrogate_relaxation": {"max_delay": 0.017759717797908536, "lower_bound": 0.008267319181083857, "running_time": 636.5237236022949, "none_zero_ratio": 0.00375, "max_weight": 0.41015625, "min_weight": 0.004894137382507324}, "min_max_pulp": {"max_delay": 0.013335922060078706, "running_time": 656966.7978286743}}, "80": {"num_user": 400, "num_service": 41, "min_max_greedy": {"max_delay": 0.01303499246173328, "running_time": 94.07758712768555}, "min_max_equal_weight": {"max_delay": 0.014104467329116105, "running_time": 362.29920387268066}, "min_max_surrogate_relaxation": {"max_delay": 0.02154260824947879, "lower_bound": 0.005553811164501383, "running_time": 333.27460289001465, "none_zero_ratio": 0.0025, "max_weight": 0.7681884765625, "min_weight": 0.0247802734375}, "min_max_pulp": {"max_delay": 0.012358973921524134, "running_time": 786528.6467075348}}, "90": {"num_user": 400, "num_service": 41, "min_max_greedy": {"max_delay": 0.012379187583909278, "running_time": 107.08808898925781}, "min_max_equal_weight": {"max_delay": 0.012727008887839113, "running_time": 364.3004894256592}, "min_max_surrogate_relaxation": {"max_delay": 0.015885048189035793, "lower_bound": 0.007564696053961087, "running_time": 878.7245750427246, "none_zero_ratio": 0.004375, "max_weight": 0.434035062789917, "min_weight": 0.0004375353455543518}, "min_max_pulp": {"max_delay": 0.01181171494596929, "running_time": 927205.6622505188}}, "100": {"num_user": 400, "num_service": 41, "min_max_greedy": {"max_delay": 0.01099811399689159, "running_time": 118.09754371643066}, "min_max_equal_weight": {"max_delay": 0.012282416489603779, "running_time": 363.2993698120117}, "min_max_surrogate_relaxation": {"max_delay": 0.01692505292898063, "lower_bound": 0.00690638597285489, "running_time": 702.5792598724365, "none_zero_ratio": 0.00375, "max_weight": 0.6378707885742188, "min_weight": 0.0006430149078369141}, "min_max_pulp": {"max_delay": 0.010941132887442898, "running_time": 1065578.7780284882}}}