{"entropy": 211652587680988182938157515517276002577, "10": {"num_user": 400, "num_service": 41, "min_max_greedy": {"max_delay": 0.07015653838256933, "running_time": 64.05258178710938}, "min_max_equal_weight": {"max_delay": 0.07015653838256933, "running_time": 344.2842960357666}, "min_max_surrogate_relaxation": {"max_delay": 0.07015653838256933, "lower_bound": 0.05849102473172323, "running_time": 361.2980842590332, "none_zero_ratio": 0.001875, "max_weight": 0.5, "min_weight": 0.078125}, "min_max_pulp": {"max_delay": 0.07015653838256933, "running_time": 86653.4628868103}}, "20": {"num_user": 400, "num_service": 41, "min_max_greedy": {"max_delay": 0.04888242577140126, "running_time": 34.0275764465332}, "min_max_equal_weight": {"max_delay": 0.054189572674529986, "running_time": 353.29127311706543}, "min_max_surrogate_relaxation": {"max_delay": 0.054189572674529986, "lower_bound": 0.040560083635759935, "running_time": 476.3920307159424, "none_zero_ratio": 0.003125, "max_weight": 0.41015625, "min_weight": 0.0435791015625}, "min_max_pulp": {"max_delay": 0.04888242577140126, "running_time": 165272.29928970337}}, "30": {"num_user": 400, "num_service": 41, "min_max_greedy": {"max_delay": 0.03902217689793452, "running_time": 52.04319953918457}, "min_max_equal_weight": {"max_delay": 0.03989577416560021, "running_time": 355.29375076293945}, "min_max_surrogate_relaxation": {"max_delay": 0.03902217689793452, "lower_bound": 0.03674373512189126, "running_time": 1101.9086837768555, "none_zero_ratio": 0.00375, "max_weight": 0.3735501766204834, "min_weight": 0.03864312171936035}, "min_max_pulp": {"max_delay": 0.03902217689793452, "running_time": 257097.53823280334}}, "40": {"num_user": 400, "num_service": 41, "min_max_greedy": {"max_delay": 0.03738701265187362, "running_time": 65.05298614501953}, "min_max_equal_weight": {"max_delay": 0.03902217689793452, "running_time": 356.2939167022705}, "min_max_surrogate_relaxation": {"max_delay": 0.03792691747212123, "lower_bound": 0.034820289216639405, "running_time": 1378.1359195709229, "none_zero_ratio": 0.00625, "max_weight": 0.25, "min_weight": 0.021253391274740352}, "min_max_pulp": {"max_delay": 0.03738701265187362, "running_time": 358121.34051322937}}, "50": {"num_user": 400, "num_service": 41, "min_max_greedy": {"max_delay": 0.03653431555390284, "running_time": 88.07206153869629}, "min_max_equal_weight": {"max_delay": 0.03721390419116902, "running_time": 364.3007278442383}, "min_max_surrogate_relaxation": {"max_delay": 0.03555893455384379, "lower_bound": 0.0338068206682382, "running_time": 1780.468225479126, "none_zero_ratio": 0.00625, "max_weight": 0.16237346862908453, "min_weight": 0.03406769064611126}, "min_max_pulp": {"max_delay": 0.03555893455384379, "running_time": 479590.51609039307}}, "60": {"num_user": 400, "num_service": 41, "min_max_greedy": {"max_delay": 0.03526771143646571, "running_time": 100.0823974609375}, "min_max_equal_weight": {"max_delay": 0.03621800127747074, "running_time": 363.300085067749}, "min_max_surrogate_relaxation": {"max_delay": 0.03491591577806521, "lower_bound": 0.03331313550235662, "running_time": 2278.879404067993, "none_zero_ratio": 0.008125, "max_weight": 0.16804122924804688, "min_weight": 0.009464479884888858}, "min_max_pulp": {"max_delay": 0.03465540952390071, "running_time": 593692.6193237305}}, "70": {"num_user": 400, "num_service": 41, "min_max_greedy": {"max_delay": 0.03419880551166887, "running_time": 105.0865650177002}, "min_max_equal_weight": {"max_delay": 0.03500462719498397, "running_time": 365.30089378356934}, "min_max_surrogate_relaxation": {"max_delay": 0.04745502320663981, "lower_bound": 0.02999641155003267, "running_time": 243.20077896118164, "none_zero_ratio": 0.001875, "max_weight": 0.84765625, "min_weight": 0.02734375}, "min_max_pulp": {"max_delay": 0.033883481595338605, "running_time": 733647.5462913513}}, "80": {"num_user": 400, "num_service": 41, "min_max_greedy": {"max_delay": 0.03370871048950515, "running_time": 120.09906768798828}, "min_max_equal_weight": {"max_delay": 0.03500462719498397, "running_time": 366.3020133972168}, "min_max_surrogate_relaxation": {"max_delay": 0.0395120818946057, "lower_bound": 0.02599983527104496, "running_time": 257.21192359924316, "none_zero_ratio": 0.001875, "max_weight": 0.5, "min_weight": 0.234375}, "min_max_pulp": {"max_delay": 0.021538579333154277, "running_time": 873730.5643558502}}, "90": {"num_user": 400, "num_service": 41, "min_max_greedy": {"max_delay": 0.03352857573462181, "running_time": 128.10540199279785}, "min_max_equal_weight": {"max_delay": 0.03397583058113496, "running_time": 368.3037757873535}, "min_max_surrogate_relaxation": {"max_delay": 0.03309556306572671, "lower_bound": 0.013927830284872437, "running_time": 282.23276138305664, "none_zero_ratio": 0.0025, "max_weight": 0.5, "min_weight": 0.00634765625}, "min_max_pulp": {"max_delay": 0.01849764483213345, "running_time": 1031180.4132461548}}, "100": {"num_user": 400, "num_service": 41, "min_max_greedy": {"max_delay": 0.017076884761700578, "running_time": 74.06091690063477}, "min_max_equal_weight": {"max_delay": 0.033393386573174894, "running_time": 373.3084201812744}, "min_max_surrogate_relaxation": {"max_delay": 0.0196765284912369, "lower_bound": 0.01218818035790577, "running_time": 417.3438549041748, "none_zero_ratio": 0.003125, "max_weight": 0.5, "min_weight": 0.0272369384765625}, "min_max_pulp": {"max_delay": 0.016154733796591898, "running_time": 1183599.1871356964}}}