{"entropy": 173281136440175422643194246605054145873, "10": {"num_user": 400, "num_service": 41, "min_max_greedy": {"max_delay": 0.16483835830099075, "running_time": 22.0181941986084}, "min_max_equal_weight": {"max_delay": 0.16483835830099075, "running_time": 348.28734397888184}, "min_max_surrogate_relaxation": {"max_delay": 0.16483835830099075, "lower_bound": 0.1496154412886818, "running_time": 197.16238975524902, "none_zero_ratio": 0.001875, "max_weight": 0.5, "min_weight": 0.234375}, "min_max_pulp": {"max_delay": 0.16483835830099075, "running_time": 62891.86692237854}}, "20": {"num_user": 400, "num_service": 41, "min_max_greedy": {"max_delay": 0.1299176102652646, "running_time": 36.029815673828125}, "min_max_equal_weight": {"max_delay": 0.1299176102652646, "running_time": 348.28710556030273}, "min_max_surrogate_relaxation": {"max_delay": 0.1299176102652646, "lower_bound": 0.12359441596251136, "running_time": 472.38969802856445, "none_zero_ratio": 0.0025, "max_weight": 0.5, "min_weight": 0.01611328125}, "min_max_pulp": {"max_delay": 0.1299176102652646, "running_time": 115904.58559989929}}, "30": {"num_user": 400, "num_service": 41, "min_max_greedy": {"max_delay": 0.12493789545186254, "running_time": 45.037269592285156}, "min_max_equal_weight": {"max_delay": 0.12561521035117157, "running_time": 355.29303550720215}, "min_max_surrogate_relaxation": {"max_delay": 0.12493789545186254, "lower_bound": 0.12043550774352692, "running_time": 511.42191886901855, "none_zero_ratio": 0.003125, "max_weight": 0.5, "min_weight": 0.0400543212890625}, "min_max_pulp": {"max_delay": 0.12493789545186254, "running_time": 174540.94314575195}}, "40": {"num_user": 400, "num_service": 41, "min_max_greedy": {"max_delay": 0.12239084282410126, "running_time": 63.051700592041016}, "min_max_equal_weight": {"max_delay": 0.12517748548395416, "running_time": 363.3003234863281}, "min_max_surrogate_relaxation": {"max_delay": 0.12341754110925501, "lower_bound": 0.1193242812276631, "running_time": 895.7386016845703, "none_zero_ratio": 0.00625, "max_weight": 0.24585342407226562, "min_weight": 0.016739547491511075}, "min_max_pulp": {"max_delay": 0.12239084282410126, "running_time": 238946.0575580597}}, "50": {"num_user": 400, "num_service": 41, "min_max_greedy": {"max_delay": 0.12182488248275006, "running_time": 71.05851173400879}, "min_max_equal_weight": {"max_delay": 0.12112826654442915, "running_time": 357.29384422302246}, "min_max_surrogate_relaxation": {"max_delay": 0.12061876097258149, "lower_bound": 0.11807179614209296, "running_time": 1389.146089553833, "none_zero_ratio": 0.0075, "max_weight": 0.1337354841780325, "min_weight": 0.013907899681545044}, "min_max_pulp": {"max_delay": 0.12061876097258149, "running_time": 311314.73994255066}}, "60": {"num_user": 400, "num_service": 41, "min_max_greedy": {"max_delay": 0.12104283784452267, "running_time": 81.06684684753418}, "min_max_equal_weight": {"max_delay": 0.12112826654442915, "running_time": 359.2960834503174}, "min_max_surrogate_relaxation": {"max_delay": 0.11978775245676168, "lower_bound": 0.11762532128297429, "running_time": 2269.871711730957, "none_zero_ratio": 0.00875, "max_weight": 0.13671875, "min_weight": 0.020442265781602353}, "min_max_pulp": {"max_delay": 0.1194171090584339, "running_time": 395304.00586128235}}, "70": {"num_user": 400, "num_service": 41, "min_max_greedy": {"max_delay": 0.11943970984579454, "running_time": 87.07213401794434}, "min_max_equal_weight": {"max_delay": 0.12517748548395416, "running_time": 355.29279708862305}, "min_max_surrogate_relaxation": {"max_delay": 0.0918911785326493, "lower_bound": 0.1150811598741632, "running_time": 504.41598892211914, "none_zero_ratio": 0.003125, "max_weight": 0.5, "min_weight": 0.0716094970703125}, "min_max_pulp": {"max_delay": 0.0918911785326493, "running_time": 475853.43408584595}}, "80": {"num_user": 400, "num_service": 41, "min_max_greedy": {"max_delay": 0.11840302544540726, "running_time": 98.08087348937988}, "min_max_equal_weight": {"max_delay": 0.12275297663258229, "running_time": 358.2956790924072}, "min_max_surrogate_relaxation": {"max_delay": 0.05660852057343223, "lower_bound": 0.04619454602884464, "running_time": 220.18170356750488, "none_zero_ratio": 0.0025, "max_weight": 0.4921875, "min_weight": 0.088623046875}, "min_max_pulp": {"max_delay": 0.053154752894410684, "running_time": 566029.8027992249}}, "90": {"num_user": 400, "num_service": 41, "min_max_greedy": {"max_delay": 0.05173040558388086, "running_time": 48.03967475891113}, "min_max_equal_weight": {"max_delay": 0.05230612065933918, "running_time": 353.29127311706543}, "min_max_surrogate_relaxation": {"max_delay": 0.053154752894410684, "lower_bound": 0.04573280410767846, "running_time": 251.2068748474121, "none_zero_ratio": 0.0025, "max_weight": 0.5, "min_weight": 0.03759765625}, "min_max_pulp": {"max_delay": 0.05173040558388086, "running_time": 667867.7880764008}}, "100": {"num_user": 400, "num_service": 41, "min_max_greedy": {"max_delay": 0.04908175313226887, "running_time": 63.051700592041016}, "min_max_equal_weight": {"max_delay": 0.05186839579212178, "running_time": 354.292631149292}, "min_max_surrogate_relaxation": {"max_delay": 0.05230612065933918, "lower_bound": 0.04539974461371627, "running_time": 285.2354049682617, "none_zero_ratio": 0.0025, "max_weight": 0.5, "min_weight": 0.06982421875}, "min_max_pulp": {"max_delay": 0.048824088309744815, "running_time": 765615.4000759125}}}