{"entropy": 173940218793948763673629793944732065327, "10": {"num_user": 400, "num_service": 41, "min_max_greedy": {"max_delay": 0.03585493801346486, "running_time": 21.01731300354004}, "min_max_equal_weight": {"max_delay": 0.04082160324148442, "running_time": 344.2838191986084}, "min_max_surrogate_relaxation": {"max_delay": 0.03585493801346486, "lower_bound": 0.028639013797598423, "running_time": 295.243501663208, "none_zero_ratio": 0.001875, "max_weight": 0.5, "min_weight": 0.015625}, "min_max_pulp": {"max_delay": 0.03585493801346486, "running_time": 79537.59431838989}}, "20": {"num_user": 400, "num_service": 41, "min_max_greedy": {"max_delay": 0.027794763819507354, "running_time": 38.03133964538574}, "min_max_equal_weight": {"max_delay": 0.02860353857411882, "running_time": 352.29039192199707}, "min_max_surrogate_relaxation": {"max_delay": 0.028362986330414154, "lower_bound": 0.017745208516686, "running_time": 459.3789577484131, "none_zero_ratio": 0.004375, "max_weight": 0.2725830078125, "min_weight": 0.006939958781003952}, "min_max_pulp": {"max_delay": 0.026505710047648103, "running_time": 151380.84292411804}}, "30": {"num_user": 400, "num_service": 41, "min_max_greedy": {"max_delay": 0.021843385117777288, "running_time": 60.04595756530762}, "min_max_equal_weight": {"max_delay": 0.028240557240380076, "running_time": 394.32239532470703}, "min_max_surrogate_relaxation": {"max_delay": 0.02449404780000927, "lower_bound": 0.014119957343321228, "running_time": 666.5499210357666, "none_zero_ratio": 0.005, "max_weight": 0.5, "min_weight": 0.0018955464474856853}, "min_max_pulp": {"max_delay": 0.021644253387854192, "running_time": 233480.55052757263}}, "40": {"num_user": 400, "num_service": 41, "min_max_greedy": {"max_delay": 0.02002802822993746, "running_time": 54.044485092163086}, "min_max_equal_weight": {"max_delay": 0.02146549929394357, "running_time": 350.28886795043945}, "min_max_surrogate_relaxation": {"max_delay": 0.019730652101211596, "lower_bound": 0.01235743418511292, "running_time": 770.6356048583984, "none_zero_ratio": 0.005625, "max_weight": 0.2119140625, "min_weight": 0.005745036446569429}, "min_max_pulp": {"max_delay": 0.01794882453501384, "running_time": 324268.42284202576}}, "50": {"num_user": 400, "num_service": 41, "min_max_greedy": {"max_delay": 0.015074677037174754, "running_time": 67.05498695373535}, "min_max_equal_weight": {"max_delay": 0.01818294365703321, "running_time": 357.29479789733887}, "min_max_surrogate_relaxation": {"max_delay": 0.01392641360995889, "lower_bound": 0.011195097630931062, "running_time": 1082.892894744873, "none_zero_ratio": 0.005, "max_weight": 0.5, "min_weight": 0.002850340213626623}, "min_max_pulp": {"max_delay": 0.01392641360995889, "running_time": 433681.36072158813}}, "60": {"num_user": 400, "num_service": 41, "min_max_greedy": {"max_delay": 0.01280234321394254, "running_time": 79.06532287597656}, "min_max_equal_weight": {"max_delay": 0.01476040144742062, "running_time": 365.30089378356934}, "min_max_surrogate_relaxation": {"max_delay": 0.012502828548305416, "lower_bound": 0.010666500673010264, "running_time": 2281.890392303467, "none_zero_ratio": 0.00625, "max_weight": 0.25, "min_weight": 0.0030270947092958522}, "min_max_pulp": {"max_delay": 0.012420837259294064, "running_time": 534784.2857837677}}, "70": {"num_user": 400, "num_service": 41, "min_max_greedy": {"max_delay": 0.011731940568796636, "running_time": 88.07253837585449}, "min_max_equal_weight": {"max_delay": 0.012420837259294064, "running_time": 366.3022518157959}, "min_max_surrogate_relaxation": {"max_delay": 0.011572703172563722, "lower_bound": 0.010113114168355693, "running_time": 2761.5268230438232, "none_zero_ratio": 0.006875, "max_weight": 0.25, "min_weight": 0.0021653508985863823}, "min_max_pulp": {"max_delay": 0.011507311914272596, "running_time": 656150.2225399017}}, "80": {"num_user": 400, "num_service": 41, "min_max_greedy": {"max_delay": 0.011517971140599086, "running_time": 102.08415985107422}, "min_max_equal_weight": {"max_delay": 0.011717511948893443, "running_time": 369.31490898132324}, "min_max_surrogate_relaxation": {"max_delay": 0.010996291795447094, "lower_bound": 0.009614065719369307, "running_time": 3173.617362976074, "none_zero_ratio": 0.00875, "max_weight": 0.1684284210205078, "min_weight": 0.0023060457933545358}, "min_max_pulp": {"max_delay": 0.010877081489615723, "running_time": 795058.6817264557}}, "90": {"num_user": 400, "num_service": 41, "min_max_greedy": {"max_delay": 0.01048385998018102, "running_time": 114.09401893615723}, "min_max_equal_weight": {"max_delay": 0.011717511948893443, "running_time": 407.3357582092285}, "min_max_surrogate_relaxation": {"max_delay": 0.01109659093272662, "lower_bound": 0.009261019528032417, "running_time": 2723.24538230896, "none_zero_ratio": 0.0075, "max_weight": 0.13671875, "min_weight": 0.0023300967631617597}, "min_max_pulp": {"max_delay": 0.010267044395812037, "running_time": 958254.4550895691}}, "100": {"num_user": 400, "num_service": 41, "min_max_greedy": {"max_delay": 0.010220623015219955, "running_time": 120.09930610656738}, "min_max_equal_weight": {"max_delay": 0.01109659093272662, "running_time": 376.3105869293213}, "min_max_surrogate_relaxation": {"max_delay": 0.01049219073942296, "lower_bound": 0.009161622376834528, "running_time": 9663.96975517273, "none_zero_ratio": 0.0125, "max_weight": 0.09633172787522765, "min_weight": 0.0017715019775147085}, "min_max_pulp": {"max_delay": 0.010004567250921751, "running_time": 1072147.1955776215}}}