{"entropy": 20047828843158995832535117110777691889, "10": {"num_user": 400, "num_service": 41, "min_max_greedy": {"max_delay": 0.03684004153025434, "running_time": 16.012907028198242}, "min_max_equal_weight": {"max_delay": 0.03950196593753257, "running_time": 340.28053283691406}, "min_max_surrogate_relaxation": {"max_delay": 0.03684004153025434, "lower_bound": 0.031124998258311748, "running_time": 141.11661911010742, "none_zero_ratio": 0.001875, "max_weight": 0.7265625, "min_weight": 0.0234375}, "min_max_pulp": {"max_delay": 0.03684004153025434, "running_time": 60697.05653190613}}, "20": {"num_user": 400, "num_service": 41, "min_max_greedy": {"max_delay": 0.024750315601953145, "running_time": 26.021242141723633}, "min_max_equal_weight": {"max_delay": 0.0305907390743652, "running_time": 342.2825336456299}, "min_max_surrogate_relaxation": {"max_delay": 0.025192772164713773, "lower_bound": 0.0208437478664497, "running_time": 416.34345054626465, "none_zero_ratio": 0.0025, "max_weight": 0.4921875, "min_weight": 0.040283203125}, "min_max_pulp": {"max_delay": 0.024750315601953145, "running_time": 108245.26929855347}}, "30": {"num_user": 400, "num_service": 41, "min_max_greedy": {"max_delay": 0.021347966637330986, "running_time": 37.030696868896484}, "min_max_equal_weight": {"max_delay": 0.0305907390743652, "running_time": 343.28317642211914}, "min_max_surrogate_relaxation": {"max_delay": 0.021347966637330986, "lower_bound": 0.013975448401712658, "running_time": 314.2590522766113, "none_zero_ratio": 0.0025, "max_weight": 0.573486328125, "min_weight": 0.059326171875}, "min_max_pulp": {"max_delay": 0.021347966637330986, "running_time": 166952.68535614014}}, "40": {"num_user": 400, "num_service": 41, "min_max_greedy": {"max_delay": 0.018139108288774852, "running_time": 41.03398323059082}, "min_max_equal_weight": {"max_delay": 0.021566807185828856, "running_time": 349.287748336792}, "min_max_surrogate_relaxation": {"max_delay": 0.018139108288774852, "lower_bound": 0.014232417970067026, "running_time": 1372.131586074829, "none_zero_ratio": 0.0025, "max_weight": 0.286376953125, "min_weight": 0.2109375}, "min_max_pulp": {"max_delay": 0.018139108288774852, "running_time": 224170.87292671204}}, "50": {"num_user": 400, "num_service": 41, "min_max_greedy": {"max_delay": 0.016518785871471216, "running_time": 53.043365478515625}, "min_max_equal_weight": {"max_delay": 0.018219720339867098, "running_time": 346.2855815887451}, "min_max_surrogate_relaxation": {"max_delay": 0.016518785871471216, "lower_bound": 0.012501682327482574, "running_time": 743.6132431030273, "none_zero_ratio": 0.005, "max_weight": 0.25, "min_weight": 0.007970404112711549}, "min_max_pulp": {"max_delay": 0.01607374570117477, "running_time": 282793.2183742523}}, "60": {"num_user": 400, "num_service": 41, "min_max_greedy": {"max_delay": 0.015550260292062298, "running_time": 59.04841423034668}, "min_max_equal_weight": {"max_delay": 0.017195400235375066, "running_time": 350.28934478759766}, "min_max_surrogate_relaxation": {"max_delay": 0.01572679099381251, "lower_bound": 0.011389631448916197, "running_time": 1081.892490386963, "none_zero_ratio": 0.005, "max_weight": 0.3941059112548828, "min_weight": 0.02642366598593071}, "min_max_pulp": {"max_delay": 0.015078604699348916, "running_time": 360229.07972335815}}, "70": {"num_user": 400, "num_service": 41, "min_max_greedy": {"max_delay": 0.014723995202259086, "running_time": 70.05739212036133}, "min_max_equal_weight": {"max_delay": 0.01572679099381251, "running_time": 351.2895107269287}, "min_max_surrogate_relaxation": {"max_delay": 0.015643404911412206, "lower_bound": 0.00994155170829112, "running_time": 703.5806179046631, "none_zero_ratio": 0.00375, "max_weight": 0.3768310546875, "min_weight": 0.04876863956451416}, "min_max_pulp": {"max_delay": 0.013994989880470677, "running_time": 430549.0720272064}}, "80": {"num_user": 400, "num_service": 41, "min_max_greedy": {"max_delay": 0.013823227799378814, "running_time": 79.06532287597656}, "min_max_equal_weight": {"max_delay": 0.01494405484460594, "running_time": 356.2943935394287}, "min_max_surrogate_relaxation": {"max_delay": 0.014407003408555726, "lower_bound": 0.009294132171572865, "running_time": 958.7903022766113, "none_zero_ratio": 0.004375, "max_weight": 0.25, "min_weight": 0.06226915866136551}, "min_max_pulp": {"max_delay": 0.013109546327707581, "running_time": 511383.73589515686}}, "90": {"num_user": 400, "num_service": 41, "min_max_greedy": {"max_delay": 0.012536946369044852, "running_time": 88.07253837585449}, "min_max_equal_weight": {"max_delay": 0.014526688037997665, "running_time": 355.29327392578125}, "min_max_surrogate_relaxation": {"max_delay": 0.0151614164577645, "lower_bound": 0.008027692234278407, "running_time": 531.437873840332, "none_zero_ratio": 0.003125, "max_weight": 0.5, "min_weight": 0.0797271728515625}, "min_max_pulp": {"max_delay": 0.01183149922877337, "running_time": 600734.4229221344}}, "100": {"num_user": 400, "num_service": 41, "min_max_greedy": {"max_delay": 0.011613165378248748, "running_time": 100.0821590423584}, "min_max_equal_weight": {"max_delay": 0.011934058849460317, "running_time": 355.29303550720215}, "min_max_surrogate_relaxation": {"max_delay": 0.014951285121837202, "lower_bound": 0.006487190409888567, "running_time": 412.3399257659912, "none_zero_ratio": 0.003125, "max_weight": 0.5, "min_weight": 0.1087188720703125}, "min_max_pulp": {"max_delay": 0.011272316225606354, "running_time": 695117.2602176666}}}