{"entropy": 241184106531053552438437794701034504128, "10": {"num_user": 400, "num_service": 41, "min_max_greedy": {"max_delay": 0.0975281466902223, "running_time": 56.046247482299805}, "min_max_equal_weight": {"max_delay": 0.1175471114373251, "running_time": 355.29279708862305}, "min_max_surrogate_relaxation": {"max_delay": 0.0975281466902223, "lower_bound": 0.08447357416913634, "running_time": 292.24085807800293, "none_zero_ratio": 0.001875, "max_weight": 0.75, "min_weight": 0.0078125}, "min_max_pulp": {"max_delay": 0.0975281466902223, "running_time": 80055.02152442932}}, "20": {"num_user": 400, "num_service": 41, "min_max_greedy": {"max_delay": 0.055343275999025734, "running_time": 28.023242950439453}, "min_max_equal_weight": {"max_delay": 0.07045277414785142, "running_time": 349.2884635925293}, "min_max_surrogate_relaxation": {"max_delay": 0.06626776780620611, "lower_bound": 0.03530629740325035, "running_time": 306.25247955322266, "none_zero_ratio": 0.001875, "max_weight": 0.5, "min_weight": 0.015625}, "min_max_pulp": {"max_delay": 0.055343275999025734, "running_time": 151236.72437667847}}, "30": {"num_user": 400, "num_service": 41, "min_max_greedy": {"max_delay": 0.03361610751323425, "running_time": 41.03374481201172}, "min_max_equal_weight": {"max_delay": 0.039019774547813954, "running_time": 353.29127311706543}, "min_max_surrogate_relaxation": {"max_delay": 0.03842137552203341, "lower_bound": 0.0226963192601725, "running_time": 650.536298751831, "none_zero_ratio": 0.005625, "max_weight": 0.5, "min_weight": 0.0026847465051105246}, "min_max_pulp": {"max_delay": 0.03361610751323425, "running_time": 235136.9161605835}}, "40": {"num_user": 400, "num_service": 41, "min_max_greedy": {"max_delay": 0.024286640262581604, "running_time": 50.04167556762695}, "min_max_equal_weight": {"max_delay": 0.027034464569000227, "running_time": 356.2936782836914}, "min_max_surrogate_relaxation": {"max_delay": 0.024286640262581604, "lower_bound": 0.016676355718699333, "running_time": 538.4435653686523, "none_zero_ratio": 0.003125, "max_weight": 0.3046875, "min_weight": 0.08480072021484375}, "min_max_pulp": {"max_delay": 0.023913894155892044, "running_time": 325494.43435668945}}, "50": {"num_user": 400, "num_service": 41, "min_max_greedy": {"max_delay": 0.02200125144916803, "running_time": 104.08544540405273}, "min_max_equal_weight": {"max_delay": 0.02402321980936382, "running_time": 356.2939167022705}, "min_max_surrogate_relaxation": {"max_delay": 0.02116525595797382, "lower_bound": 0.016620689364760504, "running_time": 2500.061511993408, "none_zero_ratio": 0.009375, "max_weight": 0.25, "min_weight": 0.007695506373463367}, "min_max_pulp": {"max_delay": 0.02019596839513932, "running_time": 426667.870759964}}, "60": {"num_user": 400, "num_service": 41, "min_max_greedy": {"max_delay": 0.018822078255187294, "running_time": 75.06251335144043}, "min_max_equal_weight": {"max_delay": 0.018624841814602413, "running_time": 362.29896545410156}, "min_max_surrogate_relaxation": {"max_delay": 0.017777456447242525, "lower_bound": 0.014092361311254431, "running_time": 1064.8787021636963, "none_zero_ratio": 0.005, "max_weight": 0.23724365234375, "min_weight": 0.017317922960501164}, "min_max_pulp": {"max_delay": 0.01769158466546301, "running_time": 538983.4971427917}}, "70": {"num_user": 400, "num_service": 41, "min_max_greedy": {"max_delay": 0.016283832905116456, "running_time": 96.07911109924316}, "min_max_equal_weight": {"max_delay": 0.0176544899095933, "running_time": 367.30265617370605}, "min_max_surrogate_relaxation": {"max_delay": 0.01660390365942681, "lower_bound": 0.014013278546953462, "running_time": 3258.6872577667236, "none_zero_ratio": 0.006875, "max_weight": 0.25, "min_weight": 0.0022374050282891744}, "min_max_pulp": {"max_delay": 0.016091269257490125, "running_time": 659008.5473060608}}, "80": {"num_user": 400, "num_service": 41, "min_max_greedy": {"max_delay": 0.014737021199013867, "running_time": 98.08111190795898}, "min_max_equal_weight": {"max_delay": 0.01507318536143103, "running_time": 369.3046569824219}, "min_max_surrogate_relaxation": {"max_delay": 0.014822381030670068, "lower_bound": 0.013502822044407744, "running_time": 5230.313539505005, "none_zero_ratio": 0.011875, "max_weight": 0.1802317202091217, "min_weight": 0.0036655470496127565}, "min_max_pulp": {"max_delay": 0.014614054661364641, "running_time": 781987.904548645}}, "90": {"num_user": 400, "num_service": 41, "min_max_greedy": {"max_delay": 0.014383233004845102, "running_time": 108.08920860290527}, "min_max_equal_weight": {"max_delay": 0.015005789258838765, "running_time": 375.30970573425293}, "min_max_surrogate_relaxation": {"max_delay": 0.014690143885523718, "lower_bound": 0.01308102585365366, "running_time": 4089.3731117248535, "none_zero_ratio": 0.006875, "max_weight": 0.17586295679211617, "min_weight": 0.005420412922443774}, "min_max_pulp": {"max_delay": 0.01421689191549372, "running_time": 925198.0140209198}}, "100": {"num_user": 400, "num_service": 41, "min_max_greedy": {"max_delay": 0.014356646178569353, "running_time": 122.100830078125}, "min_max_equal_weight": {"max_delay": 0.014546658558772374, "running_time": 373.3079433441162}, "min_max_surrogate_relaxation": {"max_delay": 0.014158621883169808, "lower_bound": 0.012801573164805968, "running_time": 6836.6382122039795, "none_zero_ratio": 0.009375, "max_weight": 0.15719985961914062, "min_weight": 0.0025184015485992506}, "min_max_pulp": {"max_delay": 0.013844647397234216, "running_time": 1084737.581729889}}}