{"entropy": 185071413364547279562514398204167331759, "10": {"num_user": 400, "num_service": 41, "min_max_greedy": {"max_delay": 0.0699513735888797, "running_time": 24.019718170166016}, "min_max_equal_weight": {"max_delay": 0.07043684720804803, "running_time": 360.29720306396484}, "min_max_surrogate_relaxation": {"max_delay": 0.0699513735888797, "lower_bound": 0.05241731847805868, "running_time": 375.3094673156738, "none_zero_ratio": 0.00375, "max_weight": 0.336181640625, "min_weight": 0.0008690357208251953}, "min_max_pulp": {"max_delay": 0.06819083037151827, "running_time": 107246.44565582275}}, "20": {"num_user": 400, "num_service": 41, "min_max_greedy": {"max_delay": 0.05476617850167959, "running_time": 35.028934478759766}, "min_max_equal_weight": {"max_delay": 0.05445595253868332, "running_time": 362.29920387268066}, "min_max_surrogate_relaxation": {"max_delay": 0.05324091838511704, "lower_bound": 0.046144422757094405, "running_time": 509.42039489746094, "none_zero_ratio": 0.0025, "max_weight": 0.5, "min_weight": 0.05810546875}, "min_max_pulp": {"max_delay": 0.05178057533410227, "running_time": 215550.76384544373}}, "30": {"num_user": 400, "num_service": 41, "min_max_greedy": {"max_delay": 0.04744784044520434, "running_time": 46.03767395019531}, "min_max_equal_weight": {"max_delay": 0.0542379591198052, "running_time": 362.29872703552246}, "min_max_surrogate_relaxation": {"max_delay": 0.049998977811134146, "lower_bound": 0.04193253172492094, "running_time": 855.7054996490479, "none_zero_ratio": 0.00375, "max_weight": 0.57421875, "min_weight": 0.020753979682922363}, "min_max_pulp": {"max_delay": 0.04744784044520434, "running_time": 344276.9238948822}}, "40": {"num_user": 400, "num_service": 41, "min_max_greedy": {"max_delay": 0.042035018251858486, "running_time": 62.05105781555176}, "min_max_equal_weight": {"max_delay": 0.045869431808328684, "running_time": 367.30265617370605}, "min_max_surrogate_relaxation": {"max_delay": 0.041893732320066115, "lower_bound": 0.03993827205231162, "running_time": 2611.1533641815186, "none_zero_ratio": 0.00625, "max_weight": 0.18817520141601562, "min_weight": 0.02690664172439483}, "min_max_pulp": {"max_delay": 0.04181702483298036, "running_time": 488426.4290332794}}, "50": {"num_user": 400, "num_service": 41, "min_max_greedy": {"max_delay": 0.04040935483926231, "running_time": 67.05498695373535}, "min_max_equal_weight": {"max_delay": 0.04138982472098689, "running_time": 368.3035373687744}, "min_max_surrogate_relaxation": {"max_delay": 0.04026806890746994, "lower_bound": 0.038625070695427345, "running_time": 1996.6466426849365, "none_zero_ratio": 0.0075, "max_weight": 0.19014754295858438, "min_weight": 0.006989011772742804}, "min_max_pulp": {"max_delay": 0.04026806890746994, "running_time": 662488.3513450623}}, "60": {"num_user": 400, "num_service": 41, "min_max_greedy": {"max_delay": 0.0393606619237492, "running_time": 85.06965637207031}, "min_max_equal_weight": {"max_delay": 0.04053843723037149, "running_time": 372.30706214904785}, "min_max_surrogate_relaxation": {"max_delay": 0.03982296777924843, "lower_bound": 0.038103910498104805, "running_time": 2926.4135360717773, "none_zero_ratio": 0.00875, "max_weight": 0.23148536682128906, "min_weight": 0.021752196609254315}, "min_max_pulp": {"max_delay": 0.0393606619237492, "running_time": 824895.2877521515}}, "70": {"num_user": 400, "num_service": 41, "min_max_greedy": {"max_delay": 0.03887806060726952, "running_time": 91.07494354248047}, "min_max_equal_weight": {"max_delay": 0.04003566553675089, "running_time": 378.3118724822998}, "min_max_surrogate_relaxation": {"max_delay": 0.03949780736882521, "lower_bound": 0.03724569895000717, "running_time": 1578.3016681671143, "none_zero_ratio": 0.00625, "max_weight": 0.21530020516365767, "min_weight": 0.009196427017030828}, "min_max_pulp": {"max_delay": 0.0387323287333864, "running_time": 1033765.5408382416}}, "80": {"num_user": 400, "num_service": 41, "min_max_greedy": {"max_delay": 0.03861359309302072, "running_time": 96.07934951782227}, "min_max_equal_weight": {"max_delay": 0.03947159193795909, "running_time": 372.30610847473145}, "min_max_surrogate_relaxation": {"max_delay": 0.03949780736882521, "lower_bound": 0.03696209012622138, "running_time": 1296.0684299468994, "none_zero_ratio": 0.005625, "max_weight": 0.22812187671661377, "min_weight": 0.017397356259607477}, "min_max_pulp": {"max_delay": 0.03828225166781993, "running_time": 1208376.543045044}}, "90": {"num_user": 400, "num_service": 41, "min_max_greedy": {"max_delay": 0.03821296252846828, "running_time": 109.08985137939453}, "min_max_equal_weight": {"max_delay": 0.038682861476384264, "running_time": 378.3068656921387}, "min_max_surrogate_relaxation": {"max_delay": 0.030517932405253495, "lower_bound": 0.030179405074939707, "running_time": 310.2562427520752, "none_zero_ratio": 0.001875, "max_weight": 0.5, "min_weight": 0.109375}, "min_max_pulp": {"max_delay": 0.026378190435018094, "running_time": 1415467.3292636871}}, "100": {"num_user": 400, "num_service": 41, "min_max_greedy": {"max_delay": 0.03774163001945049, "running_time": 119.09818649291992}, "min_max_equal_weight": {"max_delay": 0.038682861476384264, "running_time": 388.3199691772461}, "min_max_surrogate_relaxation": {"max_delay": 0.027956030413550208, "lower_bound": 0.023873106633011208, "running_time": 516.4260864257812, "none_zero_ratio": 0.0025, "max_weight": 0.5, "min_weight": 0.01025390625}, "min_max_pulp": {"max_delay": 0.02122924754033587, "running_time": 1659112.26272583}}}