{"entropy": 2279306987989527466522564154480825633, "10": {"num_user": 400, "num_service": 41, "min_max_greedy": {"max_delay": 0.036357284778167034, "running_time": 20.01643180847168}, "min_max_equal_weight": {"max_delay": 0.036357284778167034, "running_time": 341.2821292877197}, "min_max_surrogate_relaxation": {"max_delay": 0.036357284778167034, "lower_bound": 0.027231796416449572, "running_time": 197.16262817382812, "none_zero_ratio": 0.0025, "max_weight": 0.5, "min_weight": 0.01025390625}, "min_max_pulp": {"max_delay": 0.036357284778167034, "running_time": 74893.76449584961}}, "20": {"num_user": 400, "num_service": 41, "min_max_greedy": {"max_delay": 0.022020478047885976, "running_time": 37.030696868896484}, "min_max_equal_weight": {"max_delay": 0.029591300369541627, "running_time": 349.2882251739502}, "min_max_surrogate_relaxation": {"max_delay": 0.03246857519040339, "lower_bound": 0.01381941445116617, "running_time": 161.1330509185791, "none_zero_ratio": 0.0025, "max_weight": 0.5, "min_weight": 0.00244140625}, "min_max_pulp": {"max_delay": 0.022020478047885976, "running_time": 150893.00966262817}}, "30": {"num_user": 400, "num_service": 41, "min_max_greedy": {"max_delay": 0.019123738595967277, "running_time": 45.037269592285156}, "min_max_equal_weight": {"max_delay": 0.020673026852926234, "running_time": 352.29015350341797}, "min_max_surrogate_relaxation": {"max_delay": 0.019189541864442394, "lower_bound": 0.015588642023921337, "running_time": 775.6400108337402, "none_zero_ratio": 0.005625, "max_weight": 0.2819023132324219, "min_weight": 0.00018384116629022174}, "min_max_pulp": {"max_delay": 0.019123738595967277, "running_time": 231154.7031402588}}, "40": {"num_user": 400, "num_service": 41, "min_max_greedy": {"max_delay": 0.017478403795802865, "running_time": 59.04841423034668}, "min_max_equal_weight": {"max_delay": 0.020673026852926234, "running_time": 356.2939167022705}, "min_max_surrogate_relaxation": {"max_delay": 0.016626731916901862, "lower_bound": 0.014090989418802755, "running_time": 1266.0441398620605, "none_zero_ratio": 0.0075, "max_weight": 0.22009758367858012, "min_weight": 7.388529725538273e-05}, "min_max_pulp": {"max_delay": 0.016324474586584974, "running_time": 318006.25801086426}}, "50": {"num_user": 400, "num_service": 41, "min_max_greedy": {"max_delay": 0.016293768696600833, "running_time": 69.05698776245117}, "min_max_equal_weight": {"max_delay": 0.017434676812716158, "running_time": 356.2939167022705}, "min_max_surrogate_relaxation": {"max_delay": 0.015726128024550617, "lower_bound": 0.01310807579275834, "running_time": 1834.5131874084473, "none_zero_ratio": 0.008125, "max_weight": 0.21578687143701814, "min_weight": 6.758589883939809e-05}, "min_max_pulp": {"max_delay": 0.015183408343742353, "running_time": 415150.372505188}}, "60": {"num_user": 400, "num_service": 41, "min_max_greedy": {"max_delay": 0.014764997024407558, "running_time": 74.06139373779297}, "min_max_equal_weight": {"max_delay": 0.015463999724741094, "running_time": 356.2939167022705}, "min_max_surrogate_relaxation": {"max_delay": 0.014604706913349714, "lower_bound": 0.012616170788392413, "running_time": 2753.2715797424316, "none_zero_ratio": 0.00875, "max_weight": 0.25, "min_weight": 5.117910632411525e-05}, "min_max_pulp": {"max_delay": 0.014169700140328827, "running_time": 534486.3729476929}}, "70": {"num_user": 400, "num_service": 41, "min_max_greedy": {"max_delay": 0.013599630534480725, "running_time": 90.07430076599121}, "min_max_equal_weight": {"max_delay": 0.014444572041929575, "running_time": 365.30137062072754}, "min_max_surrogate_relaxation": {"max_delay": 0.013986197269166417, "lower_bound": 0.012001566014331794, "running_time": 2160.7820987701416, "none_zero_ratio": 0.006875, "max_weight": 0.1875, "min_weight": 8.139539162677067e-05}, "min_max_pulp": {"max_delay": 0.013442918681847504, "running_time": 678386.9736194611}}, "80": {"num_user": 400, "num_service": 41, "min_max_greedy": {"max_delay": 0.013365645705285343, "running_time": 111.12833023071289}, "min_max_equal_weight": {"max_delay": 0.01429676228466298, "running_time": 366.3017749786377}, "min_max_surrogate_relaxation": {"max_delay": 0.013280656881386865, "lower_bound": 0.011946444380113337, "running_time": 5627.567768096924, "none_zero_ratio": 0.010625, "max_weight": 0.25, "min_weight": 0.0004137944507389835}, "min_max_pulp": {"max_delay": 0.012940844978932251, "running_time": 820043.6248779297}}, "90": {"num_user": 400, "num_service": 41, "min_max_greedy": {"max_delay": 0.013003111770292897, "running_time": 114.09401893615723}, "min_max_equal_weight": {"max_delay": 0.01429676228466298, "running_time": 370.30553817749023}, "min_max_surrogate_relaxation": {"max_delay": 0.012726362682680004, "lower_bound": 0.011618214744298546, "running_time": 7352.062940597534, "none_zero_ratio": 0.010625, "max_weight": 0.19236211032330175, "min_weight": 0.0006447340040573341}, "min_max_pulp": {"max_delay": 0.012434689990762946, "running_time": 956422.7576255798}}, "100": {"num_user": 400, "num_service": 41, "min_max_greedy": {"max_delay": 0.012361795886048616, "running_time": 126.10387802124023}, "min_max_equal_weight": {"max_delay": 0.013367546941054896, "running_time": 374.3090629577637}, "min_max_surrogate_relaxation": {"max_delay": 0.08317086955379294, "lower_bound": 0.008819962650994708, "running_time": 183.1510066986084, "none_zero_ratio": 0.001875, "max_weight": 0.9375, "min_weight": 0.017578125}, "min_max_pulp": {"max_delay": 0.012088378848156093, "running_time": 1164471.3342189789}}}