{"entropy": 254192429622190023585618813985568849448, "10": {"num_user": 400, "num_service": 41, "min_max_greedy": {"max_delay": 0.48749732520442896, "running_time": 21.01731300354004}, "min_max_equal_weight": {"max_delay": 0.49144842565202884, "running_time": 341.2811756134033}, "min_max_surrogate_relaxation": {"max_delay": 0.48424358232392267, "lower_bound": 0.47880466917169906, "running_time": 292.24109649658203, "none_zero_ratio": 0.001875, "max_weight": 0.5, "min_weight": 0.203125}, "min_max_pulp": {"max_delay": 0.48424358232392267, "running_time": 63940.73176383972}}, "20": {"num_user": 400, "num_service": 41, "min_max_greedy": {"max_delay": 0.4828825242297608, "running_time": 30.025005340576172}, "min_max_equal_weight": {"max_delay": 0.4828825242297608, "running_time": 350.28910636901855}, "min_max_surrogate_relaxation": {"max_delay": 0.4787807919988048, "lower_bound": 0.4651826819190036, "running_time": 442.3649311065674, "none_zero_ratio": 0.004375, "max_weight": 0.3221435546875, "min_weight": 0.02211303636431694}, "min_max_pulp": {"max_delay": 0.4756776809016546, "running_time": 124708.84680747986}}, "30": {"num_user": 400, "num_service": 41, "min_max_greedy": {"max_delay": 0.46790086490749977, "running_time": 37.03045845031738}, "min_max_equal_weight": {"max_delay": 0.47089917660618197, "running_time": 348.28734397888184}, "min_max_surrogate_relaxation": {"max_delay": 0.46790086490749977, "lower_bound": 0.4631573231530849, "running_time": 734.6053123474121, "none_zero_ratio": 0.005, "max_weight": 0.30078125, "min_weight": 0.030483907903544605}, "min_max_pulp": {"max_delay": 0.4671439936469208, "running_time": 184104.83050346375}}, "40": {"num_user": 400, "num_service": 41, "min_max_greedy": {"max_delay": 0.4660859102711537, "running_time": 46.03767395019531}, "min_max_equal_weight": {"max_delay": 0.4653423850494502, "running_time": 344.2833423614502}, "min_max_surrogate_relaxation": {"max_delay": 0.4662699927241899, "lower_bound": 0.4605353287784693, "running_time": 861.7105484008789, "none_zero_ratio": 0.005, "max_weight": 0.25, "min_weight": 0.03943030606023967}, "min_max_pulp": {"max_delay": 0.4640363442621715, "running_time": 259491.0011291504}}, "50": {"num_user": 400, "num_service": 41, "min_max_greedy": {"max_delay": 0.4634617616695996, "running_time": 62.05129623413086}, "min_max_equal_weight": {"max_delay": 0.4653423850494502, "running_time": 355.29327392578125}, "min_max_surrogate_relaxation": {"max_delay": 0.4630824877491371, "lower_bound": 0.4589047189361707, "running_time": 944.7789192199707, "none_zero_ratio": 0.005625, "max_weight": 0.18668174743652344, "min_weight": 0.049922101652555284}, "min_max_pulp": {"max_delay": 0.4624775914602331, "running_time": 335222.4564552307}}, "60": {"num_user": 400, "num_service": 41, "min_max_greedy": {"max_delay": 0.46119570712676816, "running_time": 73.0600357055664}, "min_max_equal_weight": {"max_delay": 0.4625563638994436, "running_time": 355.29327392578125}, "min_max_surrogate_relaxation": {"max_delay": 0.4604849126418632, "lower_bound": 0.4580828203915872, "running_time": 1449.195146560669, "none_zero_ratio": 0.005, "max_weight": 0.22541821002960205, "min_weight": 0.035676540923304856}, "min_max_pulp": {"max_delay": 0.46049452520344536, "running_time": 421172.33872413635}}, "70": {"num_user": 400, "num_service": 41, "min_max_greedy": {"max_delay": 0.4600330871408432, "running_time": 83.0683708190918}, "min_max_equal_weight": {"max_delay": 0.4600962896860083, "running_time": 356.2936782836914}, "min_max_surrogate_relaxation": {"max_delay": 0.45987608699962607, "lower_bound": 0.4576988815514599, "running_time": 1895.5631256103516, "none_zero_ratio": 0.006875, "max_weight": 0.17542979680001736, "min_weight": 0.027599364852646247}, "min_max_pulp": {"max_delay": 0.45948684141221835, "running_time": 510427.9479980469}}, "80": {"num_user": 400, "num_service": 41, "min_max_greedy": {"max_delay": 0.45933119658643445, "running_time": 93.07670593261719}, "min_max_equal_weight": {"max_delay": 0.4600962896860083, "running_time": 360.29720306396484}, "min_max_surrogate_relaxation": {"max_delay": 0.4592866644990961, "lower_bound": 0.4571434387668882, "running_time": 1820.5013275146484, "none_zero_ratio": 0.006875, "max_weight": 0.125, "min_weight": 0.04114339935386013}, "min_max_pulp": {"max_delay": 0.45841908460607633, "running_time": 605692.5117969513}}, "90": {"num_user": 400, "num_service": 41, "min_max_greedy": {"max_delay": 0.45874770053628244, "running_time": 103.08504104614258}, "min_max_equal_weight": {"max_delay": 0.45852280351885066, "running_time": 362.29896545410156}, "min_max_surrogate_relaxation": {"max_delay": 0.4581400338393048, "lower_bound": 0.45679239072566147, "running_time": 2561.112403869629, "none_zero_ratio": 0.00875, "max_weight": 0.125, "min_weight": 0.0247802734375}, "min_max_pulp": {"max_delay": 0.4579420410575063, "running_time": 710829.2179107666}}, "100": {"num_user": 400, "num_service": 41, "min_max_greedy": {"max_delay": 0.457762150995519, "running_time": 114.09401893615723}, "min_max_equal_weight": {"max_delay": 0.4580126394463734, "running_time": 362.29872703552246}, "min_max_surrogate_relaxation": {"max_delay": 0.4581400338393048, "lower_bound": 0.45648327094474095, "running_time": 2884.378433227539, "none_zero_ratio": 0.008125, "max_weight": 0.125, "min_weight": 0.02734375}, "min_max_pulp": {"max_delay": 0.4574136477018398, "running_time": 829869.3895339966}}}