{"10": {"min_max_greedy": {"max delay": [0.2022132494610055], "running time": [77.06356048583984]}, "min_max_pulp": {"max delay": [0.2022132494610055], "running time": [3430.8323860168457]}}, "20": {"min_max_greedy": {"max delay": [0.11353305413455715], "running time": [87.07189559936523]}, "min_max_pulp": {"max delay": [0.11033379861269012], "running time": [6956.760406494141]}}, "30": {"min_max_greedy": {"max delay": [0.06385549265758518], "running time": [147.12166786193848]}, "min_max_pulp": {"max delay": [0.06385549265758518], "running time": [11466.467142105103]}}, "40": {"min_max_greedy": {"max delay": [0.047932617955400325], "running time": [164.13545608520508]}, "min_max_pulp": {"max delay": [0.04693303672875909], "running time": [15985.1975440979]}}, "50": {"min_max_greedy": {"max delay": [0.04412072690779041], "running time": [185.15324592590332]}, "min_max_pulp": {"max delay": [0.0431350595193245], "running time": [21479.731798171997]}}, "60": {"min_max_greedy": {"max delay": [0.042227732193169026], "running time": [227.1873950958252]}, "min_max_pulp": {"max delay": [0.040011077558366054], "running time": [28786.765813827515]}}, "70": {"min_max_greedy": {"max delay": [0.038856525406506734], "running time": [272.22466468811035]}, "min_max_pulp": {"max delay": [0.03861247713270421], "running time": [37991.36519432068]}}, "80": {"min_max_greedy": {"max delay": [0.03649414501183273], "running time": [303.2510280609131]}, "min_max_pulp": {"max delay": [0.03649414501183273], "running time": [52560.391902923584]}}, "90": {"min_max_greedy": {"max delay": [0.03590246756944053], "running time": [357.29527473449707]}, "min_max_pulp": {"max delay": [0.02380870224423178], "running time": [46009.984493255615]}}, "100": {"min_max_greedy": {"max delay": [0.03586698010986645], "running time": [346.2860584259033]}, "min_max_pulp": {"max delay": [0.020437495457569482], "running time": [55074.46765899658]}}}