{"10": {"min_max_greedy": {"max delay": [0.08729519908807097], "running time": [75.06203651428223]}, "min_max_pulp": {"max delay": [0.08729519908807097], "running time": [3292.717933654785]}}, "20": {"min_max_greedy": {"max delay": [0.05241735335221455], "running time": [65.05393981933594]}, "min_max_pulp": {"max delay": [0.05241735335221455], "running time": [6619.464874267578]}}, "30": {"min_max_greedy": {"max delay": [0.04153859237942259], "running time": [87.07165718078613]}, "min_max_pulp": {"max delay": [0.04153859237942259], "running time": [10739.866733551025]}}, "40": {"min_max_greedy": {"max delay": [0.03249954998754999], "running time": [130.10740280151367]}, "min_max_pulp": {"max delay": [0.030774870770290338], "running time": [15365.68546295166]}}, "50": {"min_max_greedy": {"max delay": [0.030626601087089485], "running time": [151.1249542236328]}, "min_max_pulp": {"max delay": [0.02720865290437561], "running time": [20441.87641143799]}}, "60": {"min_max_greedy": {"max delay": [0.02604140273638992], "running time": [211.17424964904785]}, "min_max_pulp": {"max delay": [0.024208201723066827], "running time": [28408.453702926636]}}, "70": {"min_max_greedy": {"max delay": [0.0218033059370536], "running time": [239.1977310180664]}, "min_max_pulp": {"max delay": [0.020716299786237423], "running time": [33082.31163024902]}}, "80": {"min_max_greedy": {"max delay": [0.02119568434684398], "running time": [271.223783493042]}, "min_max_pulp": {"max delay": [0.018056693866958122], "running time": [39611.70268058777]}}, "90": {"min_max_greedy": {"max delay": [0.017717463761860446], "running time": [324.2676258087158]}, "min_max_pulp": {"max delay": [0.01636173585996456], "running time": [53511.1780166626]}}, "100": {"min_max_greedy": {"max delay": [0.01626848865053141], "running time": [370.30529975891113]}, "min_max_pulp": {"max delay": [0.014924091195623502], "running time": [63905.75909614563]}}}