{"10": {"min_max_greedy": {"max delay": [0.07528743642423974], "running time": [88.07253837585449]}, "min_max_pulp": {"max delay": [0.07528743642423974], "running time": [4723.899841308594]}}, "20": {"min_max_greedy": {"max delay": [0.05766941290415725], "running time": [76.06267929077148]}, "min_max_pulp": {"max delay": [0.05766941290415725], "running time": [10198.41980934143]}}, "30": {"min_max_greedy": {"max delay": [0.05361464580304616], "running time": [68.05610656738281]}, "min_max_pulp": {"max delay": [0.048899229435301506], "running time": [16566.67685508728]}}, "40": {"min_max_greedy": {"max delay": [0.03503754846588964], "running time": [112.09273338317871]}, "min_max_pulp": {"max delay": [0.03503754846588964], "running time": [23321.253299713135]}}, "50": {"min_max_greedy": {"max delay": [0.028561412038078816], "running time": [155.12800216674805]}, "min_max_pulp": {"max delay": [0.02567409493502945], "running time": [31522.023916244507]}}, "60": {"min_max_greedy": {"max delay": [0.02322611835330655], "running time": [205.1694393157959]}, "min_max_pulp": {"max delay": [0.02220136567377643], "running time": [41674.405336380005]}}, "70": {"min_max_greedy": {"max delay": [0.01871912744310183], "running time": [237.1959686279297]}, "min_max_pulp": {"max delay": [0.01871912744310183], "running time": [52720.52478790283]}}, "80": {"min_max_greedy": {"max delay": [0.01618991792368305], "running time": [291.2406921386719]}, "min_max_pulp": {"max delay": [0.015559886907658197], "running time": [62590.68465232849]}}, "90": {"min_max_greedy": {"max delay": [0.014793246509160266], "running time": [335.27636528015137]}, "min_max_pulp": {"max delay": [0.014335466721143686], "running time": [74831.81381225586]}}, "100": {"min_max_greedy": {"max delay": [0.013384967374263403], "running time": [426.35202407836914]}, "min_max_pulp": {"max delay": [0.012975888814302502], "running time": [96155.39693832397]}}}