{"10": {"min_max_greedy": {"max delay": [0.05916526369087119], "running time": [87.07165718078613]}, "min_max_pulp": {"max delay": [0.05028235528382214], "running time": [4137.415885925293]}}, "20": {"min_max_greedy": {"max delay": [0.039992069083109316], "running time": [109.08985137939453]}, "min_max_pulp": {"max delay": [0.0388758199870132], "running time": [8251.81269645691]}}, "30": {"min_max_greedy": {"max delay": [0.03196801044538452], "running time": [173.1429100036621]}, "min_max_pulp": {"max delay": [0.03119192499442043], "running time": [13213.909149169922]}}, "40": {"min_max_greedy": {"max delay": [0.029116276041056433], "running time": [194.16022300720215]}, "min_max_pulp": {"max delay": [0.02846201230022777], "running time": [19033.713817596436]}}, "50": {"min_max_greedy": {"max delay": [0.026385931029377755], "running time": [237.1959686279297]}, "min_max_pulp": {"max delay": [0.02605731493115572], "running time": [25773.277759552002]}}, "60": {"min_max_greedy": {"max delay": [0.025136933178305433], "running time": [283.233642578125]}, "min_max_pulp": {"max delay": [0.024119825642698548], "running time": [32749.03655052185]}}, "70": {"min_max_greedy": {"max delay": [0.023906573532801578], "running time": [324.268102645874]}, "min_max_pulp": {"max delay": [0.02267341110035218], "running time": [42287.912130355835]}}, "80": {"min_max_greedy": {"max delay": [0.022519194456626906], "running time": [368.3040142059326]}, "min_max_pulp": {"max delay": [0.021505787173399193], "running time": [49475.8460521698]}}, "90": {"min_max_greedy": {"max delay": [0.02315206273437121], "running time": [335.27636528015137]}, "min_max_pulp": {"max delay": [0.021099542498201448], "running time": [71292.85764694214]}}, "100": {"min_max_greedy": {"max delay": [0.022477357967392697], "running time": [367.30289459228516]}, "min_max_pulp": {"max delay": [0.02004419310883469], "running time": [657458.7931632996]}}}