{"10": {"min_max_greedy": {"max delay": [0.0754876936688091], "running time": [2288.900375366211]}, "lower bound": {"max delay": [0.049386037810174574], "running time": [57183.47406387329]}, "upper bound": {"max delay": [0.0754876936688091], "running time": [57183.47406387329]}, "min_max_equal_weight": {"max delay": [0.07830456437352494], "running time": [1539.2780303955078]}}, "20": {"min_max_greedy": {"max delay": [0.047589314941906165], "running time": [4104.40731048584]}, "lower bound": {"max delay": [0.016584446331915727], "running time": [76653.64742279053]}, "upper bound": {"max delay": [0.049651823591119956], "running time": [76653.64742279053]}, "min_max_equal_weight": {"max delay": [0.05010980492186299], "running time": [1515.2578353881836]}}, "30": {"min_max_greedy": {"max delay": [0.04191205440046705], "running time": [4625.840425491333]}, "lower bound": {"max delay": [0.01433238824039143], "running time": [76338.37676048279]}, "upper bound": {"max delay": [0.043341190282375076], "running time": [76338.37676048279]}, "min_max_equal_weight": {"max delay": [0.043341190282375076], "running time": [1532.2723388671875]}}, "40": {"min_max_greedy": {"max delay": [0.03887438355877866], "running time": [6827.6684284210205]}, "lower bound": {"max delay": [0.012518031660418245], "running time": [86765.0339603424]}, "upper bound": {"max delay": [0.040881801584516916], "running time": [86765.0339603424]}, "min_max_equal_weight": {"max delay": [0.043341190282375076], "running time": [1590.322732925415]}}, "50": {"min_max_greedy": {"max delay": [0.033502496974513206], "running time": [5064.204216003418]}, "lower bound": {"max delay": [0.00969486375332838], "running time": [86957.19265937805]}, "upper bound": {"max delay": [0.03921584948265649], "running time": [86957.19265937805]}, "min_max_equal_weight": {"max delay": [0.043341190282375076], "running time": [1552.2887706756592]}}, "60": {"min_max_greedy": {"max delay": [0.03185582628887949], "running time": [6836.675405502319]}, "lower bound": {"max delay": [0.008889924890720668], "running time": [77062.98065185547]}, "upper bound": {"max delay": [0.033314291852818485], "running time": [77062.98065185547]}, "min_max_equal_weight": {"max delay": [0.035749460416851404], "running time": [1518.2607173919678]}}, "70": {"min_max_greedy": {"max delay": [0.018089054559236203], "running time": [5460.533380508423]}, "lower bound": {"max delay": [0.007425504399090328], "running time": [96687.27540969849]}, "upper bound": {"max delay": [0.020576502731101724], "running time": [96687.27540969849]}, "min_max_equal_weight": {"max delay": [0.033314291852818485], "running time": [1564.2986297607422]}}, "80": {"min_max_greedy": {"max delay": [0.014717483343142677], "running time": [7260.026931762695]}, "lower bound": {"max delay": [0.008472042407688743], "running time": [166244.02713775635]}, "upper bound": {"max delay": [0.01561946570319037], "running time": [166244.02713775635]}, "min_max_equal_weight": {"max delay": [0.033259610325194554], "running time": [1515.2580738067627]}}, "90": {"min_max_greedy": {"max delay": [0.014248000787596308], "running time": [9912.229299545288]}, "lower bound": {"max delay": [0.005730911324872292], "running time": [127590.92855453491]}, "upper bound": {"max delay": [0.014521982690883598], "running time": [127590.92855453491]}, "min_max_equal_weight": {"max delay": [0.033259610325194554], "running time": [1585.3164196014404]}}, "100": {"min_max_greedy": {"max delay": [0.013877652673700013], "running time": [7710.401296615601]}, "lower bound": {"max delay": [0.00493690459761152], "running time": [147204.21051979065]}, "upper bound": {"max delay": [0.014482269226685952], "running time": [147204.21051979065]}, "min_max_equal_weight": {"max delay": [0.033259610325194554], "running time": [1553.2894134521484]}}}