{"10": {"min_max_greedy": {"max delay": [0.09196499432168646], "running time": [3310.74857711792]}, "lower bound": {"max delay": [0.08932666066622166], "running time": [41443.40705871582]}, "upper bound": {"max delay": [0.06382236954004983], "running time": [41443.40705871582]}, "min_max_equal_weight": {"max delay": [0.09803277781526733], "running time": [1442.1977996826172]}}, "20": {"min_max_greedy": {"max delay": [0.022528162993290288], "running time": [3169.638156890869]}, "lower bound": {"max delay": [0.005554502493593115], "running time": [38941.32971763611]}, "upper bound": {"max delay": [0.02439845031283556], "running time": [38941.32971763611]}, "min_max_equal_weight": {"max delay": [0.02439845031283556], "running time": [1520.2622413635254]}}, "30": {"min_max_greedy": {"max delay": [0.018773175174907175], "running time": [4896.064758300781]}, "lower bound": {"max delay": [0.01073283336127438], "running time": [78432.58762359619]}, "upper bound": {"max delay": [0.02076062338511791], "running time": [78432.58762359619]}, "min_max_equal_weight": {"max delay": [0.022454741611819984], "running time": [1540.278673171997]}}, "40": {"min_max_greedy": {"max delay": [0.01610943639593559], "running time": [8181.792259216309]}, "lower bound": {"max delay": [0.011130949809347344], "running time": [145929.85463142395]}, "upper bound": {"max delay": [0.016661091340849206], "running time": [145929.85463142395]}, "min_max_equal_weight": {"max delay": [0.02164586822625828], "running time": [1564.2991065979004]}}, "50": {"min_max_greedy": {"max delay": [0.01551951405580308], "running time": [10041.455030441284]}, "lower bound": {"max delay": [0.005207138001515177], "running time": [68370.76163291931]}, "upper bound": {"max delay": [0.017788260951161417], "running time": [68370.76163291931]}, "min_max_equal_weight": {"max delay": [0.02164586822625828], "running time": [1573.3067989349365]}}, "60": {"min_max_greedy": {"max delay": [0.015532141632287924], "running time": [8135.753870010376]}, "lower bound": {"max delay": [0.00484989388340292], "running time": [107370.13959884644]}, "upper bound": {"max delay": [0.017096486684238483], "running time": [107370.13959884644]}, "min_max_equal_weight": {"max delay": [0.017119890136008724], "running time": [1567.3012733459473]}}, "70": {"min_max_greedy": {"max delay": [0.014666944982280716], "running time": [10781.951427459717]}, "lower bound": {"max delay": [0.004370443576069905], "running time": [96892.44079589844]}, "upper bound": {"max delay": [0.015420091167759303], "running time": [96892.44079589844]}, "min_max_equal_weight": {"max delay": [0.016011582523000584], "running time": [1590.320110321045]}}, "80": {"min_max_greedy": {"max delay": [0.015356552258983636], "running time": [8244.844913482666]}, "lower bound": {"max delay": [0.003429699792940346], "running time": [116494.71521377563]}, "upper bound": {"max delay": [0.013202172927028593], "running time": [116494.71521377563]}, "min_max_equal_weight": {"max delay": [0.016011582523000584], "running time": [1582.3137760162354]}}, "90": {"min_max_greedy": {"max delay": [0.012342924187296137], "running time": [9542.922973632812]}, "lower bound": {"max delay": [0.0028207346062189605], "running time": [77351.2179851532]}, "upper bound": {"max delay": [0.01705673591044244], "running time": [77351.2179851532]}, "min_max_equal_weight": {"max delay": [0.016011582523000584], "running time": [1608.3357334136963]}}, "100": {"min_max_greedy": {"max delay": [0.011823487880412981], "running time": [11828.82022857666]}, "lower bound": {"max delay": [0.003273847300504829], "running time": [147831.7310810089]}, "upper bound": {"max delay": [0.011823487880412981], "running time": [147831.7310810089]}, "min_max_equal_weight": {"max delay": [0.016011582523000584], "running time": [1565.2995109558105]}}}