{"10": {"min_max_greedy": {"max delay": [0.023920146151867338], "running time": [2083.7295055389404]}, "lower bound": {"max delay": [0.021140685380624108], "running time": [35289.297342300415]}, "upper bound": {"max delay": [0.023920146151867338], "running time": [35289.297342300415]}, "min_max_equal_weight": {"max delay": [0.026038073779008256], "running time": [1418.177604675293]}}, "20": {"min_max_greedy": {"max delay": [0.022875649353466636], "running time": [3723.0911254882812]}, "lower bound": {"max delay": [0.020527585966780438], "running time": [26657.1307182312]}, "upper bound": {"max delay": [0.02327679051178838], "running time": [26657.1307182312]}, "min_max_equal_weight": {"max delay": [0.025941149593954237], "running time": [1441.1964416503906]}}, "30": {"min_max_greedy": {"max delay": [0.022535725336861982], "running time": [4998.149156570435]}, "lower bound": {"max delay": [0.020553795964069504], "running time": [44248.73661994934]}, "upper bound": {"max delay": [0.022637489784931276], "running time": [44248.73661994934]}, "min_max_equal_weight": {"max delay": [0.023205833743160667], "running time": [1448.2026100158691]}}, "40": {"min_max_greedy": {"max delay": [0.020898586986922645], "running time": [2499.074935913086]}, "lower bound": {"max delay": [0.006741529087382174], "running time": [26644.12021636963]}, "upper bound": {"max delay": [0.020281198763269993], "running time": [26644.12021636963]}, "min_max_equal_weight": {"max delay": [0.023205833743160667], "running time": [1445.199966430664]}}, "50": {"min_max_greedy": {"max delay": [0.01796878699908367], "running time": [4147.4432945251465]}, "lower bound": {"max delay": [0.00793156192941615], "running time": [44304.78239059448]}, "upper bound": {"max delay": [0.0187870183106703], "running time": [44304.78239059448]}, "min_max_equal_weight": {"max delay": [0.023205833743160667], "running time": [1456.2089443206787]}}, "60": {"min_max_greedy": {"max delay": [0.017221313762957838], "running time": [6272.206783294678]}, "lower bound": {"max delay": [0.006103409195264403], "running time": [44606.032609939575]}, "upper bound": {"max delay": [0.018690094125616282], "running time": [44606.032609939575]}, "min_max_equal_weight": {"max delay": [0.018690094125616282], "running time": [1437.1929168701172]}}, "70": {"min_max_greedy": {"max delay": [0.01739269939402116], "running time": [3771.1308002471924]}, "lower bound": {"max delay": [0.005398973310902779], "running time": [89063.9419555664]}, "upper bound": {"max delay": [0.017026100349637776], "running time": [89063.9419555664]}, "min_max_equal_weight": {"max delay": [0.017607032150372823], "running time": [1436.192512512207]}}, "80": {"min_max_greedy": {"max delay": [0.015788009545324205], "running time": [5826.8373012542725]}, "lower bound": {"max delay": [0.004263168348760199], "running time": [53616.51277542114]}, "upper bound": {"max delay": [0.01736889163393392], "running time": [53616.51277542114]}, "min_max_equal_weight": {"max delay": [0.017607032150372823], "running time": [1462.2142314910889]}}, "90": {"min_max_greedy": {"max delay": [0.014181885528888211], "running time": [4180.470705032349]}, "lower bound": {"max delay": [0.0038310097307163154], "running time": [62627.99429893494]}, "upper bound": {"max delay": [0.017026100349637776], "running time": [62627.99429893494]}, "min_max_equal_weight": {"max delay": [0.016678386985314493], "running time": [1445.199966430664]}}, "100": {"min_max_greedy": {"max delay": [0.01293781842389091], "running time": [5886.887073516846]}, "lower bound": {"max delay": [0.003356484855797912], "running time": [53714.59412574768]}, "upper bound": {"max delay": [0.016903208748157456], "running time": [53714.59412574768]}, "min_max_equal_weight": {"max delay": [0.016678386985314493], "running time": [1454.207181930542]}}}