{"10": {"min_max_greedy": {"max delay": [0.09062058658574382], "running time": [1871.553659439087]}, "lower bound": {"max delay": [0.04208442589683991], "running time": [76685.66513061523]}, "upper bound": {"max delay": [0.09159693292564398], "running time": [76685.66513061523]}, "min_max_equal_weight": {"max delay": [0.0913231661132039], "running time": [1522.263765335083]}}, "20": {"min_max_greedy": {"max delay": [0.040087274190409285], "running time": [2732.2680950164795]}, "lower bound": {"max delay": [0.0257612977458116], "running time": [19464.1592502594]}, "upper bound": {"max delay": [0.09113824979524213], "running time": [19464.1592502594]}, "min_max_equal_weight": {"max delay": [0.03993777024397662], "running time": [1514.2579078674316]}}, "30": {"min_max_greedy": {"max delay": [0.0318645111293728], "running time": [3639.021396636963]}, "lower bound": {"max delay": [0.01102426858812817], "running time": [28769.885063171387]}, "upper bound": {"max delay": [0.08010507321816682], "running time": [28769.885063171387]}, "min_max_equal_weight": {"max delay": [0.03993777024397662], "running time": [1556.2818050384521]}}, "40": {"min_max_greedy": {"max delay": [0.03002987315331505], "running time": [5365.454196929932]}, "lower bound": {"max delay": [0.009909086176042492], "running time": [29127.18152999878]}, "upper bound": {"max delay": [0.07996148252937224], "running time": [29127.18152999878]}, "min_max_equal_weight": {"max delay": [0.03165435373098579], "running time": [1550.2872467041016]}}, "50": {"min_max_greedy": {"max delay": [0.028998192235645724], "running time": [7273.038387298584]}, "lower bound": {"max delay": [0.011276898196956054], "running time": [68332.73148536682]}, "upper bound": {"max delay": [0.03126360169761122], "running time": [68332.73148536682]}, "min_max_equal_weight": {"max delay": [0.03163207793652825], "running time": [1575.3071308135986]}}, "60": {"min_max_greedy": {"max delay": [0.029295537745443856], "running time": [4169.461965560913]}, "lower bound": {"max delay": [0.005455647499732015], "running time": [29160.20917892456]}, "upper bound": {"max delay": [0.08010507321816682], "running time": [29160.20917892456]}, "min_max_equal_weight": {"max delay": [0.030350000139593145], "running time": [1541.2793159484863]}}, "70": {"min_max_greedy": {"max delay": [0.026418242151078845], "running time": [7034.840106964111]}, "lower bound": {"max delay": [0.010011840609293955], "running time": [68682.02042579651]}, "upper bound": {"max delay": [0.027770410407184254], "running time": [68682.02042579651]}, "min_max_equal_weight": {"max delay": [0.030372275934050685], "running time": [1518.2604789733887]}}, "80": {"min_max_greedy": {"max delay": [0.02186897403206903], "running time": [5963.951110839844]}, "lower bound": {"max delay": [0.006396309150962142], "running time": [67268.84722709656]}, "upper bound": {"max delay": [0.024127044037517857], "running time": [67268.84722709656]}, "min_max_equal_weight": {"max delay": [0.030350000139593145], "running time": [1539.278268814087]}}, "90": {"min_max_greedy": {"max delay": [0.018463933911363292], "running time": [6663.532257080078]}, "lower bound": {"max delay": [0.006038445114926283], "running time": [123300.36520957947]}, "upper bound": {"max delay": [0.0190478392336429], "running time": [123300.36520957947]}, "min_max_equal_weight": {"max delay": [0.028937438173803266], "running time": [1511.2545490264893]}}, "100": {"min_max_greedy": {"max delay": [0.016866531398784478], "running time": [7549.267530441284]}, "lower bound": {"max delay": [0.0038947299217431544], "running time": [95419.21782493591]}, "upper bound": {"max delay": [0.01731184612631828], "running time": [95419.21782493591]}, "min_max_equal_weight": {"max delay": [0.02163654083922448], "running time": [1543.2820320129395]}}}