{"10": {"min_max_greedy": {"max delay": [0.07614151413181362], "running time": [1807.5006008148193]}, "lower bound": {"max delay": [0.030180602938586973], "running time": [76277.33206748962]}, "upper bound": {"max delay": [0.07614151413181362], "running time": [76277.33206748962]}, "min_max_equal_weight": {"max delay": [0.11858453799925996], "running time": [1503.2482147216797]}}, "20": {"min_max_greedy": {"max delay": [0.056526182528846065], "running time": [2668.215274810791]}, "lower bound": {"max delay": [0.01031401498824098], "running time": [38346.83561325073]}, "upper bound": {"max delay": [0.07090430277796826], "running time": [38346.83561325073]}, "min_max_equal_weight": {"max delay": [0.07466466934659384], "running time": [1496.2422847747803]}}, "30": {"min_max_greedy": {"max delay": [0.04143614593716125], "running time": [4940.101385116577]}, "lower bound": {"max delay": [0.025531414006780967], "running time": [57563.79008293152]}, "upper bound": {"max delay": [0.05492210534924669], "running time": [57563.79008293152]}, "min_max_equal_weight": {"max delay": [0.04463353018999539], "running time": [1493.2396411895752]}}, "40": {"min_max_greedy": {"max delay": [0.04126818488775917], "running time": [7208.980321884155]}, "lower bound": {"max delay": [0.028363505311441106], "running time": [66874.53937530518]}, "upper bound": {"max delay": [0.04448519061472592], "running time": [66874.53937530518]}, "min_max_equal_weight": {"max delay": [0.06996823124435164], "running time": [1518.2607173919678]}}, "50": {"min_max_greedy": {"max delay": [0.035230723390360555], "running time": [4518.75114440918]}, "lower bound": {"max delay": [0.020462520057647156], "running time": [106324.28121566772]}, "upper bound": {"max delay": [0.035230723390360555], "running time": [106324.28121566772]}, "min_max_equal_weight": {"max delay": [0.0445026839490733], "running time": [1501.246690750122]}}, "60": {"min_max_greedy": {"max delay": [0.03540821931690233], "running time": [3949.2788314819336]}, "lower bound": {"max delay": [0.013180447997556173], "running time": [86182.54947662354]}, "upper bound": {"max delay": [0.03403976046116594], "running time": [86182.54947662354]}, "min_max_equal_weight": {"max delay": [0.04172606221032047], "running time": [1526.2672901153564]}}, "70": {"min_max_greedy": {"max delay": [0.03211792548694761], "running time": [6428.337574005127]}, "lower bound": {"max delay": [0.013414061693964106], "running time": [124918.70880126953]}, "upper bound": {"max delay": [0.03239339856407331], "running time": [124918.70880126953]}, "min_max_equal_weight": {"max delay": [0.04172606221032047], "running time": [1520.2617645263672]}}, "80": {"min_max_greedy": {"max delay": [0.031435001405597573], "running time": [7727.415561676025]}, "lower bound": {"max delay": [0.008476573584768908], "running time": [86534.84153747559]}, "upper bound": {"max delay": [0.033800528290760454], "running time": [86534.84153747559]}, "min_max_equal_weight": {"max delay": [0.041684150301933606], "running time": [1567.3010349273682]}}, "90": {"min_max_greedy": {"max delay": [0.027523771315675336], "running time": [5884.885549545288]}, "lower bound": {"max delay": [0.011373421960449598], "running time": [115962.27312088013]}, "upper bound": {"max delay": [0.03212483507008404], "running time": [115962.27312088013]}, "min_max_equal_weight": {"max delay": [0.03220772382870931], "running time": [1537.276268005371]}}, "100": {"min_max_greedy": {"max delay": [0.02266869018684943], "running time": [7648.349285125732]}, "lower bound": {"max delay": [0.0074751988168202214], "running time": [96225.88777542114]}, "upper bound": {"max delay": [0.03220772382870931], "running time": [96225.88777542114]}, "min_max_equal_weight": {"max delay": [0.03216581192032244], "running time": [1541.2800312042236]}}}