{"10": {"min_max_greedy": {"max delay": [0.06921838502170183], "running time": [3191.6496753692627]}, "lower bound": {"max delay": [0.06814452965297339], "running time": [125628.29828262329]}, "upper bound": {"max delay": [0.06921838502170183], "running time": [125628.29828262329]}, "min_max_equal_weight": {"max delay": [0.07179587560704676], "running time": [1484.231948852539]}}, "20": {"min_max_greedy": {"max delay": [0.06808059802784427], "running time": [4835.014343261719]}, "lower bound": {"max delay": [0.06709748823067804], "running time": [116445.67465782166]}, "upper bound": {"max delay": [0.06808059802784427], "running time": [116445.67465782166]}, "min_max_equal_weight": {"max delay": [0.06893276183813198], "running time": [1536.275863647461]}}, "30": {"min_max_greedy": {"max delay": [0.06736372840426764], "running time": [7246.015787124634]}, "lower bound": {"max delay": [0.06664107268757154], "running time": [164575.6320953369]}, "upper bound": {"max delay": [0.06756228105177779], "running time": [164575.6320953369]}, "min_max_equal_weight": {"max delay": [0.06893276183813198], "running time": [1516.258955001831]}}, "40": {"min_max_greedy": {"max delay": [0.0246174579561998], "running time": [2741.2755489349365]}, "lower bound": {"max delay": [0.037049682799251964], "running time": [48123.952865600586]}, "upper bound": {"max delay": [0.02305967738121012], "running time": [48123.952865600586]}, "min_max_equal_weight": {"max delay": [0.06893276183813198], "running time": [1486.2337112426758]}}, "50": {"min_max_greedy": {"max delay": [0.014226022734059606], "running time": [3608.9959144592285]}, "lower bound": {"max delay": [0.009340922470712993], "running time": [48110.942363739014]}, "upper bound": {"max delay": [0.01866531087175185], "running time": [48110.942363739014]}, "min_max_equal_weight": {"max delay": [0.02433183477262995], "running time": [1513.256549835205]}}, "60": {"min_max_greedy": {"max delay": [0.010202309825027383], "running time": [5397.481203079224]}, "lower bound": {"max delay": [0.007564497162081715], "running time": [67746.2432384491]}, "upper bound": {"max delay": [0.010877062423290756], "running time": [67746.2432384491]}, "min_max_equal_weight": {"max delay": [0.010992412413230304], "running time": [1501.246452331543]}}, "70": {"min_max_greedy": {"max delay": [0.01004123662876534], "running time": [5894.893646240234]}, "lower bound": {"max delay": [0.004926863712407738], "running time": [86183.54988098145]}, "upper bound": {"max delay": [0.01027184316697982], "running time": [86183.54988098145]}, "min_max_equal_weight": {"max delay": [0.010392481882078112], "running time": [1521.2626457214355]}}, "80": {"min_max_greedy": {"max delay": [0.009888744185851561], "running time": [7588.300466537476]}, "lower bound": {"max delay": [0.0044921635862602925], "running time": [86386.71922683716]}, "upper bound": {"max delay": [0.01027098476850681], "running time": [86386.71922683716]}, "min_max_equal_weight": {"max delay": [0.010392481882078112], "running time": [1531.2714576721191]}}, "90": {"min_max_greedy": {"max delay": [0.009817965573070719], "running time": [6756.608963012695]}, "lower bound": {"max delay": [0.0018314571920774313], "running time": [76802.76250839233]}, "upper bound": {"max delay": [0.009517843399780321], "running time": [76802.76250839233]}, "min_max_equal_weight": {"max delay": [0.010282822864945352], "running time": [1541.2795543670654]}}, "100": {"min_max_greedy": {"max delay": [0.007526663106774001], "running time": [8190.800666809082]}, "lower bound": {"max delay": [0.0021281876113676754], "running time": [96808.3713054657]}, "upper bound": {"max delay": [0.008095867946234465], "running time": [96808.3713054657]}, "min_max_equal_weight": {"max delay": [0.010282822864945352], "running time": [1569.3027973175049]}}}