{"10": {"min_max_greedy": {"max delay": [0.036113285515818674], "running time": [3845.1921939849854]}, "lower bound": {"max delay": [0.03561765402291105], "running time": [90512.14385032654]}, "upper bound": {"max delay": [0.036113285515818674], "running time": [90512.14385032654]}, "min_max_equal_weight": {"max delay": [0.03886408464244611], "running time": [1457.209587097168]}}, "20": {"min_max_greedy": {"max delay": [0.04138754030107888], "running time": [2982.475757598877]}, "lower bound": {"max delay": [0.015065518821934076], "running time": [36049.92914199829]}, "upper bound": {"max delay": [0.036113285515818674], "running time": [36049.92914199829]}, "min_max_equal_weight": {"max delay": [0.037544616149334145], "running time": [1466.217279434204]}}, "30": {"min_max_greedy": {"max delay": [0.015596622978924928], "running time": [4689.893484115601]}, "lower bound": {"max delay": [0.004035368486258015], "running time": [36204.05673980713]}, "upper bound": {"max delay": [0.019563500076218383], "running time": [36204.05673980713]}, "min_max_equal_weight": {"max delay": [0.017283583758828918], "running time": [1469.224214553833]}}, "40": {"min_max_greedy": {"max delay": [0.013168938175517673], "running time": [6407.3193073272705]}, "lower bound": {"max delay": [0.003874992565619772], "running time": [45216.53962135315]}, "upper bound": {"max delay": [0.01726848079076336], "running time": [45216.53962135315]}, "min_max_equal_weight": {"max delay": [0.017283583758828918], "running time": [1472.222089767456]}}, "50": {"min_max_greedy": {"max delay": [0.013056146029258475], "running time": [8580.12342453003]}, "lower bound": {"max delay": [0.009116173520813984], "running time": [118755.59163093567]}, "upper bound": {"max delay": [0.013344243491599891], "running time": [118755.59163093567]}, "min_max_equal_weight": {"max delay": [0.014193510053278301], "running time": [1484.2321872711182]}}, "60": {"min_max_greedy": {"max delay": [0.012840812483385141], "running time": [10330.576658248901]}, "lower bound": {"max delay": [0.007543374125887778], "running time": [100694.59795951843]}, "upper bound": {"max delay": [0.014178407085212744], "running time": [100694.59795951843]}, "min_max_equal_weight": {"max delay": [0.014193510053278301], "running time": [1487.2338771820068]}}, "70": {"min_max_greedy": {"max delay": [0.012855915451450699], "running time": [6802.647590637207]}, "lower bound": {"max delay": [0.0034536415558404825], "running time": [73159.73854064941]}, "upper bound": {"max delay": [0.014429781579068145], "running time": [73159.73854064941]}, "min_max_equal_weight": {"max delay": [0.014193510053278301], "running time": [1502.2473335266113]}}, "80": {"min_max_greedy": {"max delay": [0.012394353308529702], "running time": [8944.425582885742]}, "lower bound": {"max delay": [0.005438043070124309], "running time": [119192.95525550842]}, "upper bound": {"max delay": [0.012879009597974693], "running time": [119192.95525550842]}, "min_max_equal_weight": {"max delay": [0.014193510053278301], "running time": [1509.253740310669]}}, "90": {"min_max_greedy": {"max delay": [0.011727952251498256], "running time": [7714.404582977295]}, "lower bound": {"max delay": [0.004946112277589315], "running time": [119924.56269264221]}, "upper bound": {"max delay": [0.012879009597974693], "running time": [119924.56269264221]}, "min_max_equal_weight": {"max delay": [0.014193510053278301], "running time": [1523.2644081115723]}}, "100": {"min_max_greedy": {"max delay": [0.011522809651062432], "running time": [9028.495788574219]}, "lower bound": {"max delay": [0.0033152541044290636], "running time": [91800.21381378174]}, "upper bound": {"max delay": [0.012181802141501453], "running time": [91800.21381378174]}, "min_max_equal_weight": {"max delay": [0.014149292157772853], "running time": [1524.2650508880615]}}}