{"10": {"min_max_greedy": {"max delay": [0.03802008901929745], "running time": [3416.836738586426]}, "lower bound": {"max delay": [0.03764973466634202], "running time": [72658.32161903381]}, "upper bound": {"max delay": [0.03802008901929745], "running time": [72658.32161903381]}, "min_max_equal_weight": {"max delay": [0.03916595082086125], "running time": [1461.2133502960205]}}, "20": {"min_max_greedy": {"max delay": [0.037437232909792326], "running time": [5530.5914878845215]}, "lower bound": {"max delay": [0.03705778958755505], "running time": [91252.7723312378]}, "upper bound": {"max delay": [0.037743391577533925], "running time": [91252.7723312378]}, "min_max_equal_weight": {"max delay": [0.03916595082086125], "running time": [1462.2142314910889]}}, "30": {"min_max_greedy": {"max delay": [0.037172111322841705], "running time": [7017.8258419036865]}, "lower bound": {"max delay": [0.035812847770454764], "running time": [36317.150592803955]}, "upper bound": {"max delay": [0.03901749032733784], "running time": [36317.150592803955]}, "min_max_equal_weight": {"max delay": [0.03916595082086125], "running time": [1464.2150402069092]}}, "40": {"min_max_greedy": {"max delay": [0.03545846330255792], "running time": [3834.183931350708]}, "lower bound": {"max delay": [0.010592474332664538], "running time": [72912.53566741943]}, "upper bound": {"max delay": [0.035831663637215], "running time": [72912.53566741943]}, "min_max_equal_weight": {"max delay": [0.039109678527367187], "running time": [1466.2182331085205]}}, "50": {"min_max_greedy": {"max delay": [0.01875070787154984], "running time": [3845.1921939849854]}, "lower bound": {"max delay": [0.004818426073440142], "running time": [36395.21598815918]}, "upper bound": {"max delay": [0.020961940189961017], "running time": [36395.21598815918]}, "min_max_equal_weight": {"max delay": [0.039109678527367187], "running time": [1476.2258529663086]}}, "60": {"min_max_greedy": {"max delay": [0.01795658493046966], "running time": [6408.320188522339]}, "lower bound": {"max delay": [0.006554921658399572], "running time": [64014.14465904236]}, "upper bound": {"max delay": [0.020743351598860166], "running time": [64014.14465904236]}, "min_max_equal_weight": {"max delay": [0.019176414316979293], "running time": [1471.222162246704]}}, "70": {"min_max_greedy": {"max delay": [0.0174874889181376], "running time": [3844.191551208496]}, "lower bound": {"max delay": [0.004660094936553895], "running time": [73278.84101867676]}, "upper bound": {"max delay": [0.017610971678704505], "running time": [73278.84101867676]}, "min_max_equal_weight": {"max delay": [0.018476585017313234], "running time": [1484.2321872711182]}}, "80": {"min_max_greedy": {"max delay": [0.015317847180035028], "running time": [3847.193717956543]}, "lower bound": {"max delay": [0.0033720315223113306], "running time": [64225.32057762146]}, "upper bound": {"max delay": [0.01726890032703675], "running time": [64225.32057762146]}, "min_max_equal_weight": {"max delay": [0.019176414316979293], "running time": [1486.2339496612549]}}, "90": {"min_max_greedy": {"max delay": [0.013689206945066298], "running time": [6442.3487186431885]}, "lower bound": {"max delay": [0.00460457437930686], "running time": [82592.56935119629]}, "upper bound": {"max delay": [0.013945221278852575], "running time": [82592.56935119629]}, "min_max_equal_weight": {"max delay": [0.019176414316979293], "running time": [1480.229139328003]}}, "100": {"min_max_greedy": {"max delay": [0.013572579465077965], "running time": [6823.665142059326]}, "lower bound": {"max delay": [0.0033760673964246305], "running time": [82647.6149559021]}, "upper bound": {"max delay": [0.013718704398218791], "running time": [82647.6149559021]}, "min_max_equal_weight": {"max delay": [0.019176414316979293], "running time": [1488.2354736328125]}}}