{"10": {"min_max_greedy": {"max delay": [0.04760712918789385], "running time": [2693.239450454712]}, "lower bound": {"max delay": [0.04374612846518934], "running time": [48109.93671417236]}, "upper bound": {"max delay": [0.04951465234805408], "running time": [48109.93671417236]}, "min_max_equal_weight": {"max delay": [0.04981524815503224], "running time": [1467.2183990478516]}}, "20": {"min_max_greedy": {"max delay": [0.03978483699849515], "running time": [3149.6150493621826]}, "lower bound": {"max delay": [0.023578692339527817], "running time": [48983.081340789795]}, "upper bound": {"max delay": [0.0392206987358605], "running time": [48983.081340789795]}, "min_max_equal_weight": {"max delay": [0.0392206987358605], "running time": [1533.273696899414]}}, "30": {"min_max_greedy": {"max delay": [0.02538726661962301], "running time": [4190.487861633301]}, "lower bound": {"max delay": [0.005297674698333714], "running time": [58312.421798706055]}, "upper bound": {"max delay": [0.02646289950562155], "running time": [58312.421798706055]}, "min_max_equal_weight": {"max delay": [0.02646289950562155], "running time": [1608.3354949951172]}}, "40": {"min_max_greedy": {"max delay": [0.02447771907270767], "running time": [6795.397758483887]}, "lower bound": {"max delay": [0.007113759596575063], "running time": [57992.20061302185]}, "upper bound": {"max delay": [0.026347634772823512], "running time": [57992.20061302185]}, "min_max_equal_weight": {"max delay": [0.02642927605471059], "running time": [1513.2570266723633]}}, "50": {"min_max_greedy": {"max delay": [0.019022136257957567], "running time": [4364.623785018921]}, "lower bound": {"max delay": [0.006103324155478243], "running time": [57850.37803649902]}, "upper bound": {"max delay": [0.01952448333784293], "running time": [57850.37803649902]}, "min_max_equal_weight": {"max delay": [0.026342276407478042], "running time": [1528.268814086914]}}, "60": {"min_max_greedy": {"max delay": [0.014287807932252853], "running time": [6412.323713302612]}, "lower bound": {"max delay": [0.0018272111138255584], "running time": [58228.37018966675]}, "upper bound": {"max delay": [0.018457997995322918], "running time": [58228.37018966675]}, "min_max_equal_weight": {"max delay": [0.024736128709755816], "running time": [1546.283483505249]}}, "70": {"min_max_greedy": {"max delay": [0.013225301301718556], "running time": [8716.236591339111]}, "lower bound": {"max delay": [0.006683150968102664], "running time": [67522.05848693848]}, "upper bound": {"max delay": [0.017384180496865957], "running time": [67522.05848693848]}, "min_max_equal_weight": {"max delay": [0.02470645370750689], "running time": [1548.285722732544]}}, "80": {"min_max_greedy": {"max delay": [0.0120152298088701], "running time": [10891.042709350586]}, "lower bound": {"max delay": [0.006392586680490791], "running time": [115527.91237831116]}, "upper bound": {"max delay": [0.012582163124963477], "running time": [115527.91237831116]}, "min_max_equal_weight": {"max delay": [0.02470645370750689], "running time": [1557.2926998138428]}}, "90": {"min_max_greedy": {"max delay": [0.011780987407552651], "running time": [11927.902460098267]}, "lower bound": {"max delay": [0.0033114163282180822], "running time": [77555.4027557373]}, "upper bound": {"max delay": [0.01488350850432104], "running time": [77555.4027557373]}, "min_max_equal_weight": {"max delay": [0.02470645370750689], "running time": [1575.307846069336]}}, "100": {"min_max_greedy": {"max delay": [0.01152589330294082], "running time": [14466.009855270386]}, "lower bound": {"max delay": [0.005120669803278039], "running time": [95986.68909072876]}, "upper bound": {"max delay": [0.011128651717455883], "running time": [95986.68909072876]}, "min_max_equal_weight": {"max delay": [0.02470645370750689], "running time": [1538.2778644561768]}}}