{"10": {"min_max_greedy": {"max delay": [0.049899303081206194], "running time": [2896.404504776001]}, "lower bound": {"max delay": [0.04450624899974598], "running time": [37677.28042602539]}, "upper bound": {"max delay": [0.050052013428121364], "running time": [37677.28042602539]}, "min_max_equal_weight": {"max delay": [0.050052013428121364], "running time": [1453.2065391540527]}}, "20": {"min_max_greedy": {"max delay": [0.030904736441154188], "running time": [3798.1534004211426]}, "lower bound": {"max delay": [0.027959670565822804], "running time": [36469.74229812622]}, "upper bound": {"max delay": [0.03219774528246172], "running time": [36469.74229812622]}, "min_max_equal_weight": {"max delay": [0.03158552937915653], "running time": [1462.2142314910889]}}, "30": {"min_max_greedy": {"max delay": [0.03033612639884619], "running time": [5128.257513046265]}, "lower bound": {"max delay": [0.02755236766851937], "running time": [38264.76812362671]}, "upper bound": {"max delay": [0.031553438629835756], "running time": [38264.76812362671]}, "min_max_equal_weight": {"max delay": [0.03158552937915653], "running time": [1476.2258529663086]}}, "40": {"min_max_greedy": {"max delay": [0.029580592260798465], "running time": [7245.01895904541]}, "lower bound": {"max delay": [0.02741459777136127], "running time": [36879.29177284241]}, "upper bound": {"max delay": [0.03146337426267494], "running time": [36879.29177284241]}, "min_max_equal_weight": {"max delay": [0.03020245617068818], "running time": [1488.2357120513916]}}, "50": {"min_max_greedy": {"max delay": [0.02926744295123088], "running time": [9044.259786605835]}, "lower bound": {"max delay": [0.006813366419877095], "running time": [36770.51281929016]}, "upper bound": {"max delay": [0.03146337426267494], "running time": [36770.51281929016]}, "min_max_equal_weight": {"max delay": [0.03020245617068818], "running time": [1497.2431659698486]}}, "60": {"min_max_greedy": {"max delay": [0.018399368928610438], "running time": [4261.539459228516]}, "lower bound": {"max delay": [0.006680187978404314], "running time": [36136.237144470215]}, "upper bound": {"max delay": [0.018092066921170616], "running time": [36136.237144470215]}, "min_max_equal_weight": {"max delay": [0.03020245617068818], "running time": [1499.2449283599854]}}, "70": {"min_max_greedy": {"max delay": [0.017734344291952687], "running time": [6426.335096359253]}, "lower bound": {"max delay": [0.0054724374326150715], "running time": [45798.14124107361]}, "upper bound": {"max delay": [0.01732645117092225], "running time": [45798.14124107361]}, "min_max_equal_weight": {"max delay": [0.017479851017865422], "running time": [1475.2247333526611]}}, "80": {"min_max_greedy": {"max delay": [0.01721826227986929], "running time": [8552.100419998169]}, "lower bound": {"max delay": [0.00639645702093445], "running time": [46187.34908103943]}, "upper bound": {"max delay": [0.014698220318499742], "running time": [46187.34908103943]}, "min_max_equal_weight": {"max delay": [0.017389786650704606], "running time": [1488.2359504699707]}}, "90": {"min_max_greedy": {"max delay": [0.012526030503626438], "running time": [6353.274822235107]}, "lower bound": {"max delay": [0.0044359848855595975], "running time": [45568.83144378662]}, "upper bound": {"max delay": [0.01408600441519455], "running time": [45568.83144378662]}, "min_max_equal_weight": {"max delay": [0.017389786650704606], "running time": [1505.2497386932373]}}, "100": {"min_max_greedy": {"max delay": [0.010692463051425452], "running time": [7819.4921016693115]}, "lower bound": {"max delay": [0.0038795696604981686], "running time": [91349.83944892883]}, "upper bound": {"max delay": [0.01069882289650765], "running time": [91349.83944892883]}, "min_max_equal_weight": {"max delay": [0.017389786650704606], "running time": [1506.2506198883057]}}}