{"10": {"min_max_greedy": {"max delay": [0.060207438358852026], "running time": [2114.755630493164]}, "lower bound": {"max delay": [0.05731936136398581], "running time": [45066.41459465027]}, "upper bound": {"max delay": [0.060207438358852026], "running time": [45066.41459465027]}, "min_max_equal_weight": {"max delay": [0.07703597934412747], "running time": [1446.2006092071533]}}, "20": {"min_max_greedy": {"max delay": [0.05835439724575251], "running time": [3808.161497116089]}, "lower bound": {"max delay": [0.05610419168826869], "running time": [44993.354082107544]}, "upper bound": {"max delay": [0.059677462101369386], "running time": [44993.354082107544]}, "min_max_equal_weight": {"max delay": [0.05968333872506761], "running time": [1470.2205657958984]}}, "30": {"min_max_greedy": {"max delay": [0.05757399218964966], "running time": [5109.241724014282]}, "lower bound": {"max delay": [0.03636400295330062], "running time": [54330.1055431366]}, "upper bound": {"max delay": [0.0448234060575745], "running time": [54330.1055431366]}, "min_max_equal_weight": {"max delay": [0.05968333872506761], "running time": [1471.2212085723877]}}, "40": {"min_max_greedy": {"max delay": [0.019384733470401736], "running time": [4247.5266456604]}, "lower bound": {"max delay": [0.003787238652788123], "running time": [45195.52230834961]}, "upper bound": {"max delay": [0.03309359392136486], "running time": [45195.52230834961]}, "min_max_equal_weight": {"max delay": [0.044382404518696364], "running time": [1469.2199230194092]}}, "50": {"min_max_greedy": {"max delay": [0.017130523142780633], "running time": [6409.321069717407]}, "lower bound": {"max delay": [0.0033386781197669766], "running time": [54575.30903816223]}, "upper bound": {"max delay": [0.021046964119618993], "running time": [54575.30903816223]}, "min_max_equal_weight": {"max delay": [0.018320306778148335], "running time": [1476.2253761291504]}}, "60": {"min_max_greedy": {"max delay": [0.01687759170349558], "running time": [8152.76837348938]}, "lower bound": {"max delay": [0.007967230852787818], "running time": [109624.01080131531]}, "upper bound": {"max delay": [0.01700538522376159], "running time": [109624.01080131531]}, "min_max_equal_weight": {"max delay": [0.01719291998155359], "running time": [1495.2411651611328]}}, "70": {"min_max_greedy": {"max delay": [0.01687759170349558], "running time": [7690.384149551392]}, "lower bound": {"max delay": [0.0022016122461456632], "running time": [45519.79088783264]}, "upper bound": {"max delay": [0.03305783928769395], "running time": [45519.79088783264]}, "min_max_equal_weight": {"max delay": [0.01719291998155359], "running time": [1488.2354736328125]}}, "80": {"min_max_greedy": {"max delay": [0.01739828403423658], "running time": [5973.959922790527]}, "lower bound": {"max delay": [0.00551529370849156], "running time": [72959.57159996033]}, "upper bound": {"max delay": [0.018314430154450112], "running time": [72959.57159996033]}, "min_max_equal_weight": {"max delay": [0.017163041971580903], "running time": [1505.2490234375]}}, "90": {"min_max_greedy": {"max delay": [0.016127117175011745], "running time": [7686.3813400268555]}, "lower bound": {"max delay": [0.005161691972428391], "running time": [82471.4686870575]}, "upper bound": {"max delay": [0.018540870312791804], "running time": [82471.4686870575]}, "min_max_equal_weight": {"max delay": [0.01719291998155359], "running time": [1507.2510242462158]}}, "100": {"min_max_greedy": {"max delay": [0.015175733965179768], "running time": [8146.763563156128]}, "lower bound": {"max delay": [0.002933948745510855], "running time": [64047.17254638672]}, "upper bound": {"max delay": [0.01886063383661732], "running time": [64047.17254638672]}, "min_max_equal_weight": {"max delay": [0.017163041971580903], "running time": [1520.261526107788]}}}