{"10": {"min_max_greedy": {"max delay": [0.0834454749355714], "running time": [73.06051254272461]}, "min_max_pulp": {"max delay": [0.06757506307119807], "running time": [3482.875347137451]}}, "20": {"min_max_greedy": {"max delay": [0.05235784677503691], "running time": [125.10347366333008]}, "min_max_pulp": {"max delay": [0.050949746987590305], "running time": [7071.838617324829]}}, "30": {"min_max_greedy": {"max delay": [0.04355687342835419], "running time": [156.1288833618164]}, "min_max_pulp": {"max delay": [0.039467977888977365], "running time": [11125.184774398804]}}, "40": {"min_max_greedy": {"max delay": [0.03550186120095178], "running time": [165.13633728027344]}, "min_max_pulp": {"max delay": [0.034068838426146164], "running time": [16999.03392791748]}}, "50": {"min_max_greedy": {"max delay": [0.034406315670191714], "running time": [175.14467239379883]}, "min_max_pulp": {"max delay": [0.03121837289089373], "running time": [22328.452587127686]}}, "60": {"min_max_greedy": {"max delay": [0.024702796782670705], "running time": [217.1797752380371]}, "min_max_pulp": {"max delay": [0.024233833321454245], "running time": [26323.747634887695]}}, "70": {"min_max_greedy": {"max delay": [0.021658859072681547], "running time": [238.19661140441895]}, "min_max_pulp": {"max delay": [0.020225836297875943], "running time": [34317.33202934265]}}}