{"10": {"min_max_greedy": {"max delay": [0.24730063742470185], "running time": [74.06091690063477]}, "min_max_pulp": {"max delay": [0.24730063742470185], "running time": [3395.8024978637695]}}, "20": {"min_max_greedy": {"max delay": [0.20111337309358188], "running time": [94.07782554626465]}, "min_max_pulp": {"max delay": [0.1999028010779012], "running time": [6883.682727813721]}}, "30": {"min_max_greedy": {"max delay": [0.08111766391125104], "running time": [115.09513854980469]}, "min_max_pulp": {"max delay": [0.08111766391125104], "running time": [10762.885808944702]}}, "40": {"min_max_greedy": {"max delay": [0.07514738770292144], "running time": [155.12824058532715]}, "min_max_pulp": {"max delay": [0.07393681568724078], "running time": [15996.578216552734]}}, "50": {"min_max_greedy": {"max delay": [0.07349796708421759], "running time": [211.17448806762695]}, "min_max_pulp": {"max delay": [0.07138200607614612], "running time": [22742.775917053223]}}, "60": {"min_max_greedy": {"max delay": [0.07018005348872432], "running time": [227.1873950958252]}, "min_max_pulp": {"max delay": [0.06967366193049737], "running time": [29087.013244628906]}}, "70": {"min_max_greedy": {"max delay": [0.05737460842082409], "running time": [145.11966705322266]}, "min_max_pulp": {"max delay": [0.04939632106493558], "running time": [32845.11613845825]}}}