{"entropy": 297077618752483097504538098706981567194, "10": {"num_user": 16, "num_service": 21, "min_max_greedy": {"max_delay": 0.07223510506346172, "running_time": 4.003286361694336}, "min_max_nn": {"max_delay": 0.07449864621079623, "running_time": 970.8013534545898}}, "20": {"num_user": 16, "num_service": 21, "min_max_greedy": {"max_delay": 0.061347295529628684, "running_time": 4.003286361694336}, "min_max_nn": {"max_delay": 0.06159319825516454, "running_time": 61.0506534576416}}, "30": {"num_user": 16, "num_service": 21, "min_max_greedy": {"max_delay": 0.046904908246727474, "running_time": 5.004405975341797}, "min_max_nn": {"max_delay": 0.04635642180301183, "running_time": 94.07782554626465}}, "40": {"num_user": 16, "num_service": 21, "min_max_greedy": {"max_delay": 0.028349181125240895, "running_time": 6.005048751831055}, "min_max_nn": {"max_delay": 0.029608979465766, "running_time": 162.13369369506836}}, "50": {"num_user": 16, "num_service": 21, "min_max_greedy": {"max_delay": 0.022527438919606055, "running_time": 7.005929946899414}, "min_max_nn": {"max_delay": 0.022186025904239605, "running_time": 183.1510066986084}}, "60": {"num_user": 16, "num_service": 21, "min_max_greedy": {"max_delay": 0.017429835729649883, "running_time": 9.00721549987793}, "min_max_nn": {"max_delay": 0.01867685420463426, "running_time": 202.16679573059082}}, "70": {"num_user": 16, "num_service": 21, "min_max_greedy": {"max_delay": 0.013875740440109342, "running_time": 9.007453918457031}, "min_max_nn": {"max_delay": 0.013919454412617372, "running_time": 237.1959686279297}}, "80": {"num_user": 16, "num_service": 21, "min_max_greedy": {"max_delay": 0.010949872580454063, "running_time": 11.00921630859375}, "min_max_nn": {"max_delay": 0.011596352823242732, "running_time": 318.26281547546387}}, "90": {"num_user": 16, "num_service": 21, "min_max_greedy": {"max_delay": 0.008432967548911147, "running_time": 12.010335922241211}, "min_max_nn": {"max_delay": 0.008437097280191784, "running_time": 341.2818908691406}}, "100": {"num_user": 16, "num_service": 21, "min_max_greedy": {"max_delay": 0.007226291200793509, "running_time": 14.011621475219727}, "min_max_nn": {"max_delay": 0.007870757355246175, "running_time": 371.3064193725586}}}