{"entropy": 317192974579733339093840340443428491343, "10": {"num_user": 16, "num_service": 21, "min_max_greedy": {"max_delay": 0.059605803174857336, "running_time": 2.0012855529785156}, "min_max_nn": {"max_delay": 0.06472952326274695, "running_time": 30.025720596313477}}, "20": {"num_user": 16, "num_service": 21, "min_max_greedy": {"max_delay": 0.05815806264919318, "running_time": 3.002643585205078}, "min_max_nn": {"max_delay": 0.05504922390313682, "running_time": 39.0324592590332}}, "30": {"num_user": 16, "num_service": 21, "min_max_greedy": {"max_delay": 0.04247548140093005, "running_time": 4.003763198852539}, "min_max_nn": {"max_delay": 0.04463815395487345, "running_time": 61.0504150390625}}, "40": {"num_user": 16, "num_service": 21, "min_max_greedy": {"max_delay": 0.034578245971916236, "running_time": 4.0035247802734375}, "min_max_nn": {"max_delay": 0.031114267135923048, "running_time": 131.10828399658203}}, "50": {"num_user": 16, "num_service": 21, "min_max_greedy": {"max_delay": 0.03069251165071063, "running_time": 6.005287170410156}, "min_max_nn": {"max_delay": 0.032774810625367266, "running_time": 142.11750030517578}}, "60": {"num_user": 16, "num_service": 21, "min_max_greedy": {"max_delay": 0.023258337906903334, "running_time": 7.0056915283203125}, "min_max_nn": {"max_delay": 0.02666703710414424, "running_time": 162.13369369506836}}, "70": {"num_user": 16, "num_service": 21, "min_max_greedy": {"max_delay": 0.017229573030046658, "running_time": 8.006811141967773}, "min_max_nn": {"max_delay": 0.018835427815187787, "running_time": 201.16639137268066}}, "80": {"num_user": 16, "num_service": 21, "min_max_greedy": {"max_delay": 0.010810627545439665, "running_time": 8.006572723388672}, "min_max_nn": {"max_delay": 0.012133941066478617, "running_time": 219.18106079101562}}, "90": {"num_user": 16, "num_service": 21, "min_max_greedy": {"max_delay": 0.008436317991492831, "running_time": 12.009859085083008}, "min_max_nn": {"max_delay": 0.00902259306173626, "running_time": 323.26698303222656}}, "100": {"num_user": 16, "num_service": 21, "min_max_greedy": {"max_delay": 0.00753021254354407, "running_time": 13.010501861572266}, "min_max_nn": {"max_delay": 0.008889882750030128, "running_time": 341.2818908691406}}}