{"entropy": 42789357271055304845903971077627906073, "10": {"num_user": 16, "num_service": 21, "min_max_greedy": {"max_delay": 0.06300873658167534, "running_time": 2.001523971557617}, "min_max_nn": {"max_delay": 0.0744540758505721, "running_time": 59.04889106750488}}, "20": {"num_user": 16, "num_service": 21, "min_max_greedy": {"max_delay": 0.05180942814706344, "running_time": 4.0035247802734375}, "min_max_nn": {"max_delay": 0.06728513534776631, "running_time": 58.04777145385742}}, "30": {"num_user": 16, "num_service": 21, "min_max_greedy": {"max_delay": 0.034983882045121546, "running_time": 5.004167556762695}, "min_max_nn": {"max_delay": 0.0656720356622815, "running_time": 125.10347366333008}}, "40": {"num_user": 16, "num_service": 21, "min_max_greedy": {"max_delay": 0.025895105032243463, "running_time": 6.005048751831055}, "min_max_nn": {"max_delay": 0.04690638251124038, "running_time": 128.10897827148438}}, "50": {"num_user": 16, "num_service": 21, "min_max_greedy": {"max_delay": 0.02281365427548148, "running_time": 6.005048751831055}, "min_max_nn": {"max_delay": 0.026167460327569524, "running_time": 161.1330509185791}}, "60": {"num_user": 16, "num_service": 21, "min_max_greedy": {"max_delay": 0.01891371411411739, "running_time": 8.006572723388672}, "min_max_nn": {"max_delay": 0.021199378432090098, "running_time": 214.17713165283203}}, "70": {"num_user": 16, "num_service": 21, "min_max_greedy": {"max_delay": 0.011247762875654113, "running_time": 9.007453918457031}, "min_max_nn": {"max_delay": 0.01195033999485142, "running_time": 272.22466468811035}}, "80": {"num_user": 16, "num_service": 21, "min_max_greedy": {"max_delay": 0.010099731270924435, "running_time": 10.00833511352539}, "min_max_nn": {"max_delay": 0.01080643677064894, "running_time": 267.22049713134766}}, "90": {"num_user": 16, "num_service": 21, "min_max_greedy": {"max_delay": 0.008449260342646356, "running_time": 10.00833511352539}, "min_max_nn": {"max_delay": 0.009740691325939688, "running_time": 296.24438285827637}}, "100": {"num_user": 16, "num_service": 21, "min_max_greedy": {"max_delay": 0.007366588739759842, "running_time": 12.009859085083008}, "min_max_nn": {"max_delay": 0.010183518577247195, "running_time": 348.28782081604004}}}