{"entropy": 332421980205894903376592082140873239018, "10": {"num_user": 16, "num_service": 21, "min_max_greedy": {"max_delay": 0.265424227939946, "running_time": 3.0007362365722656}, "min_max_nn": {"max_delay": 0.265424227939946, "running_time": 64.05258178710938}}, "20": {"num_user": 16, "num_service": 21, "min_max_greedy": {"max_delay": 0.10053589714124805, "running_time": 4.003286361694336}, "min_max_nn": {"max_delay": 0.12017598104301483, "running_time": 62.050580978393555}}, "30": {"num_user": 16, "num_service": 21, "min_max_greedy": {"max_delay": 0.07074210630576055, "running_time": 5.004167556762695}, "min_max_nn": {"max_delay": 0.08631374373866071, "running_time": 94.07758712768555}}, "40": {"num_user": 16, "num_service": 21, "min_max_greedy": {"max_delay": 0.06216725204474247, "running_time": 7.005929946899414}, "min_max_nn": {"max_delay": 0.094127200500836, "running_time": 73.06027412414551}}, "50": {"num_user": 16, "num_service": 21, "min_max_greedy": {"max_delay": 0.05804315608973216, "running_time": 7.0056915283203125}, "min_max_nn": {"max_delay": 0.05374590723561941, "running_time": 120.09906768798828}}, "60": {"num_user": 16, "num_service": 21, "min_max_greedy": {"max_delay": 0.044693325763581745, "running_time": 6.005048751831055}, "min_max_nn": {"max_delay": 0.04920610080639493, "running_time": 139.1150951385498}}, "70": {"num_user": 16, "num_service": 21, "min_max_greedy": {"max_delay": 0.03557056580865692, "running_time": 7.0056915283203125}, "min_max_nn": {"max_delay": 0.03255768314791868, "running_time": 165.13633728027344}}, "80": {"num_user": 16, "num_service": 21, "min_max_greedy": {"max_delay": 0.024160952395617292, "running_time": 8.006572723388672}, "min_max_nn": {"max_delay": 0.025427797842105807, "running_time": 225.18420219421387}}, "90": {"num_user": 16, "num_service": 21, "min_max_greedy": {"max_delay": 0.018367781521925766, "running_time": 10.00833511352539}, "min_max_nn": {"max_delay": 0.017238972988414397, "running_time": 230.19027709960938}}, "100": {"num_user": 16, "num_service": 21, "min_max_greedy": {"max_delay": 0.014336109674461675, "running_time": 11.008977890014648}, "min_max_nn": {"max_delay": 0.015538592748048682, "running_time": 266.2196159362793}}}