{"entropy": 227849259577341088375713586931413505071, "10": {"num_user": 16, "num_service": 21, "min_max_greedy": {"max_delay": 0.08676744631984594, "running_time": 2.0017623901367188}, "min_max_nn": {"max_delay": 0.07026892156572612, "running_time": 60.04977226257324}}, "20": {"num_user": 16, "num_service": 21, "min_max_greedy": {"max_delay": 0.0601534228262269, "running_time": 3.0024051666259766}, "min_max_nn": {"max_delay": 0.09101013092917595, "running_time": 61.0504150390625}}, "30": {"num_user": 16, "num_service": 21, "min_max_greedy": {"max_delay": 0.04750081596171497, "running_time": 4.003286361694336}, "min_max_nn": {"max_delay": 0.0678679254182186, "running_time": 83.0686092376709}}, "40": {"num_user": 16, "num_service": 21, "min_max_greedy": {"max_delay": 0.031144317680602968, "running_time": 5.004167556762695}, "min_max_nn": {"max_delay": 0.051306818520889245, "running_time": 100.0823974609375}}, "50": {"num_user": 16, "num_service": 21, "min_max_greedy": {"max_delay": 0.027861170569708174, "running_time": 6.005048751831055}, "min_max_nn": {"max_delay": 0.042653932872740594, "running_time": 150.12383460998535}}, "60": {"num_user": 16, "num_service": 21, "min_max_greedy": {"max_delay": 0.026965700994371358, "running_time": 7.0056915283203125}, "min_max_nn": {"max_delay": 0.0228733954483261, "running_time": 169.13962364196777}}, "70": {"num_user": 16, "num_service": 21, "min_max_greedy": {"max_delay": 0.02193734876448502, "running_time": 9.007453918457031}, "min_max_nn": {"max_delay": 0.020165535235193443, "running_time": 216.17865562438965}}, "80": {"num_user": 16, "num_service": 21, "min_max_greedy": {"max_delay": 0.015550595743816306, "running_time": 7.0056915283203125}, "min_max_nn": {"max_delay": 0.015341734785038082, "running_time": 228.18851470947266}}, "90": {"num_user": 16, "num_service": 21, "min_max_greedy": {"max_delay": 0.012143847010511338, "running_time": 8.006811141967773}, "min_max_nn": {"max_delay": 0.012808594187923537, "running_time": 264.2180919647217}}, "100": {"num_user": 16, "num_service": 21, "min_max_greedy": {"max_delay": 0.008712873929781687, "running_time": 11.008977890014648}, "min_max_nn": {"max_delay": 0.013029628925881387, "running_time": 284.23452377319336}}}