{"entropy": 69174197738545375255321960483779671943, "10": {"num_user": 16, "num_service": 21, "min_max_greedy": {"max_delay": 0.06740629120137454, "running_time": 2.0017623901367188}, "min_max_nn": {"max_delay": 0.06323901044164305, "running_time": 48.03943634033203}}, "20": {"num_user": 16, "num_service": 21, "min_max_greedy": {"max_delay": 0.045595263602660877, "running_time": 4.003286361694336}, "min_max_nn": {"max_delay": 0.047584129039764625, "running_time": 68.05634498596191}}, "30": {"num_user": 16, "num_service": 21, "min_max_greedy": {"max_delay": 0.034087731230393506, "running_time": 5.004167556762695}, "min_max_nn": {"max_delay": 0.047584129039764625, "running_time": 92.07606315612793}}, "40": {"num_user": 16, "num_service": 21, "min_max_greedy": {"max_delay": 0.03237357944861824, "running_time": 6.004571914672852}, "min_max_nn": {"max_delay": 0.03398628265365024, "running_time": 134.1104507446289}}, "50": {"num_user": 16, "num_service": 21, "min_max_greedy": {"max_delay": 0.023495823852515356, "running_time": 7.005929946899414}, "min_max_nn": {"max_delay": 0.026649535542171983, "running_time": 203.16743850708008}}, "60": {"num_user": 16, "num_service": 21, "min_max_greedy": {"max_delay": 0.02145315893604854, "running_time": 8.006811141967773}, "min_max_nn": {"max_delay": 0.01834567891358364, "running_time": 230.19003868103027}}, "70": {"num_user": 16, "num_service": 21, "min_max_greedy": {"max_delay": 0.015305594850063931, "running_time": 9.00721549987793}, "min_max_nn": {"max_delay": 0.01407098667240727, "running_time": 227.1876335144043}}, "80": {"num_user": 16, "num_service": 21, "min_max_greedy": {"max_delay": 0.011234859896891108, "running_time": 10.008573532104492}, "min_max_nn": {"max_delay": 0.010495533082436401, "running_time": 276.2281894683838}}, "90": {"num_user": 16, "num_service": 21, "min_max_greedy": {"max_delay": 0.008606636843217245, "running_time": 12.009859085083008}, "min_max_nn": {"max_delay": 0.009133773216545606, "running_time": 353.29174995422363}}, "100": {"num_user": 16, "num_service": 21, "min_max_greedy": {"max_delay": 0.007434230272480386, "running_time": 14.011383056640625}, "min_max_nn": {"max_delay": 0.00905017583192973, "running_time": 297.2450256347656}}}