{"entropy": 148059812004888236052896909520108935717, "10": {"num_user": 16, "num_service": 21, "min_max_greedy": {"max_delay": 0.08705121735610588, "running_time": 2.0012855529785156}, "min_max_nn": {"max_delay": 0.08705121735610588, "running_time": 54.044485092163086}}, "20": {"num_user": 16, "num_service": 21, "min_max_greedy": {"max_delay": 0.06543180455763467, "running_time": 3.0024051666259766}, "min_max_nn": {"max_delay": 0.07683110395635061, "running_time": 70.05786895751953}}, "30": {"num_user": 16, "num_service": 21, "min_max_greedy": {"max_delay": 0.06255070825227245, "running_time": 5.004405975341797}, "min_max_nn": {"max_delay": 0.06609130757849307, "running_time": 91.07565879821777}}, "40": {"num_user": 16, "num_service": 21, "min_max_greedy": {"max_delay": 0.05141795854690764, "running_time": 5.004167556762695}, "min_max_nn": {"max_delay": 0.05007524693470851, "running_time": 95.07894515991211}}, "50": {"num_user": 16, "num_service": 21, "min_max_greedy": {"max_delay": 0.04390318841484526, "running_time": 7.0056915283203125}, "min_max_nn": {"max_delay": 0.03609405178280767, "running_time": 166.1369800567627}}, "60": {"num_user": 16, "num_service": 21, "min_max_greedy": {"max_delay": 0.031624781320684484, "running_time": 8.006811141967773}, "min_max_nn": {"max_delay": 0.029124226911687933, "running_time": 171.1413860321045}}, "70": {"num_user": 16, "num_service": 21, "min_max_greedy": {"max_delay": 0.024014625211925163, "running_time": 7.0056915283203125}, "min_max_nn": {"max_delay": 0.026011139157376028, "running_time": 193.1595802307129}}, "80": {"num_user": 16, "num_service": 21, "min_max_greedy": {"max_delay": 0.01530007621434281, "running_time": 11.008977890014648}, "min_max_nn": {"max_delay": 0.015982712494240946, "running_time": 229.18939590454102}}, "90": {"num_user": 16, "num_service": 21, "min_max_greedy": {"max_delay": 0.012282463858119177, "running_time": 11.00921630859375}, "min_max_nn": {"max_delay": 0.012374700898580077, "running_time": 312.2577667236328}}, "100": {"num_user": 16, "num_service": 21, "min_max_greedy": {"max_delay": 0.01039972572804681, "running_time": 11.009454727172852}, "min_max_nn": {"max_delay": 0.010868253166252829, "running_time": 313.2588863372803}}}