{"entropy": 336796354056106159831577270051691336204, "10": {"num_user": 16, "num_service": 21, "min_max_greedy": {"max_delay": 0.0799243193421756, "running_time": 2.0017623901367188}, "min_max_nn": {"max_delay": 0.08184662447300119, "running_time": 68.05586814880371}}, "20": {"num_user": 16, "num_service": 21, "min_max_greedy": {"max_delay": 0.06706385853291981, "running_time": 3.002643585205078}, "min_max_nn": {"max_delay": 0.09514481451473039, "running_time": 30.02476692199707}}, "30": {"num_user": 16, "num_service": 21, "min_max_greedy": {"max_delay": 0.055580676202619965, "running_time": 6.005048751831055}, "min_max_nn": {"max_delay": 0.05289143310041226, "running_time": 73.06027412414551}}, "40": {"num_user": 16, "num_service": 21, "min_max_greedy": {"max_delay": 0.04227643572261785, "running_time": 9.007692337036133}, "min_max_nn": {"max_delay": 0.04343976556682289, "running_time": 123.10171127319336}}, "50": {"num_user": 16, "num_service": 21, "min_max_greedy": {"max_delay": 0.02831469605342795, "running_time": 6.005287170410156}, "min_max_nn": {"max_delay": 0.03528333028623502, "running_time": 163.13457489013672}}, "60": {"num_user": 16, "num_service": 21, "min_max_greedy": {"max_delay": 0.021711909019382213, "running_time": 7.006168365478516}, "min_max_nn": {"max_delay": 0.029318683084470346, "running_time": 226.18675231933594}}, "70": {"num_user": 16, "num_service": 21, "min_max_greedy": {"max_delay": 0.01308815044260025, "running_time": 9.00721549987793}, "min_max_nn": {"max_delay": 0.01865225903948766, "running_time": 261.2154483795166}}, "80": {"num_user": 16, "num_service": 21, "min_max_greedy": {"max_delay": 0.009959693919943533, "running_time": 11.008977890014648}, "min_max_nn": {"max_delay": 0.010242332106378281, "running_time": 277.22883224487305}}, "90": {"num_user": 16, "num_service": 21, "min_max_greedy": {"max_delay": 0.007782403279094758, "running_time": 12.010335922241211}, "min_max_nn": {"max_delay": 0.010017296185256151, "running_time": 287.23692893981934}}, "100": {"num_user": 16, "num_service": 21, "min_max_greedy": {"max_delay": 0.006334305834724713, "running_time": 13.010740280151367}, "min_max_nn": {"max_delay": 0.00808715192067077, "running_time": 350.28958320617676}}}