{"entropy": 129015314221423133074834558957625700975, "10": {"num_user": 16, "num_service": 21, "min_max_greedy": {"max_delay": 0.08610965606567106, "running_time": 2.001523971557617}, "min_max_nn": {"max_delay": 0.10181296497631727, "running_time": 39.0317440032959}}, "20": {"num_user": 16, "num_service": 21, "min_max_greedy": {"max_delay": 0.047353358512596845, "running_time": 4.0035247802734375}, "min_max_nn": {"max_delay": 0.052404521888187075, "running_time": 80.06620407104492}}, "30": {"num_user": 16, "num_service": 21, "min_max_greedy": {"max_delay": 0.03834534361794608, "running_time": 5.004167556762695}, "min_max_nn": {"max_delay": 0.050673998777604534, "running_time": 142.11702346801758}}, "40": {"num_user": 16, "num_service": 21, "min_max_greedy": {"max_delay": 0.024811710797466177, "running_time": 7.005929946899414}, "min_max_nn": {"max_delay": 0.03306094002197115, "running_time": 143.11838150024414}}, "50": {"num_user": 16, "num_service": 21, "min_max_greedy": {"max_delay": 0.01932170042527114, "running_time": 7.0056915283203125}, "min_max_nn": {"max_delay": 0.024895593349658296, "running_time": 183.1507682800293}}, "60": {"num_user": 16, "num_service": 21, "min_max_greedy": {"max_delay": 0.015139138184565987, "running_time": 8.006811141967773}, "min_max_nn": {"max_delay": 0.015688045055573835, "running_time": 249.2058277130127}}, "70": {"num_user": 16, "num_service": 21, "min_max_greedy": {"max_delay": 0.010806597796877676, "running_time": 10.008573532104492}, "min_max_nn": {"max_delay": 0.01451923498329054, "running_time": 255.21039962768555}}, "80": {"num_user": 16, "num_service": 21, "min_max_greedy": {"max_delay": 0.007664993148892552, "running_time": 9.007692337036133}, "min_max_nn": {"max_delay": 0.01057090828653809, "running_time": 255.21063804626465}}, "90": {"num_user": 16, "num_service": 21, "min_max_greedy": {"max_delay": 0.006398396765720736, "running_time": 10.008573532104492}, "min_max_nn": {"max_delay": 0.009502086859711038, "running_time": 329.2720317840576}}, "100": {"num_user": 16, "num_service": 21, "min_max_greedy": {"max_delay": 0.005141343903852621, "running_time": 13.010740280151367}, "min_max_nn": {"max_delay": 0.006933612305389837, "running_time": 371.3068962097168}}}