{"entropy": 236479058774131571797334221442008829707, "10": {"num_user": 16, "num_service": 21, "min_max_greedy": {"max_delay": 0.0744527374432207, "running_time": 2.001523971557617}, "min_max_nn": {"max_delay": 0.0744527374432207, "running_time": 90.07406234741211}}, "20": {"num_user": 16, "num_service": 21, "min_max_greedy": {"max_delay": 0.05714261281444031, "running_time": 4.003286361694336}, "min_max_nn": {"max_delay": 0.0744527374432207, "running_time": 75.06179809570312}}, "30": {"num_user": 16, "num_service": 21, "min_max_greedy": {"max_delay": 0.05123787926066807, "running_time": 5.004167556762695}, "min_max_nn": {"max_delay": 0.0744527374432207, "running_time": 83.06884765625}}, "40": {"num_user": 16, "num_service": 21, "min_max_greedy": {"max_delay": 0.038638384509001006, "running_time": 6.005287170410156}, "min_max_nn": {"max_delay": 0.07234331976234877, "running_time": 101.08327865600586}}, "50": {"num_user": 16, "num_service": 21, "min_max_greedy": {"max_delay": 0.030957773340035886, "running_time": 7.0056915283203125}, "min_max_nn": {"max_delay": 0.04981834368215549, "running_time": 125.10323524475098}}, "60": {"num_user": 16, "num_service": 21, "min_max_greedy": {"max_delay": 0.02123890091205057, "running_time": 9.007453918457031}, "min_max_nn": {"max_delay": 0.04019338582784179, "running_time": 179.14772033691406}}, "70": {"num_user": 16, "num_service": 21, "min_max_greedy": {"max_delay": 0.020625774911764073, "running_time": 9.007453918457031}, "min_max_nn": {"max_delay": 0.0289260919319662, "running_time": 218.18017959594727}}, "80": {"num_user": 16, "num_service": 21, "min_max_greedy": {"max_delay": 0.01915983171103899, "running_time": 10.008096694946289}, "min_max_nn": {"max_delay": 0.017102953868968165, "running_time": 249.2060661315918}}, "90": {"num_user": 16, "num_service": 21, "min_max_greedy": {"max_delay": 0.010198486080305196, "running_time": 10.00833511352539}, "min_max_nn": {"max_delay": 0.011786096600606345, "running_time": 294.24262046813965}}, "100": {"num_user": 16, "num_service": 21, "min_max_greedy": {"max_delay": 0.00871149820119238, "running_time": 12.01009750366211}, "min_max_nn": {"max_delay": 0.011941876253799583, "running_time": 331.27355575561523}}}