{"entropy": 128360010540113061010338255571904335445, "10": {"num_user": 16, "num_service": 21, "min_max_greedy": {"max_delay": 0.1009347571572191, "running_time": 3.002166748046875}, "min_max_nn": {"max_delay": 0.1009347571572191, "running_time": 41.03374481201172}}, "20": {"num_user": 16, "num_service": 21, "min_max_greedy": {"max_delay": 0.05811436842871784, "running_time": 2.0012855529785156}, "min_max_nn": {"max_delay": 0.05811436842871784, "running_time": 71.05851173400879}}, "30": {"num_user": 16, "num_service": 21, "min_max_greedy": {"max_delay": 0.03711236317269648, "running_time": 5.003929138183594}, "min_max_nn": {"max_delay": 0.04384025490846458, "running_time": 101.08351707458496}}, "40": {"num_user": 16, "num_service": 21, "min_max_greedy": {"max_delay": 0.03013197655891162, "running_time": 6.004810333251953}, "min_max_nn": {"max_delay": 0.03542602034140865, "running_time": 121.09971046447754}}, "50": {"num_user": 16, "num_service": 21, "min_max_greedy": {"max_delay": 0.027390849548361546, "running_time": 6.004571914672852}, "min_max_nn": {"max_delay": 0.028354527657525705, "running_time": 179.14772033691406}}, "60": {"num_user": 16, "num_service": 21, "min_max_greedy": {"max_delay": 0.018115791669730916, "running_time": 7.0056915283203125}, "min_max_nn": {"max_delay": 0.02393404450831261, "running_time": 195.1611042022705}}, "70": {"num_user": 16, "num_service": 21, "min_max_greedy": {"max_delay": 0.015742582234836495, "running_time": 9.007453918457031}, "min_max_nn": {"max_delay": 0.02025471802072434, "running_time": 241.19949340820312}}, "80": {"num_user": 16, "num_service": 21, "min_max_greedy": {"max_delay": 0.011456646157267878, "running_time": 8.006095886230469}, "min_max_nn": {"max_delay": 0.018784471627776102, "running_time": 248.20494651794434}}, "90": {"num_user": 16, "num_service": 21, "min_max_greedy": {"max_delay": 0.009379754660485972, "running_time": 8.006572723388672}, "min_max_nn": {"max_delay": 0.011828868447312747, "running_time": 322.2663402557373}}, "100": {"num_user": 16, "num_service": 21, "min_max_greedy": {"max_delay": 0.007233693685399714, "running_time": 10.007381439208984}, "min_max_nn": {"max_delay": 0.010265569932127233, "running_time": 319.2634582519531}}}