{"entropy": 222696495944350723564115411760232944821, "10": {"num_user": 16, "num_service": 21, "min_max_greedy": {"max_delay": 0.07554528081226802, "running_time": 4.0035247802734375}, "min_max_nn": {"max_delay": 0.0941526268598661, "running_time": 41.03398323059082}}, "20": {"num_user": 16, "num_service": 21, "min_max_greedy": {"max_delay": 0.06985355920499058, "running_time": 3.0024051666259766}, "min_max_nn": {"max_delay": 0.09330982163121358, "running_time": 50.04119873046875}}, "30": {"num_user": 16, "num_service": 21, "min_max_greedy": {"max_delay": 0.056752152770123215, "running_time": 6.005048751831055}, "min_max_nn": {"max_delay": 0.08059711144624118, "running_time": 81.06660842895508}}, "40": {"num_user": 16, "num_service": 21, "min_max_greedy": {"max_delay": 0.048550074751488856, "running_time": 7.0056915283203125}, "min_max_nn": {"max_delay": 0.06742751055112249, "running_time": 74.06139373779297}}, "50": {"num_user": 16, "num_service": 21, "min_max_greedy": {"max_delay": 0.03469047096236266, "running_time": 7.005929946899414}, "min_max_nn": {"max_delay": 0.03315275675829336, "running_time": 133.11004638671875}}, "60": {"num_user": 16, "num_service": 21, "min_max_greedy": {"max_delay": 0.032045065102550216, "running_time": 9.007692337036133}, "min_max_nn": {"max_delay": 0.028150443173264823, "running_time": 155.12800216674805}}, "70": {"num_user": 16, "num_service": 21, "min_max_greedy": {"max_delay": 0.015999530461695388, "running_time": 9.00721549987793}, "min_max_nn": {"max_delay": 0.020033849379029172, "running_time": 222.1837043762207}}, "80": {"num_user": 16, "num_service": 21, "min_max_greedy": {"max_delay": 0.013447135332303684, "running_time": 10.00833511352539}, "min_max_nn": {"max_delay": 0.016237876958993522, "running_time": 231.19091987609863}}, "90": {"num_user": 16, "num_service": 21, "min_max_greedy": {"max_delay": 0.011122908882840983, "running_time": 10.00833511352539}, "min_max_nn": {"max_delay": 0.014199082432578773, "running_time": 294.24262046813965}}, "100": {"num_user": 16, "num_service": 21, "min_max_greedy": {"max_delay": 0.007829834494944636, "running_time": 12.009859085083008}, "min_max_nn": {"max_delay": 0.014405690523170717, "running_time": 281.2318801879883}}}