{"entropy": 239507956062575340310154612618544075710, "10": {"num_user": 16, "num_service": 21, "min_max_greedy": {"max_delay": 0.09612453761056734, "running_time": 4.003286361694336}, "min_max_nn": {"max_delay": 0.07009287620381457, "running_time": 60.04953384399414}}, "20": {"num_user": 16, "num_service": 21, "min_max_greedy": {"max_delay": 0.03937542307055832, "running_time": 5.004167556762695}, "min_max_nn": {"max_delay": 0.06991990623871407, "running_time": 75.06179809570312}}, "30": {"num_user": 16, "num_service": 21, "min_max_greedy": {"max_delay": 0.033980177995051805, "running_time": 6.005287170410156}, "min_max_nn": {"max_delay": 0.041127799196494876, "running_time": 109.09008979797363}}, "40": {"num_user": 16, "num_service": 21, "min_max_greedy": {"max_delay": 0.0318281731437156, "running_time": 8.006811141967773}, "min_max_nn": {"max_delay": 0.03820091476366258, "running_time": 136.11245155334473}}, "50": {"num_user": 16, "num_service": 21, "min_max_greedy": {"max_delay": 0.02789539382907068, "running_time": 8.006572723388672}, "min_max_nn": {"max_delay": 0.02290677421448041, "running_time": 246.20342254638672}}, "60": {"num_user": 16, "num_service": 21, "min_max_greedy": {"max_delay": 0.01861410743456355, "running_time": 10.00833511352539}, "min_max_nn": {"max_delay": 0.016576304353308355, "running_time": 252.20847129821777}}, "70": {"num_user": 16, "num_service": 21, "min_max_greedy": {"max_delay": 0.01218435374537206, "running_time": 10.00833511352539}, "min_max_nn": {"max_delay": 0.012548839784168278, "running_time": 293.2419776916504}}, "80": {"num_user": 16, "num_service": 21, "min_max_greedy": {"max_delay": 0.008712674355198322, "running_time": 12.009620666503906}, "min_max_nn": {"max_delay": 0.01054447170553879, "running_time": 364.3012046813965}}, "90": {"num_user": 16, "num_service": 21, "min_max_greedy": {"max_delay": 0.005747705227929423, "running_time": 15.012502670288086}, "min_max_nn": {"max_delay": 0.01016743773703588, "running_time": 321.26545906066895}}, "100": {"num_user": 16, "num_service": 21, "min_max_greedy": {"max_delay": 0.004874169379750062, "running_time": 16.013383865356445}, "min_max_nn": {"max_delay": 0.009210655683989759, "running_time": 350.28934478759766}}}