{"entropy": 255164466193251626710845400997592735575, "10": {"num_user": 100, "num_service": 41, "server_1": {"max_delay": 0.05661905132304472, "running_time": 5.004405975341797}, "server_2": {"max_delay": 0.1175833759841002, "running_time": 3.003358840942383}, "server_3": {"max_delay": 0.1175833759841002, "running_time": 3.002166748046875}, "server_4": {"max_delay": 0.1175833759841002, "running_time": 2.0017623901367188}, "server_5": {"max_delay": 0.1175833759841002, "running_time": 3.002166748046875}}, "20": {"num_user": 100, "num_service": 41, "server_1": {"max_delay": 0.0459088384391913, "running_time": 8.007049560546875}, "server_2": {"max_delay": 0.051503608443341314, "running_time": 4.0035247802734375}, "server_3": {"max_delay": 0.05556044550525631, "running_time": 4.002809524536133}, "server_4": {"max_delay": 0.11725578975395719, "running_time": 3.002643585205078}, "server_5": {"max_delay": 0.11725578975395719, "running_time": 2.0012855529785156}}, "30": {"num_user": 100, "num_service": 41, "server_1": {"max_delay": 0.036602274217366323, "running_time": 9.00721549987793}, "server_2": {"max_delay": 0.04660087691017181, "running_time": 7.005453109741211}, "server_3": {"max_delay": 0.05001666579673261, "running_time": 6.004571914672852}, "server_4": {"max_delay": 0.05117602221319831, "running_time": 5.004167556762695}, "server_5": {"max_delay": 0.055425302947116395, "running_time": 5.0048828125}}, "40": {"num_user": 100, "num_service": 41, "server_1": {"max_delay": 0.026670319764997612, "running_time": 13.010978698730469}, "server_2": {"max_delay": 0.039551712247511736, "running_time": 8.006095886230469}, "server_3": {"max_delay": 0.04636657998824145, "running_time": 7.006168365478516}, "server_4": {"max_delay": 0.05117602221319831, "running_time": 5.004644393920898}, "server_5": {"max_delay": 0.0498815232385927, "running_time": 5.004644393920898}}, "50": {"num_user": 100, "num_service": 41, "server_1": {"max_delay": 0.024444366731568013, "running_time": 15.012025833129883}, "server_2": {"max_delay": 0.03622367493693661, "running_time": 8.006811141967773}, "server_3": {"max_delay": 0.04485023262140289, "running_time": 7.0056915283203125}, "server_4": {"max_delay": 0.04627329068002882, "running_time": 5.010366439819336}, "server_5": {"max_delay": 0.0498815232385927, "running_time": 6.004571914672852}}, "60": {"num_user": 100, "num_service": 41, "server_1": {"max_delay": 0.0231063070469291, "running_time": 18.01466941833496}, "server_2": {"max_delay": 0.031176579933151188, "running_time": 12.009859085083008}, "server_3": {"max_delay": 0.03598937801500625, "running_time": 9.00721549987793}, "server_4": {"max_delay": 0.044756943313190245, "running_time": 7.012128829956055}, "server_5": {"max_delay": 0.04623143743010154, "running_time": 6.006717681884766}}, "70": {"num_user": 100, "num_service": 41, "server_1": {"max_delay": 0.02029615180290094, "running_time": 20.01643180847168}, "server_2": {"max_delay": 0.026772019544305903, "running_time": 13.011693954467773}, "server_3": {"max_delay": 0.039317415325581376, "running_time": 9.007692337036133}, "server_4": {"max_delay": 0.044756943313190245, "running_time": 7.0056915283203125}, "server_5": {"max_delay": 0.04623143743010154, "running_time": 6.005048751831055}}, "80": {"num_user": 100, "num_service": 41, "server_1": {"max_delay": 0.01767096991043678, "running_time": 23.019075393676758}, "server_2": {"max_delay": 0.02651284877159204, "running_time": 14.011383056640625}, "server_3": {"max_delay": 0.03554366839957791, "running_time": 10.00833511352539}, "server_4": {"max_delay": 0.03922412601736874, "running_time": 7.0056915283203125}, "server_5": {"max_delay": 0.04471509006326296, "running_time": 7.005453109741211}}, "90": {"num_user": 100, "num_service": 41, "server_1": {"max_delay": 0.01619042060962873, "running_time": 25.020360946655273}, "server_2": {"max_delay": 0.02420397342440218, "running_time": 14.011383056640625}, "server_3": {"max_delay": 0.030942283011220827, "running_time": 11.008977890014648}, "server_4": {"max_delay": 0.0358960887067936, "running_time": 8.00633430480957}, "server_5": {"max_delay": 0.04011370467490589, "running_time": 8.006572723388672}}, "100": {"num_user": 100, "num_service": 41, "server_1": {"max_delay": 0.015325342372305017, "running_time": 28.02276611328125}, "server_2": {"max_delay": 0.022605360504186524, "running_time": 15.011787414550781}, "server_3": {"max_delay": 0.030942283011220827, "running_time": 12.00556755065918}, "server_4": {"max_delay": 0.0358960887067936, "running_time": 8.006572723388672}, "server_5": {"max_delay": 0.03585423545686632, "running_time": 10.00833511352539}}}