{"entropy": 140418457768856938626983741172165840540, "10": {"num_user": 100, "num_service": 41, "server_1": {"max_delay": 0.05470566021274938, "running_time": 8.006572723388672}, "server_2": {"max_delay": 0.06501980101350983, "running_time": 5.004167556762695}, "server_3": {"max_delay": 0.0698013690607147, "running_time": 6.005048751831055}, "server_4": {"max_delay": 0.07009338316336848, "running_time": 4.042863845825195}, "server_5": {"max_delay": 0.0778287545609161, "running_time": 3.002643585205078}}, "20": {"num_user": 100, "num_service": 41, "server_1": {"max_delay": 0.049791034224570555, "running_time": 11.008739471435547}, "server_2": {"max_delay": 0.05404356824588545, "running_time": 8.006811141967773}, "server_3": {"max_delay": 0.05753988242111171, "running_time": 7.006406784057617}, "server_4": {"max_delay": 0.06472778691085605, "running_time": 5.004405975341797}, "server_5": {"max_delay": 0.06466858043860188, "running_time": 5.004167556762695}}, "30": {"num_user": 100, "num_service": 41, "server_1": {"max_delay": 0.04589218849092604, "running_time": 12.009382247924805}, "server_2": {"max_delay": 0.05328281398946472, "running_time": 8.006572723388672}, "server_3": {"max_delay": 0.05383777558278337, "running_time": 7.005453109741211}, "server_4": {"max_delay": 0.05745366098156001, "running_time": 8.006811141967773}, "server_5": {"max_delay": 0.05741370342997181, "running_time": 7.0056915283203125}}, "40": {"num_user": 100, "num_service": 41, "server_1": {"max_delay": 0.03819557777411915, "running_time": 12.009620666503906}, "server_2": {"max_delay": 0.05328281398946472, "running_time": 8.006572723388672}, "server_3": {"max_delay": 0.05284069745202728, "running_time": 8.007049560546875}, "server_4": {"max_delay": 0.05375155414323167, "running_time": 8.007049560546875}, "server_5": {"max_delay": 0.05741370342997181, "running_time": 6.977558135986328}}, "50": {"num_user": 100, "num_service": 41, "server_1": {"max_delay": 0.03339124703367397, "running_time": 17.969131469726562}, "server_2": {"max_delay": 0.05033262106029936, "running_time": 12.01009750366211}, "server_3": {"max_delay": 0.05284069745202728, "running_time": 9.007453918457031}, "server_4": {"max_delay": 0.05265729081482821, "running_time": 9.007692337036133}, "server_5": {"max_delay": 0.053711596591643464, "running_time": 8.00633430480957}}, "60": {"num_user": 100, "num_service": 41, "server_1": {"max_delay": 0.03208884343660962, "running_time": 24.019479751586914}, "server_2": {"max_delay": 0.039058976414956065, "running_time": 11.00921630859375}, "server_3": {"max_delay": 0.05284069745202728, "running_time": 9.007453918457031}, "server_4": {"max_delay": 0.05265729081482821, "running_time": 9.008169174194336}, "server_5": {"max_delay": 0.052572548059650566, "running_time": 9.009838104248047}}, "70": {"num_user": 100, "num_service": 41, "server_1": {"max_delay": 0.031053073011276102, "running_time": 26.021242141723633}, "server_2": {"max_delay": 0.039058976414956065, "running_time": 11.009693145751953}, "server_3": {"max_delay": 0.05124135586572686, "running_time": 10.008096694946289}, "server_4": {"max_delay": 0.05265729081482821, "running_time": 8.00633430480957}, "server_5": {"max_delay": 0.052572548059650566, "running_time": 8.00633430480957}}, "80": {"num_user": 100, "num_service": 41, "server_1": {"max_delay": 0.01750926352181089, "running_time": 16.013383865356445}, "server_2": {"max_delay": 0.03650581223199851, "running_time": 13.010501861572266}, "server_3": {"max_delay": 0.03885318375185398, "running_time": 11.009454727172852}, "server_4": {"max_delay": 0.05265729081482821, "running_time": 8.006572723388672}, "server_5": {"max_delay": 0.052572548059650566, "running_time": 8.005142211914062}}, "90": {"num_user": 100, "num_service": 41, "server_1": {"max_delay": 0.01608599417125319, "running_time": 21.01731300354004}, "server_2": {"max_delay": 0.03355420025438978, "running_time": 15.012264251708984}, "server_3": {"max_delay": 0.04017002205407311, "running_time": 10.013103485107422}, "server_4": {"max_delay": 0.05115513442617516, "running_time": 10.00833511352539}, "server_5": {"max_delay": 0.052572548059650566, "running_time": 8.007049560546875}}, "100": {"num_user": 100, "num_service": 41, "server_1": {"max_delay": 0.015779223832598506, "running_time": 21.01755142211914}, "server_2": {"max_delay": 0.033102022657881466, "running_time": 16.013145446777344}, "server_3": {"max_delay": 0.03734867837053925, "running_time": 12.009859085083008}, "server_4": {"max_delay": 0.04008380061452141, "running_time": 10.008096694946289}, "server_5": {"max_delay": 0.052572548059650566, "running_time": 8.006572723388672}}}