{"entropy": 94457873433665534658452275950839330511, "10": {"num_user": 100, "num_service": 41, "server_1": {"max_delay": 0.17854933813484034, "running_time": 45.03631591796875}, "server_2": {"max_delay": 0.19254589919737547, "running_time": 4.003763198852539}, "server_3": {"max_delay": 0.2104327685343601, "running_time": 3.0019283294677734}, "server_4": {"max_delay": 0.26250904590576984, "running_time": 4.003047943115234}, "server_5": {"max_delay": 0.2690419589190718, "running_time": 3.0024051666259766}}, "20": {"num_user": 100, "num_service": 41, "server_1": {"max_delay": 0.08074083010781162, "running_time": 7.005453109741211}, "server_2": {"max_delay": 0.10261004734131471, "running_time": 6.005048751831055}, "server_3": {"max_delay": 0.19254589919737547, "running_time": 5.004167556762695}, "server_4": {"max_delay": 0.2104327685343601, "running_time": 4.002809524536133}, "server_5": {"max_delay": 0.19254589919737547, "running_time": 4.003286361694336}}, "30": {"num_user": 100, "num_service": 41, "server_1": {"max_delay": 0.0439397746437693, "running_time": 10.00833511352539}, "server_2": {"max_delay": 0.09549915439316176, "running_time": 6.005287170410156}, "server_3": {"max_delay": 0.10261004734131471, "running_time": 5.004644393920898}, "server_4": {"max_delay": 0.11888028132725117, "running_time": 5.003690719604492}, "server_5": {"max_delay": 0.2104327685343601, "running_time": 4.002809524536133}}, "40": {"num_user": 100, "num_service": 41, "server_1": {"max_delay": 0.03610179212884158, "running_time": 12.010335922241211}, "server_2": {"max_delay": 0.062363096825054504, "running_time": 8.00633430480957}, "server_3": {"max_delay": 0.10261004734131471, "running_time": 6.004810333251953}, "server_4": {"max_delay": 0.11888028132725117, "running_time": 5.004644393920898}, "server_5": {"max_delay": 0.11888028132725117, "running_time": 5.003690719604492}}, "50": {"num_user": 100, "num_service": 41, "server_1": {"max_delay": 0.030682273851516256, "running_time": 16.013622283935547}, "server_2": {"max_delay": 0.045274885394218034, "running_time": 9.007453918457031}, "server_3": {"max_delay": 0.08727374312111358, "running_time": 7.006168365478516}, "server_4": {"max_delay": 0.10261004734131471, "running_time": 6.005287170410156}, "server_5": {"max_delay": 0.11888028132725117, "running_time": 5.003690719604492}}, "60": {"num_user": 100, "num_service": 41, "server_1": {"max_delay": 0.014160938346173886, "running_time": 15.012502670288086}, "server_2": {"max_delay": 0.04336179470891831, "running_time": 10.008573532104492}, "server_3": {"max_delay": 0.062363096825054504, "running_time": 7.0056915283203125}, "server_4": {"max_delay": 0.062363096825054504, "running_time": 7.005929946899414}, "server_5": {"max_delay": 0.10261004734131471, "running_time": 6.005287170410156}}, "70": {"num_user": 100, "num_service": 41, "server_1": {"max_delay": 0.010348818605885032, "running_time": 20.01667022705078}, "server_2": {"max_delay": 0.04148943847643968, "running_time": 11.00921630859375}, "server_3": {"max_delay": 0.045274885394218034, "running_time": 9.007453918457031}, "server_4": {"max_delay": 0.062363096825054504, "running_time": 7.006406784057617}, "server_5": {"max_delay": 0.08727374312111358, "running_time": 7.006168365478516}}, "80": {"num_user": 100, "num_service": 41, "server_1": {"max_delay": 0.009486913949808402, "running_time": 21.017074584960938}, "server_2": {"max_delay": 0.03552381219399059, "running_time": 12.010574340820312}, "server_3": {"max_delay": 0.045274885394218034, "running_time": 9.008169174194336}, "server_4": {"max_delay": 0.055830183811752546, "running_time": 8.008003234863281}, "server_5": {"max_delay": 0.08727374312111358, "running_time": 6.00433349609375}}, "90": {"num_user": 100, "num_service": 41, "server_1": {"max_delay": 0.007854802305516145, "running_time": 23.024320602416992}, "server_2": {"max_delay": 0.03081198213141438, "running_time": 15.012502670288086}, "server_3": {"max_delay": 0.04317914753197889, "running_time": 11.008977890014648}, "server_4": {"max_delay": 0.051807798407520006, "running_time": 9.007930755615234}, "server_5": {"max_delay": 0.08727374312111358, "running_time": 6.005287170410156}}, "100": {"num_user": 100, "num_service": 41, "server_1": {"max_delay": 0.007525752849061536, "running_time": 25.020599365234375}, "server_2": {"max_delay": 0.013582958411322895, "running_time": 14.012336730957031}, "server_3": {"max_delay": 0.04130679129950027, "running_time": 10.007858276367188}, "server_4": {"max_delay": 0.051807798407520006, "running_time": 10.008573532104492}, "server_5": {"max_delay": 0.062363096825054504, "running_time": 8.006572723388672}}}