{"entropy": 69843946365457405837724309714051232742, "10": {"num_user": 100, "num_service": 41, "server_1": {"max_delay": 0.5274016716038649, "running_time": 8.006811141967773}, "server_2": {"max_delay": 0.5306738237064724, "running_time": 5.003690719604492}, "server_3": {"max_delay": 0.5319982324955987, "running_time": 4.003286361694336}, "server_4": {"max_delay": 0.5319982324955987, "running_time": 4.003047943115234}, "server_5": {"max_delay": 0.5339126978284997, "running_time": 3.002643585205078}}, "20": {"num_user": 100, "num_service": 41, "server_1": {"max_delay": 0.5144423004129819, "running_time": 11.00921630859375}, "server_2": {"max_delay": 0.5274016716038649, "running_time": 7.0056915283203125}, "server_3": {"max_delay": 0.5274016716038649, "running_time": 7.005929946899414}, "server_4": {"max_delay": 0.5303891597127776, "running_time": 4.003047943115234}, "server_5": {"max_delay": 0.5319982324955987, "running_time": 4.03904914855957}}, "30": {"num_user": 100, "num_service": 41, "server_1": {"max_delay": 0.5044001098252562, "running_time": 15.012502670288086}, "server_2": {"max_delay": 0.5208676380787709, "running_time": 9.009122848510742}, "server_3": {"max_delay": 0.5274016716038649, "running_time": 7.006645202636719}, "server_4": {"max_delay": 0.5274016716038649, "running_time": 7.0056915283203125}, "server_5": {"max_delay": 0.5274016716038649, "running_time": 7.005929946899414}}, "40": {"num_user": 100, "num_service": 41, "server_1": {"max_delay": 0.19959462343874934, "running_time": 6.011009216308594}, "server_2": {"max_delay": 0.20283281227706176, "running_time": 3.002643585205078}, "server_3": {"max_delay": 0.20283281227706176, "running_time": 4.0035247802734375}, "server_4": {"max_delay": 0.20283281227706176, "running_time": 4.001617431640625}, "server_5": {"max_delay": 0.20283281227706176, "running_time": 4.0035247802734375}}, "50": {"num_user": 100, "num_service": 41, "server_1": {"max_delay": 0.1931875681881764, "running_time": 9.008646011352539}, "server_2": {"max_delay": 0.19781203335067216, "running_time": 5.004167556762695}, "server_3": {"max_delay": 0.19781203335067216, "running_time": 7.0056915283203125}, "server_4": {"max_delay": 0.19959462343874934, "running_time": 5.004405975341797}, "server_5": {"max_delay": 0.19959462343874934, "running_time": 6.004810333251953}}, "60": {"num_user": 100, "num_service": 41, "server_1": {"max_delay": 0.17816830669370062, "running_time": 14.011383056640625}, "server_2": {"max_delay": 0.19282714963826403, "running_time": 8.006572723388672}, "server_3": {"max_delay": 0.19570113301843164, "running_time": 7.002592086791992}, "server_4": {"max_delay": 0.19781203335067216, "running_time": 6.005287170410156}, "server_5": {"max_delay": 0.19781203335067216, "running_time": 5.004167556762695}}, "70": {"num_user": 100, "num_service": 41, "server_1": {"max_delay": 0.1719449668896885, "running_time": 16.013145446777344}, "server_2": {"max_delay": 0.18736676469864688, "running_time": 10.00833511352539}, "server_3": {"max_delay": 0.19493804997050454, "running_time": 8.006572723388672}, "server_4": {"max_delay": 0.19282714963826403, "running_time": 9.006738662719727}, "server_5": {"max_delay": 0.19781203335067216, "running_time": 6.004810333251953}}, "80": {"num_user": 100, "num_service": 41, "server_1": {"max_delay": 0.1696551766098948, "running_time": 19.009828567504883}, "server_2": {"max_delay": 0.19959462343874934, "running_time": 6.005525588989258}, "server_3": {"max_delay": 0.19959462343874934, "running_time": 4.003047943115234}, "server_4": {"max_delay": 0.20283281227706176, "running_time": 3.0019283294677734}, "server_5": {"max_delay": 0.20283281227706176, "running_time": 4.003286361694336}}, "90": {"num_user": 100, "num_service": 41, "server_1": {"max_delay": 0.05289567604890534, "running_time": 8.007049560546875}, "server_2": {"max_delay": 0.19493804997050454, "running_time": 6.005287170410156}, "server_3": {"max_delay": 0.19781203335067216, "running_time": 7.005453109741211}, "server_4": {"max_delay": 0.19959462343874934, "running_time": 6.004810333251953}, "server_5": {"max_delay": 0.19781203335067216, "running_time": 5.003929138183594}}, "100": {"num_user": 100, "num_service": 41, "server_1": {"max_delay": 0.04441980845211794, "running_time": 12.01009750366211}, "server_2": {"max_delay": 0.1931875681881764, "running_time": 7.0056915283203125}, "server_3": {"max_delay": 0.1931875681881764, "running_time": 7.0056915283203125}, "server_4": {"max_delay": 0.19781203335067216, "running_time": 6.006479263305664}, "server_5": {"max_delay": 0.19781203335067216, "running_time": 6.005048751831055}}}