{"entropy": 221091492359290893873416999748819551057, "10": {"num_user": 100, "num_service": 41, "server_1": {"max_delay": 0.04435595637036943, "running_time": 5.004167556762695}, "server_2": {"max_delay": 0.05667661972942281, "running_time": 4.990816116333008}, "server_3": {"max_delay": 0.059283484321029145, "running_time": 4.002809524536133}, "server_4": {"max_delay": 0.17547078256509643, "running_time": 3.002643585205078}, "server_5": {"max_delay": 0.17547078256509643, "running_time": 3.0031204223632812}}, "20": {"num_user": 100, "num_service": 41, "server_1": {"max_delay": 0.037647097028167306, "running_time": 8.00633430480957}, "server_2": {"max_delay": 0.04347452574938726, "running_time": 6.005287170410156}, "server_3": {"max_delay": 0.05642016183278012, "running_time": 4.004240036010742}, "server_4": {"max_delay": 0.059179230427541266, "running_time": 4.003047943115234}, "server_5": {"max_delay": 0.05626804044024292, "running_time": 5.004405975341797}}, "30": {"num_user": 100, "num_service": 41, "server_1": {"max_delay": 0.0344095662517959, "running_time": 11.008977890014648}, "server_2": {"max_delay": 0.0420621864893852, "running_time": 8.00633430480957}, "server_3": {"max_delay": 0.043218067852744575, "running_time": 6.005525588989258}, "server_4": {"max_delay": 0.05626804044024292, "running_time": 6.005048751831055}, "server_5": {"max_delay": 0.05913136292849194, "running_time": 3.002643585205078}}, "40": {"num_user": 100, "num_service": 41, "server_1": {"max_delay": 0.031626673097505636, "running_time": 14.011383056640625}, "server_2": {"max_delay": 0.03534897083880335, "running_time": 9.00721549987793}, "server_3": {"max_delay": 0.042617255470990996, "running_time": 7.006168365478516}, "server_4": {"max_delay": 0.04311381395925669, "running_time": 5.0048828125}, "server_5": {"max_delay": 0.043042880493129904, "running_time": 6.005287170410156}}, "50": {"num_user": 100, "num_service": 41, "server_1": {"max_delay": 0.030426569591053255, "running_time": 17.01498031616211}, "server_2": {"max_delay": 0.03499311724062928, "running_time": 11.008262634277344}, "server_3": {"max_delay": 0.03739063913152462, "running_time": 7.005453109741211}, "server_4": {"max_delay": 0.04251300157750311, "running_time": 7.005214691162109}, "server_5": {"max_delay": 0.043065946460207366, "running_time": 6.005287170410156}}, "60": {"num_user": 100, "num_service": 41, "server_1": {"max_delay": 0.028512626807177262, "running_time": 20.01643180847168}, "server_2": {"max_delay": 0.03352813563081372, "running_time": 12.009620666503906}, "server_3": {"max_delay": 0.037064202630457586, "running_time": 8.006572723388672}, "server_4": {"max_delay": 0.0369599487369697, "running_time": 8.00633430480957}, "server_5": {"max_delay": 0.04246513407845379, "running_time": 7.006406784057617}}, "70": {"num_user": 100, "num_service": 41, "server_1": {"max_delay": 0.027568406306204968, "running_time": 22.0181941986084}, "server_2": {"max_delay": 0.03190791962526611, "running_time": 12.009859085083008}, "server_3": {"max_delay": 0.03499311724062928, "running_time": 10.00833511352539}, "server_4": {"max_delay": 0.0369599487369697, "running_time": 7.005453109741211}, "server_5": {"max_delay": 0.03723851773898741, "running_time": 7.004976272583008}}, "80": {"num_user": 100, "num_service": 41, "server_1": {"max_delay": 0.027317475202103418, "running_time": 25.020360946655273}, "server_2": {"max_delay": 0.030745242476523455, "running_time": 14.011383056640625}, "server_3": {"max_delay": 0.03327167773417104, "running_time": 12.009620666503906}, "server_4": {"max_delay": 0.03498825904867278, "running_time": 9.007453918457031}, "server_5": {"max_delay": 0.03723851773898741, "running_time": 7.005453109741211}}, "90": {"num_user": 100, "num_service": 41, "server_1": {"max_delay": 0.02688612871998359, "running_time": 27.021169662475586}, "server_2": {"max_delay": 0.0306203080451096, "running_time": 14.01209831237793}, "server_3": {"max_delay": 0.03327167773417104, "running_time": 11.008739471435547}, "server_4": {"max_delay": 0.0348888633471414, "running_time": 9.00721549987793}, "server_5": {"max_delay": 0.03723851773898741, "running_time": 8.006811141967773}}, "100": {"num_user": 100, "num_service": 41, "server_1": {"max_delay": 0.024709796797712073, "running_time": 22.017240524291992}, "server_2": {"max_delay": 0.029789183122763616, "running_time": 16.01386070251465}, "server_3": {"max_delay": 0.032157998299795425, "running_time": 13.010740280151367}, "server_4": {"max_delay": 0.0343823267759694, "running_time": 11.008739471435547}, "server_5": {"max_delay": 0.03494039154962346, "running_time": 9.007930755615234}}}