{"entropy": 185131053117280433407300230251735741617, "10": {"num_user": 100, "num_service": 41, "server_1": {"max_delay": 0.08129725718336092, "running_time": 5.004167556762695}, "server_2": {"max_delay": 0.08430841212431449, "running_time": 5.004167556762695}, "server_3": {"max_delay": 0.10849397179892899, "running_time": 3.002643585205078}, "server_4": {"max_delay": 0.10849397179892899, "running_time": 4.003047943115234}, "server_5": {"max_delay": 0.11150512673988254, "running_time": 4.003763198852539}}, "20": {"num_user": 100, "num_service": 41, "server_1": {"max_delay": 0.07388186401675977, "running_time": 10.00833511352539}, "server_2": {"max_delay": 0.08129725718336092, "running_time": 5.004405975341797}, "server_3": {"max_delay": 0.08430841212431449, "running_time": 6.003141403198242}, "server_4": {"max_delay": 0.08430841212431449, "running_time": 4.958629608154297}, "server_5": {"max_delay": 0.08793514652524938, "running_time": 4.003286361694336}}, "30": {"num_user": 100, "num_service": 41, "server_1": {"max_delay": 0.05061356377898106, "running_time": 9.008646011352539}, "server_2": {"max_delay": 0.07587751250452165, "running_time": 9.007692337036133}, "server_3": {"max_delay": 0.08129725718336092, "running_time": 6.005048751831055}, "server_4": {"max_delay": 0.08430841212431449, "running_time": 5.003452301025391}, "server_5": {"max_delay": 0.08793514652524938, "running_time": 4.0035247802734375}}, "40": {"num_user": 100, "num_service": 41, "server_1": {"max_delay": 0.046274960658495526, "running_time": 12.010335922241211}, "server_2": {"max_delay": 0.07388186401675977, "running_time": 10.008096694946289}, "server_3": {"max_delay": 0.0767679825867997, "running_time": 8.00633430480957}, "server_4": {"max_delay": 0.08129725718336092, "running_time": 6.005287170410156}, "server_5": {"max_delay": 0.08430841212431449, "running_time": 5.003929138183594}}, "50": {"num_user": 100, "num_service": 41, "server_1": {"max_delay": 0.04070439526947954, "running_time": 16.013383865356445}, "server_2": {"max_delay": 0.046611883113252386, "running_time": 11.00921630859375}, "server_3": {"max_delay": 0.07643106013204286, "running_time": 9.007692337036133}, "server_4": {"max_delay": 0.0767679825867997, "running_time": 9.007453918457031}, "server_5": {"max_delay": 0.08129725718336092, "running_time": 6.005048751831055}}, "60": {"num_user": 100, "num_service": 41, "server_1": {"max_delay": 0.03869142262178291, "running_time": 21.01731300354004}, "server_2": {"max_delay": 0.05061356377898106, "running_time": 9.006977081298828}, "server_3": {"max_delay": 0.04693885878214635, "running_time": 9.06062126159668}, "server_4": {"max_delay": 0.07643106013204286, "running_time": 9.007453918457031}, "server_5": {"max_delay": 0.07709495825569367, "running_time": 7.005929946899414}}, "70": {"num_user": 100, "num_service": 41, "server_1": {"max_delay": 0.03662232635680989, "running_time": 24.019241333007812}, "server_2": {"max_delay": 0.046611883113252386, "running_time": 10.00833511352539}, "server_3": {"max_delay": 0.046611883113252386, "running_time": 11.008262634277344}, "server_4": {"max_delay": 0.04693885878214635, "running_time": 10.008096694946289}, "server_5": {"max_delay": 0.0767679825867997, "running_time": 8.007287979125977}}, "80": {"num_user": 100, "num_service": 41, "server_1": {"max_delay": 0.03598381344692171, "running_time": 27.022361755371094}, "server_2": {"max_delay": 0.04372576454321245, "running_time": 13.010263442993164}, "server_3": {"max_delay": 0.046611883113252386, "running_time": 11.00921630859375}, "server_4": {"max_delay": 0.046611883113252386, "running_time": 11.008977890014648}, "server_5": {"max_delay": 0.05028658811008709, "running_time": 10.00833511352539}}, "90": {"num_user": 100, "num_service": 41, "server_1": {"max_delay": 0.03892182190922959, "running_time": 18.014907836914062}, "server_2": {"max_delay": 0.04229079044022208, "running_time": 13.010501861572266}, "server_3": {"max_delay": 0.05061356377898106, "running_time": 8.006811141967773}, "server_4": {"max_delay": 0.04693885878214635, "running_time": 9.006738662719727}, "server_5": {"max_delay": 0.04693885878214635, "running_time": 9.007453918457031}}, "100": {"num_user": 100, "num_service": 41, "server_1": {"max_delay": 0.035697049547646346, "running_time": 21.01755142211914}, "server_2": {"max_delay": 0.03981392518720149, "running_time": 17.0137882232666}, "server_3": {"max_delay": 0.04693885878214635, "running_time": 10.008573532104492}, "server_4": {"max_delay": 0.046611883113252386, "running_time": 11.009693145751953}, "server_5": {"max_delay": 0.04693885878214635, "running_time": 10.008096694946289}}}