{"entropy": 55831832398696016256396544410293416509, "10": {"num_user": 100, "num_service": 41, "server_1": {"max_delay": 0.061147354490879886, "running_time": 6.004095077514648}, "server_2": {"max_delay": 0.06974767052706085, "running_time": 4.0035247802734375}, "server_3": {"max_delay": 0.06974767052706085, "running_time": 5.0048828125}, "server_4": {"max_delay": 0.06974767052706085, "running_time": 4.002809524536133}, "server_5": {"max_delay": 0.0696933359262494, "running_time": 4.003286361694336}}, "20": {"num_user": 100, "num_service": 41, "server_1": {"max_delay": 0.05132464480605398, "running_time": 9.008169174194336}, "server_2": {"max_delay": 0.06006546892097511, "running_time": 6.004571914672852}, "server_3": {"max_delay": 0.061045495303083674, "running_time": 5.003929138183594}, "server_4": {"max_delay": 0.06097443726062756, "running_time": 5.004167556762695}, "server_5": {"max_delay": 0.06971547232875855, "running_time": 4.002809524536133}}, "30": {"num_user": 100, "num_service": 41, "server_1": {"max_delay": 0.047865148174923065, "running_time": 13.010263442993164}, "server_2": {"max_delay": 0.05310233992786785, "running_time": 7.0056915283203125}, "server_3": {"max_delay": 0.05982256124600668, "running_time": 6.005525588989258}, "server_4": {"max_delay": 0.06090444681591145, "running_time": 6.005287170410156}, "server_5": {"max_delay": 0.06087224861760914, "running_time": 6.00433349609375}}, "40": {"num_user": 100, "num_service": 41, "server_1": {"max_delay": 0.046923223305123135, "running_time": 15.012025833129883}, "server_2": {"max_delay": 0.051081737131085554, "running_time": 10.009050369262695}, "server_3": {"max_delay": 0.05223468074344644, "running_time": 8.00633430480957}, "server_4": {"max_delay": 0.05982256124600668, "running_time": 6.005287170410156}, "server_5": {"max_delay": 0.06094223906232525, "running_time": 4.003286361694336}}, "50": {"num_user": 100, "num_service": 41, "server_1": {"max_delay": 0.046061823034191755, "running_time": 18.014907836914062}, "server_2": {"max_delay": 0.050581079555003246, "running_time": 11.008501052856445}, "server_3": {"max_delay": 0.05223468074344644, "running_time": 8.006572723388672}, "server_4": {"max_delay": 0.052859432252899415, "running_time": 7.0056915283203125}, "server_5": {"max_delay": 0.055986621630532876, "running_time": 6.004571914672852}}, "60": {"num_user": 100, "num_service": 41, "server_1": {"max_delay": 0.025675264509021002, "running_time": 12.010335922241211}, "server_2": {"max_delay": 0.04700315414652823, "running_time": 12.01009750366211}, "server_3": {"max_delay": 0.05101960191755582, "running_time": 10.00833511352539}, "server_4": {"max_delay": 0.052859432252899415, "running_time": 7.005453109741211}, "server_5": {"max_delay": 0.055986621630532876, "running_time": 6.005287170410156}}, "70": {"num_user": 100, "num_service": 41, "server_1": {"max_delay": 0.024048246936784493, "running_time": 15.012741088867188}, "server_2": {"max_delay": 0.046560194077078725, "running_time": 16.013145446777344}, "server_3": {"max_delay": 0.047876516666874126, "running_time": 10.008096694946289}, "server_4": {"max_delay": 0.051081737131085554, "running_time": 9.007453918457031}, "server_5": {"max_delay": 0.055986621630532876, "running_time": 6.005048751831055}}, "80": {"num_user": 100, "num_service": 41, "server_1": {"max_delay": 0.02231645067966959, "running_time": 17.0137882232666}, "server_2": {"max_delay": 0.025432356834052566, "running_time": 11.008739471435547}, "server_3": {"max_delay": 0.04738511314254249, "running_time": 11.00921630859375}, "server_4": {"max_delay": 0.050131537562663434, "running_time": 9.007453918457031}, "server_5": {"max_delay": 0.05282723405459711, "running_time": 7.0056915283203125}}, "90": {"num_user": 100, "num_service": 41, "server_1": {"max_delay": 0.02110888488561456, "running_time": 20.016193389892578}, "server_2": {"max_delay": 0.025405170576059236, "running_time": 12.009859085083008}, "server_3": {"max_delay": 0.04648916550043893, "running_time": 17.018556594848633}, "server_4": {"max_delay": 0.04777326042611571, "running_time": 12.01009750366211}, "server_5": {"max_delay": 0.051034473267228125, "running_time": 10.007381439208984}}, "100": {"num_user": 100, "num_service": 41, "server_1": {"max_delay": 0.020636038046859928, "running_time": 22.0181941986084}, "server_2": {"max_delay": 0.024048246936784493, "running_time": 14.011621475219727}, "server_3": {"max_delay": 0.025476228618515347, "running_time": 11.009454727172852}, "server_4": {"max_delay": 0.04777326042611571, "running_time": 11.008262634277344}, "server_5": {"max_delay": 0.050548881356700937, "running_time": 10.007619857788086}}}