{"entropy": 27521665906133950427154465031163355438, "10": {"num_user": 100, "num_service": 41, "server_1": {"max_delay": 0.052330542725298294, "running_time": 42.03534126281738}, "server_2": {"max_delay": 0.05759885308120283, "running_time": 6.004571914672852}, "server_3": {"max_delay": 0.06313905714752542, "running_time": 4.00543212890625}, "server_4": {"max_delay": 0.06313905714752542, "running_time": 3.0028820037841797}, "server_5": {"max_delay": 0.06313905714752542, "running_time": 5.003929138183594}}, "20": {"num_user": 100, "num_service": 41, "server_1": {"max_delay": 0.04901862123060512, "running_time": 9.006977081298828}, "server_2": {"max_delay": 0.05052992387104148, "running_time": 6.004571914672852}, "server_3": {"max_delay": 0.05645591719009273, "running_time": 6.004810333251953}, "server_4": {"max_delay": 0.05645591719009273, "running_time": 5.004644393920898}, "server_5": {"max_delay": 0.05645591719009273, "running_time": 6.006956100463867}}, "30": {"num_user": 100, "num_service": 41, "server_1": {"max_delay": 0.03446295449463224, "running_time": 10.00833511352539}, "server_2": {"max_delay": 0.039534165034755486, "running_time": 7.006645202636719}, "server_3": {"max_delay": 0.05052992387104148, "running_time": 8.007049560546875}, "server_4": {"max_delay": 0.05167285976215159, "running_time": 5.003929138183594}, "server_5": {"max_delay": 0.05759885308120283, "running_time": 4.003286361694336}}, "40": {"num_user": 100, "num_service": 41, "server_1": {"max_delay": 0.03144467054260193, "running_time": 13.010740280151367}, "server_2": {"max_delay": 0.03560589038574235, "running_time": 9.007930755615234}, "server_3": {"max_delay": 0.039534165034755486, "running_time": 8.006572723388672}, "server_4": {"max_delay": 0.040258231698396554, "running_time": 7.004737854003906}, "server_5": {"max_delay": 0.05167285976215159, "running_time": 7.005453109741211}}, "50": {"num_user": 100, "num_service": 41, "server_1": {"max_delay": 0.031067233810094644, "running_time": 15.012502670288086}, "server_2": {"max_delay": 0.03560589038574235, "running_time": 8.006811141967773}, "server_3": {"max_delay": 0.039534165034755486, "running_time": 7.006168365478516}, "server_4": {"max_delay": 0.03626235247846145, "running_time": 7.005453109741211}, "server_5": {"max_delay": 0.039534165034755486, "running_time": 7.005453109741211}}, "60": {"num_user": 100, "num_service": 41, "server_1": {"max_delay": 0.03254525080194329, "running_time": 12.009620666503906}, "server_2": {"max_delay": 0.03441549353828936, "running_time": 11.008977890014648}, "server_3": {"max_delay": 0.03626235247846145, "running_time": 8.004188537597656}, "server_4": {"max_delay": 0.039534165034755486, "running_time": 6.002664566040039}, "server_5": {"max_delay": 0.040258231698396554, "running_time": 6.005287170410156}}, "70": {"num_user": 100, "num_service": 41, "server_1": {"max_delay": 0.030463405065872355, "running_time": 15.012264251708984}, "server_2": {"max_delay": 0.032247841669733164, "running_time": 12.010335922241211}, "server_3": {"max_delay": 0.039534165034755486, "running_time": 7.005929946899414}, "server_4": {"max_delay": 0.040258231698396554, "running_time": 6.004810333251953}, "server_5": {"max_delay": 0.039534165034755486, "running_time": 6.005048751831055}}, "80": {"num_user": 100, "num_service": 41, "server_1": {"max_delay": 0.029932810267823455, "running_time": 17.017126083374023}, "server_2": {"max_delay": 0.031111349153095748, "running_time": 13.010740280151367}, "server_3": {"max_delay": 0.03560589038574235, "running_time": 8.005857467651367}, "server_4": {"max_delay": 0.03626235247846145, "running_time": 7.005214691162109}, "server_5": {"max_delay": 0.039534165034755486, "running_time": 7.0056915283203125}}, "90": {"num_user": 100, "num_service": 41, "server_1": {"max_delay": 0.03175674383449286, "running_time": 14.011144638061523}, "server_2": {"max_delay": 0.03284571196901273, "running_time": 10.008573532104492}, "server_3": {"max_delay": 0.03441549353828936, "running_time": 10.009050369262695}, "server_4": {"max_delay": 0.039534165034755486, "running_time": 6.004810333251953}, "server_5": {"max_delay": 0.040258231698396554, "running_time": 6.005048751831055}}, "100": {"num_user": 100, "num_service": 41, "server_1": {"max_delay": 0.028883294766632796, "running_time": 18.015146255493164}, "server_2": {"max_delay": 0.030705963065868563, "running_time": 14.011621475219727}, "server_3": {"max_delay": 0.03249321906929393, "running_time": 12.009859085083008}, "server_4": {"max_delay": 0.03560589038574235, "running_time": 9.007692337036133}, "server_5": {"max_delay": 0.039534165034755486, "running_time": 6.005048751831055}}}