{"entropy": 295993712058438644563114828767322657188, "10": {"num_user": 100, "num_service": 41, "server_1": {"max_delay": 0.10951833785025464, "running_time": 40.03286361694336}, "server_2": {"max_delay": 0.11302409908451426, "running_time": 3.002166748046875}, "server_3": {"max_delay": 0.10865409739489391, "running_time": 5.003929138183594}, "server_4": {"max_delay": 0.11246860686759311, "running_time": 5.003929138183594}, "server_5": {"max_delay": 0.11260914518424552, "running_time": 5.004644393920898}}, "20": {"num_user": 100, "num_service": 41, "server_1": {"max_delay": 0.09963257895192203, "running_time": 9.00721549987793}, "server_2": {"max_delay": 0.10426772844832868, "running_time": 6.004571914672852}, "server_3": {"max_delay": 0.10844500000312698, "running_time": 5.003929138183594}, "server_4": {"max_delay": 0.11267770425936004, "running_time": 4.003763198852539}, "server_5": {"max_delay": 0.10850727183428131, "running_time": 5.004167556762695}}, "30": {"num_user": 100, "num_service": 41, "server_1": {"max_delay": 0.05708097685544167, "running_time": 6.005287170410156}, "server_2": {"max_delay": 0.1007432818606354, "running_time": 8.006572723388672}, "server_3": {"max_delay": 0.10426772844832868, "running_time": 5.003929138183594}, "server_4": {"max_delay": 0.10850727183428131, "running_time": 5.0048828125}, "server_5": {"max_delay": 0.10829817444251438, "running_time": 6.005048751831055}}, "40": {"num_user": 100, "num_service": 41, "server_1": {"max_delay": 0.04214515838929381, "running_time": 9.006977081298828}, "server_2": {"max_delay": 0.051943346114688385, "running_time": 6.004571914672852}, "server_3": {"max_delay": 0.10395806955871523, "running_time": 8.00633430480957}, "server_4": {"max_delay": 0.10395806955871523, "running_time": 6.004810333251953}, "server_5": {"max_delay": 0.10850727183428131, "running_time": 4.003047943115234}}, "50": {"num_user": 100, "num_service": 41, "server_1": {"max_delay": 0.03555463647445539, "running_time": 13.010740280151367}, "server_2": {"max_delay": 0.042188406745874624, "running_time": 8.006572723388672}, "server_3": {"max_delay": 0.04746934956081087, "running_time": 7.005929946899414}, "server_4": {"max_delay": 0.10395806955871523, "running_time": 7.006168365478516}, "server_5": {"max_delay": 0.10409860787536762, "running_time": 7.005214691162109}}, "60": {"num_user": 100, "num_service": 41, "server_1": {"max_delay": 0.033906191984020895, "running_time": 16.01266860961914}, "server_2": {"max_delay": 0.05598332023609939, "running_time": 7.006168365478516}, "server_3": {"max_delay": 0.04628569400855134, "running_time": 8.006095886230469}, "server_4": {"max_delay": 0.046185132510704816, "running_time": 7.006168365478516}, "server_5": {"max_delay": 0.10388951048360069, "running_time": 7.005214691162109}}, "70": {"num_user": 100, "num_service": 41, "server_1": {"max_delay": 0.032119275417353224, "running_time": 20.017147064208984}, "server_2": {"max_delay": 0.04628569400855134, "running_time": 8.006572723388672}, "server_3": {"max_delay": 0.0475699110586574, "running_time": 7.004976272583008}, "server_4": {"max_delay": 0.047423085498044804, "running_time": 7.005453109741211}, "server_5": {"max_delay": 0.04740079048569634, "running_time": 7.006168365478516}}, "80": {"num_user": 100, "num_service": 41, "server_1": {"max_delay": 0.03001915473981009, "running_time": 23.018598556518555}, "server_2": {"max_delay": 0.0378020377993094, "running_time": 9.006500244140625}, "server_3": {"max_delay": 0.047423085498044804, "running_time": 7.005453109741211}, "server_4": {"max_delay": 0.04740079048569634, "running_time": 7.0056915283203125}, "server_5": {"max_delay": 0.04613886844793875, "running_time": 7.005929946899414}}, "90": {"num_user": 100, "num_service": 41, "server_1": {"max_delay": 0.02736552153947819, "running_time": 17.0137882232666}, "server_2": {"max_delay": 0.03601747149941067, "running_time": 11.00921630859375}, "server_3": {"max_delay": 0.05145891390754748, "running_time": 6.005048751831055}, "server_4": {"max_delay": 0.04746934956081087, "running_time": 7.006645202636719}, "server_5": {"max_delay": 0.047423085498044804, "running_time": 6.005048751831055}}, "100": {"num_user": 100, "num_service": 41, "server_1": {"max_delay": 0.025214749460709424, "running_time": 21.01731300354004}, "server_2": {"max_delay": 0.03464304967758343, "running_time": 13.011455535888672}, "server_3": {"max_delay": 0.04746934956081087, "running_time": 7.0056915283203125}, "server_4": {"max_delay": 0.047423085498044804, "running_time": 7.004976272583008}, "server_5": {"max_delay": 0.04738990799532851, "running_time": 8.006811141967773}}}