{"entropy": 253420325301957922288795068498094999593, "10": {"num_user": 100, "num_service": 41, "server_1": {"max_delay": 0.277773312089024, "running_time": 6.006002426147461}, "server_2": {"max_delay": 0.28691384864615593, "running_time": 3.0031204223632812}, "server_3": {"max_delay": 0.28691384864615593, "running_time": 3.0019283294677734}, "server_4": {"max_delay": 0.28691384864615593, "running_time": 4.0035247802734375}, "server_5": {"max_delay": 0.28691384864615593, "running_time": 4.003286361694336}}, "20": {"num_user": 100, "num_service": 41, "server_1": {"max_delay": 0.2618392817471875, "running_time": 8.006572723388672}, "server_2": {"max_delay": 0.277773312089024, "running_time": 5.004167556762695}, "server_3": {"max_delay": 0.2862141021757328, "running_time": 8.007287979125977}, "server_4": {"max_delay": 0.2862141021757328, "running_time": 3.002166748046875}, "server_5": {"max_delay": 0.28691384864615593, "running_time": 3.0019283294677734}}, "30": {"num_user": 100, "num_service": 41, "server_1": {"max_delay": 0.19671294628744385, "running_time": 5.003929138183594}, "server_2": {"max_delay": 0.20585348284457577, "running_time": 4.003286361694336}, "server_3": {"max_delay": 0.2770270793997808, "running_time": 5.004167556762695}, "server_4": {"max_delay": 0.277773312089024, "running_time": 4.004240036010742}, "server_5": {"max_delay": 0.277773312089024, "running_time": 5.004644393920898}}, "40": {"num_user": 100, "num_service": 41, "server_1": {"max_delay": 0.18077891594560738, "running_time": 9.00721549987793}, "server_2": {"max_delay": 0.19671294628744385, "running_time": 7.005214691162109}, "server_3": {"max_delay": 0.19671294628744385, "running_time": 6.004810333251953}, "server_4": {"max_delay": 0.20535568939710658, "running_time": 5.004167556762695}, "server_5": {"max_delay": 0.2862141021757328, "running_time": 4.003047943115234}}, "50": {"num_user": 100, "num_service": 41, "server_1": {"max_delay": 0.17533143035653273, "running_time": 13.010740280151367}, "server_2": {"max_delay": 0.20585348284457577, "running_time": 4.003286361694336}, "server_3": {"max_delay": 0.19621515283997465, "running_time": 6.005048751831055}, "server_4": {"max_delay": 0.19671294628744385, "running_time": 5.003929138183594}, "server_5": {"max_delay": 0.19671294628744385, "running_time": 6.005525588989258}}, "60": {"num_user": 100, "num_service": 41, "server_1": {"max_delay": 0.08119336249304959, "running_time": 9.007692337036133}, "server_2": {"max_delay": 0.19671294628744385, "running_time": 6.005048751831055}, "server_3": {"max_delay": 0.19671294628744385, "running_time": 6.004810333251953}, "server_4": {"max_delay": 0.20535568939710658, "running_time": 5.003690719604492}, "server_5": {"max_delay": 0.19671294628744385, "running_time": 5.0048828125}}, "70": {"num_user": 100, "num_service": 41, "server_1": {"max_delay": 0.06525933215121314, "running_time": 11.00921630859375}, "server_2": {"max_delay": 0.19147887929612062, "running_time": 7.006168365478516}, "server_3": {"max_delay": 0.19671294628744385, "running_time": 6.005048751831055}, "server_4": {"max_delay": 0.20515373637415263, "running_time": 5.004167556762695}, "server_5": {"max_delay": 0.20515373637415263, "running_time": 5.004167556762695}}, "80": {"num_user": 100, "num_service": 41, "server_1": {"max_delay": 0.039828469098474165, "running_time": 11.008739471435547}, "server_2": {"max_delay": 0.18012699186726994, "running_time": 8.010625839233398}, "server_3": {"max_delay": 0.19671294628744385, "running_time": 5.003929138183594}, "server_4": {"max_delay": 0.20585348284457577, "running_time": 5.004644393920898}, "server_5": {"max_delay": 0.19671294628744385, "running_time": 5.004167556762695}}, "90": {"num_user": 100, "num_service": 41, "server_1": {"max_delay": 0.024065921345632835, "running_time": 15.011072158813477}, "server_2": {"max_delay": 0.08119336249304959, "running_time": 8.007049560546875}, "server_3": {"max_delay": 0.19671294628744385, "running_time": 6.00433349609375}, "server_4": {"max_delay": 0.19671294628744385, "running_time": 5.004644393920898}, "server_5": {"max_delay": 0.19671294628744385, "running_time": 6.005048751831055}}, "100": {"num_user": 100, "num_service": 41, "server_1": {"max_delay": 0.020271149094260667, "running_time": 17.014741897583008}, "server_2": {"max_delay": 0.07595929550172638, "running_time": 10.008811950683594}, "server_3": {"max_delay": 0.19596671359820061, "running_time": 7.005214691162109}, "server_4": {"max_delay": 0.20585348284457577, "running_time": 4.002809524536133}, "server_5": {"max_delay": 0.19671294628744385, "running_time": 6.004095077514648}}}