{"entropy": 200833500217361483722829759178157351770, "10": {"num_user": 100, "num_service": 41, "server_1": {"max_delay": 0.15191961283597127, "running_time": 9.006977081298828}, "server_2": {"max_delay": 0.16410388534008474, "running_time": 6.005287170410156}, "server_3": {"max_delay": 0.1678644874954206, "running_time": 5.003213882446289}, "server_4": {"max_delay": 0.17373201066164073, "running_time": 4.008293151855469}, "server_5": {"max_delay": 0.1678644874954206, "running_time": 5.004167556762695}}, "20": {"num_user": 100, "num_service": 41, "server_1": {"max_delay": 0.14243176724642162, "running_time": 13.010978698730469}, "server_2": {"max_delay": 0.1471586679747374, "running_time": 9.007453918457031}, "server_3": {"max_delay": 0.15191961283597127, "running_time": 8.006811141967773}, "server_4": {"max_delay": 0.16410388534008474, "running_time": 6.004810333251953}, "server_5": {"max_delay": 0.1678644874954206, "running_time": 5.003929138183594}}, "30": {"num_user": 100, "num_service": 41, "server_1": {"max_delay": 0.13997104517849127, "running_time": 15.012741088867188}, "server_2": {"max_delay": 0.14353164858033063, "running_time": 10.008096694946289}, "server_3": {"max_delay": 0.1471586679747374, "running_time": 9.007692337036133}, "server_4": {"max_delay": 0.15191961283597127, "running_time": 8.006095886230469}, "server_5": {"max_delay": 0.15191961283597127, "running_time": 8.006572723388672}}, "40": {"num_user": 100, "num_service": 41, "server_1": {"max_delay": 0.11083128991576259, "running_time": 9.00721549987793}, "server_2": {"max_delay": 0.14243176724642162, "running_time": 12.009859085083008}, "server_3": {"max_delay": 0.14353164858033063, "running_time": 10.00833511352539}, "server_4": {"max_delay": 0.1471586679747374, "running_time": 8.006572723388672}, "server_5": {"max_delay": 0.15536885366103745, "running_time": 6.004810333251953}}, "50": {"num_user": 100, "num_service": 41, "server_1": {"max_delay": 0.0760664095437952, "running_time": 13.010501861572266}, "server_2": {"max_delay": 0.08256454225149418, "running_time": 9.007930755615234}, "server_3": {"max_delay": 0.1431394996109041, "running_time": 12.009859085083008}, "server_4": {"max_delay": 0.14603276961461448, "running_time": 9.006977081298828}, "server_5": {"max_delay": 0.1471586679747374, "running_time": 10.008096694946289}}, "60": {"num_user": 100, "num_service": 41, "server_1": {"max_delay": 0.0752893549226019, "running_time": 12.009859085083008}, "server_2": {"max_delay": 0.07969342893820199, "running_time": 12.010335922241211}, "server_3": {"max_delay": 0.08256454225149418, "running_time": 10.008573532104492}, "server_4": {"max_delay": 0.14353164858033063, "running_time": 11.009454727172852}, "server_5": {"max_delay": 0.14353164858033063, "running_time": 11.00921630859375}}, "70": {"num_user": 100, "num_service": 41, "server_1": {"max_delay": 0.060785034631084686, "running_time": 15.01321792602539}, "server_2": {"max_delay": 0.0760664095437952, "running_time": 13.010501861572266}, "server_3": {"max_delay": 0.07997636541647381, "running_time": 11.00921630859375}, "server_4": {"max_delay": 0.08256454225149418, "running_time": 10.008096694946289}, "server_5": {"max_delay": 0.14603276961461448, "running_time": 9.007692337036133}}, "80": {"num_user": 100, "num_service": 41, "server_1": {"max_delay": 0.057455289937300494, "running_time": 19.01555061340332}, "server_2": {"max_delay": 0.08256454225149418, "running_time": 10.008573532104492}, "server_3": {"max_delay": 0.07843546393179199, "running_time": 13.010978698730469}, "server_4": {"max_delay": 0.07997636541647381, "running_time": 10.00833511352539}, "server_5": {"max_delay": 0.08256454225149418, "running_time": 10.00833511352539}}, "90": {"num_user": 100, "num_service": 41, "server_1": {"max_delay": 0.05448099995991545, "running_time": 23.01931381225586}, "server_2": {"max_delay": 0.07969342893820199, "running_time": 13.010978698730469}, "server_3": {"max_delay": 0.08256454225149418, "running_time": 11.009454727172852}, "server_4": {"max_delay": 0.07843546393179199, "running_time": 12.009382247924805}, "server_5": {"max_delay": 0.07997636541647381, "running_time": 11.009454727172852}}, "100": {"num_user": 100, "num_service": 41, "server_1": {"max_delay": 0.032433594385655524, "running_time": 18.015146255493164}, "server_2": {"max_delay": 0.0760664095437952, "running_time": 13.010501861572266}, "server_3": {"max_delay": 0.07997636541647381, "running_time": 11.00921630859375}, "server_4": {"max_delay": 0.08256454225149418, "running_time": 10.006904602050781}, "server_5": {"max_delay": 0.07843546393179199, "running_time": 12.009859085083008}}}