{"entropy": 142133234142100806010701402931182217412, "10": {"num_user": 200, "num_service": 41, "min_max_greedy": {"max_delay": 0.09760607575712657, "running_time": 198.16279411315918}, "min_max_surrogate_relaxation": {"max_delay": 0.09760607575712657, "lower_bound": 0.07707313984153463, "running_time": 1508.2416534423828}, "min_max_equal_weight": {"max_delay": 0.09760607575712657, "running_time": 152.12512016296387}, "min_max_pulp": {"max_delay": 0.09760607575712657, "running_time": 12088.948488235474}}, "20": {"num_user": 200, "num_service": 41, "min_max_greedy": {"max_delay": 0.06923469530294037, "running_time": 425.3499507904053}, "min_max_surrogate_relaxation": {"max_delay": 0.06275734343241757, "lower_bound": 0.05167788644889262, "running_time": 3556.92720413208}, "min_max_equal_weight": {"max_delay": 0.06275734343241757, "running_time": 154.1268825531006}, "min_max_pulp": {"max_delay": 0.06275734343241757, "running_time": 23738.535165786743}}, "30": {"num_user": 200, "num_service": 41, "min_max_greedy": {"max_delay": 0.053330133900166075, "running_time": 494.40670013427734}, "min_max_surrogate_relaxation": {"max_delay": 0.05479376498778573, "lower_bound": 0.04612526688658341, "running_time": 3688.035011291504}, "min_max_equal_weight": {"max_delay": 0.053687264815720996, "running_time": 156.1284065246582}, "min_max_pulp": {"max_delay": 0.05124022856313556, "running_time": 35883.52966308594}}, "40": {"num_user": 200, "num_service": 41, "min_max_greedy": {"max_delay": 0.04792808508435991, "running_time": 558.4595203399658}, "min_max_surrogate_relaxation": {"max_delay": 0.048285215999914824, "lower_bound": 0.04328153458066064, "running_time": 4266.510963439941}, "min_max_equal_weight": {"max_delay": 0.04865772443492799, "running_time": 163.12241554260254}, "min_max_pulp": {"max_delay": 0.04719409334730833, "running_time": 51828.65118980408}}, "50": {"num_user": 200, "num_service": 41, "min_max_greedy": {"max_delay": 0.047267573669041406, "running_time": 667.5496101379395}, "min_max_surrogate_relaxation": {"max_delay": 0.0467685966004368, "lower_bound": 0.0415792272472111, "running_time": 4749.908447265625}, "min_max_equal_weight": {"max_delay": 0.04719409334730833, "running_time": 160.13193130493164}, "min_max_pulp": {"max_delay": 0.04641097292950335, "running_time": 66636.83772087097}}, "60": {"num_user": 200, "num_service": 41, "min_max_greedy": {"max_delay": 0.046900749595610386, "running_time": 717.59033203125}, "min_max_surrogate_relaxation": {"max_delay": 0.04782161570526464, "lower_bound": 0.03886638010281799, "running_time": 2546.095371246338}, "min_max_equal_weight": {"max_delay": 0.046783481364516516, "running_time": 163.13433647155762}, "min_max_pulp": {"max_delay": 0.045092066727167854, "running_time": 86194.93317604065}}, "70": {"num_user": 200, "num_service": 41, "min_max_greedy": {"max_delay": 0.04551959712753779, "running_time": 820.6753730773926}, "min_max_surrogate_relaxation": {"max_delay": 0.05572531722348472, "lower_bound": 0.034948934017310085, "running_time": 2146.7666625976562}, "min_max_equal_weight": {"max_delay": 0.046783481364516516, "running_time": 163.13433647155762}, "min_max_pulp": {"max_delay": 0.04399078390617793, "running_time": 107458.43124389648}}, "80": {"num_user": 200, "num_service": 41, "min_max_greedy": {"max_delay": 0.046332597177657066, "running_time": 598.4926223754883}, "min_max_surrogate_relaxation": {"max_delay": 0.05778121974082999, "lower_bound": 0.03242714162567775, "running_time": 2164.7815704345703}, "min_max_equal_weight": {"max_delay": 0.046783481364516516, "running_time": 166.1369800567627}, "min_max_pulp": {"max_delay": 0.04337730064985282, "running_time": 127130.62047958374}}, "90": {"num_user": 200, "num_service": 41, "min_max_greedy": {"max_delay": 0.043238137440925375, "running_time": 679.5589923858643}, "min_max_surrogate_relaxation": {"max_delay": 0.05766682031157988, "lower_bound": 0.03127810102194919, "running_time": 1807.4874877929688}, "min_max_equal_weight": {"max_delay": 0.04538363744075383, "running_time": 172.14155197143555}, "min_max_pulp": {"max_delay": 0.041927284837475536, "running_time": 152735.69178581238}}, "100": {"num_user": 200, "num_service": 41, "min_max_greedy": {"max_delay": 0.042326260031125336, "running_time": 755.6214332580566}, "min_max_surrogate_relaxation": {"max_delay": 0.05759746108330382, "lower_bound": 0.030718453970834187, "running_time": 1789.4728183746338}, "min_max_equal_weight": {"max_delay": 0.04340870693987042, "running_time": 167.13762283325195}, "min_max_pulp": {"max_delay": 0.04021260821162668, "running_time": 176082.90457725525}}}