{"entropy": 276980604340641548035901403445188624478, "10": {"num_user": 200, "num_service": 41, "min_max_greedy": {"max_delay": 0.08469270796414946, "running_time": 177.14548110961914}, "min_max_surrogate_relaxation": {"max_delay": 0.07615846495868184, "lower_bound": 0.05744305810372048, "running_time": 3787.116527557373}, "min_max_equal_weight": {"max_delay": 0.08751201505860823, "running_time": 154.1268825531006}, "min_max_pulp": {"max_delay": 0.07270946036935358, "running_time": 12970.67403793335}}, "20": {"num_user": 200, "num_service": 41, "min_max_greedy": {"max_delay": 0.06824525085538201, "running_time": 258.2128047943115}, "min_max_surrogate_relaxation": {"max_delay": 0.06410058347940466, "lower_bound": 0.044831629605097505, "running_time": 3037.498712539673}, "min_max_equal_weight": {"max_delay": 0.08252296147637878, "running_time": 155.12776374816895}, "min_max_pulp": {"max_delay": 0.06410058347940466, "running_time": 26025.41732788086}}, "30": {"num_user": 200, "num_service": 41, "min_max_greedy": {"max_delay": 0.05525611296936637, "running_time": 358.2947254180908}, "min_max_surrogate_relaxation": {"max_delay": 0.052433522387096795, "lower_bound": 0.038872771326065265, "running_time": 4355.584144592285}, "min_max_equal_weight": {"max_delay": 0.07228782718978932, "running_time": 155.12752532958984}, "min_max_pulp": {"max_delay": 0.04917979917419265, "running_time": 39041.12768173218}}, "40": {"num_user": 200, "num_service": 41, "min_max_greedy": {"max_delay": 0.040222615762712986, "running_time": 493.4060573577881}, "min_max_surrogate_relaxation": {"max_delay": 0.04196917036216456, "lower_bound": 0.03288168487620177, "running_time": 4041.3262844085693}, "min_max_equal_weight": {"max_delay": 0.04657295296677404, "running_time": 157.12904930114746}, "min_max_pulp": {"max_delay": 0.040222615762712986, "running_time": 55056.307792663574}}, "50": {"num_user": 200, "num_service": 41, "min_max_greedy": {"max_delay": 0.03936030389384095, "running_time": 562.4628067016602}, "min_max_surrogate_relaxation": {"max_delay": 0.037720950794622524, "lower_bound": 0.03179970487648419, "running_time": 7472.148895263672}, "min_max_equal_weight": {"max_delay": 0.04196917036216456, "running_time": 159.13105010986328}, "min_max_pulp": {"max_delay": 0.0363680207653074, "running_time": 74371.20270729065}}, "60": {"num_user": 200, "num_service": 41, "min_max_greedy": {"max_delay": 0.03736703398528248, "running_time": 631.5195560455322}, "min_max_surrogate_relaxation": {"max_delay": 0.03636191611753683, "lower_bound": 0.030092278762317053, "running_time": 7844.455242156982}, "min_max_equal_weight": {"max_delay": 0.03739200595455479, "running_time": 160.13169288635254}, "min_max_pulp": {"max_delay": 0.03430168410370148, "running_time": 94065.40966033936}}, "70": {"num_user": 200, "num_service": 41, "min_max_greedy": {"max_delay": 0.03437989932452812, "running_time": 753.6201477050781}, "min_max_surrogate_relaxation": {"max_delay": 0.07304803831241058, "lower_bound": 0.015195865758305761, "running_time": 783.6451530456543}, "min_max_equal_weight": {"max_delay": 0.035447963368488676, "running_time": 161.1330509185791}, "min_max_pulp": {"max_delay": 0.03219313002415605, "running_time": 113709.57565307617}}, "80": {"num_user": 200, "num_service": 41, "min_max_greedy": {"max_delay": 0.03010745397320722, "running_time": 922.7592945098877}, "min_max_surrogate_relaxation": {"max_delay": 0.038271844081765385, "lower_bound": 0.023107230216238818, "running_time": 2513.0679607391357}, "min_max_equal_weight": {"max_delay": 0.035447963368488676, "running_time": 165.13586044311523}, "min_max_pulp": {"max_delay": 0.03010745397320722, "running_time": 136668.4694290161}}, "90": {"num_user": 200, "num_service": 41, "min_max_greedy": {"max_delay": 0.029450815137954747, "running_time": 1057.870626449585}, "min_max_surrogate_relaxation": {"max_delay": 0.036507179184059615, "lower_bound": 0.022107529297651706, "running_time": 2532.083749771118}, "min_max_equal_weight": {"max_delay": 0.035447963368488676, "running_time": 167.13762283325195}, "min_max_pulp": {"max_delay": 0.029062110081002308, "running_time": 163416.48077964783}}, "100": {"num_user": 200, "num_service": 41, "min_max_greedy": {"max_delay": 0.02914404828623377, "running_time": 1114.917278289795}, "min_max_surrogate_relaxation": {"max_delay": 0.03306919171118855, "lower_bound": 0.021022019455527167, "running_time": 3043.5049533843994}, "min_max_equal_weight": {"max_delay": 0.035168146530375616, "running_time": 168.1385040283203}, "min_max_pulp": {"max_delay": 0.028215602739198983, "running_time": 194736.25540733337}}}