{"entropy": 109360810054009701283975384652269327459, "10": {"num_user": 100, "num_service": 41, "min_max_greedy": {"max_delay": 0.12841771148393738, "running_time": 6.005287170410156}, "min_max_equal_weight": {"max_delay": 0.12918922521518594, "running_time": 23.018836975097656}, "min_max_surrogate_relaxation": {"max_delay": 0.10843771743801217, "lower_bound": 0.10335506540371389, "running_time": 93.07670593261719, "none_zero_ratio": 0.03, "max_weight": 0.875, "min_weight": 0.04296875}, "min_max_pulp": {"max_delay": 0.08856919570412061, "running_time": 3128.580331802368}}, "20": {"num_user": 100, "num_service": 41, "min_max_greedy": {"max_delay": 0.056118645097363175, "running_time": 8.006572723388672}, "min_max_equal_weight": {"max_delay": 0.05857130011735371, "running_time": 24.019956588745117}, "min_max_surrogate_relaxation": {"max_delay": 0.055882736674160334, "lower_bound": 0.04335144902046732, "running_time": 84.06925201416016, "none_zero_ratio": 0.03, "max_weight": 0.6328125, "min_weight": 0.1171875}, "min_max_pulp": {"max_delay": 0.055882736674160334, "running_time": 6382.263422012329}}, "30": {"num_user": 100, "num_service": 41, "min_max_greedy": {"max_delay": 0.0489848340080809, "running_time": 10.00833511352539}, "min_max_equal_weight": {"max_delay": 0.057562006575512484, "running_time": 25.020837783813477}, "min_max_surrogate_relaxation": {"max_delay": 0.0489848340080809, "lower_bound": 0.029332775926325428, "running_time": 152.12535858154297, "none_zero_ratio": 0.05, "max_weight": 0.4921875, "min_weight": 0.00377655029296875}, "min_max_pulp": {"max_delay": 0.048759849138332076, "running_time": 10097.327470779419}}, "40": {"num_user": 100, "num_service": 41, "min_max_greedy": {"max_delay": 0.047041105899193365, "running_time": 9.007692337036133}, "min_max_equal_weight": {"max_delay": 0.05733702170576366, "running_time": 25.020837783813477}, "min_max_surrogate_relaxation": {"max_delay": 0.04750528676044833, "lower_bound": 0.016035384488534015, "running_time": 86.07101440429688, "none_zero_ratio": 0.05, "max_weight": 0.5, "min_weight": 0.0182647705078125}, "min_max_pulp": {"max_delay": 0.04333032454978675, "running_time": 14260.76078414917}}, "50": {"num_user": 100, "num_service": 41, "min_max_greedy": {"max_delay": 0.037167426692466886, "running_time": 12.009620666503906}, "min_max_equal_weight": {"max_delay": 0.048759849138332076, "running_time": 25.020599365234375}, "min_max_surrogate_relaxation": {"max_delay": 0.03449602673874445, "lower_bound": 0.01817826169904705, "running_time": 308.2542419433594, "none_zero_ratio": 0.08, "max_weight": 0.25, "min_weight": 0.017209566431120038}, "min_max_pulp": {"max_delay": 0.033724513007495883, "running_time": 18067.900896072388}}, "60": {"num_user": 100, "num_service": 41, "min_max_greedy": {"max_delay": 0.02661569937119162, "running_time": 13.010740280151367}, "min_max_equal_weight": {"max_delay": 0.03187538959031207, "running_time": 25.020599365234375}, "min_max_surrogate_relaxation": {"max_delay": 0.03274139494050076, "lower_bound": 0.014536693230085126, "running_time": 252.20823287963867, "none_zero_ratio": 0.07, "max_weight": 0.25, "min_weight": 0.02477657049894333}, "min_max_pulp": {"max_delay": 0.025844185639943063, "running_time": 27407.60326385498}}, "70": {"num_user": 100, "num_service": 41, "min_max_greedy": {"max_delay": 0.023774024271057966, "running_time": 17.014026641845703}, "min_max_equal_weight": {"max_delay": 0.025619200770194236, "running_time": 26.021480560302734}, "min_max_surrogate_relaxation": {"max_delay": 0.024136039107707667, "lower_bound": 0.00964696840572343, "running_time": 204.16831970214844, "none_zero_ratio": 0.06, "max_weight": 0.25, "min_weight": 0.06470131874084473}, "min_max_pulp": {"max_delay": 0.023619492477647858, "running_time": 42238.834619522095}}, "80": {"num_user": 100, "num_service": 41, "min_max_greedy": {"max_delay": 0.023619492477647858, "running_time": 16.013383865356445}, "min_max_equal_weight": {"max_delay": 0.024636082703199114, "running_time": 26.021242141723633}, "min_max_surrogate_relaxation": {"max_delay": 0.02354903940130914, "lower_bound": 0.011356502666165023, "running_time": 536.442756652832, "none_zero_ratio": 0.08, "max_weight": 0.22129970602691174, "min_weight": 0.033122159948106855}, "min_max_pulp": {"max_delay": 0.021144383033665184, "running_time": 107831.92873001099}}, "90": {"num_user": 100, "num_service": 41, "min_max_greedy": {"max_delay": 0.020144949617198163, "running_time": 17.014026641845703}, "min_max_equal_weight": {"max_delay": 0.025619200770194236, "running_time": 27.022361755371094}, "min_max_surrogate_relaxation": {"max_delay": 0.022540158485033424, "lower_bound": 0.007528503248441149, "running_time": 293.2415008544922, "none_zero_ratio": 0.06, "max_weight": 0.375, "min_weight": 0.036386847496032715}, "min_max_pulp": {"max_delay": 0.01648910559595644, "running_time": 56239.38012123108}}, "100": {"num_user": 100, "num_service": 41, "min_max_greedy": {"max_delay": 0.01686153853999572, "running_time": 20.01643180847168}, "min_max_equal_weight": {"max_delay": 0.024636082703199114, "running_time": 27.022361755371094}, "min_max_surrogate_relaxation": {"max_delay": 0.014317734261445123, "lower_bound": 0.00776895096842723, "running_time": 652.5380611419678, "none_zero_ratio": 0.12, "max_weight": 0.13129281661861114, "min_weight": 0.013804550705667773}, "min_max_pulp": {"max_delay": 0.013957790180365422, "running_time": 61483.70575904846}}}