{"entropy": 133162368009775272757926127031546022659, "10": {"num_user": 100, "num_service": 41, "min_max_greedy": {"max_delay": 0.03621781010929421, "running_time": 7.005453109741211}, "min_max_equal_weight": {"max_delay": 0.051494900576374854, "running_time": 24.019956588745117}, "min_max_surrogate_relaxation": {"max_delay": 0.03617605278998893, "lower_bound": 0.023800228425430756, "running_time": 81.06684684753418, "none_zero_ratio": 0.04, "max_weight": 0.311279296875, "min_weight": 0.1640625}, "min_max_pulp": {"max_delay": 0.03617605278998893, "running_time": 4645.831108093262}}, "20": {"num_user": 100, "num_service": 41, "min_max_greedy": {"max_delay": 0.025704616118548757, "running_time": 11.009454727172852}, "min_max_equal_weight": {"max_delay": 0.02686323520963987, "running_time": 25.020599365234375}, "min_max_surrogate_relaxation": {"max_delay": 0.027321157961452926, "lower_bound": 0.018623765014488605, "running_time": 351.2897491455078, "none_zero_ratio": 0.06, "max_weight": 0.3515625, "min_weight": 0.021704435348510742}, "min_max_pulp": {"max_delay": 0.025644867278593303, "running_time": 9603.920221328735}}, "30": {"num_user": 100, "num_service": 41, "min_max_greedy": {"max_delay": 0.020869143528706148, "running_time": 14.011621475219727}, "min_max_equal_weight": {"max_delay": 0.02285479602880877, "running_time": 25.020360946655273}, "min_max_surrogate_relaxation": {"max_delay": 0.023027424486079473, "lower_bound": 0.012901249937799824, "running_time": 121.09994888305664, "none_zero_ratio": 0.04, "max_weight": 0.5, "min_weight": 0.12451171875}, "min_max_pulp": {"max_delay": 0.017801282545364068, "running_time": 15230.560779571533}}, "40": {"num_user": 100, "num_service": 41, "min_max_greedy": {"max_delay": 0.018238315877685544, "running_time": 15.012502670288086}, "min_max_equal_weight": {"max_delay": 0.017801282545364068, "running_time": 26.021718978881836}, "min_max_surrogate_relaxation": {"max_delay": 0.021441741851411913, "lower_bound": 0.008569812159727805, "running_time": 144.1190242767334, "none_zero_ratio": 0.05, "max_weight": 0.4453125, "min_weight": 0.06575775146484375}, "min_max_pulp": {"max_delay": 0.01615345931031722, "running_time": 22252.35104560852}}, "50": {"num_user": 100, "num_service": 41, "min_max_greedy": {"max_delay": 0.015914483176070585, "running_time": 18.01466941833496}, "min_max_equal_weight": {"max_delay": 0.017801282545364068, "running_time": 26.021242141723633}, "min_max_surrogate_relaxation": {"max_delay": 0.015911268316867372, "lower_bound": 0.00805641789234187, "running_time": 398.3285427093506, "none_zero_ratio": 0.09, "max_weight": 0.20198291167616844, "min_weight": 0.02036305204455857}, "min_max_pulp": {"max_delay": 0.013238304034773642, "running_time": 30522.17149734497}}, "60": {"num_user": 100, "num_service": 41, "min_max_greedy": {"max_delay": 0.014630245615399856, "running_time": 20.01667022705078}, "min_max_equal_weight": {"max_delay": 0.016828640224384652, "running_time": 27.022123336791992}, "min_max_surrogate_relaxation": {"max_delay": 0.008717037029865203, "lower_bound": 0.005866389829760251, "running_time": 808.6669445037842, "none_zero_ratio": 0.12, "max_weight": 0.23148536682128906, "min_weight": 0.016562926850975657}, "min_max_pulp": {"max_delay": 0.008335020757234139, "running_time": 37774.15204048157}}, "70": {"num_user": 100, "num_service": 41, "min_max_greedy": {"max_delay": 0.00787815865150247, "running_time": 21.01755142211914}, "min_max_equal_weight": {"max_delay": 0.01537616621457677, "running_time": 27.022361755371094}, "min_max_surrogate_relaxation": {"max_delay": 0.007813085936576059, "lower_bound": 0.00503276875446728, "running_time": 905.7469367980957, "none_zero_ratio": 0.1, "max_weight": 0.19140625, "min_weight": 0.027435637761641374}, "min_max_pulp": {"max_delay": 0.007670299373720272, "running_time": 55987.1723651886}}, "80": {"num_user": 100, "num_service": 41, "min_max_greedy": {"max_delay": 0.007235604840279947, "running_time": 22.0181941986084}, "min_max_equal_weight": {"max_delay": 0.007773977262923575, "running_time": 28.023242950439453}, "min_max_surrogate_relaxation": {"max_delay": 0.007029508778970732, "lower_bound": 0.004080032580386385, "running_time": 1110.9161376953125, "none_zero_ratio": 0.13, "max_weight": 0.19579803943634033, "min_weight": 0.0056070286459332895}, "min_max_pulp": {"max_delay": 0.006353057998370006, "running_time": 77829.18548583984}}, "90": {"num_user": 100, "num_service": 41, "min_max_greedy": {"max_delay": 0.00615001872330977, "running_time": 30.02452850341797}, "min_max_equal_weight": {"max_delay": 0.007773977262923575, "running_time": 29.024124145507812}, "min_max_surrogate_relaxation": {"max_delay": 0.006859743261501954, "lower_bound": 0.003523003339824698, "running_time": 899.7418880462646, "none_zero_ratio": 0.09, "max_weight": 0.25, "min_weight": 0.01649001114856219}, "min_max_pulp": {"max_delay": 0.005461440099152269, "running_time": 115089.914560318}}, "100": {"num_user": 100, "num_service": 41, "min_max_greedy": {"max_delay": 0.004951249132668395, "running_time": 27.022361755371094}, "min_max_equal_weight": {"max_delay": 0.00627625909278514, "running_time": 30.02476692199707}, "min_max_surrogate_relaxation": {"max_delay": 0.004973943798528424, "lower_bound": 0.0031534378111232352, "running_time": 1636.3494396209717, "none_zero_ratio": 0.12, "max_weight": 0.15937580459285527, "min_weight": 0.02604980642178234}, "min_max_pulp": {"max_delay": 0.004697576205702668, "running_time": 306559.81850624084}}}