{"entropy": 101022683776116508829684187216335882851, "10": {"num_user": 100, "num_service": 41, "min_max_greedy": {"max_delay": 0.11851731237078793, "running_time": 4.0035247802734375}, "min_max_equal_weight": {"max_delay": 0.11851731237078793, "running_time": 22.017955780029297}, "min_max_surrogate_relaxation": {"max_delay": 0.11221781856303877, "lower_bound": 0.08143397820832682, "running_time": 34.028053283691406, "none_zero_ratio": 0.04, "max_weight": 0.567626953125, "min_weight": 0.018310546875}, "min_max_pulp": {"max_delay": 0.11221781856303877, "running_time": 2505.06591796875}}, "20": {"num_user": 100, "num_service": 41, "min_max_greedy": {"max_delay": 0.09788296324756589, "running_time": 6.005048751831055}, "min_max_equal_weight": {"max_delay": 0.0855140484594459, "running_time": 23.019075393676758}, "min_max_surrogate_relaxation": {"max_delay": 0.0855140484594459, "lower_bound": 0.0426989478396019, "running_time": 138.11397552490234, "none_zero_ratio": 0.04, "max_weight": 0.5859375, "min_weight": 0.025634765625}, "min_max_pulp": {"max_delay": 0.08328972082457665, "running_time": 4970.0987339019775}}, "30": {"num_user": 100, "num_service": 41, "min_max_greedy": {"max_delay": 0.04652689515224862, "running_time": 8.006572723388672}, "min_max_equal_weight": {"max_delay": 0.08144872530178039, "running_time": 24.019956588745117}, "min_max_surrogate_relaxation": {"max_delay": 0.06265537170135463, "lower_bound": 0.028951676642147227, "running_time": 132.1089267730713, "none_zero_ratio": 0.06, "max_weight": 0.75, "min_weight": 0.0018775463104248047}, "min_max_pulp": {"max_delay": 0.04652689515224862, "running_time": 7329.0441036224365}}, "40": {"num_user": 100, "num_service": 41, "min_max_greedy": {"max_delay": 0.04458570569480962, "running_time": 8.006572723388672}, "min_max_equal_weight": {"max_delay": 0.048502641444262425, "running_time": 24.019718170166016}, "min_max_surrogate_relaxation": {"max_delay": 0.04165344139188244, "lower_bound": 0.01974471717611194, "running_time": 156.1288833618164, "none_zero_ratio": 0.07, "max_weight": 0.2578125, "min_weight": 0.010675258934497833}, "min_max_pulp": {"max_delay": 0.03983933459751053, "running_time": 10141.363859176636}}, "50": {"num_user": 100, "num_service": 41, "min_max_greedy": {"max_delay": 0.028193634621064285, "running_time": 11.00921630859375}, "min_max_equal_weight": {"max_delay": 0.02585780590677412, "running_time": 24.019956588745117}, "min_max_surrogate_relaxation": {"max_delay": 0.025350229197101427, "lower_bound": 0.014695428195417706, "running_time": 245.20254135131836, "none_zero_ratio": 0.09, "max_weight": 0.25, "min_weight": 0.022140011424198747}, "min_max_pulp": {"max_delay": 0.025350229197101427, "running_time": 13258.934497833252}}, "60": {"num_user": 100, "num_service": 41, "min_max_greedy": {"max_delay": 0.021630438442178237, "running_time": 12.009859085083008}, "min_max_equal_weight": {"max_delay": 0.024551658787072907, "running_time": 25.020599365234375}, "min_max_surrogate_relaxation": {"max_delay": 0.021929421390000314, "lower_bound": 0.010593976779686388, "running_time": 332.2739601135254, "none_zero_ratio": 0.11, "max_weight": 0.25, "min_weight": 0.021240234375}, "min_max_pulp": {"max_delay": 0.01891945354959739, "running_time": 16803.857803344727}}, "70": {"num_user": 100, "num_service": 41, "min_max_greedy": {"max_delay": 0.01714698488500973, "running_time": 15.012502670288086}, "min_max_equal_weight": {"max_delay": 0.020187352681585335, "running_time": 25.020360946655273}, "min_max_surrogate_relaxation": {"max_delay": 0.015773328336274782, "lower_bound": 0.007613785775844978, "running_time": 273.2253074645996, "none_zero_ratio": 0.09, "max_weight": 0.22999191284179688, "min_weight": 0.03286609131100704}, "min_max_pulp": {"max_delay": 0.013151748029117661, "running_time": 20181.643962860107}}, "80": {"num_user": 100, "num_service": 41, "min_max_greedy": {"max_delay": 0.010632236952834086, "running_time": 16.013145446777344}, "min_max_equal_weight": {"max_delay": 0.013081661727344233, "running_time": 27.022361755371094}, "min_max_surrogate_relaxation": {"max_delay": 0.01134465299226943, "lower_bound": 0.006623586811259734, "running_time": 527.4350643157959, "none_zero_ratio": 0.1, "max_weight": 0.24641990661621094, "min_weight": 0.015283710617097768}, "min_max_pulp": {"max_delay": 0.010632236952834086, "running_time": 24668.344020843506}}, "90": {"num_user": 100, "num_service": 41, "min_max_greedy": {"max_delay": 0.010231994926874433, "running_time": 18.01466941833496}, "min_max_equal_weight": {"max_delay": 0.010094521525952624, "running_time": 26.021242141723633}, "min_max_surrogate_relaxation": {"max_delay": 0.00945799497544932, "lower_bound": 0.0060601272507730865, "running_time": 656.5413475036621, "none_zero_ratio": 0.13, "max_weight": 0.1684284210205078, "min_weight": 0.024347880617734415}, "min_max_pulp": {"max_delay": 0.00945799497544932, "running_time": 30250.947952270508}}, "100": {"num_user": 100, "num_service": 41, "min_max_greedy": {"max_delay": 0.00920228292138198, "running_time": 20.01667022705078}, "min_max_equal_weight": {"max_delay": 0.009907450904298142, "running_time": 27.022123336791992}, "min_max_surrogate_relaxation": {"max_delay": 0.008664567494500518, "lower_bound": 0.004611333628343774, "running_time": 493.4067726135254, "none_zero_ratio": 0.1, "max_weight": 0.25, "min_weight": 0.05874317139387131}, "min_max_pulp": {"max_delay": 0.008076303280037377, "running_time": 35689.433336257935}}}