{"entropy": 112057852320190253244153042324940425207, "10": {"num_user": 100, "num_service": 41, "min_max_greedy": {"max_delay": 0.06348608180266362, "running_time": 6.004810333251953}, "min_max_equal_weight": {"max_delay": 0.06426000884096515, "running_time": 23.019075393676758}, "min_max_surrogate_relaxation": {"max_delay": 0.06343389383091798, "lower_bound": 0.05665975266739522, "running_time": 106.08768463134766, "none_zero_ratio": 0.05, "max_weight": 0.76629638671875, "min_weight": 0.00414443202316761}, "min_max_pulp": {"max_delay": 0.06314369875227754, "running_time": 3192.6395893096924}}, "20": {"num_user": 100, "num_service": 41, "min_max_greedy": {"max_delay": 0.05904318632210705, "running_time": 8.006811141967773}, "min_max_equal_weight": {"max_delay": 0.06236977171397602, "running_time": 24.019718170166016}, "min_max_surrogate_relaxation": {"max_delay": 0.058700803271720975, "lower_bound": 0.04252644479181204, "running_time": 86.07101440429688, "none_zero_ratio": 0.05, "max_weight": 0.673828125, "min_weight": 0.027036666870117188}, "min_max_pulp": {"max_delay": 0.056686717862409836, "running_time": 6817.635774612427}}, "30": {"num_user": 100, "num_service": 41, "min_max_greedy": {"max_delay": 0.02727540880384336, "running_time": 8.00633430480957}, "min_max_equal_weight": {"max_delay": 0.06236977171397602, "running_time": 24.019718170166016}, "min_max_surrogate_relaxation": {"max_delay": 0.02804933584214489, "lower_bound": 0.02670753071524249, "running_time": 150.12383460998535, "none_zero_ratio": 0.07, "max_weight": 0.27252960205078125, "min_weight": 0.004600457847118378}, "min_max_pulp": {"max_delay": 0.02727540880384336, "running_time": 9773.06842803955}}, "40": {"num_user": 100, "num_service": 41, "min_max_greedy": {"max_delay": 0.02140908578024514, "running_time": 11.008977890014648}, "min_max_equal_weight": {"max_delay": 0.02727540880384336, "running_time": 24.019956588745117}, "min_max_surrogate_relaxation": {"max_delay": 0.02318068807537419, "lower_bound": 0.01308721557890592, "running_time": 224.18475151062012, "none_zero_ratio": 0.05, "max_weight": 0.4453125, "min_weight": 0.04254913330078125}, "min_max_pulp": {"max_delay": 0.02140908578024514, "running_time": 21507.74335861206}}, "50": {"num_user": 100, "num_service": 41, "min_max_greedy": {"max_delay": 0.018617389790024752, "running_time": 20.01643180847168}, "min_max_equal_weight": {"max_delay": 0.02140908578024514, "running_time": 38.031578063964844}, "min_max_surrogate_relaxation": {"max_delay": 0.018395954901678425, "lower_bound": 0.010008661944293574, "running_time": 246.20294570922852, "none_zero_ratio": 0.06, "max_weight": 0.24609375, "min_weight": 0.02251303195953369}, "min_max_pulp": {"max_delay": 0.01781807455169883, "running_time": 18193.547248840332}}, "60": {"num_user": 100, "num_service": 41, "min_max_greedy": {"max_delay": 0.012842743319373228, "running_time": 13.010740280151367}, "min_max_equal_weight": {"max_delay": 0.021138508641803617, "running_time": 26.021480560302734}, "min_max_surrogate_relaxation": {"max_delay": 0.013632310662676814, "lower_bound": 0.00771066129728174, "running_time": 321.26426696777344, "none_zero_ratio": 0.09, "max_weight": 0.26400291826575994, "min_weight": 0.020638797218452964}, "min_max_pulp": {"max_delay": 0.012842743319373228, "running_time": 23589.479207992554}}, "70": {"num_user": 100, "num_service": 41, "min_max_greedy": {"max_delay": 0.01111738751320138, "running_time": 16.012907028198242}, "min_max_equal_weight": {"max_delay": 0.013361733524235286, "running_time": 26.021242141723633}, "min_max_surrogate_relaxation": {"max_delay": 0.010489898057911218, "lower_bound": 0.00647209329340636, "running_time": 539.4446849822998, "none_zero_ratio": 0.09, "max_weight": 0.25, "min_weight": 0.006938521437405143}, "min_max_pulp": {"max_delay": 0.009832664115292444, "running_time": 30799.439191818237}}, "80": {"num_user": 100, "num_service": 41, "min_max_greedy": {"max_delay": 0.00831926580371297, "running_time": 20.01643180847168}, "min_max_equal_weight": {"max_delay": 0.0118748165422746, "running_time": 27.022123336791992}, "min_max_surrogate_relaxation": {"max_delay": 0.008347973413261003, "lower_bound": 0.004497887085274113, "running_time": 538.4442806243896, "none_zero_ratio": 0.07, "max_weight": 0.2663612365722656, "min_weight": 0.02936599776148796}, "min_max_pulp": {"max_delay": 0.007375728956905246, "running_time": 36072.7596282959}}, "90": {"num_user": 100, "num_service": 41, "min_max_greedy": {"max_delay": 0.006593941524089304, "running_time": 23.018836975097656}, "min_max_equal_weight": {"max_delay": 0.006552917036401945, "running_time": 27.022361755371094}, "min_max_surrogate_relaxation": {"max_delay": 0.005935437413716807, "lower_bound": 0.003857619618509347, "running_time": 1227.0116806030273, "none_zero_ratio": 0.08, "max_weight": 0.314808189868927, "min_weight": 0.01720270636724308}, "min_max_pulp": {"max_delay": 0.005935437413716807, "running_time": 42740.2880191803}}, "100": {"num_user": 100, "num_service": 41, "min_max_greedy": {"max_delay": 0.005169569833519599, "running_time": 25.020599365234375}, "min_max_equal_weight": {"max_delay": 0.006451346442072841, "running_time": 28.02300453186035}, "min_max_surrogate_relaxation": {"max_delay": 0.004828022287469466, "lower_bound": 0.0032324803967484607, "running_time": 1396.1513042449951, "none_zero_ratio": 0.1, "max_weight": 0.22343699529301375, "min_weight": 0.012001010489370856}, "min_max_pulp": {"max_delay": 0.004786748211289984, "running_time": 53024.37424659729}}}