{"entropy": 298435516418554785913662070444429287867, "10": {"num_user": 100, "num_service": 41, "min_max_greedy": {"max_delay": 0.08366167940448507, "running_time": 3.0024051666259766}, "min_max_equal_weight": {"max_delay": 0.0950027552253402, "running_time": 23.019075393676758}, "min_max_surrogate_relaxation": {"max_delay": 0.07667646797614687, "lower_bound": 0.05846156479969354, "running_time": 46.037912368774414, "none_zero_ratio": 0.04, "max_weight": 0.587493896484375, "min_weight": 0.018951416015625}, "min_max_pulp": {"max_delay": 0.07667646797614687, "running_time": 3538.9182567596436}}, "20": {"num_user": 100, "num_service": 41, "min_max_greedy": {"max_delay": 0.05122125136519277, "running_time": 6.004810333251953}, "min_max_equal_weight": {"max_delay": 0.06429531618753785, "running_time": 23.019075393676758}, "min_max_surrogate_relaxation": {"max_delay": 0.06155705995926233, "lower_bound": 0.03192668269940116, "running_time": 76.06315612792969, "none_zero_ratio": 0.03, "max_weight": 0.5, "min_weight": 0.015625}, "min_max_pulp": {"max_delay": 0.05122125136519277, "running_time": 6816.622018814087}}, "30": {"num_user": 100, "num_service": 41, "min_max_greedy": {"max_delay": 0.0390666514197751, "running_time": 8.006811141967773}, "min_max_equal_weight": {"max_delay": 0.044193367078246004, "running_time": 23.018598556518555}, "min_max_surrogate_relaxation": {"max_delay": 0.04782663251886712, "lower_bound": 0.022159777560553696, "running_time": 65.05370140075684, "none_zero_ratio": 0.03, "max_weight": 0.5, "min_weight": 0.078125}, "min_max_pulp": {"max_delay": 0.038491298084812386, "running_time": 10852.950096130371}}, "40": {"num_user": 100, "num_service": 41, "min_max_greedy": {"max_delay": 0.028655164546574758, "running_time": 11.00921630859375}, "min_max_equal_weight": {"max_delay": 0.036351244733572825, "running_time": 24.019956588745117}, "min_max_surrogate_relaxation": {"max_delay": 0.029194628065223247, "lower_bound": 0.014676167962115136, "running_time": 185.15300750732422, "none_zero_ratio": 0.04, "max_weight": 0.75, "min_weight": 0.0703125}, "min_max_pulp": {"max_delay": 0.024826832978682673, "running_time": 15289.609432220459}}, "50": {"num_user": 100, "num_service": 41, "min_max_greedy": {"max_delay": 0.02430340243859185, "running_time": 15.012502670288086}, "min_max_equal_weight": {"max_delay": 0.02810990593047991, "running_time": 25.020837783813477}, "min_max_surrogate_relaxation": {"max_delay": 0.01802749400308401, "lower_bound": 0.008328531492227094, "running_time": 191.15781784057617, "none_zero_ratio": 0.04, "max_weight": 0.5, "min_weight": 0.15380859375}, "min_max_pulp": {"max_delay": 0.01600956663843118, "running_time": 19725.26741027832}}, "60": {"num_user": 100, "num_service": 41, "min_max_greedy": {"max_delay": 0.011387255219996457, "running_time": 14.011383056640625}, "min_max_equal_weight": {"max_delay": 0.014834632777487308, "running_time": 26.021480560302734}, "min_max_surrogate_relaxation": {"max_delay": 0.01329790244937748, "lower_bound": 0.00653740535291078, "running_time": 407.3357582092285, "none_zero_ratio": 0.08, "max_weight": 0.25, "min_weight": 0.045114755630493164}, "min_max_pulp": {"max_delay": 0.010212321359052586, "running_time": 25594.107389450073}}, "70": {"num_user": 100, "num_service": 41, "min_max_greedy": {"max_delay": 0.009605726716871738, "running_time": 15.012502670288086}, "min_max_equal_weight": {"max_delay": 0.014556138748671461, "running_time": 26.021718978881836}, "min_max_surrogate_relaxation": {"max_delay": 0.008474531645968519, "lower_bound": 0.004765820376874838, "running_time": 428.35330963134766, "none_zero_ratio": 0.07, "max_weight": 0.25, "min_weight": 0.0703125}, "min_max_pulp": {"max_delay": 0.008168844279495302, "running_time": 32249.595880508423}}, "80": {"num_user": 100, "num_service": 41, "min_max_greedy": {"max_delay": 0.0077829354157339225, "running_time": 19.015789031982422}, "min_max_equal_weight": {"max_delay": 0.01301940842056163, "running_time": 28.023242950439453}, "min_max_surrogate_relaxation": {"max_delay": 0.007607747195220209, "lower_bound": 0.0044308764138047485, "running_time": 767.6331996917725, "none_zero_ratio": 0.08, "max_weight": 0.25, "min_weight": 0.05377582856453955}, "min_max_pulp": {"max_delay": 0.006345442411232027, "running_time": 37631.03437423706}}, "90": {"num_user": 100, "num_service": 41, "min_max_greedy": {"max_delay": 0.006175329739520665, "running_time": 22.0181941986084}, "min_max_equal_weight": {"max_delay": 0.012915446856395639, "running_time": 28.023242950439453}, "min_max_surrogate_relaxation": {"max_delay": 0.006923730759102997, "lower_bound": 0.003426278150341547, "running_time": 721.595287322998, "none_zero_ratio": 0.11, "max_weight": 0.25, "min_weight": 0.011692754924297333}, "min_max_pulp": {"max_delay": 0.0058933438172864075, "running_time": 62165.26699066162}}, "100": {"num_user": 100, "num_service": 41, "min_max_greedy": {"max_delay": 0.005442461380603459, "running_time": 25.020360946655273}, "min_max_equal_weight": {"max_delay": 0.012915446856395639, "running_time": 28.02300453186035}, "min_max_surrogate_relaxation": {"max_delay": 0.005338499816437468, "lower_bound": 0.003082469433597498, "running_time": 981.8100929260254, "none_zero_ratio": 0.12, "max_weight": 0.15191227197647095, "min_weight": 0.014305354852695018}, "min_max_pulp": {"max_delay": 0.004895803726320046, "running_time": 79250.35762786865}}}