{"entropy": 232573463215887404463457142159456283335, "10": {"num_user": 100, "num_service": 41, "min_max_greedy": {"max_delay": 0.0630081205739076, "running_time": 5.004167556762695}, "min_max_equal_weight": {"max_delay": 0.06332899800462627, "running_time": 23.018598556518555}, "min_max_surrogate_relaxation": {"max_delay": 0.06001670913405285, "lower_bound": 0.0394329786543311, "running_time": 51.04207992553711, "none_zero_ratio": 0.03, "max_weight": 0.75, "min_weight": 0.0703125}, "min_max_pulp": {"max_delay": 0.06001670913405285, "running_time": 2699.225902557373}}, "20": {"num_user": 100, "num_service": 41, "min_max_greedy": {"max_delay": 0.03527672976005064, "running_time": 6.005287170410156}, "min_max_equal_weight": {"max_delay": 0.03986022957290208, "running_time": 23.019075393676758}, "min_max_surrogate_relaxation": {"max_delay": 0.03886386395829777, "lower_bound": 0.023553344913071473, "running_time": 104.08568382263184, "none_zero_ratio": 0.05, "max_weight": 0.5859375, "min_weight": 0.00560760498046875}, "min_max_pulp": {"max_delay": 0.03527672976005064, "running_time": 5157.253265380859}}, "30": {"num_user": 100, "num_service": 41, "min_max_greedy": {"max_delay": 0.02645535883195478, "running_time": 9.007692337036133}, "min_max_equal_weight": {"max_delay": 0.037119071683601665, "running_time": 25.020599365234375}, "min_max_surrogate_relaxation": {"max_delay": 0.034639154238773506, "lower_bound": 0.01312422661420817, "running_time": 76.06267929077148, "none_zero_ratio": 0.04, "max_weight": 0.5, "min_weight": 0.10107421875}, "min_max_pulp": {"max_delay": 0.02645535883195478, "running_time": 8256.80923461914}}, "40": {"num_user": 100, "num_service": 41, "min_max_greedy": {"max_delay": 0.02466538471727462, "running_time": 12.009859085083008}, "min_max_equal_weight": {"max_delay": 0.037119071683601665, "running_time": 24.02019500732422}, "min_max_surrogate_relaxation": {"max_delay": 0.022439791524498327, "lower_bound": 0.016154534489882896, "running_time": 351.2895107269287, "none_zero_ratio": 0.1, "max_weight": 0.3032970707863569, "min_weight": 0.00832178742683709}, "min_max_pulp": {"max_delay": 0.021510717604465268, "running_time": 11289.310216903687}}, "50": {"num_user": 100, "num_service": 41, "min_max_greedy": {"max_delay": 0.021085653471224857, "running_time": 15.012025833129883}, "min_max_equal_weight": {"max_delay": 0.03294278901255864, "running_time": 26.021242141723633}, "min_max_surrogate_relaxation": {"max_delay": 0.022851233976913937, "lower_bound": 0.009905146863538081, "running_time": 134.1104507446289, "none_zero_ratio": 0.06, "max_weight": 0.35546875, "min_weight": 0.07110893726348877}, "min_max_pulp": {"max_delay": 0.0200246979041628, "running_time": 14643.076181411743}}, "60": {"num_user": 100, "num_service": 41, "min_max_greedy": {"max_delay": 0.017988426120879263, "running_time": 15.012502670288086}, "min_max_equal_weight": {"max_delay": 0.025863826060783798, "running_time": 26.021718978881836}, "min_max_surrogate_relaxation": {"max_delay": 0.017396893349708283, "lower_bound": 0.010429025055598652, "running_time": 364.3002510070801, "none_zero_ratio": 0.09, "max_weight": 0.18585205078125, "min_weight": 0.05961540924914743}, "min_max_pulp": {"max_delay": 0.01697288639712212, "running_time": 18833.531856536865}}, "70": {"num_user": 100, "num_service": 41, "min_max_greedy": {"max_delay": 0.01720004459456432, "running_time": 18.01466941833496}, "min_max_equal_weight": {"max_delay": 0.025863826060783798, "running_time": 26.021480560302734}, "min_max_surrogate_relaxation": {"max_delay": 0.0175644191682931, "lower_bound": 0.008116683450284984, "running_time": 383.3162784576416, "none_zero_ratio": 0.07, "max_weight": 0.384521484375, "min_weight": 0.03124382346868515}, "min_max_pulp": {"max_delay": 0.015275723083975122, "running_time": 108549.52073097229}}, "80": {"num_user": 100, "num_service": 41, "min_max_greedy": {"max_delay": 0.014988356547929776, "running_time": 21.01731300354004}, "min_max_equal_weight": {"max_delay": 0.01947052328321754, "running_time": 27.022361755371094}, "min_max_surrogate_relaxation": {"max_delay": 0.015715052530738644, "lower_bound": 0.0061770384928551405, "running_time": 388.3202075958252, "none_zero_ratio": 0.08, "max_weight": 0.1696656458079815, "min_weight": 0.0608176487730816}, "min_max_pulp": {"max_delay": 0.013231064743039703, "running_time": 61050.34804344177}}, "90": {"num_user": 100, "num_service": 41, "min_max_greedy": {"max_delay": 0.014757623654746954, "running_time": 19.016027450561523}, "min_max_equal_weight": {"max_delay": 0.01660851182339334, "running_time": 27.022361755371094}, "min_max_surrogate_relaxation": {"max_delay": 0.015123519759567666, "lower_bound": 0.005055071645839704, "running_time": 292.24109649658203, "none_zero_ratio": 0.07, "max_weight": 0.24609375, "min_weight": 0.03192884847521782}, "min_max_pulp": {"max_delay": 0.010146895943429577, "running_time": 55366.660594940186}}, "100": {"num_user": 100, "num_service": 41, "min_max_greedy": {"max_delay": 0.01279983672877506, "running_time": 20.01643180847168}, "min_max_equal_weight": {"max_delay": 0.015275723083975122, "running_time": 28.02300453186035}, "min_max_surrogate_relaxation": {"max_delay": 0.013790731020149449, "lower_bound": 0.004018174252915195, "running_time": 325.2682685852051, "none_zero_ratio": 0.07, "max_weight": 0.25, "min_weight": 0.042605213820934296}, "min_max_pulp": {"max_delay": 0.00759627767781979, "running_time": 40225.173473358154}}}