{"entropy": 259927775877805387682932077492800447131, "10": {"num_user": 100, "num_service": 41, "min_max_greedy": {"max_delay": 0.05918676220322494, "running_time": 5.003929138183594}, "min_max_equal_weight": {"max_delay": 0.06047994637419077, "running_time": 22.0181941986084}, "min_max_surrogate_relaxation": {"max_delay": 0.05918676220322494, "lower_bound": 0.04587088965517281, "running_time": 54.044485092163086, "none_zero_ratio": 0.04, "max_weight": 0.375, "min_weight": 0.0115966796875}, "min_max_pulp": {"max_delay": 0.05918676220322494, "running_time": 2608.1507205963135}}, "20": {"num_user": 100, "num_service": 41, "min_max_greedy": {"max_delay": 0.04809820120880924, "running_time": 7.005929946899414}, "min_max_equal_weight": {"max_delay": 0.04699559056505155, "running_time": 23.018598556518555}, "min_max_surrogate_relaxation": {"max_delay": 0.04532767771619636, "lower_bound": 0.030264974331667027, "running_time": 131.10804557800293, "none_zero_ratio": 0.04, "max_weight": 0.703857421875, "min_weight": 0.00070953369140625}, "min_max_pulp": {"max_delay": 0.044685823800884386, "running_time": 5108.21270942688}}, "30": {"num_user": 100, "num_service": 41, "min_max_greedy": {"max_delay": 0.036007761013275685, "running_time": 9.007692337036133}, "min_max_equal_weight": {"max_delay": 0.04116364235907326, "running_time": 24.019479751586914}, "min_max_surrogate_relaxation": {"max_delay": 0.036007761013275685, "lower_bound": 0.02687807293521544, "running_time": 198.16350936889648, "none_zero_ratio": 0.08, "max_weight": 0.5, "min_weight": 0.00620327889919281}, "min_max_pulp": {"max_delay": 0.036007761013275685, "running_time": 8034.626245498657}}, "40": {"num_user": 100, "num_service": 41, "min_max_greedy": {"max_delay": 0.03250198289131728, "running_time": 13.010740280151367}, "min_max_equal_weight": {"max_delay": 0.04116364235907326, "running_time": 24.019718170166016}, "min_max_surrogate_relaxation": {"max_delay": 0.03438614614046651, "lower_bound": 0.019484888924653943, "running_time": 204.16879653930664, "none_zero_ratio": 0.07, "max_weight": 0.2578125, "min_weight": 0.02365708351135254}, "min_max_pulp": {"max_delay": 0.031971535820907795, "running_time": 10918.003797531128}}, "50": {"num_user": 100, "num_service": 41, "min_max_greedy": {"max_delay": 0.03597903016968989, "running_time": 12.009620666503906}, "min_max_equal_weight": {"max_delay": 0.036007761013275685, "running_time": 25.020599365234375}, "min_max_surrogate_relaxation": {"max_delay": 0.03438614614046651, "lower_bound": 0.014054405163311747, "running_time": 344.2840576171875, "none_zero_ratio": 0.06, "max_weight": 0.2349853515625, "min_weight": 0.07009506225585938}, "min_max_pulp": {"max_delay": 0.030723278517498794, "running_time": 14209.718942642212}}, "60": {"num_user": 100, "num_service": 41, "min_max_greedy": {"max_delay": 0.02632461795870766, "running_time": 13.010501861572266}, "min_max_equal_weight": {"max_delay": 0.033744292225154536, "running_time": 25.020837783813477}, "min_max_surrogate_relaxation": {"max_delay": 0.02799253080756285, "lower_bound": 0.013615174246401122, "running_time": 487.40196228027344, "none_zero_ratio": 0.1, "max_weight": 0.25, "min_weight": 0.007671576227266996}, "min_max_pulp": {"max_delay": 0.025348351185311778, "running_time": 17685.585260391235}}, "70": {"num_user": 100, "num_service": 41, "min_max_greedy": {"max_delay": 0.01900521979958058, "running_time": 15.012264251708984}, "min_max_equal_weight": {"max_delay": 0.03051193681314763, "running_time": 27.022123336791992}, "min_max_surrogate_relaxation": {"max_delay": 0.01900521979958058, "lower_bound": 0.009916245010175717, "running_time": 446.3682174682617, "none_zero_ratio": 0.11, "max_weight": 0.31864907787530683, "min_weight": 0.01512951609816085}, "min_max_pulp": {"max_delay": 0.01900521979958058, "running_time": 21521.749258041382}}, "80": {"num_user": 100, "num_service": 41, "min_max_greedy": {"max_delay": 0.01823469767750382, "running_time": 18.01466941833496}, "min_max_equal_weight": {"max_delay": 0.01836336588426861, "running_time": 26.021480560302734}, "min_max_surrogate_relaxation": {"max_delay": 0.01981571481140292, "lower_bound": 0.00793847747775431, "running_time": 318.26233863830566, "none_zero_ratio": 0.09, "max_weight": 0.2913818359375, "min_weight": 0.016471024599013617}, "min_max_pulp": {"max_delay": 0.01465983346560535, "running_time": 25552.072763442993}}, "90": {"num_user": 100, "num_service": 41, "min_max_greedy": {"max_delay": 0.010344157977827463, "running_time": 18.014907836914062}, "min_max_equal_weight": {"max_delay": 0.01761817058151904, "running_time": 27.022361755371094}, "min_max_surrogate_relaxation": {"max_delay": 0.011252607587374426, "lower_bound": 0.006915666551223349, "running_time": 461.3802433013916, "none_zero_ratio": 0.09, "max_weight": 0.24609375, "min_weight": 0.033483050920040114}, "min_max_pulp": {"max_delay": 0.010344157977827463, "running_time": 30441.104650497437}}, "100": {"num_user": 100, "num_service": 41, "min_max_greedy": {"max_delay": 0.008814563099124846, "running_time": 19.015789031982422}, "min_max_equal_weight": {"max_delay": 0.009702304062515491, "running_time": 27.02188491821289}, "min_max_surrogate_relaxation": {"max_delay": 0.008778944077212657, "lower_bound": 0.0057133181155291325, "running_time": 794.6553230285645, "none_zero_ratio": 0.09, "max_weight": 0.25, "min_weight": 0.027988928013655823}, "min_max_pulp": {"max_delay": 0.008572370278997665, "running_time": 35864.577293395996}}}