{"entropy": 122106874887529500256896413876816287076, "10": {"num_user": 100, "num_service": 41, "min_max_greedy": {"max_delay": 0.034928895424172414, "running_time": 6.004810333251953}, "min_max_equal_weight": {"max_delay": 0.03840904259024321, "running_time": 23.018836975097656}, "min_max_surrogate_relaxation": {"max_delay": 0.029626372344595128, "lower_bound": 0.022668764014411317, "running_time": 135.11133193969727, "none_zero_ratio": 0.02, "max_weight": 0.5, "min_weight": 0.5}, "min_max_pulp": {"max_delay": 0.029626372344595128, "running_time": 2914.4039154052734}}, "20": {"num_user": 100, "num_service": 41, "min_max_greedy": {"max_delay": 0.024588666354851452, "running_time": 7.005929946899414}, "min_max_equal_weight": {"max_delay": 0.024350637475681437, "running_time": 24.019718170166016}, "min_max_surrogate_relaxation": {"max_delay": 0.024350637475681437, "lower_bound": 0.016884814009897928, "running_time": 92.07606315612793, "none_zero_ratio": 0.02, "max_weight": 0.75, "min_weight": 0.25}, "min_max_pulp": {"max_delay": 0.022914294265119897, "running_time": 5864.836931228638}}, "30": {"num_user": 100, "num_service": 41, "min_max_greedy": {"max_delay": 0.019334013090782375, "running_time": 12.01009750366211}, "min_max_equal_weight": {"max_delay": 0.019095984211612356, "running_time": 24.019718170166016}, "min_max_surrogate_relaxation": {"max_delay": 0.0184960313126764, "lower_bound": 0.011769926579648551, "running_time": 110.09073257446289, "none_zero_ratio": 0.03, "max_weight": 0.5, "min_weight": 0.203125}, "min_max_pulp": {"max_delay": 0.017648816645564884, "running_time": 9207.5936794281}}, "40": {"num_user": 100, "num_service": 41, "min_max_greedy": {"max_delay": 0.016419122307731685, "running_time": 14.011621475219727}, "min_max_equal_weight": {"max_delay": 0.01710570243270483, "running_time": 25.020599365234375}, "min_max_surrogate_relaxation": {"max_delay": 0.01514067334977195, "lower_bound": 0.008243963696390803, "running_time": 163.13433647155762, "none_zero_ratio": 0.07, "max_weight": 0.2216547727584839, "min_weight": 0.06722984835505486}, "min_max_pulp": {"max_delay": 0.013881034901168123, "running_time": 12989.712476730347}}, "50": {"num_user": 100, "num_service": 41, "min_max_greedy": {"max_delay": 0.011948088766656506, "running_time": 15.012264251708984}, "min_max_equal_weight": {"max_delay": 0.015093896927817598, "running_time": 26.021480560302734}, "min_max_surrogate_relaxation": {"max_delay": 0.011393066328582826, "lower_bound": 0.006086842560101939, "running_time": 226.18675231933594, "none_zero_ratio": 0.06, "max_weight": 0.3204345703125, "min_weight": 0.06631910800933838}, "min_max_pulp": {"max_delay": 0.010100399219357752, "running_time": 19839.361667633057}}, "60": {"num_user": 100, "num_service": 41, "min_max_greedy": {"max_delay": 0.009173751533205524, "running_time": 18.01466941833496}, "min_max_equal_weight": {"max_delay": 0.015093896927817598, "running_time": 27.022361755371094}, "min_max_surrogate_relaxation": {"max_delay": 0.008816692830415506, "lower_bound": 0.005313317005191417, "running_time": 528.4361839294434, "none_zero_ratio": 0.12, "max_weight": 0.205078125, "min_weight": 0.02288818359375}, "min_max_pulp": {"max_delay": 0.008527819273271585, "running_time": 27422.61528968811}}, "70": {"num_user": 100, "num_service": 41, "min_max_greedy": {"max_delay": 0.008110079789040358, "running_time": 20.01643180847168}, "min_max_equal_weight": {"max_delay": 0.009719778108578962, "running_time": 27.022123336791992}, "min_max_surrogate_relaxation": {"max_delay": 0.008580950830503451, "lower_bound": 0.0048620136797808385, "running_time": 1381.1390399932861, "none_zero_ratio": 0.07, "max_weight": 0.25, "min_weight": 0.044891126453876495}, "min_max_pulp": {"max_delay": 0.0069982145291826395, "running_time": 29612.42151260376}}, "80": {"num_user": 100, "num_service": 41, "min_max_greedy": {"max_delay": 0.006947688973756229, "running_time": 23.018836975097656}, "min_max_equal_weight": {"max_delay": 0.009580242265992123, "running_time": 28.023242950439453}, "min_max_surrogate_relaxation": {"max_delay": 0.007411422912894864, "lower_bound": 0.004129508054071151, "running_time": 934.7708225250244, "none_zero_ratio": 0.07, "max_weight": 0.21357089281082153, "min_weight": 0.03146356903016567}, "min_max_pulp": {"max_delay": 0.006029877789998531, "running_time": 39429.51726913452}}, "90": {"num_user": 100, "num_service": 41, "min_max_greedy": {"max_delay": 0.005903355235850807, "running_time": 25.020599365234375}, "min_max_equal_weight": {"max_delay": 0.006478057575817011, "running_time": 28.02300453186035}, "min_max_surrogate_relaxation": {"max_delay": 0.005740808942837799, "lower_bound": 0.003579045143699981, "running_time": 1148.9474773406982, "none_zero_ratio": 0.11, "max_weight": 0.24571985006332397, "min_weight": 0.008917370863725793}, "min_max_pulp": {"max_delay": 0.0054962617322068235, "running_time": 71947.33428955078}}, "100": {"num_user": 100, "num_service": 41, "min_max_greedy": {"max_delay": 0.005240892845628559, "running_time": 27.022361755371094}, "min_max_equal_weight": {"max_delay": 0.005601273100250961, "running_time": 29.02388572692871}, "min_max_surrogate_relaxation": {"max_delay": 0.005189192997525611, "lower_bound": 0.00326612618885282, "running_time": 1774.463415145874, "none_zero_ratio": 0.21, "max_weight": 0.14291812188457698, "min_weight": 0.005604801840907792}, "min_max_pulp": {"max_delay": 0.004869897089103424, "running_time": 56069.2400932312}}}