{"entropy": 229229432079296990501359146196823732613, "10": {"num_user": 100, "num_service": 41, "min_max_greedy": {"max_delay": 0.09683959096336171, "running_time": 5.004167556762695}, "min_max_equal_weight": {"max_delay": 0.09724858687631412, "running_time": 22.017955780029297}, "min_max_surrogate_relaxation": {"max_delay": 0.09683959096336171, "lower_bound": 0.08593887910683463, "running_time": 24.019956588745117, "none_zero_ratio": 0.03, "max_weight": 0.46484375, "min_weight": 0.125}, "min_max_pulp": {"max_delay": 0.09683959096336171, "running_time": 3088.5467529296875}}, "20": {"num_user": 100, "num_service": 41, "min_max_greedy": {"max_delay": 0.08949127168854863, "running_time": 7.0056915283203125}, "min_max_equal_weight": {"max_delay": 0.09724858687631412, "running_time": 24.019718170166016}, "min_max_surrogate_relaxation": {"max_delay": 0.09182311736815586, "lower_bound": 0.0663694145463066, "running_time": 39.0322208404541, "none_zero_ratio": 0.03, "max_weight": 0.5, "min_weight": 0.015625}, "min_max_pulp": {"max_delay": 0.0844832974758353, "running_time": 6325.518369674683}}, "30": {"num_user": 100, "num_service": 41, "min_max_greedy": {"max_delay": 0.06250474884011863, "running_time": 7.006168365478516}, "min_max_equal_weight": {"max_delay": 0.08846413450106574, "running_time": 24.019718170166016}, "min_max_surrogate_relaxation": {"max_delay": 0.06250474884011863, "lower_bound": 0.03990925071522082, "running_time": 104.08568382263184, "none_zero_ratio": 0.05, "max_weight": 0.26264190673828125, "min_weight": 0.091552734375}, "min_max_pulp": {"max_delay": 0.06250474884011863, "running_time": 9783.080339431763}}, "40": {"num_user": 100, "num_service": 41, "min_max_greedy": {"max_delay": 0.05301795082628321, "running_time": 8.00633430480957}, "min_max_equal_weight": {"max_delay": 0.0853791101864585, "running_time": 25.020599365234375}, "min_max_surrogate_relaxation": {"max_delay": 0.06070019344435242, "lower_bound": 0.022908190132428452, "running_time": 152.12559700012207, "none_zero_ratio": 0.07, "max_weight": 0.5, "min_weight": 0.0026396960020065308}, "min_max_pulp": {"max_delay": 0.04588957100734476, "running_time": 13436.09595298767}}, "50": {"num_user": 100, "num_service": 41, "min_max_greedy": {"max_delay": 0.04769434579835667, "running_time": 11.00921630859375}, "min_max_equal_weight": {"max_delay": 0.08846413450106574, "running_time": 24.019956588745117}, "min_max_surrogate_relaxation": {"max_delay": 0.04268144049169852, "lower_bound": 0.01905883519512972, "running_time": 114.09401893615723, "none_zero_ratio": 0.05, "max_weight": 0.488525390625, "min_weight": 0.0703125}, "min_max_pulp": {"max_delay": 0.04210917990176604, "running_time": 18230.05247116089}}, "60": {"num_user": 100, "num_service": 41, "min_max_greedy": {"max_delay": 0.04038643424698828, "running_time": 14.011383056640625}, "min_max_equal_weight": {"max_delay": 0.0853791101864585, "running_time": 25.020837783813477}, "min_max_surrogate_relaxation": {"max_delay": 0.04229307896772055, "lower_bound": 0.014884936302461769, "running_time": 152.12512016296387, "none_zero_ratio": 0.05, "max_weight": 0.375, "min_weight": 0.05859375}, "min_max_pulp": {"max_delay": 0.03737742757902701, "running_time": 22871.881008148193}}, "70": {"num_user": 100, "num_service": 41, "min_max_greedy": {"max_delay": 0.0326578557081294, "running_time": 17.0133113861084}, "min_max_equal_weight": {"max_delay": 0.05498830464872117, "running_time": 27.022361755371094}, "min_max_surrogate_relaxation": {"max_delay": 0.0420963867732829, "lower_bound": 0.009494521869900904, "running_time": 133.10980796813965, "none_zero_ratio": 0.05, "max_weight": 0.4390754699707031, "min_weight": 0.08131027221679688}, "min_max_pulp": {"max_delay": 0.027315160188518078, "running_time": 27442.650318145752}}, "80": {"num_user": 100, "num_service": 41, "min_max_greedy": {"max_delay": 0.031108958342037106, "running_time": 20.01667022705078}, "min_max_equal_weight": {"max_delay": 0.054403250930305555, "running_time": 26.0162353515625}, "min_max_surrogate_relaxation": {"max_delay": 0.02307904058247277, "lower_bound": 0.01349246314680766, "running_time": 510.420560836792, "none_zero_ratio": 0.09, "max_weight": 0.25, "min_weight": 0.020459742700040806}, "min_max_pulp": {"max_delay": 0.020363673807639066, "running_time": 37952.32367515564}}, "90": {"num_user": 100, "num_service": 41, "min_max_greedy": {"max_delay": 0.024444732519255056, "running_time": 18.015146255493164}, "min_max_equal_weight": {"max_delay": 0.026598483559860015, "running_time": 26.021480560302734}, "min_max_surrogate_relaxation": {"max_delay": 0.02254656840301108, "lower_bound": 0.007696332541231085, "running_time": 375.30970573425293, "none_zero_ratio": 0.1, "max_weight": 0.18095322842134465, "min_weight": 0.033509857115063824}, "min_max_pulp": {"max_delay": 0.016159365895187246, "running_time": 50491.058588027954}}, "100": {"num_user": 100, "num_service": 41, "min_max_greedy": {"max_delay": 0.015079000682955777, "running_time": 20.016193389892578}, "min_max_equal_weight": {"max_delay": 0.014882308488518133, "running_time": 27.022361755371094}, "min_max_surrogate_relaxation": {"max_delay": 0.014882308488518133, "lower_bound": 0.006471791076805369, "running_time": 426.35178565979004, "none_zero_ratio": 0.1, "max_weight": 0.1326373815536499, "min_weight": 0.05818671752422233}, "min_max_pulp": {"max_delay": 0.012677794964040572, "running_time": 48892.348766326904}}}