{"entropy": 16501128464735516666258433828021233009, "10": {"num_user": 100, "num_service": 41, "min_max_greedy": {"max_delay": 0.05485700641777355, "running_time": 5.004405975341797}, "min_max_equal_weight": {"max_delay": 0.05485700641777355, "running_time": 23.01931381225586}, "min_max_surrogate_relaxation": {"max_delay": 0.05614392634687987, "lower_bound": 0.04601982645388697, "running_time": 52.04319953918457, "none_zero_ratio": 0.04, "max_weight": 0.65277099609375, "min_weight": 0.02105712890625}, "min_max_pulp": {"max_delay": 0.05485700641777355, "running_time": 3219.6555137634277}}, "20": {"num_user": 100, "num_service": 41, "min_max_greedy": {"max_delay": 0.04699956354068011, "running_time": 7.005929946899414}, "min_max_equal_weight": {"max_delay": 0.050374019845458126, "running_time": 23.019075393676758}, "min_max_surrogate_relaxation": {"max_delay": 0.04699956354068011, "lower_bound": 0.04124999226614692, "running_time": 184.15188789367676, "none_zero_ratio": 0.07, "max_weight": 0.2998173236846924, "min_weight": 0.019085593521595}, "min_max_pulp": {"max_delay": 0.04699956354068011, "running_time": 6536.39030456543}}, "30": {"num_user": 100, "num_service": 41, "min_max_greedy": {"max_delay": 0.04443796385582649, "running_time": 10.00833511352539}, "min_max_equal_weight": {"max_delay": 0.050374019845458126, "running_time": 24.019718170166016}, "min_max_surrogate_relaxation": {"max_delay": 0.04498713287066229, "lower_bound": 0.028865623792967036, "running_time": 45.037031173706055, "none_zero_ratio": 0.04, "max_weight": 0.5, "min_weight": 0.01123046875}, "min_max_pulp": {"max_delay": 0.041839842438450264, "running_time": 10141.363382339478}}, "40": {"num_user": 100, "num_service": 41, "min_max_greedy": {"max_delay": 0.03998514728995624, "running_time": 13.010740280151367}, "min_max_equal_weight": {"max_delay": 0.04938589489289284, "running_time": 24.019956588745117}, "min_max_surrogate_relaxation": {"max_delay": 0.03927645153825138, "lower_bound": 0.021210901613606902, "running_time": 52.04296112060547, "none_zero_ratio": 0.04, "max_weight": 0.3515625, "min_weight": 0.136962890625}, "min_max_pulp": {"max_delay": 0.03470324707033966, "running_time": 14174.690246582031}}, "50": {"num_user": 100, "num_service": 41, "min_max_greedy": {"max_delay": 0.033820317115511984, "running_time": 11.008977890014648}, "min_max_equal_weight": {"max_delay": 0.045461914569575636, "running_time": 25.020837783813477}, "min_max_surrogate_relaxation": {"max_delay": 0.03416126405310643, "lower_bound": 0.01560612594747739, "running_time": 103.08527946472168, "none_zero_ratio": 0.06, "max_weight": 0.5, "min_weight": 0.046875}, "min_max_pulp": {"max_delay": 0.03039026790667801, "running_time": 18278.074026107788}}, "60": {"num_user": 100, "num_service": 41, "min_max_greedy": {"max_delay": 0.03039026790667801, "running_time": 11.00921630859375}, "min_max_equal_weight": {"max_delay": 0.04520534680265183, "running_time": 26.021480560302734}, "min_max_surrogate_relaxation": {"max_delay": 0.027330427388199657, "lower_bound": 0.010077862564431864, "running_time": 116.09578132629395, "none_zero_ratio": 0.06, "max_weight": 0.4708251953125, "min_weight": 0.04184091091156006}, "min_max_pulp": {"max_delay": 0.02588423030257314, "running_time": 23325.236320495605}}, "70": {"num_user": 100, "num_service": 41, "min_max_greedy": {"max_delay": 0.023767885705688992, "running_time": 13.010740280151367}, "min_max_equal_weight": {"max_delay": 0.03432211905275166, "running_time": 25.020599365234375}, "min_max_surrogate_relaxation": {"max_delay": 0.02273354954405596, "lower_bound": 0.0092133555520203, "running_time": 165.13609886169434, "none_zero_ratio": 0.05, "max_weight": 0.347900390625, "min_weight": 0.06694793701171875}, "min_max_pulp": {"max_delay": 0.01868336211984359, "running_time": 28137.20440864563}}, "80": {"num_user": 100, "num_service": 41, "min_max_greedy": {"max_delay": 0.01467759033988655, "running_time": 13.010978698730469}, "min_max_equal_weight": {"max_delay": 0.034065551285827854, "running_time": 26.021718978881836}, "min_max_surrogate_relaxation": {"max_delay": 0.015018537277481002, "lower_bound": 0.007289749218184645, "running_time": 269.2220211029053, "none_zero_ratio": 0.06, "max_weight": 0.25, "min_weight": 0.059075117111206055}, "min_max_pulp": {"max_delay": 0.013819247529940164, "running_time": 33878.94010543823}}, "90": {"num_user": 100, "num_service": 41, "min_max_greedy": {"max_delay": 0.012197914077957419, "running_time": 17.014026641845703}, "min_max_equal_weight": {"max_delay": 0.013248410771312717, "running_time": 26.021718978881836}, "min_max_surrogate_relaxation": {"max_delay": 0.009818361562478744, "lower_bound": 0.0065471597370722985, "running_time": 778.6421775817871, "none_zero_ratio": 0.15, "max_weight": 0.125, "min_weight": 0.020351767539978027}, "min_max_pulp": {"max_delay": 0.009818361562478744, "running_time": 40494.39525604248}}, "100": {"num_user": 100, "num_service": 41, "min_max_greedy": {"max_delay": 0.008028211258617126, "running_time": 19.015789031982422}, "min_max_equal_weight": {"max_delay": 0.012582980378657202, "running_time": 27.022361755371094}, "min_max_surrogate_relaxation": {"max_delay": 0.007854276582143377, "lower_bound": 0.004812270995477408, "running_time": 594.4902896881104, "none_zero_ratio": 0.12, "max_weight": 0.15416557900607586, "min_weight": 0.031083490820577875}, "min_max_pulp": {"max_delay": 0.007488529745163364, "running_time": 47922.521352767944}}}