{"entropy": 314548540416593145046259103047232996621, "10": {"num_user": 100, "num_service": 41, "min_max_greedy": {"max_delay": 0.06959360223718285, "running_time": 7.0056915283203125}, "min_max_equal_weight": {"max_delay": 0.06959360223718285, "running_time": 23.019075393676758}, "min_max_surrogate_relaxation": {"max_delay": 0.06959360223718285, "lower_bound": 0.060459925009729173, "running_time": 57.047128677368164, "none_zero_ratio": 0.04, "max_weight": 0.6796875, "min_weight": 0.019775390625}, "min_max_pulp": {"max_delay": 0.06959360223718285, "running_time": 3153.6006927490234}}, "20": {"num_user": 100, "num_service": 41, "min_max_greedy": {"max_delay": 0.040370802925970506, "running_time": 9.007692337036133}, "min_max_equal_weight": {"max_delay": 0.040370802925970506, "running_time": 23.019075393676758}, "min_max_surrogate_relaxation": {"max_delay": 0.05141820594581987, "lower_bound": 0.029274079257719264, "running_time": 132.1091651916504, "none_zero_ratio": 0.05, "max_weight": 0.5, "min_weight": 0.0119476318359375}, "min_max_pulp": {"max_delay": 0.03953846228140961, "running_time": 6135.059833526611}}, "30": {"num_user": 100, "num_service": 41, "min_max_greedy": {"max_delay": 0.028573713298676, "running_time": 11.00921630859375}, "min_max_equal_weight": {"max_delay": 0.040370802925970506, "running_time": 24.019956588745117}, "min_max_surrogate_relaxation": {"max_delay": 0.030103713252947563, "lower_bound": 0.02155881513560727, "running_time": 78.0642032623291, "none_zero_ratio": 0.05, "max_weight": 0.5, "min_weight": 0.078125}, "min_max_pulp": {"max_delay": 0.02754396984117843, "running_time": 9808.088302612305}}, "40": {"num_user": 100, "num_service": 41, "min_max_greedy": {"max_delay": 0.024900959700457505, "running_time": 15.012264251708984}, "min_max_equal_weight": {"max_delay": 0.028865148972948097, "running_time": 25.020599365234375}, "min_max_surrogate_relaxation": {"max_delay": 0.030271919429995943, "lower_bound": 0.013609764307900753, "running_time": 108.08944702148438, "none_zero_ratio": 0.05, "max_weight": 0.434234619140625, "min_weight": 0.03125}, "min_max_pulp": {"max_delay": 0.02484615430351417, "running_time": 13888.453960418701}}, "50": {"num_user": 100, "num_service": 41, "min_max_greedy": {"max_delay": 0.021713924726471125, "running_time": 14.011383056640625}, "min_max_equal_weight": {"max_delay": 0.027882948588238234, "running_time": 26.021480560302734}, "min_max_surrogate_relaxation": {"max_delay": 0.023771807494367688, "lower_bound": 0.011506995460215618, "running_time": 149.1227149963379, "none_zero_ratio": 0.06, "max_weight": 0.5, "min_weight": 0.06884336471557617}, "min_max_pulp": {"max_delay": 0.020488883066825746, "running_time": 18045.8824634552}}, "60": {"num_user": 100, "num_service": 41, "min_max_greedy": {"max_delay": 0.01784587292610482, "running_time": 18.015146255493164}, "min_max_equal_weight": {"max_delay": 0.027882948588238234, "running_time": 26.021480560302734}, "min_max_surrogate_relaxation": {"max_delay": 0.02027769650260752, "lower_bound": 0.009326796955275657, "running_time": 246.20294570922852, "none_zero_ratio": 0.08, "max_weight": 0.3390978231327608, "min_weight": 0.03507908515166491}, "min_max_pulp": {"max_delay": 0.017304496176968557, "running_time": 31886.296033859253}}, "70": {"num_user": 100, "num_service": 41, "min_max_greedy": {"max_delay": 0.017037200065068515, "running_time": 21.01755142211914}, "min_max_equal_weight": {"max_delay": 0.027882948588238234, "running_time": 26.021718978881836}, "min_max_surrogate_relaxation": {"max_delay": 0.01868640772242695, "lower_bound": 0.009824968932141137, "running_time": 387.31956481933594, "none_zero_ratio": 0.1, "max_weight": 0.2578125, "min_weight": 0.01313181898581206}, "min_max_pulp": {"max_delay": 0.01605499968035865, "running_time": 139650.8083343506}}, "80": {"num_user": 100, "num_service": 41, "min_max_greedy": {"max_delay": 0.016156943963745937, "running_time": 20.02859115600586}, "min_max_equal_weight": {"max_delay": 0.025408144624565688, "running_time": 28.02300453186035}, "min_max_surrogate_relaxation": {"max_delay": 0.018121478574102397, "lower_bound": 0.007849671707643538, "running_time": 321.26474380493164, "none_zero_ratio": 0.07, "max_weight": 0.5, "min_weight": 0.04414580762386322}, "min_max_pulp": {"max_delay": 0.015320320501128058, "running_time": 991468.6696529388}}, "90": {"num_user": 100, "num_service": 41, "min_max_greedy": {"max_delay": 0.014153823975740708, "running_time": 23.018836975097656}, "min_max_equal_weight": {"max_delay": 0.01658444633851108, "running_time": 27.022361755371094}, "min_max_surrogate_relaxation": {"max_delay": 0.014841901684684227, "lower_bound": 0.006274709883770782, "running_time": 485.4004383087158, "none_zero_ratio": 0.07, "max_weight": 0.20108520984649658, "min_weight": 0.04990166053175926}, "min_max_pulp": {"max_delay": 0.013167335917715073, "running_time": 482544.9528694153}}, "100": {"num_user": 100, "num_service": 41, "min_max_greedy": {"max_delay": 0.013814504329007377, "running_time": 25.020837783813477}, "min_max_equal_weight": {"max_delay": 0.01362599561334407, "running_time": 29.02388572692871}, "min_max_surrogate_relaxation": {"max_delay": 0.01362599561334407, "lower_bound": 0.0048214091110362674, "running_time": 503.4153461456299, "none_zero_ratio": 0.09, "max_weight": 0.375, "min_weight": 0.03411404124562978}, "min_max_pulp": {"max_delay": 0.007828677612881023, "running_time": 47475.15273094177}}}