{"entropy": 66050114931107754735474643414048516414, "10": {"num_user": 100, "num_service": 41, "min_max_greedy": {"max_delay": 0.07284175803633589, "running_time": 8.006811141967773}, "min_max_equal_weight": {"max_delay": 0.07284175803633589, "running_time": 23.018836975097656}, "min_max_surrogate_relaxation": {"max_delay": 0.06568170932588215, "lower_bound": 0.047407222135030666, "running_time": 56.046247482299805, "none_zero_ratio": 0.04, "max_weight": 0.522216796875, "min_weight": 0.016845703125}, "min_max_pulp": {"max_delay": 0.06568170932588215, "running_time": 4015.3112411499023}}, "20": {"num_user": 100, "num_service": 41, "min_max_greedy": {"max_delay": 0.03817798973779956, "running_time": 9.007930755615234}, "min_max_equal_weight": {"max_delay": 0.06204987523834914, "running_time": 23.019075393676758}, "min_max_surrogate_relaxation": {"max_delay": 0.03549345130654155, "lower_bound": 0.020100365657639934, "running_time": 297.2450256347656, "none_zero_ratio": 0.05, "max_weight": 0.5, "min_weight": 0.0112152099609375}, "min_max_pulp": {"max_delay": 0.03386653009992651, "running_time": 7985.585689544678}}, "30": {"num_user": 100, "num_service": 41, "min_max_greedy": {"max_delay": 0.022444286533488463, "running_time": 12.01009750366211}, "min_max_equal_weight": {"max_delay": 0.02740319699799649, "running_time": 25.020837783813477}, "min_max_surrogate_relaxation": {"max_delay": 0.02740319699799649, "lower_bound": 0.013987780432302222, "running_time": 215.17705917358398, "none_zero_ratio": 0.05, "max_weight": 0.30466461181640625, "min_weight": 0.03151702880859375}, "min_max_pulp": {"max_delay": 0.022444286533488463, "running_time": 12831.582069396973}}, "40": {"num_user": 100, "num_service": 41, "min_max_greedy": {"max_delay": 0.01719542502318768, "running_time": 14.011383056640625}, "min_max_equal_weight": {"max_delay": 0.023782830478462812, "running_time": 26.021718978881836}, "min_max_surrogate_relaxation": {"max_delay": 0.017595003868252655, "lower_bound": 0.011259494497682952, "running_time": 249.2053508758545, "none_zero_ratio": 0.08, "max_weight": 0.439453125, "min_weight": 0.006989917892497033}, "min_max_pulp": {"max_delay": 0.01719542502318768, "running_time": 17920.77922821045}}, "50": {"num_user": 100, "num_service": 41, "min_max_greedy": {"max_delay": 0.015586361805762242, "running_time": 15.012264251708984}, "min_max_equal_weight": {"max_delay": 0.01653039173054357, "running_time": 27.022361755371094}, "min_max_surrogate_relaxation": {"max_delay": 0.01530437844105763, "lower_bound": 0.006835270059893617, "running_time": 247.20406532287598, "none_zero_ratio": 0.08, "max_weight": 0.24609375, "min_weight": 0.030750015866942704}, "min_max_pulp": {"max_delay": 0.010345467976549602, "running_time": 23876.691341400146}}, "60": {"num_user": 100, "num_service": 41, "min_max_greedy": {"max_delay": 0.008582144180350066, "running_time": 20.01643180847168}, "min_max_equal_weight": {"max_delay": 0.009182111126257324, "running_time": 27.022600173950195}, "min_max_surrogate_relaxation": {"max_delay": 0.00851844767986882, "lower_bound": 0.0053103483419763425, "running_time": 711.5864753723145, "none_zero_ratio": 0.09, "max_weight": 0.1734619140625, "min_weight": 0.016613311072433135}, "min_max_pulp": {"max_delay": 0.00752290815920798, "running_time": 31456.942319869995}}, "70": {"num_user": 100, "num_service": 41, "min_max_greedy": {"max_delay": 0.006433290271581258, "running_time": 22.0181941986084}, "min_max_equal_weight": {"max_delay": 0.007939115240443112, "running_time": 27.022600173950195}, "min_max_surrogate_relaxation": {"max_delay": 0.0059604923847008905, "lower_bound": 0.004053961815914681, "running_time": 832.6866626739502, "none_zero_ratio": 0.13, "max_weight": 0.24609375, "min_weight": 0.016141057014465332}, "min_max_pulp": {"max_delay": 0.0059604923847008905, "running_time": 46429.28981781006}}, "80": {"num_user": 100, "num_service": 41, "min_max_greedy": {"max_delay": 0.005295356681118701, "running_time": 26.021242141723633}, "min_max_equal_weight": {"max_delay": 0.005790261331674304, "running_time": 28.02300453186035}, "min_max_surrogate_relaxation": {"max_delay": 0.0055742017808238665, "lower_bound": 0.0033263069534649908, "running_time": 501.41358375549316, "none_zero_ratio": 0.08, "max_weight": 0.25, "min_weight": 0.03533365088514984}, "min_max_pulp": {"max_delay": 0.00471060875533382, "running_time": 49807.07550048828}}, "90": {"num_user": 100, "num_service": 41, "min_max_greedy": {"max_delay": 0.004729091376670891, "running_time": 28.02300453186035}, "min_max_equal_weight": {"max_delay": 0.005790261331674304, "running_time": 31.020164489746094}, "min_max_surrogate_relaxation": {"max_delay": 0.0048460160072554565, "lower_bound": 0.0030594342666026555, "running_time": 1567.2924518585205, "none_zero_ratio": 0.12, "max_weight": 0.17053377628326416, "min_weight": 0.004919093166674826}, "min_max_pulp": {"max_delay": 0.004165166287401132, "running_time": 79835.83998680115}}, "100": {"num_user": 100, "num_service": 41, "min_max_greedy": {"max_delay": 0.003660711788931616, "running_time": 31.025409698486328}, "min_max_equal_weight": {"max_delay": 0.00522164876286102, "running_time": 31.02564811706543}, "min_max_surrogate_relaxation": {"max_delay": 0.004073245253074556, "lower_bound": 0.0027769930348178784, "running_time": 1624.3391036987305, "none_zero_ratio": 0.15, "max_weight": 0.18316590785980225, "min_weight": 0.008363427044721324}, "min_max_pulp": {"max_delay": 0.003660711788931616, "running_time": 164168.38884353638}}}