{"entropy": 206257642022742444327340992619407067359, "10": {"num_user": 100, "num_service": 41, "min_max_greedy": {"max_delay": 0.08396144043089895, "running_time": 3.0024051666259766}, "min_max_equal_weight": {"max_delay": 0.16820644871814983, "running_time": 22.0181941986084}, "min_max_surrogate_relaxation": {"max_delay": 0.08396144043089895, "lower_bound": 0.06856029047264582, "running_time": 45.037269592285156, "none_zero_ratio": 0.02, "max_weight": 0.5, "min_weight": 0.5}, "min_max_pulp": {"max_delay": 0.08396144043089895, "running_time": 2750.2682209014893}}, "20": {"num_user": 100, "num_service": 41, "min_max_greedy": {"max_delay": 0.04917426567190663, "running_time": 5.004167556762695}, "min_max_equal_weight": {"max_delay": 0.16820644871814983, "running_time": 23.019075393676758}, "min_max_surrogate_relaxation": {"max_delay": 0.04973213552909523, "lower_bound": 0.029155348767632767, "running_time": 55.045127868652344, "none_zero_ratio": 0.05, "max_weight": 0.5, "min_weight": 0.0148773193359375}, "min_max_pulp": {"max_delay": 0.04917426567190663, "running_time": 5340.404272079468}}, "30": {"num_user": 100, "num_service": 41, "min_max_greedy": {"max_delay": 0.03261490514337691, "running_time": 7.005929946899414}, "min_max_equal_weight": {"max_delay": 0.04029790767478141, "running_time": 24.019956588745117}, "min_max_surrogate_relaxation": {"max_delay": 0.034602714881037666, "lower_bound": 0.022089061548040856, "running_time": 144.1187858581543, "none_zero_ratio": 0.05, "max_weight": 0.3515625, "min_weight": 0.01750946044921875}, "min_max_pulp": {"max_delay": 0.03261490514337691, "running_time": 8276.82614326477}}, "40": {"num_user": 100, "num_service": 41, "min_max_greedy": {"max_delay": 0.024753710421671647, "running_time": 11.008977890014648}, "min_max_equal_weight": {"max_delay": 0.029048677627628233, "running_time": 25.021076202392578}, "min_max_surrogate_relaxation": {"max_delay": 0.028218268314268005, "lower_bound": 0.014667481903783247, "running_time": 236.19461059570312, "none_zero_ratio": 0.1, "max_weight": 0.27722961704057525, "min_weight": 0.016167759895324707}, "min_max_pulp": {"max_delay": 0.022874175550874537, "running_time": 11438.433170318604}}, "50": {"num_user": 100, "num_service": 41, "min_max_greedy": {"max_delay": 0.017141274206742257, "running_time": 11.00921630859375}, "min_max_equal_weight": {"max_delay": 0.028160106697709096, "running_time": 24.019718170166016}, "min_max_surrogate_relaxation": {"max_delay": 0.016422559133677263, "lower_bound": 0.008667165855199811, "running_time": 180.14883995056152, "none_zero_ratio": 0.08, "max_weight": 0.3125, "min_weight": 0.035111527831759304}, "min_max_pulp": {"max_delay": 0.016422559133677263, "running_time": 15134.481430053711}}, "60": {"num_user": 100, "num_service": 41, "min_max_greedy": {"max_delay": 0.01283326047576561, "running_time": 14.011383056640625}, "min_max_equal_weight": {"max_delay": 0.01625270327682312, "running_time": 25.020599365234375}, "min_max_surrogate_relaxation": {"max_delay": 0.01283326047576561, "lower_bound": 0.008100887014202059, "running_time": 487.40172386169434, "none_zero_ratio": 0.14, "max_weight": 0.15504064115157234, "min_weight": 0.021651864051818848}, "min_max_pulp": {"max_delay": 0.011838291470019233, "running_time": 19353.96122932434}}, "70": {"num_user": 100, "num_service": 41, "min_max_greedy": {"max_delay": 0.012363796046574286, "running_time": 15.012264251708984}, "min_max_equal_weight": {"max_delay": 0.012139996627636885, "running_time": 26.021718978881836}, "min_max_surrogate_relaxation": {"max_delay": 0.011789671761488485, "lower_bound": 0.006232430617103661, "running_time": 440.36340713500977, "none_zero_ratio": 0.07, "max_weight": 0.25, "min_weight": 0.050537109375}, "min_max_pulp": {"max_delay": 0.011351669214471758, "running_time": 27213.44304084778}}, "80": {"num_user": 100, "num_service": 41, "min_max_greedy": {"max_delay": 0.008665121798759608, "running_time": 17.014265060424805}, "min_max_equal_weight": {"max_delay": 0.012124073032568086, "running_time": 26.021480560302734}, "min_max_surrogate_relaxation": {"max_delay": 0.009156732497090975, "lower_bound": 0.005151600122866036, "running_time": 464.3833637237549, "none_zero_ratio": 0.08, "max_weight": 0.30078125, "min_weight": 0.03832447528839111}, "min_max_pulp": {"max_delay": 0.007851252483342975, "running_time": 28944.870471954346}}, "90": {"num_user": 100, "num_service": 41, "min_max_greedy": {"max_delay": 0.00728720532220346, "running_time": 19.01555061340332}, "min_max_equal_weight": {"max_delay": 0.011697072245252309, "running_time": 27.02021598815918}, "min_max_surrogate_relaxation": {"max_delay": 0.0073435520758752286, "lower_bound": 0.004032405397324789, "running_time": 473.3903408050537, "none_zero_ratio": 0.09, "max_weight": 0.25, "min_weight": 0.04430642093211645}, "min_max_pulp": {"max_delay": 0.006536044279910318, "running_time": 34094.117403030396}}, "100": {"num_user": 100, "num_service": 41, "min_max_greedy": {"max_delay": 0.006333255969853364, "running_time": 23.019075393676758}, "min_max_equal_weight": {"max_delay": 0.006288426979316154, "running_time": 27.022361755371094}, "min_max_surrogate_relaxation": {"max_delay": 0.006288426979316154, "lower_bound": 0.004215159439221073, "running_time": 1461.205005645752, "none_zero_ratio": 0.09, "max_weight": 0.25, "min_weight": 0.05005645751953125}, "min_max_pulp": {"max_delay": 0.005576032572282261, "running_time": 42200.80304145813}}}