{"entropy": 241308113538199828837267831297470025497, "10": {"num_user": 100, "num_service": 41, "min_max_greedy": {"max_delay": 0.06456058503625255, "running_time": 4.003047943115234}, "min_max_equal_weight": {"max_delay": 0.06456058503625255, "running_time": 23.018836975097656}, "min_max_surrogate_relaxation": {"max_delay": 0.0642628647259911, "lower_bound": 0.053334046999907875, "running_time": 36.029815673828125, "none_zero_ratio": 0.03, "max_weight": 0.5, "min_weight": 0.046875}, "min_max_pulp": {"max_delay": 0.0642628647259911, "running_time": 2545.0992584228516}}, "20": {"num_user": 100, "num_service": 41, "min_max_greedy": {"max_delay": 0.05357638066642721, "running_time": 6.004810333251953}, "min_max_equal_weight": {"max_delay": 0.05357638066642721, "running_time": 23.018836975097656}, "min_max_surrogate_relaxation": {"max_delay": 0.03930804080299705, "lower_bound": 0.025184041354706473, "running_time": 73.0600357055664, "none_zero_ratio": 0.03, "max_weight": 0.5, "min_weight": 0.046875}, "min_max_pulp": {"max_delay": 0.03930804080299705, "running_time": 4807.965278625488}}, "30": {"num_user": 100, "num_service": 41, "min_max_greedy": {"max_delay": 0.03195564733164203, "running_time": 6.004810333251953}, "min_max_equal_weight": {"max_delay": 0.03775486660679304, "running_time": 23.018836975097656}, "min_max_surrogate_relaxation": {"max_delay": 0.03521949568047511, "lower_bound": 0.02075614257715646, "running_time": 66.0543441772461, "none_zero_ratio": 0.03, "max_weight": 0.5, "min_weight": 0.234375}, "min_max_pulp": {"max_delay": 0.03195564733164203, "running_time": 7348.059892654419}}, "40": {"num_user": 100, "num_service": 41, "min_max_greedy": {"max_delay": 0.030029274634015786, "running_time": 14.011621475219727}, "min_max_equal_weight": {"max_delay": 0.030908928761817007, "running_time": 23.018836975097656}, "min_max_surrogate_relaxation": {"max_delay": 0.030104752825176558, "lower_bound": 0.014153988301810992, "running_time": 97.08023071289062, "none_zero_ratio": 0.04, "max_weight": 0.375, "min_weight": 0.0872802734375}, "min_max_pulp": {"max_delay": 0.02917479025682678, "running_time": 10337.525367736816}}, "50": {"num_user": 100, "num_service": 41, "min_max_greedy": {"max_delay": 0.027137988641383233, "running_time": 12.009859085083008}, "min_max_equal_weight": {"max_delay": 0.029942273313022225, "running_time": 25.020599365234375}, "min_max_surrogate_relaxation": {"max_delay": 0.026458659912931913, "lower_bound": 0.012850358390973532, "running_time": 107.08832740783691, "none_zero_ratio": 0.04, "max_weight": 0.5, "min_weight": 0.06591796875}, "min_max_pulp": {"max_delay": 0.025671700776678703, "running_time": 13406.055688858032}}, "60": {"num_user": 100, "num_service": 41, "min_max_greedy": {"max_delay": 0.02331544716023464, "running_time": 12.009620666503906}, "min_max_equal_weight": {"max_delay": 0.029058034255351535, "running_time": 26.021718978881836}, "min_max_surrogate_relaxation": {"max_delay": 0.023489593468865998, "lower_bound": 0.010889153188587764, "running_time": 214.17665481567383, "none_zero_ratio": 0.06, "max_weight": 0.25426483154296875, "min_weight": 0.04663825035095215}, "min_max_pulp": {"max_delay": 0.02236428431439924, "running_time": 16684.760093688965}}, "70": {"num_user": 100, "num_service": 41, "min_max_greedy": {"max_delay": 0.02149722063870899, "running_time": 12.009859085083008}, "min_max_equal_weight": {"max_delay": 0.02541194134310689, "running_time": 25.020599365234375}, "min_max_surrogate_relaxation": {"max_delay": 0.02051229522452042, "lower_bound": 0.009411525398074869, "running_time": 292.24109649658203, "none_zero_ratio": 0.06, "max_weight": 0.274658203125, "min_weight": 0.019150972366333008}, "min_max_pulp": {"max_delay": 0.018996335616025622, "running_time": 55815.030097961426}}, "80": {"num_user": 100, "num_service": 41, "min_max_greedy": {"max_delay": 0.01621547854121037, "running_time": 15.012264251708984}, "min_max_equal_weight": {"max_delay": 0.024974107474064096, "running_time": 26.021718978881836}, "min_max_surrogate_relaxation": {"max_delay": 0.01874674313261303, "lower_bound": 0.008132433259229651, "running_time": 384.31692123413086, "none_zero_ratio": 0.09, "max_weight": 0.24609375, "min_weight": 0.017433721495763166}, "min_max_pulp": {"max_delay": 0.015499893186450085, "running_time": 26672.996520996094}}, "90": {"num_user": 100, "num_service": 41, "min_max_greedy": {"max_delay": 0.015962471700704917, "running_time": 17.0137882232666}, "min_max_equal_weight": {"max_delay": 0.024974107474064096, "running_time": 27.022361755371094}, "min_max_surrogate_relaxation": {"max_delay": 0.015147600458437218, "lower_bound": 0.0063970696026252605, "running_time": 327.2695541381836, "none_zero_ratio": 0.07, "max_weight": 0.2578125, "min_weight": 0.017299242317676544}, "min_max_pulp": {"max_delay": 0.012639659656726197, "running_time": 30370.046138763428}}, "100": {"num_user": 100, "num_service": 41, "min_max_greedy": {"max_delay": 0.014211097740989498, "running_time": 18.014907836914062}, "min_max_equal_weight": {"max_delay": 0.017135125903455794, "running_time": 26.021480560302734}, "min_max_surrogate_relaxation": {"max_delay": 0.01442974701980132, "lower_bound": 0.005773266100685021, "running_time": 463.3822441101074, "none_zero_ratio": 0.11, "max_weight": 0.28967857360839844, "min_weight": 0.011242129976940518}, "min_max_pulp": {"max_delay": 0.009054626645270503, "running_time": 32637.916803359985}}}