{"entropy": 282284494700245135743004222020325822796, "10": {"num_user": 100, "num_service": 41, "min_max_greedy": {"max_delay": 0.10213429494857909, "running_time": 6.004810333251953}, "min_max_equal_weight": {"max_delay": 0.10829935905664277, "running_time": 23.019075393676758}, "min_max_surrogate_relaxation": {"max_delay": 0.10213429494857909, "lower_bound": 0.09915338657361261, "running_time": 127.1049976348877, "none_zero_ratio": 0.05, "max_weight": 0.5859375, "min_weight": 0.00048065185546875}, "min_max_pulp": {"max_delay": 0.10213429494857909, "running_time": 4251.522541046143}}, "20": {"num_user": 100, "num_service": 41, "min_max_greedy": {"max_delay": 0.07136390163305141, "running_time": 6.005048751831055}, "min_max_equal_weight": {"max_delay": 0.07136390163305141, "running_time": 23.018836975097656}, "min_max_surrogate_relaxation": {"max_delay": 0.07136390163305141, "lower_bound": 0.04435368872756449, "running_time": 67.05570220947266, "none_zero_ratio": 0.03, "max_weight": 0.5, "min_weight": 0.140625}, "min_max_pulp": {"max_delay": 0.07136390163305141, "running_time": 8924.392938613892}}, "30": {"num_user": 100, "num_service": 41, "min_max_greedy": {"max_delay": 0.036477891613380636, "running_time": 7.0056915283203125}, "min_max_equal_weight": {"max_delay": 0.03395563443058146, "running_time": 23.01931381225586}, "min_max_surrogate_relaxation": {"max_delay": 0.03381104681223201, "lower_bound": 0.02342814352815327, "running_time": 229.1889190673828, "none_zero_ratio": 0.05, "max_weight": 0.353759765625, "min_weight": 0.0077054500579833984}, "min_max_pulp": {"max_delay": 0.03381104681223201, "running_time": 14472.950220108032}}, "40": {"num_user": 100, "num_service": 41, "min_max_greedy": {"max_delay": 0.021645724242085003, "running_time": 10.00833511352539}, "min_max_equal_weight": {"max_delay": 0.030563363818175947, "running_time": 25.020360946655273}, "min_max_surrogate_relaxation": {"max_delay": 0.021645724242085003, "lower_bound": 0.014286859329994068, "running_time": 388.3199691772461, "none_zero_ratio": 0.05, "max_weight": 0.51953125, "min_weight": 0.008678436279296875}, "min_max_pulp": {"max_delay": 0.021330963539496185, "running_time": 20631.014585494995}}, "50": {"num_user": 100, "num_service": 41, "min_max_greedy": {"max_delay": 0.01548893109951803, "running_time": 12.01009750366211}, "min_max_equal_weight": {"max_delay": 0.02013384769075059, "running_time": 25.020599365234375}, "min_max_surrogate_relaxation": {"max_delay": 0.017910528135813914, "lower_bound": 0.009772377450454499, "running_time": 290.2398109436035, "none_zero_ratio": 0.06, "max_weight": 0.3515625, "min_weight": 0.010639429092407227}, "min_max_pulp": {"max_delay": 0.01548893109951803, "running_time": 27953.05299758911}}, "60": {"num_user": 100, "num_service": 41, "min_max_greedy": {"max_delay": 0.009847062107328199, "running_time": 14.011621475219727}, "min_max_equal_weight": {"max_delay": 0.010216361174293018, "running_time": 26.021480560302734}, "min_max_surrogate_relaxation": {"max_delay": 0.014013838288310406, "lower_bound": 0.006884834280678559, "running_time": 433.35723876953125, "none_zero_ratio": 0.11, "max_weight": 0.25, "min_weight": 0.0067353214925347515}, "min_max_pulp": {"max_delay": 0.009387713786389938, "running_time": 36167.82760620117}}, "70": {"num_user": 100, "num_service": 41, "min_max_greedy": {"max_delay": 0.00855792870873899, "running_time": 16.013145446777344}, "min_max_equal_weight": {"max_delay": 0.009387713786389938, "running_time": 26.021718978881836}, "min_max_surrogate_relaxation": {"max_delay": 0.009008956873812382, "lower_bound": 0.00543739669579997, "running_time": 492.40612983703613, "none_zero_ratio": 0.09, "max_weight": 0.2999267578125, "min_weight": 0.005839665227540536}, "min_max_pulp": {"max_delay": 0.007820325660040546, "running_time": 47311.07544898987}}, "80": {"num_user": 100, "num_service": 41, "min_max_greedy": {"max_delay": 0.007143187942541398, "running_time": 18.014907836914062}, "min_max_equal_weight": {"max_delay": 0.007846792704893331, "running_time": 27.022600173950195}, "min_max_surrogate_relaxation": {"max_delay": 0.007151752829224533, "lower_bound": 0.0038987485224413723, "running_time": 432.356595993042, "none_zero_ratio": 0.1, "max_weight": 0.3104209899902344, "min_weight": 0.00563687372334698}, "min_max_pulp": {"max_delay": 0.006558357058504016, "running_time": 81957.90433883667}}, "90": {"num_user": 100, "num_service": 41, "min_max_greedy": {"max_delay": 0.00615184795532521, "running_time": 21.01731300354004}, "min_max_equal_weight": {"max_delay": 0.007562972704423637, "running_time": 29.02388572692871}, "min_max_surrogate_relaxation": {"max_delay": 0.006351464154966169, "lower_bound": 0.0036125095867666416, "running_time": 654.5400619506836, "none_zero_ratio": 0.1, "max_weight": 0.1734619140625, "min_weight": 0.005485101345925614}, "min_max_pulp": {"max_delay": 0.005558859407406209, "running_time": 103037.3604297638}}, "100": {"num_user": 100, "num_service": 41, "min_max_greedy": {"max_delay": 0.004696883568857123, "running_time": 25.021076202392578}, "min_max_equal_weight": {"max_delay": 0.007249336229676288, "running_time": 29.02388572692871}, "min_max_surrogate_relaxation": {"max_delay": 0.005558859407406209, "lower_bound": 0.0032670245464236115, "running_time": 1032.8519344329834, "none_zero_ratio": 0.12, "max_weight": 0.25, "min_weight": 0.002822048063982896}, "min_max_pulp": {"max_delay": 0.0046359483600132605, "running_time": 105553.5569190979}}}