{"entropy": 276679738761119970028778611417618829048, "10": {"num_user": 100, "num_service": 41, "min_max_greedy": {"max_delay": 0.04189864418785841, "running_time": 7.006168365478516}, "min_max_equal_weight": {"max_delay": 0.04189864418785841, "running_time": 23.019075393676758}, "min_max_surrogate_relaxation": {"max_delay": 0.04189864418785841, "lower_bound": 0.027780550179495916, "running_time": 77.06332206726074, "none_zero_ratio": 0.04, "max_weight": 0.5, "min_weight": 0.03173828125}, "min_max_pulp": {"max_delay": 0.04189864418785841, "running_time": 3311.7313385009766}}, "20": {"num_user": 100, "num_service": 41, "min_max_greedy": {"max_delay": 0.027709178013817063, "running_time": 10.00833511352539}, "min_max_equal_weight": {"max_delay": 0.028941333679851192, "running_time": 24.019718170166016}, "min_max_surrogate_relaxation": {"max_delay": 0.028941333679851192, "lower_bound": 0.016148604961416818, "running_time": 123.10147285461426, "none_zero_ratio": 0.06, "max_weight": 0.5, "min_weight": 0.02490234375}, "min_max_pulp": {"max_delay": 0.027709178013817063, "running_time": 6618.458271026611}}, "30": {"num_user": 100, "num_service": 41, "min_max_greedy": {"max_delay": 0.023512318379406438, "running_time": 12.009859085083008}, "min_max_equal_weight": {"max_delay": 0.02389235768737171, "running_time": 25.020599365234375}, "min_max_surrogate_relaxation": {"max_delay": 0.023512318379406438, "lower_bound": 0.015827362119904806, "running_time": 562.4639987945557, "none_zero_ratio": 0.12, "max_weight": 0.26810803610715084, "min_weight": 0.003839758374946079}, "min_max_pulp": {"max_delay": 0.0223254174153948, "running_time": 10465.662479400635}}, "40": {"num_user": 100, "num_service": 41, "min_max_greedy": {"max_delay": 0.021734382887124537, "running_time": 17.014026641845703}, "min_max_equal_weight": {"max_delay": 0.022495294942504667, "running_time": 25.020599365234375}, "min_max_surrogate_relaxation": {"max_delay": 0.021185992188793298, "lower_bound": 0.011825538635265908, "running_time": 325.268030166626, "none_zero_ratio": 0.09, "max_weight": 0.3717041015625, "min_weight": 0.007913393583294237}, "min_max_pulp": {"max_delay": 0.01866602078277002, "running_time": 14714.147806167603}}, "50": {"num_user": 100, "num_service": 41, "min_max_greedy": {"max_delay": 0.0185209255375405, "running_time": 16.013145446777344}, "min_max_equal_weight": {"max_delay": 0.021019771123641322, "running_time": 26.021480560302734}, "min_max_surrogate_relaxation": {"max_delay": 0.017860849701022655, "lower_bound": 0.01056528977812138, "running_time": 615.5076026916504, "none_zero_ratio": 0.14, "max_weight": 0.17586179569661908, "min_weight": 0.009377868396172445}, "min_max_pulp": {"max_delay": 0.016513405558768946, "running_time": 20693.08876991272}}, "60": {"num_user": 100, "num_service": 41, "min_max_greedy": {"max_delay": 0.014726710978113613, "running_time": 18.015146255493164}, "min_max_equal_weight": {"max_delay": 0.01715129006762876, "running_time": 26.021242141723633}, "min_max_surrogate_relaxation": {"max_delay": 0.01686126415862165, "lower_bound": 0.008452173894180357, "running_time": 643.5308456420898, "none_zero_ratio": 0.09, "max_weight": 0.5, "min_weight": 0.019910539776901715}, "min_max_pulp": {"max_delay": 0.01419495504205746, "running_time": 39178.92026901245}}, "70": {"num_user": 100, "num_service": 41, "min_max_greedy": {"max_delay": 0.01404356728419093, "running_time": 23.01931381225586}, "min_max_equal_weight": {"max_delay": 0.016360508976279192, "running_time": 28.02300453186035}, "min_max_surrogate_relaxation": {"max_delay": 0.014919938391760042, "lower_bound": 0.006684406725994653, "running_time": 640.5284404754639, "none_zero_ratio": 0.12, "max_weight": 0.2235506633296609, "min_weight": 0.020390133424665752}, "min_max_pulp": {"max_delay": 0.010704548456791035, "running_time": 37887.31789588928}}, "80": {"num_user": 100, "num_service": 41, "min_max_greedy": {"max_delay": 0.01195327996909219, "running_time": 25.020599365234375}, "min_max_equal_weight": {"max_delay": 0.011143211214514987, "running_time": 27.022123336791992}, "min_max_surrogate_relaxation": {"max_delay": 0.01087280106024302, "lower_bound": 0.004691895123430971, "running_time": 497.4102973937988, "none_zero_ratio": 0.08, "max_weight": 0.25, "min_weight": 0.03331303596496582}, "min_max_pulp": {"max_delay": 0.007532319730526606, "running_time": 38288.678884506226}}, "90": {"num_user": 100, "num_service": 41, "min_max_greedy": {"max_delay": 0.007229875615202235, "running_time": 26.021480560302734}, "min_max_equal_weight": {"max_delay": 0.009158076370451258, "running_time": 29.026508331298828}, "min_max_surrogate_relaxation": {"max_delay": 0.006609424348201229, "lower_bound": 0.003979813416604254, "running_time": 908.7610244750977, "none_zero_ratio": 0.14, "max_weight": 0.2584010685859539, "min_weight": 0.013500731389664128}, "min_max_pulp": {"max_delay": 0.006245583667902509, "running_time": 57614.6285533905}}, "100": {"num_user": 100, "num_service": 41, "min_max_greedy": {"max_delay": 0.005568386654215898, "running_time": 29.02388572692871}, "min_max_equal_weight": {"max_delay": 0.008888363744728933, "running_time": 29.02388572692871}, "min_max_surrogate_relaxation": {"max_delay": 0.006248163864929118, "lower_bound": 0.0033331353502781096, "running_time": 680.5610656738281, "none_zero_ratio": 0.11, "max_weight": 0.2123504877090454, "min_weight": 0.017512585082091192}, "min_max_pulp": {"max_delay": 0.004835352180383155, "running_time": 54349.46656227112}}}