{"entropy": 44563768040766556280227398637992747499, "10": {"num_user": 100, "num_service": 41, "min_max_greedy": {"max_delay": 0.046207459685767685, "running_time": 6.005048751831055}, "min_max_equal_weight": {"max_delay": 0.046207459685767685, "running_time": 23.019075393676758}, "min_max_surrogate_relaxation": {"max_delay": 0.046207459685767685, "lower_bound": 0.039707910499769405, "running_time": 59.04865264892578, "none_zero_ratio": 0.04, "max_weight": 0.5, "min_weight": 0.01025390625}, "min_max_pulp": {"max_delay": 0.046207459685767685, "running_time": 3937.2472763061523}}, "20": {"num_user": 100, "num_service": 41, "min_max_greedy": {"max_delay": 0.039229695422880545, "running_time": 9.007692337036133}, "min_max_equal_weight": {"max_delay": 0.046207459685767685, "running_time": 24.019718170166016}, "min_max_surrogate_relaxation": {"max_delay": 0.039229695422880545, "lower_bound": 0.02875830128524882, "running_time": 118.09730529785156, "none_zero_ratio": 0.05, "max_weight": 0.3409423828125, "min_weight": 0.036449432373046875}, "min_max_pulp": {"max_delay": 0.038806132067629825, "running_time": 8131.706476211548}}, "30": {"num_user": 100, "num_service": 41, "min_max_greedy": {"max_delay": 0.03725130721480895, "running_time": 11.00921630859375}, "min_max_equal_weight": {"max_delay": 0.03829186747285105, "running_time": 25.020599365234375}, "min_max_surrogate_relaxation": {"max_delay": 0.03829186747285105, "lower_bound": 0.015084871956890714, "running_time": 198.16327095031738, "none_zero_ratio": 0.04, "max_weight": 0.5, "min_weight": 0.140625}, "min_max_pulp": {"max_delay": 0.03046083979598608, "running_time": 12419.241905212402}}, "40": {"num_user": 100, "num_service": 41, "min_max_greedy": {"max_delay": 0.01591483004972049, "running_time": 10.00833511352539}, "min_max_equal_weight": {"max_delay": 0.037344511243029004, "running_time": 25.020599365234375}, "min_max_surrogate_relaxation": {"max_delay": 0.02456862255622092, "lower_bound": 0.009113255548936834, "running_time": 123.10147285461426, "none_zero_ratio": 0.04, "max_weight": 0.5, "min_weight": 0.09521484375}, "min_max_pulp": {"max_delay": 0.01591483004972049, "running_time": 17494.42768096924}}, "50": {"num_user": 100, "num_service": 41, "min_max_greedy": {"max_delay": 0.009433967390100042, "running_time": 15.012502670288086}, "min_max_equal_weight": {"max_delay": 0.011900816791608254, "running_time": 26.021718978881836}, "min_max_surrogate_relaxation": {"max_delay": 0.010647850144385355, "lower_bound": 0.005096087897099871, "running_time": 141.11661911010742, "none_zero_ratio": 0.05, "max_weight": 0.5, "min_weight": 0.0347442626953125}, "min_max_pulp": {"max_delay": 0.009433967390100042, "running_time": 23091.04323387146}}, "60": {"num_user": 100, "num_service": 41, "min_max_greedy": {"max_delay": 0.00912312285322978, "running_time": 18.015146255493164}, "min_max_equal_weight": {"max_delay": 0.008957702728369734, "running_time": 27.022361755371094}, "min_max_surrogate_relaxation": {"max_delay": 0.008032454743736026, "lower_bound": 0.004520986311260567, "running_time": 370.30529975891113, "none_zero_ratio": 0.09, "max_weight": 0.25, "min_weight": 0.029511844513763208}, "min_max_pulp": {"max_delay": 0.008032454743736026, "running_time": 32897.130489349365}}, "70": {"num_user": 100, "num_service": 41, "min_max_greedy": {"max_delay": 0.007860690536429996, "running_time": 23.01955223083496}, "min_max_equal_weight": {"max_delay": 0.008269754990325331, "running_time": 28.02300453186035}, "min_max_surrogate_relaxation": {"max_delay": 0.007004355211601983, "lower_bound": 0.004284398181351204, "running_time": 704.5812606811523, "none_zero_ratio": 0.07, "max_weight": 0.2999267578125, "min_weight": 0.0565200112760067}, "min_max_pulp": {"max_delay": 0.0067128453149694345, "running_time": 49345.69525718689}}, "80": {"num_user": 100, "num_service": 41, "min_max_greedy": {"max_delay": 0.0060737341615254995, "running_time": 24.019718170166016}, "min_max_equal_weight": {"max_delay": 0.008269754990325331, "running_time": 28.02300453186035}, "min_max_surrogate_relaxation": {"max_delay": 0.006307245973872704, "lower_bound": 0.0035647787515134944, "running_time": 818.6752796173096, "none_zero_ratio": 0.12, "max_weight": 0.19140625, "min_weight": 0.028765038604175452}, "min_max_pulp": {"max_delay": 0.005511785827907214, "running_time": 51617.56873130798}}, "90": {"num_user": 100, "num_service": 41, "min_max_greedy": {"max_delay": 0.004928801239129253, "running_time": 25.020837783813477}, "min_max_equal_weight": {"max_delay": 0.007262256881965174, "running_time": 29.024124145507812}, "min_max_surrogate_relaxation": {"max_delay": 0.005373635787341132, "lower_bound": 0.0032678988916289516, "running_time": 920.7589626312256, "none_zero_ratio": 0.14, "max_weight": 0.13671875, "min_weight": 0.011392116133312275}, "min_max_pulp": {"max_delay": 0.0048844280258769045, "running_time": 328306.086063385}}, "100": {"num_user": 100, "num_service": 41, "min_max_greedy": {"max_delay": 0.004261973235654836, "running_time": 29.02364730834961}, "min_max_equal_weight": {"max_delay": 0.005454230847164666, "running_time": 30.02452850341797}, "min_max_surrogate_relaxation": {"max_delay": 0.004311797193649631, "lower_bound": 0.0029094001977000433, "running_time": 2070.7077980041504, "none_zero_ratio": 0.13, "max_weight": 0.2165508270263672, "min_weight": 0.007803493157172237}, "min_max_pulp": {"max_delay": 0.004150909917870821, "running_time": 164802.91199684143}}}