{"entropy": 264968137166009333535581824045354411244, "10": {"num_user": 100, "num_service": 41, "min_max_greedy": {"max_delay": 0.10958526865422429, "running_time": 5.004167556762695}, "min_max_equal_weight": {"max_delay": 0.11000545579546421, "running_time": 23.019075393676758}, "min_max_surrogate_relaxation": {"max_delay": 0.10958526865422429, "lower_bound": 0.08359841047517005, "running_time": 54.04472351074219, "none_zero_ratio": 0.02, "max_weight": 0.96875, "min_weight": 0.03125}, "min_max_pulp": {"max_delay": 0.10958526865422429, "running_time": 4258.511781692505}}, "20": {"num_user": 100, "num_service": 41, "min_max_greedy": {"max_delay": 0.06455752733339065, "running_time": 8.006572723388672}, "min_max_equal_weight": {"max_delay": 0.06670184768792956, "running_time": 24.019718170166016}, "min_max_surrogate_relaxation": {"max_delay": 0.0473913116403671, "lower_bound": 0.04110049919160216, "running_time": 82.06748962402344, "none_zero_ratio": 0.05, "max_weight": 0.613037109375, "min_weight": 0.0234375}, "min_max_pulp": {"max_delay": 0.0473913116403671, "running_time": 8440.961122512817}}, "30": {"num_user": 100, "num_service": 41, "min_max_greedy": {"max_delay": 0.039766715104460476, "running_time": 9.00721549987793}, "min_max_equal_weight": {"max_delay": 0.04324862153079071, "running_time": 24.02019500732422}, "min_max_surrogate_relaxation": {"max_delay": 0.039805103776665414, "lower_bound": 0.024602227762990175, "running_time": 73.0597972869873, "none_zero_ratio": 0.04, "max_weight": 0.4453125, "min_weight": 0.028564453125}, "min_max_pulp": {"max_delay": 0.036348831996248256, "running_time": 13911.472797393799}}, "40": {"num_user": 100, "num_service": 41, "min_max_greedy": {"max_delay": 0.03775514681768471, "running_time": 15.012502670288086}, "min_max_equal_weight": {"max_delay": 0.03967150000243607, "running_time": 25.020837783813477}, "min_max_surrogate_relaxation": {"max_delay": 0.03546299888451037, "lower_bound": 0.021429137366040855, "running_time": 264.2176151275635, "none_zero_ratio": 0.09, "max_weight": 0.25, "min_weight": 0.018647432327270508}, "min_max_pulp": {"max_delay": 0.03326677863096536, "running_time": 20138.60821723938}}, "50": {"num_user": 100, "num_service": 41, "min_max_greedy": {"max_delay": 0.031195718453621523, "running_time": 14.011621475219727}, "min_max_equal_weight": {"max_delay": 0.035300879108626705, "running_time": 25.020599365234375}, "min_max_surrogate_relaxation": {"max_delay": 0.03384803920615762, "lower_bound": 0.012352148211468012, "running_time": 155.12800216674805, "none_zero_ratio": 0.04, "max_weight": 0.4453125, "min_weight": 0.066650390625}, "min_max_pulp": {"max_delay": 0.028480913592082154, "running_time": 26198.60577583313}}, "60": {"num_user": 100, "num_service": 41, "min_max_greedy": {"max_delay": 0.019942565995183938, "running_time": 15.012264251708984}, "min_max_equal_weight": {"max_delay": 0.032380945519227475, "running_time": 26.021242141723633}, "min_max_surrogate_relaxation": {"max_delay": 0.02076110195415112, "lower_bound": 0.007883757133080182, "running_time": 223.18387031555176, "none_zero_ratio": 0.06, "max_weight": 0.3698616027832031, "min_weight": 0.1153564453125}, "min_max_pulp": {"max_delay": 0.019942565995183938, "running_time": 33995.03564834595}}, "70": {"num_user": 100, "num_service": 41, "min_max_greedy": {"max_delay": 0.016694396335764927, "running_time": 17.014026641845703}, "min_max_equal_weight": {"max_delay": 0.019154535293875393, "running_time": 26.021242141723633}, "min_max_surrogate_relaxation": {"max_delay": 0.017172772041085957, "lower_bound": 0.008734669226271237, "running_time": 462.38136291503906, "none_zero_ratio": 0.11, "max_weight": 0.25, "min_weight": 0.02057647705078125}, "min_max_pulp": {"max_delay": 0.016596572813798893, "running_time": 42966.434478759766}}, "80": {"num_user": 100, "num_service": 41, "min_max_greedy": {"max_delay": 0.015856861925054994, "running_time": 20.016193389892578}, "min_max_equal_weight": {"max_delay": 0.016274209194524998, "running_time": 26.021242141723633}, "min_max_surrogate_relaxation": {"max_delay": 0.01562238064037258, "lower_bound": 0.005621875675368885, "running_time": 287.23669052124023, "none_zero_ratio": 0.07, "max_weight": 0.1875, "min_weight": 0.04999847151339054}, "min_max_pulp": {"max_delay": 0.013953273116507275, "running_time": 69992.72274971008}}, "90": {"num_user": 100, "num_service": 41, "min_max_greedy": {"max_delay": 0.014075576243885484, "running_time": 24.019718170166016}, "min_max_equal_weight": {"max_delay": 0.01596317910537263, "running_time": 27.022361755371094}, "min_max_surrogate_relaxation": {"max_delay": 0.011671954221954495, "lower_bound": 0.005905714386040745, "running_time": 747.6162910461426, "none_zero_ratio": 0.11, "max_weight": 0.20519243366834417, "min_weight": 0.02655029296875}, "min_max_pulp": {"max_delay": 0.008963105410257, "running_time": 60421.82946205139}}, "100": {"num_user": 100, "num_service": 41, "min_max_greedy": {"max_delay": 0.006611087664362749, "running_time": 23.019075393676758}, "min_max_equal_weight": {"max_delay": 0.007961000432702352, "running_time": 28.02300453186035}, "min_max_surrogate_relaxation": {"max_delay": 0.007055634984122016, "lower_bound": 0.004147902457294463, "running_time": 424.3497848510742, "none_zero_ratio": 0.09, "max_weight": 0.15244244411587715, "min_weight": 0.08099858203422627}, "min_max_pulp": {"max_delay": 0.006611087664362749, "running_time": 71500.96702575684}}}