{"entropy": 24089544916624723047711039197516803815, "10": {"num_user": 100, "num_service": 41, "min_max_greedy": {"max_delay": 0.2166025348330462, "running_time": 4.003286361694336}, "min_max_equal_weight": {"max_delay": 0.22007412825882744, "running_time": 22.0181941986084}, "min_max_surrogate_relaxation": {"max_delay": 0.2166025348330462, "lower_bound": 0.20983552509703224, "running_time": 69.05698776245117, "none_zero_ratio": 0.04, "max_weight": 0.5, "min_weight": 0.01025390625}, "min_max_pulp": {"max_delay": 0.2166025348330462, "running_time": 4420.645952224731}}, "20": {"num_user": 100, "num_service": 41, "min_max_greedy": {"max_delay": 0.0541331017305937, "running_time": 4.003047943115234}, "min_max_equal_weight": {"max_delay": 0.0541331017305937, "running_time": 22.017955780029297}, "min_max_surrogate_relaxation": {"max_delay": 0.0541331017305937, "lower_bound": 0.08565688938946561, "running_time": 57.047128677368164, "none_zero_ratio": 0.02, "max_weight": 0.5, "min_weight": 0.5}, "min_max_pulp": {"max_delay": 0.0541331017305937, "running_time": 9014.434337615967}}, "30": {"num_user": 100, "num_service": 41, "min_max_greedy": {"max_delay": 0.02166288631670743, "running_time": 7.0056915283203125}, "min_max_equal_weight": {"max_delay": 0.02500040769960586, "running_time": 24.019718170166016}, "min_max_surrogate_relaxation": {"max_delay": 0.02166288631670743, "lower_bound": 0.015102259558668249, "running_time": 133.10956954956055, "none_zero_ratio": 0.07, "max_weight": 0.25, "min_weight": 0.0034007057547569275}, "min_max_pulp": {"max_delay": 0.02166288631670743, "running_time": 14755.168437957764}}, "40": {"num_user": 100, "num_service": 41, "min_max_greedy": {"max_delay": 0.016782814267633873, "running_time": 9.007453918457031}, "min_max_equal_weight": {"max_delay": 0.020899400441989756, "running_time": 24.019718170166016}, "min_max_surrogate_relaxation": {"max_delay": 0.018036670308311804, "lower_bound": 0.010110697685972975, "running_time": 170.14050483703613, "none_zero_ratio": 0.04, "max_weight": 0.3341064453125, "min_weight": 0.125}, "min_max_pulp": {"max_delay": 0.016407982668442074, "running_time": 21177.464962005615}}, "50": {"num_user": 100, "num_service": 41, "min_max_greedy": {"max_delay": 0.011284526740961401, "running_time": 12.009859085083008}, "min_max_equal_weight": {"max_delay": 0.020899400441989756, "running_time": 26.021242141723633}, "min_max_surrogate_relaxation": {"max_delay": 0.011718896883426377, "lower_bound": 0.00687323157961494, "running_time": 313.25817108154297, "none_zero_ratio": 0.09, "max_weight": 0.25, "min_weight": 0.02547276089899242}, "min_max_pulp": {"max_delay": 0.011284526740961401, "running_time": 28199.25546646118}}, "60": {"num_user": 100, "num_service": 41, "min_max_greedy": {"max_delay": 0.010520210619638053, "running_time": 14.011621475219727}, "min_max_equal_weight": {"max_delay": 0.009850003419832287, "running_time": 25.020599365234375}, "min_max_surrogate_relaxation": {"max_delay": 0.009771099398076738, "lower_bound": 0.004875068182656804, "running_time": 343.28317642211914, "none_zero_ratio": 0.07, "max_weight": 0.2095869742333889, "min_weight": 0.10978365316987038}, "min_max_pulp": {"max_delay": 0.009145595608239552, "running_time": 46250.14233589172}}, "70": {"num_user": 100, "num_service": 41, "min_max_greedy": {"max_delay": 0.007720956622583455, "running_time": 18.01466941833496}, "min_max_equal_weight": {"max_delay": 0.009064591166918134, "running_time": 27.02188491821289}, "min_max_surrogate_relaxation": {"max_delay": 0.0073921362464823455, "lower_bound": 0.004139220215066895, "running_time": 521.4300155639648, "none_zero_ratio": 0.08, "max_weight": 0.24609375, "min_weight": 0.03935254190582782}, "min_max_pulp": {"max_delay": 0.007218204179034418, "running_time": 59112.75005340576}}, "80": {"num_user": 100, "num_service": 41, "min_max_greedy": {"max_delay": 0.0062834666339001265, "running_time": 20.01667022705078}, "min_max_equal_weight": {"max_delay": 0.00701444839142485, "running_time": 28.02300453186035}, "min_max_surrogate_relaxation": {"max_delay": 0.006347993664113876, "lower_bound": 0.003963735339429186, "running_time": 1134.9360942840576, "none_zero_ratio": 0.07, "max_weight": 0.25, "min_weight": 0.06517767906188965}, "min_max_pulp": {"max_delay": 0.005981957436628453, "running_time": 103249.14956092834}}, "90": {"num_user": 100, "num_service": 41, "min_max_greedy": {"max_delay": 0.0049705220116967675, "running_time": 25.020837783813477}, "min_max_equal_weight": {"max_delay": 0.006976778170918763, "running_time": 29.024362564086914}, "min_max_surrogate_relaxation": {"max_delay": 0.005744477850205092, "lower_bound": 0.003336118672215454, "running_time": 956.7890167236328, "none_zero_ratio": 0.08, "max_weight": 0.19281005859375, "min_weight": 0.05533665418624878}, "min_max_pulp": {"max_delay": 0.004924690800256236, "running_time": 112245.56851387024}}, "100": {"num_user": 100, "num_service": 41, "min_max_greedy": {"max_delay": 0.004550590710162947, "running_time": 28.02300453186035}, "min_max_equal_weight": {"max_delay": 0.006057424937492001, "running_time": 29.024124145507812}, "min_max_surrogate_relaxation": {"max_delay": 0.004846246002285688, "lower_bound": 0.002947941402713862, "running_time": 1459.2034816741943, "none_zero_ratio": 0.14, "max_weight": 0.2384033203125, "min_weight": 0.022250343644656268}, "min_max_pulp": {"max_delay": 0.004215555835143805, "running_time": 119886.87014579773}}}