{"entropy": 300863635290436055336423996148147220242, "10": {"num_user": 100, "num_service": 41, "min_max_greedy": {"max_delay": 0.07718505696559781, "running_time": 4.0035247802734375}, "min_max_equal_weight": {"max_delay": 0.07775977835713417, "running_time": 23.019075393676758}, "min_max_surrogate_relaxation": {"max_delay": 0.07718505696559781, "lower_bound": 0.07547513499146445, "running_time": 54.04472351074219, "none_zero_ratio": 0.02, "max_weight": 0.75, "min_weight": 0.25}, "min_max_pulp": {"max_delay": 0.07718505696559781, "running_time": 4129.405736923218}}, "20": {"num_user": 100, "num_service": 41, "min_max_greedy": {"max_delay": 0.0555015306417001, "running_time": 7.0056915283203125}, "min_max_equal_weight": {"max_delay": 0.05724866671355833, "running_time": 23.019075393676758}, "min_max_surrogate_relaxation": {"max_delay": 0.0549553569707219, "lower_bound": 0.03669878580174872, "running_time": 90.07430076599121, "none_zero_ratio": 0.06, "max_weight": 0.5, "min_weight": 0.0009512901306152344}, "min_max_pulp": {"max_delay": 0.053066713823424705, "running_time": 8561.060428619385}}, "30": {"num_user": 100, "num_service": 41, "min_max_greedy": {"max_delay": 0.038975726590059746, "running_time": 10.00833511352539}, "min_max_equal_weight": {"max_delay": 0.05153908636213083, "running_time": 25.020599365234375}, "min_max_surrogate_relaxation": {"max_delay": 0.038975726590059746, "lower_bound": 0.02850529933768608, "running_time": 106.08768463134766, "none_zero_ratio": 0.04, "max_weight": 0.5, "min_weight": 0.11279296875}, "min_max_pulp": {"max_delay": 0.03620138590276074, "running_time": 13619.231700897217}}, "40": {"num_user": 100, "num_service": 41, "min_max_greedy": {"max_delay": 0.034427219699086124, "running_time": 14.011621475219727}, "min_max_equal_weight": {"max_delay": 0.0345786418792292, "running_time": 25.020360946655273}, "min_max_surrogate_relaxation": {"max_delay": 0.03254814814901004, "lower_bound": 0.013281005752968651, "running_time": 123.10171127319336, "none_zero_ratio": 0.05, "max_weight": 0.5, "min_weight": 0.0740203857421875}, "min_max_pulp": {"max_delay": 0.029199086070174678, "running_time": 19299.916744232178}}, "50": {"num_user": 100, "num_service": 41, "min_max_greedy": {"max_delay": 0.018652870126599077, "running_time": 14.01209831237793}, "min_max_equal_weight": {"max_delay": 0.029016203914878427, "running_time": 26.021480560302734}, "min_max_surrogate_relaxation": {"max_delay": 0.025701854891480972, "lower_bound": 0.013142961552564949, "running_time": 369.3046569824219, "none_zero_ratio": 0.12, "max_weight": 0.5232533812522888, "min_weight": 0.007757562976868082}, "min_max_pulp": {"max_delay": 0.016678831556746068, "running_time": 25760.244369506836}}, "60": {"num_user": 100, "num_service": 41, "min_max_greedy": {"max_delay": 0.015223657374425624, "running_time": 16.013145446777344}, "min_max_equal_weight": {"max_delay": 0.014985251556700007, "running_time": 26.021480560302734}, "min_max_surrogate_relaxation": {"max_delay": 0.018469987971302827, "lower_bound": 0.008532668361705808, "running_time": 303.2498359680176, "none_zero_ratio": 0.06, "max_weight": 0.25, "min_weight": 0.07378220558166504}, "min_max_pulp": {"max_delay": 0.01427921706160908, "running_time": 34283.273458480835}}, "70": {"num_user": 100, "num_service": 41, "min_max_greedy": {"max_delay": 0.013276964852121093, "running_time": 18.014907836914062}, "min_max_equal_weight": {"max_delay": 0.014855793626084733, "running_time": 27.022123336791992}, "min_max_surrogate_relaxation": {"max_delay": 0.014243778998802123, "lower_bound": 0.006162829810551981, "running_time": 281.2318801879883, "none_zero_ratio": 0.07, "max_weight": 0.25, "min_weight": 0.06666462868452072}, "min_max_pulp": {"max_delay": 0.01210061812591785, "running_time": 76317.93928146362}}, "80": {"num_user": 100, "num_service": 41, "min_max_greedy": {"max_delay": 0.012373502270309276, "running_time": 21.01755142211914}, "min_max_equal_weight": {"max_delay": 0.013018795432359192, "running_time": 28.02300453186035}, "min_max_surrogate_relaxation": {"max_delay": 0.008344824840896372, "lower_bound": 0.005396231772692869, "running_time": 585.4825973510742, "none_zero_ratio": 0.1, "max_weight": 0.1875, "min_weight": 0.04693569021441135}, "min_max_pulp": {"max_delay": 0.008269537576430723, "running_time": 56392.50683784485}}, "90": {"num_user": 100, "num_service": 41, "min_max_greedy": {"max_delay": 0.007316165934241779, "running_time": 23.019075393676758}, "min_max_equal_weight": {"max_delay": 0.007350245201724722, "running_time": 27.022600173950195}, "min_max_surrogate_relaxation": {"max_delay": 0.007714291493407502, "lower_bound": 0.0046459776111386535, "running_time": 818.6750411987305, "none_zero_ratio": 0.12, "max_weight": 0.25, "min_weight": 0.01567870492810708}, "min_max_pulp": {"max_delay": 0.006806030020077649, "running_time": 70093.80626678467}}, "100": {"num_user": 100, "num_service": 41, "min_max_greedy": {"max_delay": 0.0058994255266991025, "running_time": 23.019075393676758}, "min_max_equal_weight": {"max_delay": 0.006001632036447982, "running_time": 28.02300453186035}, "min_max_surrogate_relaxation": {"max_delay": 0.006128690599660925, "lower_bound": 0.003750305509185845, "running_time": 1464.207649230957, "none_zero_ratio": 0.14, "max_weight": 0.14866616930215432, "min_weight": 0.021953017290557635}, "min_max_pulp": {"max_delay": 0.0054414983729311975, "running_time": 81473.19030761719}}}