{"entropy": 141766224604207882741692895948077358993, "10": {"num_user": 100, "num_service": 41, "min_max_greedy": {"max_delay": 0.07902408321446867, "running_time": 4.003047943115234}, "min_max_equal_weight": {"max_delay": 0.07985351346393088, "running_time": 23.019075393676758}, "min_max_surrogate_relaxation": {"max_delay": 0.07902408321446867, "lower_bound": 0.06645740866639185, "running_time": 36.02957725524902, "none_zero_ratio": 0.03, "max_weight": 0.75, "min_weight": 0.0078125}, "min_max_pulp": {"max_delay": 0.07876570808783073, "running_time": 2709.2339992523193}}, "20": {"num_user": 100, "num_service": 41, "min_max_greedy": {"max_delay": 0.0668659168941559, "running_time": 7.0056915283203125}, "min_max_equal_weight": {"max_delay": 0.07117633708276427, "running_time": 23.018836975097656}, "min_max_surrogate_relaxation": {"max_delay": 0.06296127696054864, "lower_bound": 0.041409173620520004, "running_time": 41.03374481201172, "none_zero_ratio": 0.03, "max_weight": 0.5, "min_weight": 0.046875}, "min_max_pulp": {"max_delay": 0.06140719711176067, "running_time": 5551.578044891357}}, "30": {"num_user": 100, "num_service": 41, "min_max_greedy": {"max_delay": 0.056397388238394346, "running_time": 9.007453918457031}, "min_max_equal_weight": {"max_delay": 0.057930365386351344, "running_time": 23.019075393676758}, "min_max_surrogate_relaxation": {"max_delay": 0.05957997934238325, "lower_bound": 0.026143290397297292, "running_time": 64.05282020568848, "none_zero_ratio": 0.03, "max_weight": 0.5, "min_weight": 0.015625}, "min_max_pulp": {"max_delay": 0.05236709843548533, "running_time": 8581.076622009277}}, "40": {"num_user": 100, "num_service": 41, "min_max_greedy": {"max_delay": 0.04044429391305134, "running_time": 8.00633430480957}, "min_max_equal_weight": {"max_delay": 0.04044429391305134, "running_time": 23.018836975097656}, "min_max_surrogate_relaxation": {"max_delay": 0.043215219869536255, "lower_bound": 0.011400212933288327, "running_time": 75.06227493286133, "none_zero_ratio": 0.05, "max_weight": 0.5, "min_weight": 0.0308990478515625}, "min_max_pulp": {"max_delay": 0.03927211367143913, "running_time": 11788.722276687622}}, "50": {"num_user": 100, "num_service": 41, "min_max_greedy": {"max_delay": 0.03075963369712314, "running_time": 10.00833511352539}, "min_max_equal_weight": {"max_delay": 0.039356488536951166, "running_time": 24.019718170166016}, "min_max_surrogate_relaxation": {"max_delay": 0.03599285420077077, "lower_bound": 0.015258720143685534, "running_time": 169.13962364196777, "none_zero_ratio": 0.04, "max_weight": 0.5, "min_weight": 0.09521484375}, "min_max_pulp": {"max_delay": 0.028953683113164028, "running_time": 15142.48776435852}}, "60": {"num_user": 100, "num_service": 41, "min_max_greedy": {"max_delay": 0.024322137838962976, "running_time": 12.009620666503906}, "min_max_equal_weight": {"max_delay": 0.02392277153896673, "running_time": 24.019956588745117}, "min_max_surrogate_relaxation": {"max_delay": 0.02274139685330662, "lower_bound": 0.012586613875149054, "running_time": 458.3780765533447, "none_zero_ratio": 0.12, "max_weight": 0.25, "min_weight": 0.0017279893052946083}, "min_max_pulp": {"max_delay": 0.022077002547364548, "running_time": 19383.98575782776}}, "70": {"num_user": 100, "num_service": 41, "min_max_greedy": {"max_delay": 0.0215875397673061, "running_time": 14.011621475219727}, "min_max_equal_weight": {"max_delay": 0.02392277153896673, "running_time": 25.020599365234375}, "min_max_surrogate_relaxation": {"max_delay": 0.01983931566946562, "lower_bound": 0.009094167487121245, "running_time": 259.213924407959, "none_zero_ratio": 0.07, "max_weight": 0.2578125, "min_weight": 0.004221193492412567}, "min_max_pulp": {"max_delay": 0.015562324438255098, "running_time": 23821.645975112915}}, "80": {"num_user": 100, "num_service": 41, "min_max_greedy": {"max_delay": 0.010349462161702301, "running_time": 16.013383865356445}, "min_max_equal_weight": {"max_delay": 0.019701183507293617, "running_time": 25.020599365234375}, "min_max_surrogate_relaxation": {"max_delay": 0.016130727769308285, "lower_bound": 0.00673097679217245, "running_time": 391.3228511810303, "none_zero_ratio": 0.08, "max_weight": 0.2999267578125, "min_weight": 0.03504700551275164}, "min_max_pulp": {"max_delay": 0.010349462161702301, "running_time": 27477.66089439392}}, "90": {"num_user": 100, "num_service": 41, "min_max_greedy": {"max_delay": 0.008605023932216193, "running_time": 20.01643180847168}, "min_max_equal_weight": {"max_delay": 0.015874975764630907, "running_time": 27.022361755371094}, "min_max_surrogate_relaxation": {"max_delay": 0.007686449738919078, "lower_bound": 0.005249096571814194, "running_time": 647.5343704223633, "none_zero_ratio": 0.11, "max_weight": 0.2230224609375, "min_weight": 0.008547797649693933}, "min_max_pulp": {"max_delay": 0.007686449738919078, "running_time": 32597.882986068726}}, "100": {"num_user": 100, "num_service": 41, "min_max_greedy": {"max_delay": 0.008207507677961603, "running_time": 22.0181941986084}, "min_max_equal_weight": {"max_delay": 0.013986433940404925, "running_time": 27.022361755371094}, "min_max_surrogate_relaxation": {"max_delay": 0.006912917298553284, "lower_bound": 0.0042386355759697295, "running_time": 490.4043674468994, "none_zero_ratio": 0.11, "max_weight": 0.15560994035723752, "min_weight": 0.0076415595711143425}, "min_max_pulp": {"max_delay": 0.006442189826385969, "running_time": 40821.6655254364}}}