{"entropy": 219904956218213530126388140014889433762, "10": {"num_user": 300, "num_service": 41, "min_max_greedy": {"max_delay": 0.05694189644027225, "running_time": 33.02764892578125}, "min_max_equal_weight": {"max_delay": 0.057687655613645326, "running_time": 310.255765914917}, "min_max_surrogate_relaxation": {"max_delay": 0.05694189644027225, "lower_bound": 0.05156871143266273, "running_time": 597.4926948547363, "none_zero_ratio": 0.0044444444444444444, "max_weight": 0.5, "min_weight": 0.06591796875}, "min_max_pulp": {"max_delay": 0.05694189644027225, "running_time": 57106.09483718872}}, "20": {"num_user": 300, "num_service": 41, "min_max_greedy": {"max_delay": 0.04978727833619708, "running_time": 41.03398323059082}, "min_max_equal_weight": {"max_delay": 0.048356926066139755, "running_time": 316.26033782958984}, "min_max_surrogate_relaxation": {"max_delay": 0.04749609770966164, "lower_bound": 0.04267355790312288, "running_time": 395.3261375427246, "none_zero_ratio": 0.0044444444444444444, "max_weight": 0.4453125, "min_weight": 0.066650390625}, "min_max_pulp": {"max_delay": 0.04749609770966164, "running_time": 115541.28623008728}}, "30": {"num_user": 300, "num_service": 41, "min_max_greedy": {"max_delay": 0.04659492659827402, "running_time": 56.0460090637207}, "min_max_equal_weight": {"max_delay": 0.047222234616038396, "running_time": 309.25512313842773}, "min_max_surrogate_relaxation": {"max_delay": 0.04488834711966983, "lower_bound": 0.040507676652108054, "running_time": 1133.9349746704102, "none_zero_ratio": 0.006666666666666667, "max_weight": 0.35546875, "min_weight": 0.07110893726348877}, "min_max_pulp": {"max_delay": 0.044056955166144815, "running_time": 171660.56776046753}}, "40": {"num_user": 300, "num_service": 41, "min_max_greedy": {"max_delay": 0.043969836818392005, "running_time": 79.06508445739746}, "min_max_equal_weight": {"max_delay": 0.04439378550147881, "running_time": 309.25488471984863}, "min_max_surrogate_relaxation": {"max_delay": 0.04255177252272645, "lower_bound": 0.03844074730395744, "running_time": 762.6287937164307, "none_zero_ratio": 0.006666666666666667, "max_weight": 0.27179718017578125, "min_weight": 0.08717179298400879}, "min_max_pulp": {"max_delay": 0.041474831355143696, "running_time": 246589.36142921448}}, "50": {"num_user": 300, "num_service": 41, "min_max_greedy": {"max_delay": 0.040353783428015405, "running_time": 110.09073257446289}, "min_max_equal_weight": {"max_delay": 0.04205721090453542, "running_time": 335.27684211730957}, "min_max_surrogate_relaxation": {"max_delay": 0.041030006320245435, "lower_bound": 0.032176229247007845, "running_time": 344.2842960357666, "none_zero_ratio": 0.0044444444444444444, "max_weight": 0.5, "min_weight": 0.12060546875}, "min_max_pulp": {"max_delay": 0.03989539244562475, "running_time": 325133.13579559326}}, "60": {"num_user": 300, "num_service": 41, "min_max_greedy": {"max_delay": 0.0388928212762158, "running_time": 103.08551788330078}, "min_max_equal_weight": {"max_delay": 0.04065235813388679, "running_time": 318.26233863830566}, "min_max_surrogate_relaxation": {"max_delay": 0.03846496260008675, "lower_bound": 0.025695299352362342, "running_time": 379.31275367736816, "none_zero_ratio": 0.0044444444444444444, "max_weight": 0.849609375, "min_weight": 0.03570556640625}, "min_max_pulp": {"max_delay": 0.03537643112357139, "running_time": 428884.6995830536}}, "70": {"num_user": 300, "num_service": 41, "min_max_greedy": {"max_delay": 0.03412627082433421, "running_time": 91.07613563537598}, "min_max_equal_weight": {"max_delay": 0.03934914130973573, "running_time": 342.2825336456299}, "min_max_surrogate_relaxation": {"max_delay": 0.037970400981895726, "lower_bound": 0.024252972634968332, "running_time": 368.3035373687744, "none_zero_ratio": 0.0044444444444444444, "max_weight": 0.908203125, "min_weight": 0.01373291015625}, "min_max_pulp": {"max_delay": 0.03201438985384369, "running_time": 495595.7157611847}}, "80": {"num_user": 300, "num_service": 41, "min_max_greedy": {"max_delay": 0.032124013730507196, "running_time": 92.07558631896973}, "min_max_equal_weight": {"max_delay": 0.03787021892267805, "running_time": 329.2715549468994}, "min_max_surrogate_relaxation": {"max_delay": 0.0321463161708361, "lower_bound": 0.025101746065783612, "running_time": 598.4938144683838, "none_zero_ratio": 0.006666666666666667, "max_weight": 0.4921875, "min_weight": 0.007529497146606445}, "min_max_pulp": {"max_delay": 0.02996570239211475, "running_time": 596447.8876590729}}, "90": {"num_user": 300, "num_service": 41, "min_max_greedy": {"max_delay": 0.029145259789868264, "running_time": 125.10299682617188}, "min_max_equal_weight": {"max_delay": 0.03016966343930574, "running_time": 320.2641010284424}, "min_max_surrogate_relaxation": {"max_delay": 0.03644201269950726, "lower_bound": 0.018704523497657857, "running_time": 432.3568344116211, "none_zero_ratio": 0.0044444444444444444, "max_weight": 0.6962890625, "min_weight": 0.03125}, "min_max_pulp": {"max_delay": 0.028669654515837313, "running_time": 689437.5755786896}}, "100": {"num_user": 300, "num_service": 41, "min_max_greedy": {"max_delay": 0.028475043796534562, "running_time": 120.09906768798828}, "min_max_equal_weight": {"max_delay": 0.029064408392157487, "running_time": 322.2658634185791}, "min_max_surrogate_relaxation": {"max_delay": 0.03634182794550579, "lower_bound": 0.018405210223708113, "running_time": 447.368860244751, "none_zero_ratio": 0.0044444444444444444, "max_weight": 0.6962890625, "min_weight": 0.03125}, "min_max_pulp": {"max_delay": 0.028371507984833046, "running_time": 814797.9598045349}}}