{"entropy": 90845997820404846023341893196178762401, "10": {"num_user": 300, "num_service": 41, "min_max_greedy": {"max_delay": 0.09687629386786134, "running_time": 24.019718170166016}, "min_max_equal_weight": {"max_delay": 0.11862180189038488, "running_time": 297.2452640533447}, "min_max_surrogate_relaxation": {"max_delay": 0.09687629386786134, "lower_bound": 0.06315558237789486, "running_time": 340.28053283691406, "none_zero_ratio": 0.0044444444444444444, "max_weight": 0.5, "min_weight": 0.09130859375}, "min_max_pulp": {"max_delay": 0.09580517978835155, "running_time": 66162.56403923035}}, "20": {"num_user": 300, "num_service": 41, "min_max_greedy": {"max_delay": 0.04399732074050562, "running_time": 34.028053283691406}, "min_max_equal_weight": {"max_delay": 0.06574282876302916, "running_time": 332.2737216949463}, "min_max_surrogate_relaxation": {"max_delay": 0.04399732074050562, "lower_bound": 0.028703190780002063, "running_time": 908.7498188018799, "none_zero_ratio": 0.0044444444444444444, "max_weight": 0.76629638671875, "min_weight": 0.02471923828125}, "min_max_pulp": {"max_delay": 0.04399732074050562, "running_time": 124394.5882320404}}, "30": {"num_user": 300, "num_service": 41, "min_max_greedy": {"max_delay": 0.017452488678839646, "running_time": 57.047128677368164}, "min_max_equal_weight": {"max_delay": 0.017452488678839646, "running_time": 301.24855041503906}, "min_max_surrogate_relaxation": {"max_delay": 0.017452488678839646, "lower_bound": 0.014496456366462053, "running_time": 921.759843826294, "none_zero_ratio": 0.0077777777777777776, "max_weight": 0.51953125, "min_weight": 0.0029747374355793}, "min_max_pulp": {"max_delay": 0.017452488678839646, "running_time": 193593.66750717163}}, "40": {"num_user": 300, "num_service": 41, "min_max_greedy": {"max_delay": 0.016078320093646924, "running_time": 72.05939292907715}, "min_max_equal_weight": {"max_delay": 0.01701541898966708, "running_time": 333.27388763427734}, "min_max_surrogate_relaxation": {"max_delay": 0.016078320093646924, "lower_bound": 0.012178089956659775, "running_time": 1945.6048011779785, "none_zero_ratio": 0.014444444444444444, "max_weight": 0.19350438192486763, "min_weight": 0.0009992098953393903}, "min_max_pulp": {"max_delay": 0.01590550928050821, "running_time": 266377.6807785034}}, "50": {"num_user": 300, "num_service": 41, "min_max_greedy": {"max_delay": 0.014331454417527636, "running_time": 83.0686092376709}, "min_max_equal_weight": {"max_delay": 0.014655752112828362, "running_time": 320.2643394470215}, "min_max_surrogate_relaxation": {"max_delay": 0.014506042024913889, "lower_bound": 0.01071665413862487, "running_time": 1529.2611122131348, "none_zero_ratio": 0.01, "max_weight": 0.19368081993889064, "min_weight": 0.0031703705644758884}, "min_max_pulp": {"max_delay": 0.013835744420942089, "running_time": 351810.13560295105}}, "60": {"num_user": 300, "num_service": 41, "min_max_greedy": {"max_delay": 0.013166745015872844, "running_time": 95.07870674133301}, "min_max_equal_weight": {"max_delay": 0.013724214886086664, "running_time": 383.3155632019043}, "min_max_surrogate_relaxation": {"max_delay": 0.013166745015872844, "lower_bound": 0.009833125845777451, "running_time": 3358.7698936462402, "none_zero_ratio": 0.015555555555555555, "max_weight": 0.20276068523526192, "min_weight": 0.017475980836043487}, "min_max_pulp": {"max_delay": 0.012452868239785357, "running_time": 437504.8077106476}}, "70": {"num_user": 300, "num_service": 41, "min_max_greedy": {"max_delay": 0.01138605157485577, "running_time": 127.10452079772949}, "min_max_equal_weight": {"max_delay": 0.013492285170189987, "running_time": 322.265625}, "min_max_surrogate_relaxation": {"max_delay": 0.022153715239780526, "lower_bound": 0.006407867754084929, "running_time": 497.4102973937988, "none_zero_ratio": 0.005555555555555556, "max_weight": 0.5, "min_weight": 0.0810699462890625}, "min_max_pulp": {"max_delay": 0.011212249929889829, "running_time": 536715.7330513}}, "80": {"num_user": 300, "num_service": 41, "min_max_greedy": {"max_delay": 0.010972940503871166, "running_time": 132.1086883544922}, "min_max_equal_weight": {"max_delay": 0.011266177207695112, "running_time": 316.26129150390625}, "min_max_surrogate_relaxation": {"max_delay": 0.015156832352660875, "lower_bound": 0.00650047306729655, "running_time": 745.614767074585, "none_zero_ratio": 0.006666666666666667, "max_weight": 0.3125, "min_weight": 0.04101753234863281}, "min_max_pulp": {"max_delay": 0.01036977677497139, "running_time": 635901.4253616333}}, "90": {"num_user": 300, "num_service": 41, "min_max_greedy": {"max_delay": 0.01027757700889284, "running_time": 132.1086883544922}, "min_max_equal_weight": {"max_delay": 0.010413857512686977, "running_time": 326.26914978027344}, "min_max_surrogate_relaxation": {"max_delay": 0.015905464361596136, "lower_bound": 0.005708326128315063, "running_time": 990.8168315887451, "none_zero_ratio": 0.006666666666666667, "max_weight": 0.57421875, "min_weight": 0.0093994140625}, "min_max_pulp": {"max_delay": 0.009870199953304596, "running_time": 753787.6451015472}}, "100": {"num_user": 300, "num_service": 41, "min_max_greedy": {"max_delay": 0.00946940401208253, "running_time": 145.11966705322266}, "min_max_equal_weight": {"max_delay": 0.010204013422185205, "running_time": 321.26474380493164}, "min_max_surrogate_relaxation": {"max_delay": 0.012699425479313136, "lower_bound": 0.005505207476187873, "running_time": 1023.8440036773682, "none_zero_ratio": 0.0077777777777777776, "max_weight": 0.476806640625, "min_weight": 0.02341461181640625}, "min_max_pulp": {"max_delay": 0.009266191978159675, "running_time": 859579.8971652985}}}