{"entropy": 186172813050454322897845257167809866393, "10": {"num_user": 300, "num_service": 41, "min_max_greedy": {"max_delay": 0.0260991772022888, "running_time": 18.01443099975586}, "min_max_equal_weight": {"max_delay": 0.027010182046686218, "running_time": 193.15791130065918}, "min_max_surrogate_relaxation": {"max_delay": 0.025865921092188472, "lower_bound": 0.018302144649289045, "running_time": 239.1972541809082, "none_zero_ratio": 0.0044444444444444444, "max_weight": 0.3984375, "min_weight": 0.010986328125}, "min_max_pulp": {"max_delay": 0.025790400492318337, "running_time": 49707.99374580383}}, "20": {"num_user": 300, "num_service": 41, "min_max_greedy": {"max_delay": 0.01677076561234761, "running_time": 27.022600173950195}, "min_max_equal_weight": {"max_delay": 0.017817607166534237, "running_time": 194.15998458862305}, "min_max_surrogate_relaxation": {"max_delay": 0.01677076561234761, "lower_bound": 0.014169013375039912, "running_time": 562.4639987945557, "none_zero_ratio": 0.011111111111111112, "max_weight": 0.31754565238952637, "min_weight": 7.534826522714866e-05}, "min_max_pulp": {"max_delay": 0.01677076561234761, "running_time": 98162.95456886292}}, "30": {"num_user": 300, "num_service": 41, "min_max_greedy": {"max_delay": 0.01614325806071614, "running_time": 30.02452850341797}, "min_max_equal_weight": {"max_delay": 0.016694296791676375, "running_time": 197.16286659240723}, "min_max_surrogate_relaxation": {"max_delay": 0.015752606089331583, "lower_bound": 0.012679707309303666, "running_time": 715.5907154083252, "none_zero_ratio": 0.006666666666666667, "max_weight": 0.3515625, "min_weight": 0.00025534629821777344}, "min_max_pulp": {"max_delay": 0.015052243968158952, "running_time": 156814.3241405487}}, "40": {"num_user": 300, "num_service": 41, "min_max_greedy": {"max_delay": 0.013690190742539734, "running_time": 42.03462600708008}, "min_max_equal_weight": {"max_delay": 0.016694296791676375, "running_time": 198.16350936889648}, "min_max_surrogate_relaxation": {"max_delay": 0.014300335320744288, "lower_bound": 0.011691965947717254, "running_time": 831.68625831604, "none_zero_ratio": 0.01, "max_weight": 0.25, "min_weight": 0.00010734238458098844}, "min_max_pulp": {"max_delay": 0.01330509418531528, "running_time": 217633.48150253296}}, "50": {"num_user": 300, "num_service": 41, "min_max_greedy": {"max_delay": 0.012719047593637497, "running_time": 49.040794372558594}, "min_max_equal_weight": {"max_delay": 0.015752606089331583, "running_time": 201.16615295410156}, "min_max_surrogate_relaxation": {"max_delay": 0.012967964666637338, "lower_bound": 0.01100436974187429, "running_time": 1455.2001953125, "none_zero_ratio": 0.013333333333333334, "max_weight": 0.5, "min_weight": 4.84974185810394e-05}, "min_max_pulp": {"max_delay": 0.012555736522632152, "running_time": 292331.08377456665}}, "60": {"num_user": 300, "num_service": 41, "min_max_greedy": {"max_delay": 0.01222953147416895, "running_time": 55.045366287231445}, "min_max_equal_weight": {"max_delay": 0.013277779013158138, "running_time": 202.16727256774902}, "min_max_surrogate_relaxation": {"max_delay": 0.01237300596751758, "lower_bound": 0.01059509871557944, "running_time": 1847.5236892700195, "none_zero_ratio": 0.013333333333333334, "max_weight": 0.205078125, "min_weight": 7.519608367229091e-05}, "min_max_pulp": {"max_delay": 0.011894233921159417, "running_time": 377242.10953712463}}, "70": {"num_user": 300, "num_service": 41, "min_max_greedy": {"max_delay": 0.011625075685219644, "running_time": 65.05417823791504}, "min_max_equal_weight": {"max_delay": 0.013277779013158138, "running_time": 207.1704864501953}, "min_max_surrogate_relaxation": {"max_delay": 0.012010273820617114, "lower_bound": 0.010119435254523239, "running_time": 1614.3317222595215, "none_zero_ratio": 0.011111111111111112, "max_weight": 0.25, "min_weight": 8.316547450704093e-05}, "min_max_pulp": {"max_delay": 0.011431779350412659, "running_time": 467716.72344207764}}, "80": {"num_user": 300, "num_service": 41, "min_max_greedy": {"max_delay": 0.011133740220943237, "running_time": 75.06203651428223}, "min_max_equal_weight": {"max_delay": 0.011973505665062488, "running_time": 205.169677734375}, "min_max_surrogate_relaxation": {"max_delay": 0.01155431891733213, "lower_bound": 0.009807774339572825, "running_time": 2075.711488723755, "none_zero_ratio": 0.013333333333333334, "max_weight": 0.13466068912748597, "min_weight": 8.849162310420322e-05}, "min_max_pulp": {"max_delay": 0.010960172827321923, "running_time": 555209.5501422882}}, "90": {"num_user": 300, "num_service": 41, "min_max_greedy": {"max_delay": 0.010904821384866094, "running_time": 82.06772804260254}, "min_max_equal_weight": {"max_delay": 0.01193834599422579, "running_time": 206.17008209228516}, "min_max_surrogate_relaxation": {"max_delay": 0.010923491291211855, "lower_bound": 0.009692033888981232, "running_time": 3474.865436553955, "none_zero_ratio": 0.015555555555555555, "max_weight": 0.12030601501464844, "min_weight": 5.7235416545696526e-05}, "min_max_pulp": {"max_delay": 0.010407075911821351, "running_time": 673326.2891769409}}, "100": {"num_user": 300, "num_service": 41, "min_max_greedy": {"max_delay": 0.01027588628300536, "running_time": 93.07670593261719}, "min_max_equal_weight": {"max_delay": 0.011728037991076731, "running_time": 210.1731300354004}, "min_max_surrogate_relaxation": {"max_delay": 0.010241666489446055, "lower_bound": 0.009513902897366117, "running_time": 4113.391876220703, "none_zero_ratio": 0.017777777777777778, "max_weight": 0.11476890616265849, "min_weight": 3.594639298564453e-05}, "min_max_pulp": {"max_delay": 0.010070176351117704, "running_time": 781491.4927482605}}}