{"entropy": 136820154784907261238399576947320728844, "10": {"num_user": 300, "num_service": 41, "min_max_greedy": {"max_delay": 0.10122881001634065, "running_time": 21.01755142211914}, "min_max_equal_weight": {"max_delay": 0.094570441866085, "running_time": 198.16303253173828}, "min_max_surrogate_relaxation": {"max_delay": 0.094570441866085, "lower_bound": 0.08710581931111946, "running_time": 296.24414443969727, "none_zero_ratio": 0.0044444444444444444, "max_weight": 0.5, "min_weight": 0.00732421875}, "min_max_pulp": {"max_delay": 0.094570441866085, "running_time": 34914.79420661926}}, "20": {"num_user": 300, "num_service": 41, "min_max_greedy": {"max_delay": 0.0837981201789921, "running_time": 26.021242141723633}, "min_max_equal_weight": {"max_delay": 0.08427109519007281, "running_time": 195.1611042022705}, "min_max_surrogate_relaxation": {"max_delay": 0.08023219522493331, "lower_bound": 0.06974987317945451, "running_time": 316.26057624816895, "none_zero_ratio": 0.005555555555555556, "max_weight": 0.5, "min_weight": 0.0583648681640625}, "min_max_pulp": {"max_delay": 0.08023219522493331, "running_time": 68843.77384185791}}, "30": {"num_user": 300, "num_service": 41, "min_max_greedy": {"max_delay": 0.07120812901864414, "running_time": 37.03045845031738}, "min_max_equal_weight": {"max_delay": 0.07133570922313713, "running_time": 195.1611042022705}, "min_max_surrogate_relaxation": {"max_delay": 0.07692340324948625, "lower_bound": 0.059798890513109194, "running_time": 180.14836311340332, "none_zero_ratio": 0.0033333333333333335, "max_weight": 0.4921875, "min_weight": 0.25}, "min_max_pulp": {"max_delay": 0.068150214624672, "running_time": 107071.30122184753}}, "40": {"num_user": 300, "num_service": 41, "min_max_greedy": {"max_delay": 0.06791353283895478, "running_time": 42.03486442565918}, "min_max_equal_weight": {"max_delay": 0.07051057105507141, "running_time": 198.1637477874756}, "min_max_surrogate_relaxation": {"max_delay": 0.05703548967027484, "lower_bound": 0.0452345415812711, "running_time": 209.17248725891113, "none_zero_ratio": 0.005555555555555556, "max_weight": 0.4453125, "min_weight": 0.00148773193359375}, "min_max_pulp": {"max_delay": 0.04712836923733363, "running_time": 149610.38279533386}}, "50": {"num_user": 300, "num_service": 41, "min_max_greedy": {"max_delay": 0.04274602030708096, "running_time": 39.0317440032959}, "min_max_equal_weight": {"max_delay": 0.06965847818840945, "running_time": 201.16615295410156}, "min_max_surrogate_relaxation": {"max_delay": 0.05298807165542255, "lower_bound": 0.0221502760268373, "running_time": 170.14026641845703, "none_zero_ratio": 0.0044444444444444444, "max_weight": 0.5, "min_weight": 0.00341796875}, "min_max_pulp": {"max_delay": 0.03698486534689019, "running_time": 195750.43439865112}}, "60": {"num_user": 300, "num_service": 41, "min_max_greedy": {"max_delay": 0.03235672762926028, "running_time": 56.046247482299805}, "min_max_equal_weight": {"max_delay": 0.03463085906136047, "running_time": 197.16262817382812}, "min_max_surrogate_relaxation": {"max_delay": 0.04476175429980747, "lower_bound": 0.0222000094917636, "running_time": 281.2321186065674, "none_zero_ratio": 0.005555555555555556, "max_weight": 0.5, "min_weight": 0.0019073486328125}, "min_max_pulp": {"max_delay": 0.032152824373253376, "running_time": 250853.8784980774}}, "70": {"num_user": 300, "num_service": 41, "min_max_greedy": {"max_delay": 0.029429876935829515, "running_time": 58.04777145385742}, "min_max_equal_weight": {"max_delay": 0.031174822285284183, "running_time": 199.16391372680664}, "min_max_surrogate_relaxation": {"max_delay": 0.04451610382308834, "lower_bound": 0.02184822792689743, "running_time": 320.2643394470215, "none_zero_ratio": 0.005555555555555556, "max_weight": 0.5032958984375, "min_weight": 0.007610321044921875}, "min_max_pulp": {"max_delay": 0.02851215437727846, "running_time": 307503.59630584717}}, "80": {"num_user": 300, "num_service": 41, "min_max_greedy": {"max_delay": 0.027595724929933296, "running_time": 72.05939292907715}, "min_max_equal_weight": {"max_delay": 0.028732318972256785, "running_time": 204.16855812072754}, "min_max_surrogate_relaxation": {"max_delay": 0.04451610382308834, "lower_bound": 0.021369811424808153, "running_time": 334.2759609222412, "none_zero_ratio": 0.005555555555555556, "max_weight": 0.5, "min_weight": 0.0008392333984375}, "min_max_pulp": {"max_delay": 0.027067576568528973, "running_time": 373927.3762702942}}, "90": {"num_user": 300, "num_service": 41, "min_max_greedy": {"max_delay": 0.025825670987292274, "running_time": 81.06637001037598}, "min_max_equal_weight": {"max_delay": 0.02848666849553766, "running_time": 203.16720008850098}, "min_max_surrogate_relaxation": {"max_delay": 0.04439830536931102, "lower_bound": 0.021088258972976538, "running_time": 365.30089378356934, "none_zero_ratio": 0.005555555555555556, "max_weight": 0.5859375, "min_weight": 0.00112152099609375}, "min_max_pulp": {"max_delay": 0.0252989230174441, "running_time": 433806.7584037781}}, "100": {"num_user": 300, "num_service": 41, "min_max_greedy": {"max_delay": 0.02547358720830294, "running_time": 92.07606315612793}, "min_max_equal_weight": {"max_delay": 0.026652516489641443, "running_time": 208.17208290100098}, "min_max_surrogate_relaxation": {"max_delay": 0.04433350132834779, "lower_bound": 0.020813235734068913, "running_time": 396.32630348205566, "none_zero_ratio": 0.005555555555555556, "max_weight": 0.79296875, "min_weight": 0.000560760498046875}, "min_max_pulp": {"max_delay": 0.024652572905420864, "running_time": 514370.1992034912}}}