{"entropy": 249969480559787009455837917173149708364, "10": {"num_user": 300, "num_service": 41, "min_max_greedy": {"max_delay": 0.14575856140355684, "running_time": 477.39291191101074}, "min_max_surrogate_relaxation": {"max_delay": 0.14575856140355684, "lower_bound": 0.13959573273584455, "running_time": 6073.998212814331}, "min_max_equal_weight": {"max_delay": 0.14575856140355684, "running_time": 355.29232025146484}, "min_max_pulp": {"max_delay": 0.14575856140355684, "running_time": 53185.375928878784}}, "20": {"num_user": 300, "num_service": 41, "min_max_greedy": {"max_delay": 0.12960302339713384, "running_time": 775.6385803222656}, "min_max_surrogate_relaxation": {"max_delay": 0.12982040850542398, "lower_bound": 0.10941856243122204, "running_time": 5887.844800949097}, "min_max_equal_weight": {"max_delay": 0.13866715517322345, "running_time": 383.3153247833252}, "min_max_pulp": {"max_delay": 0.12691980759998372, "running_time": 106060.25195121765}}, "30": {"num_user": 300, "num_service": 41, "min_max_greedy": {"max_delay": 0.07721509386662337, "running_time": 766.6313648223877}, "min_max_surrogate_relaxation": {"max_delay": 0.11500245450457228, "lower_bound": 0.05662165668850603, "running_time": 3892.2030925750732}, "min_max_equal_weight": {"max_delay": 0.1335085114089232, "running_time": 386.3179683685303}, "min_max_pulp": {"max_delay": 0.07502701153413474, "running_time": 165136.89708709717}}, "40": {"num_user": 300, "num_service": 41, "min_max_greedy": {"max_delay": 0.05464432657866808, "running_time": 843.6946868896484}, "min_max_surrogate_relaxation": {"max_delay": 0.06832365257108364, "lower_bound": 0.03332698781678866, "running_time": 4436.651229858398}, "min_max_equal_weight": {"max_delay": 0.07742718797959325, "running_time": 359.2956066131592}, "min_max_pulp": {"max_delay": 0.053987994820546996, "running_time": 232448.30918312073}}, "50": {"num_user": 300, "num_service": 41, "min_max_greedy": {"max_delay": 0.04099195080833203, "running_time": 1101.9065380096436}, "min_max_surrogate_relaxation": {"max_delay": 0.0431511463519425, "lower_bound": 0.025331425301361354, "running_time": 5595.605134963989}, "min_max_equal_weight": {"max_delay": 0.04904748131216275, "running_time": 374.30882453918457}, "min_max_pulp": {"max_delay": 0.040365326369466714, "running_time": 306451.4572620392}}, "60": {"num_user": 300, "num_service": 41, "min_max_greedy": {"max_delay": 0.03675752257539919, "running_time": 1400.1519680023193}, "min_max_surrogate_relaxation": {"max_delay": 0.037872116022138504, "lower_bound": 0.02284457071476654, "running_time": 4683.854579925537}, "min_max_equal_weight": {"max_delay": 0.03936461815897632, "running_time": 372.30825424194336}, "min_max_pulp": {"max_delay": 0.03509884426055611, "running_time": 394193.41111183167}}, "70": {"num_user": 300, "num_service": 41, "min_max_greedy": {"max_delay": 0.03158941610700007, "running_time": 1769.456148147583}, "min_max_surrogate_relaxation": {"max_delay": 0.037792098642682834, "lower_bound": 0.021410878792516082, "running_time": 5836.803197860718}, "min_max_equal_weight": {"max_delay": 0.03586021895744666, "running_time": 370.30506134033203}, "min_max_pulp": {"max_delay": 0.03044441313491364, "running_time": 489753.2551288605}}, "80": {"num_user": 300, "num_service": 41, "min_max_greedy": {"max_delay": 0.02907459935011546, "running_time": 2077.709913253784}, "min_max_surrogate_relaxation": {"max_delay": 0.037792098642682834, "lower_bound": 0.01937143660397669, "running_time": 3740.0777339935303}, "min_max_equal_weight": {"max_delay": 0.030845107718132963, "running_time": 376.3096332550049}, "min_max_pulp": {"max_delay": 0.028556625285836985, "running_time": 580039.8736000061}}, "90": {"num_user": 300, "num_service": 41, "min_max_greedy": {"max_delay": 0.028419649068353606, "running_time": 2337.924003601074}, "min_max_surrogate_relaxation": {"max_delay": 0.037738704680438495, "lower_bound": 0.018978383695878995, "running_time": 3757.091999053955}, "min_max_equal_weight": {"max_delay": 0.028556625285836985, "running_time": 376.3093948364258}, "min_max_pulp": {"max_delay": 0.026940887550511265, "running_time": 692097.7575778961}}, "100": {"num_user": 300, "num_service": 41, "min_max_greedy": {"max_delay": 0.026380862489321356, "running_time": 3040.4999256134033}, "min_max_surrogate_relaxation": {"max_delay": 0.037676218052910555, "lower_bound": 0.01938645993809607, "running_time": 5169.756174087524}, "min_max_equal_weight": {"max_delay": 0.028120720519162035, "running_time": 380.26881217956543}, "min_max_pulp": {"max_delay": 0.026095779385863466, "running_time": 803742.3958778381}}}