{"10": {"min_max_greedy": {"max delay": [0.17076828219724538], "running time": [65.05393981933594]}, "min_max_pulp": {"max delay": [0.16914761086178184], "running time": [3277.7066230773926]}}, "20": {"min_max_greedy": {"max delay": [0.16873112882992602], "running time": [101.08327865600586]}, "min_max_pulp": {"max delay": [0.16628116527972622], "running time": [7355.072259902954]}}, "30": {"min_max_greedy": {"max delay": [0.09617842641677588], "running time": [76.06267929077148]}, "min_max_pulp": {"max delay": [0.09617842641677588], "running time": [10108.34527015686]}}, "40": {"min_max_greedy": {"max delay": [0.09048726544761423], "running time": [107.08832740783691]}, "min_max_pulp": {"max delay": [0.08932186921010737], "running time": [15273.609399795532]}}, "50": {"min_max_greedy": {"max delay": [0.07398363619362809], "running time": [129.1062831878662]}, "min_max_pulp": {"max delay": [0.07019888637555985], "running time": [18820.537567138672]}}, "60": {"min_max_greedy": {"max delay": [0.06835348194261971], "running time": [172.14202880859375]}, "min_max_pulp": {"max delay": [0.06733244079350424], "running time": [24849.514961242676]}}, "70": {"min_max_greedy": {"max delay": [0.03953879645907982], "running time": [140.11573791503906]}, "min_max_pulp": {"max delay": [0.0369388155922246], "running time": [28863.829374313354]}}, "80": {"min_max_greedy": {"max delay": [0.029768594948845862], "running time": [183.1510066986084]}, "min_max_pulp": {"max delay": [0.029768594948845862], "running time": [34680.63163757324]}}, "90": {"min_max_greedy": {"max delay": [0.02952501725915479], "running time": [203.16767692565918]}, "min_max_pulp": {"max delay": [0.025979632268054297], "running time": [44345.61085700989]}}, "100": {"min_max_greedy": {"max delay": [0.026106133480806346], "running time": [247.20382690429688]}, "min_max_pulp": {"max delay": [0.022513556499650623], "running time": [49059.51976776123]}}}