{"10": {"min_max_greedy": {"max delay": [0.10538924645347443], "running time": [67.05570220947266]}, "min_max_pulp": {"max delay": [0.1002443169747249], "running time": [3850.1789569854736]}}, "20": {"min_max_greedy": {"max delay": [0.07163731382954758], "running time": [111.09185218811035]}, "min_max_pulp": {"max delay": [0.07163731382954758], "running time": [8077.668905258179]}}, "30": {"min_max_greedy": {"max delay": [0.0716266991036518], "running time": [137.12835311889648]}, "min_max_pulp": {"max delay": [0.06585965057847593], "running time": [14226.748943328857]}}, "40": {"min_max_greedy": {"max delay": [0.06049630221273828], "running time": [145.12014389038086]}, "min_max_pulp": {"max delay": [0.056054353493985624], "running time": [18742.473602294922]}}, "50": {"min_max_greedy": {"max delay": [0.05376095659801162], "running time": [166.1369800567627]}, "min_max_pulp": {"max delay": [0.05138225726078302], "running time": [25892.412424087524]}}, "60": {"min_max_greedy": {"max delay": [0.042676127160819824], "running time": [166.1369800567627]}, "min_max_pulp": {"max delay": [0.03738122601821367], "running time": [31158.724546432495]}}, "70": {"min_max_greedy": {"max delay": [0.035757741483352576], "running time": [198.1637477874756]}, "min_max_pulp": {"max delay": [0.029022395868625914], "running time": [40323.2901096344]}}, "80": {"min_max_greedy": {"max delay": [0.02699055278720973], "running time": [245.20206451416016]}, "min_max_pulp": {"max delay": [0.02404698116746499], "running time": [49035.48216819763]}}, "90": {"min_max_greedy": {"max delay": [0.024685642976647135], "running time": [287.23692893981934]}, "min_max_pulp": {"max delay": [0.022106717995926718], "running time": [61768.99528503418]}}, "100": {"min_max_greedy": {"max delay": [0.022488752157742195], "running time": [336.27772331237793]}, "min_max_pulp": {"max delay": [0.020864978118868827], "running time": [83604.02822494507]}}}