{"10": {"min_max_greedy": {"max delay": [0.1006465340874436], "running time": [64.05282020568848]}, "min_max_pulp": {"max delay": [0.09767295823411115], "running time": [3442.8422451019287]}}, "20": {"min_max_greedy": {"max delay": [0.0437865611847114], "running time": [64.05258178710938]}, "min_max_pulp": {"max delay": [0.0437865611847114], "running time": [7102.8733253479]}}, "30": {"min_max_greedy": {"max delay": [0.03531596499458576], "running time": [86.07101440429688]}, "min_max_pulp": {"max delay": [0.03531596499458576], "running time": [11482.479095458984]}}, "40": {"min_max_greedy": {"max delay": [0.02870623955251809], "running time": [146.12054824829102]}, "min_max_pulp": {"max delay": [0.027521952536733833], "running time": [16115.304708480835]}}, "50": {"min_max_greedy": {"max delay": [0.02482419588739769], "running time": [171.1411476135254]}, "min_max_pulp": {"max delay": [0.024196185101158976], "running time": [21290.576457977295]}}, "60": {"min_max_greedy": {"max delay": [0.022231576104607496], "running time": [233.19268226623535]}, "min_max_pulp": {"max delay": [0.021450026592219534], "running time": [30308.03418159485]}}, "70": {"min_max_greedy": {"max delay": [0.021332983893010835], "running time": [216.17817878723145]}, "min_max_pulp": {"max delay": [0.0178929028980075], "running time": [33195.695638656616]}}, "80": {"min_max_greedy": {"max delay": [0.016340999959746437], "running time": [256.2117576599121]}, "min_max_pulp": {"max delay": [0.014826713713355295], "running time": [635103.6233901978]}}, "90": {"min_max_greedy": {"max delay": [0.014955908837484128], "running time": [285.2356433868408]}, "min_max_pulp": {"max delay": [0.013508996928258667], "running time": [641782.8311920166]}}, "100": {"min_max_greedy": {"max delay": [0.013803576696141906], "running time": [296.24462127685547]}, "min_max_pulp": {"max delay": [0.012751680249519304], "running time": [649803.5526275635]}}}