{"10": {"min_max_greedy": {"max delay": [0.07674959339768973], "running time": [65.05370140075684]}, "min_max_pulp": {"max delay": [0.07674959339768973], "running time": [3511.899471282959]}}, "20": {"min_max_greedy": {"max delay": [0.0545749923876372], "running time": [110.09097099304199]}, "min_max_pulp": {"max delay": [0.054137987396991306], "running time": [7164.914846420288]}}, "30": {"min_max_greedy": {"max delay": [0.037877107121232004], "running time": [129.1065216064453]}, "min_max_pulp": {"max delay": [0.036981243150040616], "running time": [10913.009405136108]}}, "40": {"min_max_greedy": {"max delay": [0.03606531367051674], "running time": [150.12383460998535]}, "min_max_pulp": {"max delay": [0.03295191778445908], "running time": [15843.079805374146]}}, "50": {"min_max_greedy": {"max delay": [0.030716791890921254], "running time": [170.14002799987793]}, "min_max_pulp": {"max delay": [0.02887867677894649], "running time": [20533.952474594116]}}, "60": {"min_max_greedy": {"max delay": [0.02943167948421201], "running time": [180.14883995056152]}, "min_max_pulp": {"max delay": [0.026080502997726185], "running time": [26482.88369178772]}}, "70": {"min_max_greedy": {"max delay": [0.02630722459820301], "running time": [223.18410873413086]}, "min_max_pulp": {"max delay": [0.024177090881960406], "running time": [34571.82455062866]}}, "80": {"min_max_greedy": {"max delay": [0.025239798243842926], "running time": [223.18410873413086]}, "min_max_pulp": {"max delay": [0.02317991765258108], "running time": [632649.5974063873]}}, "90": {"min_max_greedy": {"max delay": [0.023985618646709256], "running time": [254.2095184326172]}, "min_max_pulp": {"max delay": [0.021978856462949045], "running time": [638565.1819705963]}}, "100": {"min_max_greedy": {"max delay": [0.022173012743850265], "running time": [288.2380485534668]}, "min_max_pulp": {"max delay": [0.019314028265997353], "running time": [644848.4547138214]}}}