{"10": {"min_max_greedy": {"max delay": [0.2839296911929474], "running time": [107.08832740783691]}, "min_max_pulp": {"max delay": [0.27661727278207193], "running time": [4039.334774017334]}}, "20": {"min_max_greedy": {"max delay": [0.2700589706953236], "running time": [138.11373710632324]}, "min_max_pulp": {"max delay": [0.26985168991737585], "running time": [8092.680931091309]}}, "30": {"min_max_greedy": {"max delay": [0.21162145885184594], "running time": [64.05282020568848]}, "min_max_pulp": {"max delay": [0.20171672531655835], "running time": [12925.670862197876]}}, "40": {"min_max_greedy": {"max delay": [0.18508914999892942], "running time": [117.0964241027832]}, "min_max_pulp": {"max delay": [0.18190809848679979], "running time": [19567.15440750122]}}, "50": {"min_max_greedy": {"max delay": [0.17967050015635086], "running time": [170.14050483703613]}, "min_max_pulp": {"max delay": [0.1789421131335194], "running time": [26264.683485031128]}}, "60": {"min_max_greedy": {"max delay": [0.17748986723001], "running time": [224.18522834777832]}, "min_max_pulp": {"max delay": [0.10905378368523089], "running time": [31829.277515411377]}}, "70": {"min_max_greedy": {"max delay": [0.07074029249469352], "running time": [106.08792304992676]}, "min_max_pulp": {"max delay": [0.06344886489724838], "running time": [39027.220010757446]}}, "80": {"min_max_greedy": {"max delay": [0.05999969075280564], "running time": [159.13152694702148]}, "min_max_pulp": {"max delay": [0.0500522823932728], "running time": [47832.489252090454]}}, "90": {"min_max_greedy": {"max delay": [0.043559998382435274], "running time": [202.16703414916992]}, "min_max_pulp": {"max delay": [0.041112959035485966], "running time": [56999.056816101074]}}, "100": {"min_max_greedy": {"max delay": [0.04037320455929252], "running time": [234.1935634613037]}, "min_max_pulp": {"max delay": [0.03911634449852483], "running time": [70248.99578094482]}}}