{"10": {"min_max_greedy": {"max delay": [0.11262220974092733], "running time": [77.07333564758301]}, "min_max_pulp": {"max delay": [0.11262220974092733], "running time": [3910.228490829468]}}, "20": {"min_max_greedy": {"max delay": [0.06443569586861425], "running time": [124.10259246826172]}, "min_max_pulp": {"max delay": [0.06443569586861425], "running time": [7357.074022293091]}}, "30": {"min_max_greedy": {"max delay": [0.042673122179318436], "running time": [140.11549949645996]}, "min_max_pulp": {"max delay": [0.0403354676408408], "running time": [11869.799137115479]}}, "40": {"min_max_greedy": {"max delay": [0.04085704220814212], "running time": [159.13128852844238]}, "min_max_pulp": {"max delay": [0.03613815109322901], "running time": [18189.016342163086]}}, "50": {"min_max_greedy": {"max delay": [0.03561034144594435], "running time": [201.16615295410156]}, "min_max_pulp": {"max delay": [0.03318292404207498], "running time": [24763.44394683838]}}, "60": {"min_max_greedy": {"max delay": [0.03228237297125972], "running time": [221.18282318115234]}, "min_max_pulp": {"max delay": [0.029343145212074966], "running time": [29229.130744934082]}}, "70": {"min_max_greedy": {"max delay": [0.02617223660456633], "running time": [277.22859382629395]}, "min_max_pulp": {"max delay": [0.025771553680835786], "running time": [34953.85718345642]}}, "80": {"min_max_greedy": {"max delay": [0.0279860216117921], "running time": [277.22907066345215]}, "min_max_pulp": {"max delay": [0.022537912949734125], "running time": [44607.82694816589]}}, "90": {"min_max_greedy": {"max delay": [0.02332272256092584], "running time": [316.26152992248535]}, "min_max_pulp": {"max delay": [0.020935620540249417], "running time": [53538.19990158081]}}, "100": {"min_max_greedy": {"max delay": [0.02031306994697895], "running time": [371.3066577911377]}, "min_max_pulp": {"max delay": [0.01989903556665836], "running time": [63862.7233505249]}}}