{"10": {"min_max_greedy": {"max delay": [0.1438406587422331], "running time": [72.05939292907715]}, "min_max_pulp": {"max delay": [0.1438406587422331], "running time": [3430.8323860168457]}}, "20": {"min_max_greedy": {"max delay": [0.09077957977437842], "running time": [99.08199310302734]}, "min_max_pulp": {"max delay": [0.08928595083809379], "running time": [7084.849119186401]}}, "30": {"min_max_greedy": {"max delay": [0.0873153904487317], "running time": [144.1190242767334]}, "min_max_pulp": {"max delay": [0.08561373127821384], "running time": [11588.56725692749]}}, "40": {"min_max_greedy": {"max delay": [0.0746611959419643], "running time": [111.09185218811035]}, "min_max_pulp": {"max delay": [0.0746611959419643], "running time": [15901.127338409424]}}, "50": {"min_max_greedy": {"max delay": [0.06190018014519846], "running time": [132.1091651916504]}, "min_max_pulp": {"max delay": [0.059641262744001194], "running time": [20458.890199661255]}}, "60": {"min_max_greedy": {"max delay": [0.05639095499220011], "running time": [169.13938522338867]}, "min_max_pulp": {"max delay": [0.054897326055915484], "running time": [27355.584144592285]}}, "70": {"min_max_greedy": {"max delay": [0.052413096475336374], "running time": [213.17577362060547]}, "min_max_pulp": {"max delay": [0.050919467539051744], "running time": [37692.11745262146]}}, "80": {"min_max_greedy": {"max delay": [0.058042863326790144], "running time": [167.13809967041016]}, "min_max_pulp": {"max delay": [0.03798988262958486], "running time": [37195.70803642273]}}, "90": {"min_max_greedy": {"max delay": [0.027117853038275956], "running time": [201.16591453552246]}, "min_max_pulp": {"max delay": [0.02400016051330056], "running time": [45129.25744056702]}}, "100": {"min_max_greedy": {"max delay": [0.025159255997881234], "running time": [233.19268226623535]}, "min_max_pulp": {"max delay": [0.02176037858572666], "running time": [55249.61256980896]}}}