{"10": {"min_max_greedy": {"max delay": [0.0741319963356963], "running time": [44.0366268157959]}, "min_max_pulp": {"max delay": [0.0741319963356963], "running time": [3528.9130210876465]}}, "20": {"min_max_greedy": {"max delay": [0.05925311780443606], "running time": [75.06155967712402]}, "min_max_pulp": {"max delay": [0.05734696916741255], "running time": [7087.851047515869]}}, "30": {"min_max_greedy": {"max delay": [0.04914870690692788], "running time": [98.08087348937988]}, "min_max_pulp": {"max delay": [0.042664028077159036], "running time": [11351.37152671814]}}, "40": {"min_max_greedy": {"max delay": [0.04157019639310931], "running time": [128.10540199279785]}, "min_max_pulp": {"max delay": [0.0374433126023366], "running time": [16477.603912353516]}}, "50": {"min_max_greedy": {"max delay": [0.0359854108697817], "running time": [182.15060234069824]}, "min_max_pulp": {"max delay": [0.03361949958811753], "running time": [20979.320526123047]}}, "60": {"min_max_greedy": {"max delay": [0.033782021925042725], "running time": [233.19244384765625]}, "min_max_pulp": {"max delay": [0.031818499734029566], "running time": [30538.211345672607]}}, "70": {"min_max_greedy": {"max delay": [0.034381219024919585], "running time": [215.1777744293213]}, "min_max_pulp": {"max delay": [0.029821967573886336], "running time": [36777.36234664917]}}, "80": {"min_max_greedy": {"max delay": [0.03311872785173118], "running time": [223.18387031555176]}, "min_max_pulp": {"max delay": [0.027402901473996908], "running time": [42320.93930244446]}}, "90": {"min_max_greedy": {"max delay": [0.027565423810922095], "running time": [266.2198543548584]}, "min_max_pulp": {"max delay": [0.02534760312414006], "running time": [52415.27271270752]}}, "100": {"min_max_greedy": {"max delay": [0.025616053824115644], "running time": [327.2700309753418]}, "min_max_pulp": {"max delay": [0.023275985636335785], "running time": [647334.4783782959]}}}