{"10": {"min_max_greedy": {"max delay": [0.08136420369948218], "running time": [65.05370140075684]}, "min_max_pulp": {"max delay": [0.08136420369948218], "running time": [3757.1122646331787]}}, "20": {"min_max_greedy": {"max delay": [0.06241251837299517], "running time": [108.10351371765137]}, "min_max_pulp": {"max delay": [0.05019148350950991], "running time": [7521.186828613281]}}, "30": {"min_max_greedy": {"max delay": [0.042860954230319846], "running time": [137.13407516479492]}, "min_max_pulp": {"max delay": [0.04194071137870414], "running time": [12176.048755645752]}}, "40": {"min_max_greedy": {"max delay": [0.033508897058406525], "running time": [139.1146183013916]}, "min_max_pulp": {"max delay": [0.030079644114188932], "running time": [16928.67660522461]}}, "50": {"min_max_greedy": {"max delay": [0.02841381147510095], "running time": [173.1431484222412]}, "min_max_pulp": {"max delay": [0.024984558530883355], "running time": [21762.967109680176]}}, "60": {"min_max_greedy": {"max delay": [0.02258070661075448], "running time": [193.1593418121338]}, "min_max_pulp": {"max delay": [0.02122682749456505], "running time": [29637.467622756958]}}, "70": {"min_max_greedy": {"max delay": [0.019859066301077685], "running time": [240.19908905029297]}, "min_max_pulp": {"max delay": [0.018797259971722817], "running time": [37548.97379875183]}}, "80": {"min_max_greedy": {"max delay": [0.01685169561371097], "running time": [281.2321186065674]}, "min_max_pulp": {"max delay": [0.015900555435662683], "running time": [45806.817054748535]}}, "90": {"min_max_greedy": {"max delay": [0.015446946322949446], "running time": [342.2825336456299]}, "min_max_pulp": {"max delay": [0.013573475538862134], "running time": [51034.13248062134]}}, "100": {"min_max_greedy": {"max delay": [0.013130182024307699], "running time": [376.3101100921631]}, "min_max_pulp": {"max delay": [0.01187417363442583], "running time": [63135.122776031494]}}}