{"10": {"min_max_greedy": {"max delay": [0.5952556945484394], "running time": [58.04848670959473]}, "min_max_pulp": {"max delay": [0.5916553815557299], "running time": [2840.3451442718506]}}, "20": {"min_max_greedy": {"max delay": [0.3041930763441361], "running time": [59.049129486083984]}, "min_max_pulp": {"max delay": [0.3041930763441361], "running time": [5248.332977294922]}}, "30": {"min_max_greedy": {"max delay": [0.2879473479385594], "running time": [93.07670593261719]}, "min_max_pulp": {"max delay": [0.28228647479903135], "running time": [8566.072463989258]}}, "40": {"min_max_greedy": {"max delay": [0.27738075728901473], "running time": [127.1047592163086]}, "min_max_pulp": {"max delay": [0.27662183676686797], "running time": [11732.686281204224]}}, "50": {"min_max_greedy": {"max delay": [0.10882637055380119], "running time": [70.05763053894043]}, "min_max_pulp": {"max delay": [0.10570590031698476], "running time": [14584.040403366089]}}, "60": {"min_max_greedy": {"max delay": [0.08946017191140809], "running time": [116.09554290771484]}, "min_max_pulp": {"max delay": [0.0869958345794205], "running time": [18598.35433959961]}}, "70": {"min_max_greedy": {"max delay": [0.08517801217330445], "running time": [150.12383460998535]}, "min_max_pulp": {"max delay": [0.06546226453801456], "running time": [22688.730716705322]}}}