{"10": {"min_max_greedy": {"max delay": [2.515550527606289], "running time": [70.05786895751953]}, "min_max_pulp": {"max delay": [2.5150321301436764], "running time": [4186.4564418792725]}}, "20": {"min_max_greedy": {"max delay": [0.05326111995779825], "running time": [58.04800987243652]}, "min_max_pulp": {"max delay": [0.05326111995779825], "running time": [8754.226684570312]}}, "30": {"min_max_greedy": {"max delay": [0.039563195394841], "running time": [105.0868034362793]}, "min_max_pulp": {"max delay": [0.039563195394841], "running time": [14256.770372390747]}}, "40": {"min_max_greedy": {"max delay": [0.03466061214263327], "running time": [150.12359619140625]}, "min_max_pulp": {"max delay": [0.03311831676680528], "running time": [21251.54423713684]}}, "50": {"min_max_greedy": {"max delay": [0.03081928638448942], "running time": [198.1637477874756]}, "min_max_pulp": {"max delay": [0.03065807964469141], "running time": [27767.924785614014]}}, "60": {"min_max_greedy": {"max delay": [0.03081928638448942], "running time": [198.16350936889648]}, "min_max_pulp": {"max delay": [0.024381353787970995], "running time": [34873.790979385376]}}, "70": {"min_max_greedy": {"max delay": [0.02453014040611634], "running time": [207.1704864501953]}, "min_max_pulp": {"max delay": [0.019253346266776078], "running time": [43567.96884536743]}}}