{"10": {"min_max_greedy": {"max delay": [0.1538422603578579], "running time": [68.05634498596191]}, "min_max_pulp": {"max delay": [0.15195068785631288], "running time": [4053.3463954925537]}}, "20": {"min_max_greedy": {"max delay": [0.14599409010193998], "running time": [122.1003532409668]}, "min_max_pulp": {"max delay": [0.14576849103699216], "running time": [8118.702173233032]}}, "30": {"min_max_greedy": {"max delay": [0.047707998705227427], "running time": [78.0642032623291]}, "min_max_pulp": {"max delay": [0.047707998705227427], "running time": [13110.8238697052]}}, "40": {"min_max_greedy": {"max delay": [0.04341587570006703], "running time": [145.11966705322266]}, "min_max_pulp": {"max delay": [0.0396616039177174], "running time": [19474.077224731445]}}, "50": {"min_max_greedy": {"max delay": [0.03626655154765649], "running time": [213.17601203918457]}, "min_max_pulp": {"max delay": [0.035494014061549235], "running time": [25981.450080871582]}}, "60": {"min_max_greedy": {"max delay": [0.030907862499743557], "running time": [246.20342254638672]}, "min_max_pulp": {"max delay": [0.030907862499743557], "running time": [32829.12373542786]}}, "70": {"min_max_greedy": {"max delay": [0.029799961884416165], "running time": [291.2404537200928]}, "min_max_pulp": {"max delay": [0.029251513134544254], "running time": [40973.82688522339]}}}