{"10": {"min_max_greedy": {"max delay": [0.1786827201469268], "running time": [46.038150787353516]}, "min_max_pulp": {"max delay": [0.1786827201469268], "running time": [3323.7435817718506]}}, "20": {"min_max_greedy": {"max delay": [0.1451834620759416], "running time": [105.08561134338379]}, "min_max_pulp": {"max delay": [0.1451834620759416], "running time": [6895.693063735962]}}, "30": {"min_max_greedy": {"max delay": [0.13754495386874635], "running time": [149.122953414917]}, "min_max_pulp": {"max delay": [0.09436135362847636], "running time": [10431.612253189087]}}, "40": {"min_max_greedy": {"max delay": [0.06950618389254289], "running time": [116.09601974487305]}, "min_max_pulp": {"max delay": [0.06230814230401774], "running time": [14538.001775741577]}}, "50": {"min_max_greedy": {"max delay": [0.06103826733530138], "running time": [161.1328125]}, "min_max_pulp": {"max delay": [0.05406771495418772], "running time": [19260.90145111084]}}, "60": {"min_max_greedy": {"max delay": [0.05378735180565343], "running time": [207.1707248687744]}, "min_max_pulp": {"max delay": [0.04730294876329563], "running time": [24160.94660758972]}}, "70": {"min_max_greedy": {"max delay": [0.047413199864930825], "running time": [229.1889190673828]}, "min_max_pulp": {"max delay": [0.039584563728112886], "running time": [30005.783796310425]}}}