{"10": {"min_max_greedy": {"max delay": [0.10761061378305736], "running time": [79.06532287597656]}, "min_max_pulp": {"max delay": [0.10761061378305736], "running time": [3224.6625423431396]}}, "20": {"min_max_greedy": {"max delay": [0.10385359264103738], "running time": [137.11285591125488]}, "min_max_pulp": {"max delay": [0.10300183984242496], "running time": [6407.289266586304]}}, "30": {"min_max_greedy": {"max delay": [0.0990692014492448], "running time": [179.14772033691406]}, "min_max_pulp": {"max delay": [0.0990692014492448], "running time": [11134.191751480103]}}, "40": {"min_max_greedy": {"max delay": [0.04560778733615534], "running time": [113.09337615966797]}, "min_max_pulp": {"max delay": [0.04490155370606102], "running time": [14317.82054901123]}}, "50": {"min_max_greedy": {"max delay": [0.03768451008840716], "running time": [124.10283088684082]}, "min_max_pulp": {"max delay": [0.03707562905472319], "running time": [18651.398420333862]}}, "60": {"min_max_greedy": {"max delay": [0.02567162684582315], "running time": [168.1387424468994]}, "min_max_pulp": {"max delay": [0.025504908803980646], "running time": [23962.782382965088]}}, "70": {"min_max_greedy": {"max delay": [0.021058092421930522], "running time": [212.1751308441162]}, "min_max_pulp": {"max delay": [0.020206339623318102], "running time": [28886.84892654419]}}}