{"10": {"min_max_greedy": {"max delay": [0.07127408612001643], "running time": [79.06484603881836]}, "min_max_pulp": {"max delay": [0.07127408612001643], "running time": [3499.889612197876]}}, "20": {"min_max_greedy": {"max delay": [0.06465305307928283], "running time": [112.09249496459961]}, "min_max_pulp": {"max delay": [0.06411818119910967], "running time": [7680.340528488159]}}, "30": {"min_max_greedy": {"max delay": [0.05393306212575739], "running time": [124.10235404968262]}, "min_max_pulp": {"max delay": [0.05393306212575739], "running time": [11669.634103775024]}}, "40": {"min_max_greedy": {"max delay": [0.03976494382460537], "running time": [135.11157035827637]}, "min_max_pulp": {"max delay": [0.03807709342166394], "running time": [16578.6874294281]}}, "50": {"min_max_greedy": {"max delay": [0.033123418659622685], "running time": [170.13978958129883]}, "min_max_pulp": {"max delay": [0.031889601111399525], "running time": [22001.163244247437]}}, "60": {"min_max_greedy": {"max delay": [0.02493715970735511], "running time": [212.1748924255371]}, "min_max_pulp": {"max delay": [0.02493715970735511], "running time": [27560.75358390808]}}, "70": {"min_max_greedy": {"max delay": [0.022794574872060807], "running time": [269.2224979400635]}, "min_max_pulp": {"max delay": [0.022675715539303292], "running time": [34181.21910095215]}}}