{"10": {"min_max_greedy": {"max delay": [0.1472290881310042], "running time": [68.05634498596191]}, "min_max_pulp": {"max delay": [0.13284827394604637], "running time": [3774.115562438965]}}, "20": {"min_max_greedy": {"max delay": [0.04910290395249447], "running time": [89.07365798950195]}, "min_max_pulp": {"max delay": [0.04910290395249447], "running time": [7111.900806427002]}}, "30": {"min_max_greedy": {"max delay": [0.041767054262465735], "running time": [157.12881088256836]}, "min_max_pulp": {"max delay": [0.04065597093023494], "running time": [11430.436611175537]}}, "40": {"min_max_greedy": {"max delay": [0.03699064002050216], "running time": [180.14860153198242]}, "min_max_pulp": {"max delay": [0.03699064002050216], "running time": [16472.598791122437]}}, "50": {"min_max_greedy": {"max delay": [0.02949300805512347], "running time": [181.14924430847168]}, "min_max_pulp": {"max delay": [0.02949300805512347], "running time": [21729.939699172974]}}, "60": {"min_max_greedy": {"max delay": [0.029244502545132313], "running time": [191.15757942199707]}, "min_max_pulp": {"max delay": [0.023529657081066767], "running time": [29711.59601211548]}}, "70": {"min_max_greedy": {"max delay": [0.022658957385672928], "running time": [246.20294570922852]}, "min_max_pulp": {"max delay": [0.02060949994685686], "running time": [35168.034076690674]}}}