{"10": {"min_max_greedy": {"max delay": [0.8495237039072217], "running time": [57.047128677368164]}, "min_max_pulp": {"max delay": [0.8488221410262999], "running time": [2870.3696727752686]}}, "20": {"min_max_greedy": {"max delay": [0.18069533665478357], "running time": [57.04689025878906]}, "min_max_pulp": {"max delay": [0.16539363230378343], "running time": [6091.028451919556]}}, "30": {"min_max_greedy": {"max delay": [0.060460424750218025], "running time": [90.07382392883301]}, "min_max_pulp": {"max delay": [0.060460424750218025], "running time": [8794.260263442993]}}, "40": {"min_max_greedy": {"max delay": [0.052266216768058205], "running time": [135.11133193969727]}, "min_max_pulp": {"max delay": [0.052266216768058205], "running time": [12899.649381637573]}}, "50": {"min_max_greedy": {"max delay": [0.04814303940243888], "running time": [193.1593418121338]}, "min_max_pulp": {"max delay": [0.04668957750444487], "running time": [16506.627321243286]}}, "60": {"min_max_greedy": {"max delay": [0.04588130165812411], "running time": [245.20230293273926]}, "min_max_pulp": {"max delay": [0.03928177361451793], "running time": [21147.45855331421]}}, "70": {"min_max_greedy": {"max delay": [0.036707423770915536], "running time": [201.16591453552246]}, "min_max_pulp": {"max delay": [0.03579583283748961], "running time": [27013.301849365234]}}}