{"10": {"min_max_greedy": {"max delay": [0.09637463105023543], "running time": [70.05810737609863]}, "min_max_pulp": {"max delay": [0.0952808353164831], "running time": [3816.150426864624]}}, "20": {"min_max_greedy": {"max delay": [0.08604764862347225], "running time": [46.03767395019531]}, "min_max_pulp": {"max delay": [0.08404923974118296], "running time": [8036.634206771851]}}, "30": {"min_max_greedy": {"max delay": [0.06621861991189393], "running time": [103.08504104614258]}, "min_max_pulp": {"max delay": [0.06621861991189393], "running time": [12351.197004318237]}}, "40": {"min_max_greedy": {"max delay": [0.05963284563536625], "running time": [160.13193130493164]}, "min_max_pulp": {"max delay": [0.05938743540415855], "running time": [18082.929134368896]}}, "50": {"min_max_greedy": {"max delay": [0.056275531073153036], "running time": [209.17272567749023]}, "min_max_pulp": {"max delay": [0.03333054811671864], "running time": [22694.735765457153]}}, "60": {"min_max_greedy": {"max delay": [0.029786461274941483], "running time": [162.13417053222656]}, "min_max_pulp": {"max delay": [0.025381661971832763], "running time": [28689.685821533203]}}, "70": {"min_max_greedy": {"max delay": [0.021327679086274077], "running time": [196.16198539733887]}, "min_max_pulp": {"max delay": [0.01985946086606446], "running time": [36057.76834487915]}}}