{"10": {"min_max_greedy": {"max delay": [0.2660944965183861], "running time": [75.06132125854492]}, "min_max_pulp": {"max delay": [0.26361625773808983], "running time": [3241.6763305664062]}}, "20": {"min_max_greedy": {"max delay": [0.2597769941016207], "running time": [117.0966625213623]}, "min_max_pulp": {"max delay": [0.2583244913336076], "running time": [6248.1584548950195]}}, "30": {"min_max_greedy": {"max delay": [0.05715188194736009], "running time": [74.06091690063477]}, "min_max_pulp": {"max delay": [0.05715188194736009], "running time": [10147.377490997314]}}, "40": {"min_max_greedy": {"max delay": [0.05715188194736009], "running time": [75.06179809570312]}, "min_max_pulp": {"max delay": [0.0475172018648708], "running time": [14660.10332107544]}}, "50": {"min_max_greedy": {"max delay": [0.049586206478613434], "running time": [117.0966625213623]}, "min_max_pulp": {"max delay": [0.04517364449223272], "running time": [19478.08027267456]}}, "60": {"min_max_greedy": {"max delay": [0.03175656819246496], "running time": [128.10587882995605]}, "min_max_pulp": {"max delay": [0.03175656819246496], "running time": [24153.9409160614]}}, "70": {"min_max_greedy": {"max delay": [0.031001211744686515], "running time": [159.13105010986328]}, "min_max_pulp": {"max delay": [0.026416437898062986], "running time": [31171.411514282227]}}}