{"10": {"min_max_greedy": {"max delay": [0.10288820135761262], "running time": [64.05258178710938]}, "min_max_pulp": {"max delay": [0.09558355471079151], "running time": [3706.0599327087402]}}, "20": {"min_max_greedy": {"max delay": [0.06341366309779807], "running time": [107.08856582641602]}, "min_max_pulp": {"max delay": [0.06341366309779807], "running time": [7488.181591033936]}}, "30": {"min_max_greedy": {"max delay": [0.050543971109676775], "running time": [148.12254905700684]}, "min_max_pulp": {"max delay": [0.05010291612187117], "running time": [11867.798566818237]}}, "40": {"min_max_greedy": {"max delay": [0.0453910474514983], "running time": [212.1753692626953]}, "min_max_pulp": {"max delay": [0.04338763462381744], "running time": [17204.203605651855]}}, "50": {"min_max_greedy": {"max delay": [0.041561287648585965], "running time": [257.21216201782227]}, "min_max_pulp": {"max delay": [0.041561287648585965], "running time": [23127.09331512451]}}, "60": {"min_max_greedy": {"max delay": [0.04054692529074063], "running time": [296.24438285827637]}, "min_max_pulp": {"max delay": [0.0359916986185064], "running time": [29222.124814987183]}}, "70": {"min_max_greedy": {"max delay": [0.0345654128347905], "running time": [225.18610954284668]}, "min_max_pulp": {"max delay": [0.030571448517886884], "running time": [36325.53315162659]}}}