{"10": {"min_max_greedy": {"max delay": [0.1476071629220165], "running time": [70.05786895751953]}, "min_max_pulp": {"max delay": [0.14692702657400705], "running time": [3224.6625423431396]}}, "20": {"min_max_greedy": {"max delay": [0.054046956032315914], "running time": [103.08480262756348]}, "min_max_pulp": {"max delay": [0.054046956032315914], "running time": [6155.081987380981]}}, "30": {"min_max_greedy": {"max delay": [0.04776640903246059], "running time": [157.13000297546387]}, "min_max_pulp": {"max delay": [0.0467456533748932], "running time": [9833.117961883545]}}, "40": {"min_max_greedy": {"max delay": [0.04497115155957461], "running time": [147.12142944335938]}, "min_max_pulp": {"max delay": [0.04429401575104709], "running time": [13877.45714187622]}}, "50": {"min_max_greedy": {"max delay": [0.03515285800958335], "running time": [169.13962364196777]}, "min_max_pulp": {"max delay": [0.03515285800958335], "running time": [17942.81315803528]}}, "60": {"min_max_greedy": {"max delay": [0.0326322920389441], "running time": [213.17577362060547]}, "min_max_pulp": {"max delay": [0.029937303196027682], "running time": [22795.81928253174]}}, "70": {"min_max_greedy": {"max delay": [0.03001619934012544], "running time": [252.20847129821777]}, "min_max_pulp": {"max delay": [0.027178656148313364], "running time": [29900.69627761841]}}}