{"10": {"min_max_greedy": {"max delay": [0.0735531240911533], "running time": [80.06596565246582]}, "min_max_pulp": {"max delay": [0.0735531240911533], "running time": [3636.0015869140625]}}, "20": {"min_max_greedy": {"max delay": [0.057306420244725924], "running time": [113.09337615966797]}, "min_max_pulp": {"max delay": [0.05696665154205138], "running time": [7119.878530502319]}}, "30": {"min_max_greedy": {"max delay": [0.06341462939101396], "running time": [125.10347366333008]}, "min_max_pulp": {"max delay": [0.052044718437116076], "running time": [11194.241523742676]}}, "40": {"min_max_greedy": {"max delay": [0.049427280388639847], "running time": [169.13962364196777]}, "min_max_pulp": {"max delay": [0.04533404138221299], "running time": [15720.978260040283]}}, "50": {"min_max_greedy": {"max delay": [0.036012425012896976], "running time": [180.14883995056152]}, "min_max_pulp": {"max delay": [0.03296662739848922], "running time": [20379.85372543335]}}, "60": {"min_max_greedy": {"max delay": [0.028586152636970008], "running time": [203.16767692565918]}, "min_max_pulp": {"max delay": [0.026346921877366772], "running time": [27184.443473815918]}}, "70": {"min_max_greedy": {"max delay": [0.021634233111947683], "running time": [240.19837379455566]}, "min_max_pulp": {"max delay": [0.021634233111947683], "running time": [33034.339427948]}}}