{"10": {"min_max_greedy": {"max delay": [0.13504922697406987], "running time": [47.039031982421875]}, "min_max_pulp": {"max delay": [0.13504922697406987], "running time": [3647.0112800598145]}}, "20": {"min_max_greedy": {"max delay": [0.08284179638410216], "running time": [92.07630157470703]}, "min_max_pulp": {"max delay": [0.07689015904952799], "running time": [7271.002769470215]}}, "30": {"min_max_greedy": {"max delay": [0.07301297276906009], "running time": [138.11397552490234]}, "min_max_pulp": {"max delay": [0.0726146981712438], "running time": [12092.983961105347]}}, "40": {"min_max_greedy": {"max delay": [0.0708960717089533], "running time": [126.10387802124023]}, "min_max_pulp": {"max delay": [0.05304621887461026], "running time": [16466.594219207764]}}, "50": {"min_max_greedy": {"max delay": [0.04393684759132829], "running time": [161.1332893371582]}, "min_max_pulp": {"max delay": [0.04367130309799237], "running time": [21848.037004470825]}}, "60": {"min_max_greedy": {"max delay": [0.03981571599006128], "running time": [220.18194198608398]}, "min_max_pulp": {"max delay": [0.03271135739049405], "running time": [28132.225275039673]}}, "70": {"min_max_greedy": {"max delay": [0.029899508376229757], "running time": [195.1613426208496]}, "min_max_pulp": {"max delay": [0.028843767760811437], "running time": [36071.77948951721]}}}