{"entropy": 41457723314380137883690225985142032345, "10": {"num_user": 400, "num_service": 41, "min_max_equal_weight": {"max_delay": 0.03472527968599409, "running_time": 37.030696868896484}}, "20": {"num_user": 400, "num_service": 41, "min_max_equal_weight": {"max_delay": 0.030713494784051026, "running_time": 39.032697677612305}}, "30": {"num_user": 400, "num_service": 41, "min_max_equal_weight": {"max_delay": 0.02590788697214788, "running_time": 41.034698486328125}}, "40": {"num_user": 400, "num_service": 41, "min_max_equal_weight": {"max_delay": 0.02320501976299856, "running_time": 43.035268783569336}}, "50": {"num_user": 400, "num_service": 41, "min_max_equal_weight": {"max_delay": 0.02286208665619409, "running_time": 44.03567314147949}}, "60": {"num_user": 400, "num_service": 41, "min_max_equal_weight": {"max_delay": 0.02203840512826344, "running_time": 47.03879356384277}}, "70": {"num_user": 400, "num_service": 41, "min_max_equal_weight": {"max_delay": 0.02080460298147309, "running_time": 52.04272270202637}}, "80": {"num_user": 400, "num_service": 41, "min_max_equal_weight": {"max_delay": 0.02026069998295418, "running_time": 53.04384231567383}}, "90": {"num_user": 400, "num_service": 41, "min_max_equal_weight": {"max_delay": 0.02010857112406774, "running_time": 53.04455757141113}}, "100": {"num_user": 400, "num_service": 41, "min_max_equal_weight": {"max_delay": 0.019259437383593054, "running_time": 54.044485092163086}}}