{"entropy": 49119738591041184080142128434079087711, "10": {"num_user": 400, "num_service": 41, "min_max_equal_weight": {"max_delay": 0.031784248878329445, "running_time": 35.02845764160156}}, "20": {"num_user": 400, "num_service": 41, "min_max_equal_weight": {"max_delay": 0.025093266760160157, "running_time": 37.03045845031738}}, "30": {"num_user": 400, "num_service": 41, "min_max_equal_weight": {"max_delay": 0.02002559575131801, "running_time": 39.0324592590332}}, "40": {"num_user": 400, "num_service": 41, "min_max_equal_weight": {"max_delay": 0.018895233380444337, "running_time": 43.03574562072754}}, "50": {"num_user": 400, "num_service": 41, "min_max_equal_weight": {"max_delay": 0.014892355236658252, "running_time": 46.038150787353516}}, "60": {"num_user": 400, "num_service": 41, "min_max_equal_weight": {"max_delay": 0.014311035135634483, "running_time": 49.04055595397949}}, "70": {"num_user": 400, "num_service": 41, "min_max_equal_weight": {"max_delay": 0.014100269032101239, "running_time": 52.04296112060547}}, "80": {"num_user": 400, "num_service": 41, "min_max_equal_weight": {"max_delay": 0.013007597760010583, "running_time": 52.04272270202637}}, "90": {"num_user": 400, "num_service": 41, "min_max_equal_weight": {"max_delay": 0.012439189183068034, "running_time": 54.044246673583984}}, "100": {"num_user": 400, "num_service": 41, "min_max_equal_weight": {"max_delay": 0.010057604079223128, "running_time": 94.07758712768555}}}