{"entropy": 19725467075304189643256856323538396471, "10": {"num_user": 400, "num_service": 41, "min_max_equal_weight": {"max_delay": 0.08335640411951839, "running_time": 54.044485092163086}}, "20": {"num_user": 400, "num_service": 41, "min_max_equal_weight": {"max_delay": 0.048344124380964415, "running_time": 74.06163215637207}}, "30": {"num_user": 400, "num_service": 41, "min_max_equal_weight": {"max_delay": 0.03940602280713171, "running_time": 61.05184555053711}}, "40": {"num_user": 400, "num_service": 41, "min_max_equal_weight": {"max_delay": 0.03371796229164269, "running_time": 69.05651092529297}}, "50": {"num_user": 400, "num_service": 41, "min_max_equal_weight": {"max_delay": 0.0329304328378382, "running_time": 72.05939292907715}}, "60": {"num_user": 400, "num_service": 41, "min_max_equal_weight": {"max_delay": 0.03169259847581292, "running_time": 78.0649185180664}}, "70": {"num_user": 400, "num_service": 41, "min_max_equal_weight": {"max_delay": 0.019544499474504817, "running_time": 70.05739212036133}}, "80": {"num_user": 400, "num_service": 41, "min_max_equal_weight": {"max_delay": 0.018328035075448033, "running_time": 74.06115531921387}}, "90": {"num_user": 400, "num_service": 41, "min_max_equal_weight": {"max_delay": 0.018279230629010965, "running_time": 80.06620407104492}}, "100": {"num_user": 400, "num_service": 41, "min_max_equal_weight": {"max_delay": 0.017762462506279206, "running_time": 83.06884765625}}}