{"entropy": 51147829024748371578699838248773067852, "10": {"num_user": 400, "num_service": 41, "min_max_equal_weight": {"max_delay": 0.05404502784460411, "running_time": 52.04272270202637}}, "20": {"num_user": 400, "num_service": 41, "min_max_equal_weight": {"max_delay": 0.04595777819413712, "running_time": 55.045366287231445}}, "30": {"num_user": 400, "num_service": 41, "min_max_equal_weight": {"max_delay": 0.0387161279205299, "running_time": 59.04889106750488}}, "40": {"num_user": 400, "num_service": 41, "min_max_equal_weight": {"max_delay": 0.03530048115876796, "running_time": 66.0545825958252}}, "50": {"num_user": 400, "num_service": 41, "min_max_equal_weight": {"max_delay": 0.0330207462520261, "running_time": 76.06244087219238}}, "60": {"num_user": 400, "num_service": 41, "min_max_equal_weight": {"max_delay": 0.028590457690531534, "running_time": 68.05610656738281}}, "70": {"num_user": 400, "num_service": 41, "min_max_equal_weight": {"max_delay": 0.02579925610825227, "running_time": 72.05939292907715}}, "80": {"num_user": 400, "num_service": 41, "min_max_equal_weight": {"max_delay": 0.0253643738790658, "running_time": 74.06139373779297}}, "90": {"num_user": 400, "num_service": 41, "min_max_equal_weight": {"max_delay": 0.025161527370655214, "running_time": 78.0642032623291}}, "100": {"num_user": 400, "num_service": 41, "min_max_equal_weight": {"max_delay": 0.02354338166626901, "running_time": 90.07406234741211}}}