{"entropy": 20047828843158995832535117110777691889, "10": {"num_user": 400, "num_service": 41, "min_max_equal_weight": {"max_delay": 0.03950196593753257, "running_time": 38.03110122680664}}, "20": {"num_user": 400, "num_service": 41, "min_max_equal_weight": {"max_delay": 0.025774635706445177, "running_time": 39.0324592590332}}, "30": {"num_user": 400, "num_service": 41, "min_max_equal_weight": {"max_delay": 0.021790423200091613, "running_time": 40.03310203552246}}, "40": {"num_user": 400, "num_service": 41, "min_max_equal_weight": {"max_delay": 0.021566807185828856, "running_time": 43.035268783569336}}, "50": {"num_user": 400, "num_service": 41, "min_max_equal_weight": {"max_delay": 0.017557244747043444, "running_time": 45.037031173706055}}, "60": {"num_user": 400, "num_service": 41, "min_max_equal_weight": {"max_delay": 0.017195400235375066, "running_time": 46.03767395019531}}, "70": {"num_user": 400, "num_service": 41, "min_max_equal_weight": {"max_delay": 0.01572679099381251, "running_time": 49.04031753540039}}, "80": {"num_user": 400, "num_service": 41, "min_max_equal_weight": {"max_delay": 0.01494405484460594, "running_time": 89.07341957092285}}, "90": {"num_user": 400, "num_service": 41, "min_max_equal_weight": {"max_delay": 0.013349603881786657, "running_time": 53.04384231567383}}, "100": {"num_user": 400, "num_service": 41, "min_max_equal_weight": {"max_delay": 0.011934058849460317, "running_time": 55.045366287231445}}}