{"entropy": 257033784629738158506017167242872273653, "10": {"num_user": 400, "num_service": 41, "min_max_equal_weight": {"max_delay": 0.036200964871693615, "running_time": 37.02974319458008}}, "20": {"num_user": 400, "num_service": 41, "min_max_equal_weight": {"max_delay": 0.03518983807958686, "running_time": 41.03374481201172}}, "30": {"num_user": 400, "num_service": 41, "min_max_equal_weight": {"max_delay": 0.033676614282428255, "running_time": 42.03462600708008}}, "40": {"num_user": 400, "num_service": 41, "min_max_equal_weight": {"max_delay": 0.028592800162215073, "running_time": 44.035911560058594}}, "50": {"num_user": 400, "num_service": 41, "min_max_equal_weight": {"max_delay": 0.02851702257096512, "running_time": 47.03879356384277}}, "60": {"num_user": 400, "num_service": 41, "min_max_equal_weight": {"max_delay": 0.02666037282089433, "running_time": 49.04055595397949}}, "70": {"num_user": 400, "num_service": 41, "min_max_equal_weight": {"max_delay": 0.025763354304595604, "running_time": 51.04207992553711}}, "80": {"num_user": 400, "num_service": 41, "min_max_equal_weight": {"max_delay": 0.025763354304595604, "running_time": 54.04472351074219}}, "90": {"num_user": 400, "num_service": 41, "min_max_equal_weight": {"max_delay": 0.02490293699435796, "running_time": 56.0460090637207}}, "100": {"num_user": 400, "num_service": 41, "min_max_equal_weight": {"max_delay": 0.023444825593155322, "running_time": 58.04777145385742}}}