{"entropy": 33600115047637662900801412011682423810, "10": {"num_user": 400, "num_service": 41, "min_max_equal_weight": {"max_delay": 0.045269713660309276, "running_time": 38.03133964538574}}, "20": {"num_user": 400, "num_service": 41, "min_max_equal_weight": {"max_delay": 0.02903628574134742, "running_time": 39.031982421875}}, "30": {"num_user": 400, "num_service": 41, "min_max_equal_weight": {"max_delay": 0.01914224302368228, "running_time": 41.03374481201172}}, "40": {"num_user": 400, "num_service": 41, "min_max_equal_weight": {"max_delay": 0.014984692010022565, "running_time": 44.0363883972168}}, "50": {"num_user": 400, "num_service": 41, "min_max_equal_weight": {"max_delay": 0.014984692010022565, "running_time": 47.03879356384277}}, "60": {"num_user": 400, "num_service": 41, "min_max_equal_weight": {"max_delay": 0.01280817614585609, "running_time": 49.04055595397949}}, "70": {"num_user": 400, "num_service": 41, "min_max_equal_weight": {"max_delay": 0.011715792530077132, "running_time": 52.04296112060547}}, "80": {"num_user": 400, "num_service": 41, "min_max_equal_weight": {"max_delay": 0.01152517402689963, "running_time": 55.045127868652344}}, "90": {"num_user": 400, "num_service": 41, "min_max_equal_weight": {"max_delay": 0.010584686703387691, "running_time": 57.04689025878906}}, "100": {"num_user": 400, "num_service": 41, "min_max_equal_weight": {"max_delay": 0.009687134675522038, "running_time": 58.04800987243652}}}