{"entropy": 241184106531053552438437794701034504128, "10": {"num_user": 400, "num_service": 41, "min_max_equal_weight": {"max_delay": 0.1175471114373251, "running_time": 63.05193901062012}}, "20": {"num_user": 400, "num_service": 41, "min_max_equal_weight": {"max_delay": 0.055343275999025734, "running_time": 56.0460090637207}}, "30": {"num_user": 400, "num_service": 41, "min_max_equal_weight": {"max_delay": 0.039019774547813954, "running_time": 74.06067848205566}}, "40": {"num_user": 400, "num_service": 41, "min_max_equal_weight": {"max_delay": 0.027034464569000227, "running_time": 64.05258178710938}}, "50": {"num_user": 400, "num_service": 41, "min_max_equal_weight": {"max_delay": 0.02402321980936382, "running_time": 68.05610656738281}}, "60": {"num_user": 400, "num_service": 41, "min_max_equal_weight": {"max_delay": 0.018624841814602413, "running_time": 75.06203651428223}}, "70": {"num_user": 400, "num_service": 41, "min_max_equal_weight": {"max_delay": 0.017777456447242525, "running_time": 77.06308364868164}}, "80": {"num_user": 400, "num_service": 41, "min_max_equal_weight": {"max_delay": 0.01507318536143103, "running_time": 79.06532287597656}}, "90": {"num_user": 400, "num_service": 41, "min_max_equal_weight": {"max_delay": 0.015005789258838765, "running_time": 82.06772804260254}}, "100": {"num_user": 400, "num_service": 41, "min_max_equal_weight": {"max_delay": 0.014546658558772374, "running_time": 89.07365798950195}}}