{"entropy": 27248054511769072829170288305436049986, "10": {"num_user": 400, "num_service": 41, "min_max_equal_weight": {"max_delay": 0.03318091542557046, "running_time": 55.045366287231445}}, "20": {"num_user": 400, "num_service": 41, "min_max_equal_weight": {"max_delay": 0.023331601459105653, "running_time": 71.05851173400879}}, "30": {"num_user": 400, "num_service": 41, "min_max_equal_weight": {"max_delay": 0.02023050149374116, "running_time": 61.0501766204834}}, "40": {"num_user": 400, "num_service": 41, "min_max_equal_weight": {"max_delay": 0.01889215026138552, "running_time": 71.05875015258789}}, "50": {"num_user": 400, "num_service": 41, "min_max_equal_weight": {"max_delay": 0.018069585411842636, "running_time": 69.05746459960938}}, "60": {"num_user": 400, "num_service": 41, "min_max_equal_weight": {"max_delay": 0.016245563940180733, "running_time": 71.05827331542969}}, "70": {"num_user": 400, "num_service": 41, "min_max_equal_weight": {"max_delay": 0.015010048702913087, "running_time": 99.08175468444824}}, "80": {"num_user": 400, "num_service": 41, "min_max_equal_weight": {"max_delay": 0.015010048702913087, "running_time": 79.06508445739746}}, "90": {"num_user": 400, "num_service": 41, "min_max_equal_weight": {"max_delay": 0.012652273876550851, "running_time": 82.06748962402344}}, "100": {"num_user": 400, "num_service": 41, "min_max_equal_weight": {"max_delay": 0.012003768444216283, "running_time": 89.07318115234375}}}