{"entropy": 173680933011659780065035831702740696823, "10": {"num_user": 400, "num_service": 41, "min_max_equal_weight": {"max_delay": 0.03846409344372738, "running_time": 51.04231834411621}}, "20": {"num_user": 400, "num_service": 41, "min_max_equal_weight": {"max_delay": 0.03802980640995936, "running_time": 56.046247482299805}}, "30": {"num_user": 400, "num_service": 41, "min_max_equal_weight": {"max_delay": 0.021119959153969255, "running_time": 59.04865264892578}}, "40": {"num_user": 400, "num_service": 41, "min_max_equal_weight": {"max_delay": 0.02064483132583488, "running_time": 66.0543441772461}}, "50": {"num_user": 400, "num_service": 41, "min_max_equal_weight": {"max_delay": 0.01737584756207183, "running_time": 67.05594062805176}}, "60": {"num_user": 400, "num_service": 41, "min_max_equal_weight": {"max_delay": 0.016997845759394243, "running_time": 71.05851173400879}}, "70": {"num_user": 400, "num_service": 41, "min_max_equal_weight": {"max_delay": 0.01633418528052566, "running_time": 74.06091690063477}}, "80": {"num_user": 400, "num_service": 41, "min_max_equal_weight": {"max_delay": 0.014609733458005035, "running_time": 75.06203651428223}}, "90": {"num_user": 400, "num_service": 41, "min_max_equal_weight": {"max_delay": 0.014274215653935633, "running_time": 81.06684684753418}}, "100": {"num_user": 400, "num_service": 41, "min_max_equal_weight": {"max_delay": 0.014274215653935633, "running_time": 84.06925201416016}}}