{"entropy": 254192429622190023585618813985568849448, "10": {"num_user": 400, "num_service": 41, "min_max_equal_weight": {"max_delay": 0.49144842565202884, "running_time": 38.03110122680664}}, "20": {"num_user": 400, "num_service": 41, "min_max_equal_weight": {"max_delay": 0.4828825242297608, "running_time": 40.03310203552246}}, "30": {"num_user": 400, "num_service": 41, "min_max_equal_weight": {"max_delay": 0.47089917660618197, "running_time": 40.03262519836426}}, "40": {"num_user": 400, "num_service": 41, "min_max_equal_weight": {"max_delay": 0.4653423850494502, "running_time": 43.03550720214844}}, "50": {"num_user": 400, "num_service": 41, "min_max_equal_weight": {"max_delay": 0.4653423850494502, "running_time": 46.03767395019531}}, "60": {"num_user": 400, "num_service": 41, "min_max_equal_weight": {"max_delay": 0.4625563638994436, "running_time": 47.039031982421875}}, "70": {"num_user": 400, "num_service": 41, "min_max_equal_weight": {"max_delay": 0.4600962896860083, "running_time": 49.04031753540039}}, "80": {"num_user": 400, "num_service": 41, "min_max_equal_weight": {"max_delay": 0.4600962896860083, "running_time": 52.04272270202637}}, "90": {"num_user": 400, "num_service": 41, "min_max_equal_weight": {"max_delay": 0.4592866644990961, "running_time": 54.04472351074219}}, "100": {"num_user": 400, "num_service": 41, "min_max_equal_weight": {"max_delay": 0.4580126394463734, "running_time": 56.046247482299805}}}