{"10": {"min_max_greedy": {"max delay": [0.13494548023375857], "running time": [67.05522537231445]}, "min_max_pulp": {"max delay": [0.13352844169377684], "running time": [3617.9869174957275]}}, "20": {"min_max_greedy": {"max delay": [0.10418681740604116], "running time": [131.10828399658203]}, "min_max_pulp": {"max delay": [0.10351577198855824], "running time": [7319.042682647705]}}, "30": {"min_max_greedy": {"max delay": [0.1005502476320872], "running time": [186.15388870239258]}, "min_max_pulp": {"max delay": [0.09833864325681939], "running time": [11681.643962860107]}}, "40": {"min_max_greedy": {"max delay": [0.07465154389810671], "running time": [158.13064575195312]}, "min_max_pulp": {"max delay": [0.07429506282882334], "running time": [16213.385581970215]}}, "50": {"min_max_greedy": {"max delay": [0.05818665218303752], "running time": [120.09906768798828]}, "min_max_pulp": {"max delay": [0.05818665218303752], "running time": [21363.67630958557]}}, "60": {"min_max_greedy": {"max delay": [0.0386593471045535], "running time": [155.12824058532715]}, "min_max_pulp": {"max delay": [0.0386593471045535], "running time": [26950.296640396118]}}, "70": {"min_max_greedy": {"max delay": [0.025476539893683862], "running time": [175.14419555664062]}, "min_max_pulp": {"max delay": [0.025476539893683862], "running time": [33012.26902008057]}}, "80": {"min_max_greedy": {"max delay": [0.021339460198976513], "running time": [229.18939590454102]}, "min_max_pulp": {"max delay": [0.02076235811173555], "running time": [39886.97361946106]}}, "90": {"min_max_greedy": {"max delay": [0.01916051834234048], "running time": [325.2687454223633]}, "min_max_pulp": {"max delay": [0.01916051834234048], "running time": [49014.56665992737]}}, "100": {"min_max_greedy": {"max delay": [0.015530759468799409], "running time": [241.19925498962402]}, "min_max_pulp": {"max delay": [0.01464109140815528], "running time": [54748.263359069824]}}}