{"10": {"min_max_greedy": {"max delay": [0.14682573344097055], "running time": [76.06315612792969]}, "min_max_pulp": {"max delay": [0.14620610914119728], "running time": [3669.0287590026855]}}, "20": {"min_max_greedy": {"max delay": [0.06728570005989329], "running time": [108.08920860290527]}, "min_max_pulp": {"max delay": [0.06728570005989329], "running time": [7122.880220413208]}}, "30": {"min_max_greedy": {"max delay": [0.05472538002012182], "running time": [151.1244773864746]}, "min_max_pulp": {"max delay": [0.05449829755225888], "running time": [11468.467950820923]}}, "40": {"min_max_greedy": {"max delay": [0.05113480438903512], "running time": [195.1613426208496]}, "min_max_pulp": {"max delay": [0.05088545104456338], "running time": [16795.8664894104]}}, "50": {"min_max_greedy": {"max delay": [0.049875963285891056], "running time": [250.20647048950195]}, "min_max_pulp": {"max delay": [0.049501292257696804], "running time": [21440.7000541687]}}, "60": {"min_max_greedy": {"max delay": [0.05002461010390022], "running time": [152.12559700012207]}, "min_max_pulp": {"max delay": [0.04649158670797429], "running time": [27278.521060943604]}}, "70": {"min_max_greedy": {"max delay": [0.04632706711725597], "running time": [206.17032051086426]}, "min_max_pulp": {"max delay": [0.033175450496344086], "running time": [32909.16872024536]}}, "80": {"min_max_greedy": {"max delay": [0.022353321051275184], "running time": [173.142671585083]}, "min_max_pulp": {"max delay": [0.022353321051275184], "running time": [39815.89698791504]}}, "90": {"min_max_greedy": {"max delay": [0.020103097357455503], "running time": [235.19396781921387]}, "min_max_pulp": {"max delay": [0.019596247395085434], "running time": [49085.52360534668]}}, "100": {"min_max_greedy": {"max delay": [0.0194091678487531], "running time": [228.18851470947266]}, "min_max_pulp": {"max delay": [0.018342983492737188], "running time": [57539.50333595276]}}}