{"10": {"min_max_greedy": {"max delay": [0.181599336205456], "running time": [77.06356048583984]}, "min_max_pulp": {"max delay": [0.181599336205456], "running time": [3553.934097290039]}}, "20": {"min_max_greedy": {"max delay": [0.11588145664029367], "running time": [45.03679275512695]}, "min_max_pulp": {"max delay": [0.11588145664029367], "running time": [7430.134296417236]}}, "30": {"min_max_greedy": {"max delay": [0.0618724024038693], "running time": [97.08023071289062]}, "min_max_pulp": {"max delay": [0.0618724024038693], "running time": [11996.904373168945]}}, "40": {"min_max_greedy": {"max delay": [0.07386650522772041], "running time": [109.08985137939453]}, "min_max_pulp": {"max delay": [0.059091907995408574], "running time": [19637.21752166748]}}, "50": {"min_max_greedy": {"max delay": [0.04769019269362525], "running time": [151.1247158050537]}, "min_max_pulp": {"max delay": [0.04765810403872675], "running time": [22460.54220199585]}}, "60": {"min_max_greedy": {"max delay": [0.04544393423375877], "running time": [183.1512451171875]}, "min_max_pulp": {"max delay": [0.04527979776193103], "running time": [31979.408502578735]}}, "70": {"min_max_greedy": {"max delay": [0.040096901588185144], "running time": [192.14344024658203]}, "min_max_pulp": {"max delay": [0.040096901588185144], "running time": [38166.50986671448]}}}