{"entropy": 261355772214839277023057825094064687274, "10": {"num_user": 100, "num_service": 135, "min_max_pulp": {"pulp_solution_status": "Optimal", "max_delay": 0.16811038437533066, "running_time": 4006.7648887634277}}, "20": {"num_user": 100, "num_service": 135, "min_max_pulp": {"pulp_solution_status": "Optimal", "max_delay": 0.1606294322947361, "running_time": 8846.04811668396}}, "30": {"num_user": 100, "num_service": 135, "min_max_pulp": {"pulp_solution_status": "Optimal", "max_delay": 0.10250199109082328, "running_time": 12279.959917068481}}, "40": {"num_user": 100, "num_service": 135, "min_max_pulp": {"pulp_solution_status": "Optimal", "max_delay": 0.0942766961553323, "running_time": 18230.849027633667}}, "50": {"num_user": 100, "num_service": 135, "min_max_pulp": {"pulp_solution_status": "Optimal", "max_delay": 0.08557250056581076, "running_time": 25047.083377838135}}, "60": {"num_user": 100, "num_service": 135, "min_max_pulp": {"pulp_solution_status": "Optimal", "max_delay": 0.0833956903106793, "running_time": 42862.15329170227}}, "70": {"num_user": 100, "num_service": 135, "min_max_pulp": {"pulp_solution_status": "Optimal", "max_delay": 0.08135001379913308, "running_time": 95613.22546005249}}, "80": {"num_user": 100, "num_service": 135, "min_max_pulp": {"pulp_solution_status": "Optimal", "max_delay": 0.07977573747380805, "running_time": 549282.0198535919}}, "90": {"num_user": 100, "num_service": 135, "min_max_pulp": {"pulp_solution_status": "Optimal", "max_delay": 0.07854795726197364, "running_time": 3252452.2194862366}}, "100": {"num_user": 100, "num_service": 135, "min_max_pulp": {"pulp_solution_status": "Optimal", "max_delay": 0.07616767104925201, "running_time": 313590.3503894806}}}