{"entropy": 71910557904700915823199880398582609744, "10": {"num_user": 100, "num_service": 135, "min_max_pulp": {"pulp_solution_status": "Optimal", "max_delay": 0.47252235138589865, "running_time": 3447.862386703491}}, "20": {"num_user": 100, "num_service": 135, "min_max_pulp": {"pulp_solution_status": "Optimal", "max_delay": 0.425306010077492, "running_time": 6800.645351409912}}, "30": {"num_user": 100, "num_service": 135, "min_max_pulp": {"pulp_solution_status": "Optimal", "max_delay": 0.3896953859993513, "running_time": 9722.071409225464}}, "40": {"num_user": 100, "num_service": 135, "min_max_pulp": {"pulp_solution_status": "Optimal", "max_delay": 0.15231304651390182, "running_time": 13155.922412872314}}, "50": {"num_user": 100, "num_service": 135, "min_max_pulp": {"pulp_solution_status": "Optimal", "max_delay": 0.13771050253413464, "running_time": 17954.906225204468}}, "60": {"num_user": 100, "num_service": 135, "min_max_pulp": {"pulp_solution_status": "Optimal", "max_delay": 0.13147956621612458, "running_time": 22658.811330795288}}, "70": {"num_user": 100, "num_service": 135, "min_max_pulp": {"pulp_solution_status": "Optimal", "max_delay": 0.12786254216364204, "running_time": 26939.364910125732}}, "80": {"num_user": 100, "num_service": 135, "min_max_pulp": {"pulp_solution_status": "Optimal", "max_delay": 0.12503576640916053, "running_time": 31791.393518447876}}, "90": {"num_user": 100, "num_service": 135, "min_max_pulp": {"pulp_solution_status": "Optimal", "max_delay": 0.12147235296807045, "running_time": 52355.46636581421}}, "100": {"num_user": 100, "num_service": 135, "min_max_pulp": {"pulp_solution_status": "Optimal", "max_delay": 0.11586196567488696, "running_time": 78597.25189208984}}}