{"10": {"min_max_greedy": {"max delay": [0.08657745945762546], "running time": [65.05346298217773]}, "min_max_pulp": {"max delay": [0.08657745945762546], "running time": [3459.8565101623535]}}, "20": {"min_max_greedy": {"max delay": [0.07366816487562139], "running time": [75.06179809570312]}, "min_max_pulp": {"max delay": [0.07172279175855083], "running time": [6934.725046157837]}}, "30": {"min_max_greedy": {"max delay": [0.061494318606820246], "running time": [96.07958793640137]}, "min_max_pulp": {"max delay": [0.061197293996945665], "running time": [10791.909456253052]}}, "40": {"min_max_greedy": {"max delay": [0.04942532880406498], "running time": [128.10564041137695]}, "min_max_pulp": {"max delay": [0.045195346211778314], "running time": [16065.263032913208]}}, "50": {"min_max_greedy": {"max delay": [0.03889087271205794], "running time": [171.1409091949463]}, "min_max_pulp": {"max delay": [0.03889087271205794], "running time": [21131.44564628601]}}, "60": {"min_max_greedy": {"max delay": [0.03536603380402808], "running time": [236.19413375854492]}, "min_max_pulp": {"max delay": [0.034665827291630084], "running time": [30592.25583076477]}}, "70": {"min_max_greedy": {"max delay": [0.03458706741739345], "running time": [255.21087646484375]}, "min_max_pulp": {"max delay": [0.031762726310030326], "running time": [33936.01632118225]}}, "80": {"min_max_greedy": {"max delay": [0.03155940473987998], "running time": [244.2014217376709]}, "min_max_pulp": {"max delay": [0.02889790455679616], "running time": [632494.1716194153]}}, "90": {"min_max_greedy": {"max delay": [0.030767767316350017], "running time": [243.20077896118164]}, "min_max_pulp": {"max delay": [0.02340095384306002], "running time": [638669.2698001862]}}, "100": {"min_max_greedy": {"max delay": [0.025186107574005526], "running time": [289.23892974853516]}, "min_max_pulp": {"max delay": [0.0218524910062834], "running time": [646353.613615036]}}}