{"10": {"min_max_greedy": {"max delay": [0.34888396309765063], "running time": [87.07165718078613]}, "min_max_pulp": {"max delay": [0.34888396309765063], "running time": [3041.510820388794]}}, "20": {"min_max_greedy": {"max delay": [0.34335940875943644], "running time": [88.07253837585449]}, "min_max_pulp": {"max delay": [0.3427511212388861], "running time": [5889.862537384033]}}, "30": {"min_max_greedy": {"max delay": [0.07216577520781002], "running time": [63.051700592041016]}, "min_max_pulp": {"max delay": [0.07216577520781002], "running time": [9292.67168045044]}}, "40": {"min_max_greedy": {"max delay": [0.04692022335964637], "running time": [95.07870674133301]}, "min_max_pulp": {"max delay": [0.04692022335964637], "running time": [13405.066967010498]}}, "50": {"min_max_greedy": {"max delay": [0.03996000441686507], "running time": [118.09754371643066]}, "min_max_pulp": {"max delay": [0.03996000441686507], "running time": [17542.482376098633]}}, "60": {"min_max_greedy": {"max delay": [0.03233319892640071], "running time": [137.1133327484131]}, "min_max_pulp": {"max delay": [0.031777180380454226], "running time": [22766.795873641968]}}, "70": {"min_max_greedy": {"max delay": [0.02714917681091615], "running time": [188.1551742553711]}, "min_max_pulp": {"max delay": [0.025945799725977194], "running time": [27481.688499450684]}}, "80": {"min_max_greedy": {"max delay": [0.024091567512028636], "running time": [244.20166015625]}, "min_max_pulp": {"max delay": [0.02145620718905621], "running time": [35086.96699142456]}}, "90": {"min_max_greedy": {"max delay": [0.021011177927149516], "running time": [273.2253074645996]}, "min_max_pulp": {"max delay": [0.019961563289977023], "running time": [50429.63361740112]}}, "100": {"min_max_greedy": {"max delay": [0.020709578239504242], "running time": [284.23428535461426]}, "min_max_pulp": {"max delay": [0.01896774874510898], "running time": [640111.4604473114]}}}