{"10": {"min_max_greedy": {"max delay": [0.06331986660385139], "running time": [1840.5194282531738]}, "min_max_pulp": {"max delay": [0.06331986660385139], "running time": [67743.92747879028]}}, "20": {"min_max_greedy": {"max delay": [0.028591386462245044], "running time": [3082.5448036193848]}, "min_max_pulp": {"max delay": [0.028591386462245044], "running time": [128534.11436080933]}}, "30": {"min_max_greedy": {"max delay": [0.024814425686860778], "running time": [3290.7166481018066]}, "min_max_pulp": {"max delay": [0.024030508050568965], "running time": [189692.60573387146]}}, "40": {"min_max_greedy": {"max delay": [0.022251261522911646], "running time": [5580.6074142456055]}, "min_max_pulp": {"max delay": [0.020268889448452475], "running time": [265176.9235134125]}}, "50": {"min_max_greedy": {"max delay": [0.017851954108266867], "running time": [5846.827030181885]}, "min_max_pulp": {"max delay": [0.017851954108266867], "running time": [334887.47477531433]}}, "60": {"min_max_greedy": {"max delay": [0.016657609930749568], "running time": [6119.051456451416]}, "min_max_pulp": {"max delay": [0.01625831432953084], "running time": [435021.14272117615]}}, "70": {"min_max_greedy": {"max delay": [0.01506584318718282], "running time": [7354.0709018707275]}, "min_max_pulp": {"max delay": [0.014844374486508691], "running time": [513837.21137046814]}}, "80": {"min_max_greedy": {"max delay": [0.014529633997485613], "running time": [8520.033836364746]}, "min_max_pulp": {"max delay": [0.014237956654175233], "running time": [631793.5936450958]}}, "90": {"min_max_greedy": {"max delay": [0.01404060594716694], "running time": [9480.827331542969]}, "min_max_pulp": {"max delay": [0.01374892860385656], "running time": [726322.6339817047]}}, "100": {"min_max_greedy": {"max delay": [0.013842203924200982], "running time": [10184.407949447632]}, "min_max_pulp": {"max delay": [0.013307381631745706], "running time": [845010.6196403503]}}}