{"10": {"min_max_greedy": {"max delay": [0.03368308057209267], "running time": [1489.2292022705078]}, "min_max_pulp": {"max delay": [0.03368308057209267], "running time": [66326.75766944885]}}, "20": {"min_max_greedy": {"max delay": [0.026178418209736768], "running time": [2877.3751258850098]}, "min_max_pulp": {"max delay": [0.024990618349114934], "running time": [126988.83867263794]}}, "30": {"min_max_greedy": {"max delay": [0.021106130112664857], "running time": [3841.1710262298584]}, "min_max_pulp": {"max delay": [0.021106130112664857], "running time": [190247.06315994263]}}, "40": {"min_max_greedy": {"max delay": [0.019570220626469455], "running time": [5140.243768692017]}, "min_max_pulp": {"max delay": [0.018884829415919666], "running time": [268825.9358406067]}}, "50": {"min_max_greedy": {"max delay": [0.018008575950360012], "running time": [5695.702314376831]}, "min_max_pulp": {"max delay": [0.017332917568033575], "running time": [338017.05861091614]}}, "60": {"min_max_greedy": {"max delay": [0.016844116876905537], "running time": [6868.670225143433]}, "min_max_pulp": {"max delay": [0.015942945008602147], "running time": [433878.19933891296]}}, "70": {"min_max_greedy": {"max delay": [0.01603513817062798], "running time": [9284.664869308472]}, "min_max_pulp": {"max delay": [0.01495081593760733], "running time": [523785.42375564575]}}, "80": {"min_max_greedy": {"max delay": [0.014393537718220068], "running time": [8558.065414428711]}, "min_max_pulp": {"max delay": [0.01439188730209899], "running time": [630949.8965740204]}}, "90": {"min_max_greedy": {"max delay": [0.013996565108266131], "running time": [9737.038373947144]}, "min_max_pulp": {"max delay": [0.013659587851712117], "running time": [729673.4004020691]}}, "100": {"min_max_greedy": {"max delay": [0.01359750773590553], "running time": [10777.897834777832]}, "min_max_pulp": {"max delay": [0.013373452330091972], "running time": [859089.2426967621]}}}