{"10": {"min_max_greedy": {"max delay": [0.20519736531076938], "running time": [60.04953384399414]}, "min_max_pulp": {"max delay": [0.16947845378259685], "running time": [3080.556631088257]}}, "20": {"min_max_greedy": {"max delay": [0.1680174877583823], "running time": [82.06772804260254]}, "min_max_pulp": {"max delay": [0.16728134011799214], "running time": [7210.9527587890625]}}, "30": {"min_max_greedy": {"max delay": [0.09707477783966854], "running time": [93.07694435119629]}, "min_max_pulp": {"max delay": [0.09707477783966854], "running time": [9327.7006149292]}}, "40": {"min_max_greedy": {"max delay": [0.09522486922583419], "running time": [116.09554290771484]}, "min_max_pulp": {"max delay": [0.09081523849848834], "running time": [13483.131408691406]}}, "50": {"min_max_greedy": {"max delay": [0.0890319272432833], "running time": [105.0868034362793]}, "min_max_pulp": {"max delay": [0.0878231707333432], "running time": [18486.26184463501]}}, "60": {"min_max_greedy": {"max delay": [0.06322633833876268], "running time": [116.09578132629395]}, "min_max_pulp": {"max delay": [0.06322633833876268], "running time": [22459.54179763794]}}, "70": {"min_max_greedy": {"max delay": [0.06137642972492834], "running time": [148.12207221984863]}, "min_max_pulp": {"max delay": [0.05976091782352675], "running time": [27524.70636367798]}}, "80": {"min_max_greedy": {"max delay": [0.06038630411872448], "running time": [151.1247158050537]}, "min_max_pulp": {"max delay": [0.05582247890059554], "running time": [34112.16235160828]}}, "90": {"min_max_greedy": {"max delay": [0.056391851968932524], "running time": [187.15429306030273]}, "min_max_pulp": {"max delay": [0.05359974866194136], "running time": [40785.67147254944]}}, "100": {"min_max_greedy": {"max delay": [0.05504347817676774], "running time": [231.19091987609863]}, "min_max_pulp": {"max delay": [0.05166099505737512], "running time": [50249.497413635254]}}}