{"10": {"min_max_greedy": {"max delay": [0.18675249631590932], "running time": [58.04800987243652]}, "min_max_pulp": {"max delay": [0.18675249631590932], "running time": [3846.175193786621]}}, "20": {"min_max_greedy": {"max delay": [0.16147150155504505], "running time": [103.08504104614258]}, "min_max_pulp": {"max delay": [0.16147150155504505], "running time": [7638.306140899658]}}, "30": {"min_max_greedy": {"max delay": [0.15351280502462397], "running time": [160.13240814208984]}, "min_max_pulp": {"max delay": [0.15311163930156066], "running time": [12760.534524917603]}}, "40": {"min_max_greedy": {"max delay": [0.1513838283792482], "running time": [216.17817878723145]}, "min_max_pulp": {"max delay": [0.08297188052777475], "running time": [17356.329202651978]}}, "50": {"min_max_greedy": {"max delay": [0.08195521444753047], "running time": [115.09490013122559]}, "min_max_pulp": {"max delay": [0.07907342998909898], "running time": [23843.684434890747]}}, "60": {"min_max_greedy": {"max delay": [0.06321643648271524], "running time": [171.1413860321045]}, "min_max_pulp": {"max delay": [0.06292750941451886], "running time": [30576.260328292847]}}, "70": {"min_max_greedy": {"max delay": [0.06271773576173846], "running time": [185.15300750732422]}, "min_max_pulp": {"max delay": [0.05891783966449952], "running time": [37965.34705162048]}}, "80": {"min_max_greedy": {"max delay": [0.05931967912543971], "running time": [233.19244384765625]}, "min_max_pulp": {"max delay": [0.057983847130959755], "running time": [48006.633043289185]}}, "90": {"min_max_greedy": {"max delay": [0.058474718400156105], "running time": [277.22859382629395]}, "min_max_pulp": {"max delay": [0.05694924077000781], "running time": [57365.35930633545]}}, "100": {"min_max_greedy": {"max delay": [0.05729711405185055], "running time": [197.16286659240723]}, "min_max_pulp": {"max delay": [0.053705947451502846], "running time": [64879.84895706177]}}}