{"10": {"min_max_greedy": {"max delay": [0.06717963996065543], "running time": [71.05898857116699]}, "min_max_pulp": {"max delay": [0.06717963996065543], "running time": [4888.035535812378]}}, "20": {"min_max_greedy": {"max delay": [0.057159307740792434], "running time": [116.09601974487305]}, "min_max_pulp": {"max delay": [0.05589386726105646], "running time": [10374.56464767456]}}, "30": {"min_max_greedy": {"max delay": [0.035586924706412844], "running time": [142.11750030517578]}, "min_max_pulp": {"max delay": [0.035586924706412844], "running time": [16692.795753479004]}}, "40": {"min_max_greedy": {"max delay": [0.03149402315005361], "running time": [199.16439056396484]}, "min_max_pulp": {"max delay": [0.03149402315005361], "running time": [23963.783740997314]}}, "50": {"min_max_greedy": {"max delay": [0.030862458340304353], "running time": [196.16198539733887]}, "min_max_pulp": {"max delay": [0.028718353666476615], "running time": [33170.384645462036]}}, "60": {"min_max_greedy": {"max delay": [0.027759414585200877], "running time": [230.18980026245117]}, "min_max_pulp": {"max delay": [0.026557937126311104], "running time": [45065.20462036133]}}, "70": {"min_max_greedy": {"max delay": [0.026509423970913718], "running time": [288.2380485534668]}, "min_max_pulp": {"max delay": [0.024234572171225634], "running time": [58401.214838027954]}}, "80": {"min_max_greedy": {"max delay": [0.021901566857895478], "running time": [315.2601718902588]}, "min_max_pulp": {"max delay": [0.02150235480809509], "running time": [68539.58463668823]}}, "90": {"min_max_greedy": {"max delay": [0.021433143209620635], "running time": [327.2702693939209]}, "min_max_pulp": {"max delay": [0.019283980988542622], "running time": [79911.0107421875]}}, "100": {"min_max_greedy": {"max delay": [0.018907516012751514], "running time": [349.2884635925293]}, "min_max_pulp": {"max delay": [0.017421718575946675], "running time": [91550.58884620667]}}}