{"10": {"min_max_greedy": {"max delay": [0.12393577169825756], "running time": [105.0868034362793]}, "min_max_pulp": {"max delay": [0.12393577169825756], "running time": [3386.796236038208]}}, "20": {"min_max_greedy": {"max delay": [0.11142134908050866], "running time": [127.1047592163086]}, "min_max_pulp": {"max delay": [0.10666555520462007], "running time": [7478.173732757568]}}, "30": {"min_max_greedy": {"max delay": [0.06409351302742114], "running time": [104.08592224121094]}, "min_max_pulp": {"max delay": [0.06314712365129586], "running time": [10829.940795898438]}}, "40": {"min_max_greedy": {"max delay": [0.05595554390403368], "running time": [127.10404396057129]}, "min_max_pulp": {"max delay": [0.052173450563212195], "running time": [15667.935132980347]}}, "50": {"min_max_greedy": {"max delay": [0.05019619319100911], "running time": [138.11421394348145]}, "min_max_pulp": {"max delay": [0.04460916850173929], "running time": [19954.473972320557]}}, "60": {"min_max_greedy": {"max delay": [0.04216028289332846], "running time": [175.14443397521973]}, "min_max_pulp": {"max delay": [0.036653527383928235], "running time": [25443.005323410034]}}, "70": {"min_max_greedy": {"max delay": [0.03406187803302795], "running time": [232.1915626525879]}, "min_max_pulp": {"max delay": [0.03194213268563108], "running time": [31833.28104019165]}}, "80": {"min_max_greedy": {"max delay": [0.030076350449480874], "running time": [278.2297134399414]}, "min_max_pulp": {"max delay": [0.029395702101345258], "running time": [38825.05297660828]}}, "90": {"min_max_greedy": {"max delay": [0.028907461190685227], "running time": [312.2577667236328]}, "min_max_pulp": {"max delay": [0.0279498607623088], "running time": [47052.84595489502]}}, "100": {"min_max_greedy": {"max delay": [0.02771590536572762], "running time": [291.2404537200928]}, "min_max_pulp": {"max delay": [0.02715039807770696], "running time": [647637.6738548279]}}}