{"10": {"min_max_greedy": {"max delay": [0.2111789859297756], "running time": [1151.9510746002197]}, "min_max_pulp": {"max delay": [0.2111789859297756], "running time": [35551.350593566895]}}, "20": {"min_max_greedy": {"max delay": [0.20455154412601445], "running time": [1967.6246643066406]}, "min_max_pulp": {"max delay": [0.20363647231958648], "running time": [72446.81000709534]}}, "30": {"min_max_greedy": {"max delay": [0.20047790442177352], "running time": [2767.284631729126]}, "min_max_pulp": {"max delay": [0.19873793048691946], "running time": [109380.3014755249]}}, "40": {"min_max_greedy": {"max delay": [0.19786411838431767], "running time": [2844.348192214966]}, "min_max_pulp": {"max delay": [0.19754685001389805], "running time": [153298.55942726135]}}, "50": {"min_max_greedy": {"max delay": [0.1971665737510149], "running time": [3085.5467319488525]}, "min_max_pulp": {"max delay": [0.06385495675469159], "running time": [199700.8683681488]}}, "60": {"min_max_greedy": {"max delay": [0.060011866056122666], "running time": [1321.0906982421875]}, "min_max_pulp": {"max delay": [0.05575186670152266], "running time": [256675.90498924255]}}, "70": {"min_max_greedy": {"max delay": [0.05293898108571535], "running time": [1974.6301174163818]}, "min_max_pulp": {"max delay": [0.05046922866871587], "running time": [309896.8427181244]}}, "80": {"min_max_greedy": {"max delay": [0.04973945018657045], "running time": [2538.095474243164]}, "min_max_pulp": {"max delay": [0.04874016095026125], "running time": [377099.3239879608]}}, "90": {"min_max_greedy": {"max delay": [0.04785707241528731], "running time": [3283.7114334106445]}, "min_max_pulp": {"max delay": [0.040614608430527055], "running time": [438244.80390548706]}}, "100": {"min_max_greedy": {"max delay": [0.04752098740908167], "running time": [3579.955577850342]}, "min_max_pulp": {"max delay": [0.025217360961660176], "running time": [514132.4551105499]}}}