{"10": {"min_max_greedy": {"max delay": [0.05510530888632861], "running time": [979.8088073730469]}, "min_max_pulp": {"max delay": [0.05510530888632861], "running time": [31885.323762893677]}}, "20": {"min_max_greedy": {"max delay": [0.038836984537829924], "running time": [1465.2099609375]}, "min_max_pulp": {"max delay": [0.038836984537829924], "running time": [61025.386095047]}}, "30": {"min_max_greedy": {"max delay": [0.03487808305102046], "running time": [2049.691677093506]}, "min_max_pulp": {"max delay": [0.03365182918990899], "running time": [92864.66717720032]}}, "40": {"min_max_greedy": {"max delay": [0.03138519714660655], "running time": [2647.1853256225586]}, "min_max_pulp": {"max delay": [0.03128017757734575], "running time": [126938.79771232605]}}, "50": {"min_max_greedy": {"max delay": [0.03022760330036935], "running time": [3127.5815963745117]}, "min_max_pulp": {"max delay": [0.029818680382504636], "running time": [164007.40098953247]}}, "60": {"min_max_greedy": {"max delay": [0.029263555519442538], "running time": [3610.981225967407]}, "min_max_pulp": {"max delay": [0.028779407400798325], "running time": [211353.4882068634]}}, "70": {"min_max_greedy": {"max delay": [0.028723729164120183], "running time": [5247.3320960998535]}, "min_max_pulp": {"max delay": [0.028191754970839217], "running time": [263490.5309677124]}}, "80": {"min_max_greedy": {"max delay": [0.02818613101495087], "running time": [4812.973260879517]}, "min_max_pulp": {"max delay": [0.020991256606118492], "running time": [301920.25780677795]}}, "90": {"min_max_greedy": {"max delay": [0.02762519994574677], "running time": [5005.132436752319]}, "min_max_pulp": {"max delay": [0.016519800189707834], "running time": [349450.4978656769]}}, "100": {"min_max_greedy": {"max delay": [0.02729738786029947], "running time": [6748.5716342926025]}, "min_max_pulp": {"max delay": [0.013898415552568651], "running time": [407747.62630462646]}}}