{"entropy": 200288989692598913782494813216167806444, "10": {"num_user": 400, "num_service": 41, "server_1": {"max_delay": 0.040204781361799544, "running_time": 18.014907836914062}, "server_2": {"max_delay": 0.07624986238389936, "running_time": 10.008096694946289}, "server_3": {"max_delay": 0.07624986238389936, "running_time": 10.00833511352539}, "server_4": {"max_delay": 0.07624986238389936, "running_time": 10.00833511352539}, "server_5": {"max_delay": 0.07624986238389936, "running_time": 11.00921630859375}}, "20": {"num_user": 400, "num_service": 41, "server_1": {"max_delay": 0.02673438181136752, "running_time": 35.02917289733887}, "server_2": {"max_delay": 0.040204781361799544, "running_time": 20.01667022705078}, "server_3": {"max_delay": 0.03882169082733964, "running_time": 17.014026641845703}, "server_4": {"max_delay": 0.07624986238389936, "running_time": 10.00833511352539}, "server_5": {"max_delay": 0.07624986238389936, "running_time": 10.00833511352539}}, "30": {"num_user": 400, "num_service": 41, "server_1": {"max_delay": 0.024433253099579957, "running_time": 51.04207992553711}, "server_2": {"max_delay": 0.030672608416653514, "running_time": 74.06139373779297}, "server_3": {"max_delay": 0.040204781361799544, "running_time": 17.014503479003906}, "server_4": {"max_delay": 0.03771973621857345, "running_time": 19.016265869140625}, "server_5": {"max_delay": 0.04021369616631687, "running_time": 13.010501861572266}}, "40": {"num_user": 400, "num_service": 41, "server_1": {"max_delay": 0.0221435534039497, "running_time": 63.05241584777832}, "server_2": {"max_delay": 0.027963352383675255, "running_time": 37.03022003173828}, "server_3": {"max_delay": 0.034549470124975126, "running_time": 29.024600982666016}, "server_4": {"max_delay": 0.040204781361799544, "running_time": 16.01386070251465}, "server_5": {"max_delay": 0.03771973621857345, "running_time": 19.015789031982422}}, "50": {"num_user": 400, "num_service": 41, "server_1": {"max_delay": 0.021132879961509747, "running_time": 129.1062831878662}, "server_2": {"max_delay": 0.02525337807463754, "running_time": 48.03967475891113}, "server_3": {"max_delay": 0.02877618211411376, "running_time": 39.0322208404541}, "server_4": {"max_delay": 0.03658285183650311, "running_time": 22.0181941986084}, "server_5": {"max_delay": 0.040204781361799544, "running_time": 18.01466941833496}}, "60": {"num_user": 400, "num_service": 41, "server_1": {"max_delay": 0.019934255176046935, "running_time": 91.07542037963867}, "server_2": {"max_delay": 0.02452005684398617, "running_time": 50.04119873046875}, "server_3": {"max_delay": 0.027734939171580566, "running_time": 39.031982421875}, "server_4": {"max_delay": 0.030672608416653514, "running_time": 29.024600982666016}, "server_5": {"max_delay": 0.034549470124975126, "running_time": 26.021480560302734}}, "70": {"num_user": 400, "num_service": 41, "server_1": {"max_delay": 0.019390927217571123, "running_time": 99.08175468444824}, "server_2": {"max_delay": 0.023548697108160724, "running_time": 103.08527946472168}, "server_3": {"max_delay": 0.025359166745623482, "running_time": 47.03855514526367}, "server_4": {"max_delay": 0.025754977723322605, "running_time": 38.03133964538574}, "server_5": {"max_delay": 0.034549470124975126, "running_time": 26.021242141723633}}, "80": {"num_user": 400, "num_service": 41, "server_1": {"max_delay": 0.018631408406188012, "running_time": 165.13609886169434}, "server_2": {"max_delay": 0.02183069333212012, "running_time": 64.05282020568848}, "server_3": {"max_delay": 0.024624275602469298, "running_time": 48.03967475891113}, "server_4": {"max_delay": 0.027623665446347288, "running_time": 79.06579971313477}, "server_5": {"max_delay": 0.029688958589287176, "running_time": 38.03133964538574}}, "90": {"num_user": 400, "num_service": 41, "server_1": {"max_delay": 0.018045184649471125, "running_time": 127.1052360534668}, "server_2": {"max_delay": 0.020774334673192625, "running_time": 114.09401893615723}, "server_3": {"max_delay": 0.024329034341096824, "running_time": 54.04520034790039}, "server_4": {"max_delay": 0.025359166745623482, "running_time": 41.03422164916992}, "server_5": {"max_delay": 0.025692596215593288, "running_time": 39.031982421875}}, "100": {"num_user": 400, "num_service": 41, "server_1": {"max_delay": 0.0177860141146664, "running_time": 140.11573791503906}, "server_2": {"max_delay": 0.01961977436771263, "running_time": 79.06508445739746}, "server_3": {"max_delay": 0.02342100761497505, "running_time": 61.0504150390625}, "server_4": {"max_delay": 0.02484168721448744, "running_time": 48.040151596069336}, "server_5": {"max_delay": 0.02756128393861797, "running_time": 36.03100776672363}}}