{"entropy": 173680933011659780065035831702740696823, "10": {"num_user": 400, "num_service": 41, "server_1": {"max_delay": 0.03846409344372738, "running_time": 22.017955780029297}, "server_2": {"max_delay": 0.04058264101538636, "running_time": 19.01555061340332}, "server_3": {"max_delay": 0.04280118801312995, "running_time": 16.01386070251465}, "server_4": {"max_delay": 0.04280118801312995, "running_time": 16.013383865356445}, "server_5": {"max_delay": 0.04309552737434007, "running_time": 13.01121711730957}}, "20": {"num_user": 400, "num_service": 41, "server_1": {"max_delay": 0.02799469699249661, "running_time": 35.02964973449707}, "server_2": {"max_delay": 0.03836718479266911, "running_time": 27.022600173950195}, "server_3": {"max_delay": 0.04280118801312995, "running_time": 16.013383865356445}, "server_4": {"max_delay": 0.04280118801312995, "running_time": 16.013145446777344}, "server_5": {"max_delay": 0.04309552737434007, "running_time": 14.01209831237793}}, "30": {"num_user": 400, "num_service": 41, "server_1": {"max_delay": 0.021257181526807365, "running_time": 45.037269592285156}, "server_2": {"max_delay": 0.03376477176419042, "running_time": 26.021957397460938}, "server_3": {"max_delay": 0.03485762747225829, "running_time": 27.02164649963379}, "server_4": {"max_delay": 0.04058264101538636, "running_time": 20.016193389892578}, "server_5": {"max_delay": 0.04309552737434007, "running_time": 13.010978698730469}}, "40": {"num_user": 400, "num_service": 41, "server_1": {"max_delay": 0.018985168650300047, "running_time": 51.04184150695801}, "server_2": {"max_delay": 0.023672793759396262, "running_time": 35.028696060180664}, "server_3": {"max_delay": 0.03485762747225829, "running_time": 72.05939292907715}, "server_4": {"max_delay": 0.03376477176419042, "running_time": 29.02388572692871}, "server_5": {"max_delay": 0.04058264101538636, "running_time": 20.01643180847168}}, "50": {"num_user": 400, "num_service": 41, "server_1": {"max_delay": 0.017324168635884506, "running_time": 64.05258178710938}, "server_2": {"max_delay": 0.023375729098466354, "running_time": 86.07101440429688}, "server_3": {"max_delay": 0.030113244564155598, "running_time": 32.02652931213379}, "server_4": {"max_delay": 0.03376477176419042, "running_time": 32.026052474975586}, "server_5": {"max_delay": 0.03485762747225829, "running_time": 23.018360137939453}}, "60": {"num_user": 400, "num_service": 41, "server_1": {"max_delay": 0.01571167800286346, "running_time": 125.10251998901367}, "server_2": {"max_delay": 0.02064483132583488, "running_time": 45.03679275512695}, "server_3": {"max_delay": 0.027897788341438346, "running_time": 42.03462600708008}, "server_4": {"max_delay": 0.03376477176419042, "running_time": 26.021718978881836}, "server_5": {"max_delay": 0.03485762747225829, "running_time": 72.05915451049805}}, "70": {"num_user": 400, "num_service": 41, "server_1": {"max_delay": 0.014879790754197606, "running_time": 88.07229995727539}, "server_2": {"max_delay": 0.01903684757648737, "running_time": 49.04055595397949}, "server_3": {"max_delay": 0.023672793759396262, "running_time": 38.03110122680664}, "server_4": {"max_delay": 0.02799469699249661, "running_time": 32.02629089355469}, "server_5": {"max_delay": 0.03376477176419042, "running_time": 29.024362564086914}}, "80": {"num_user": 400, "num_service": 41, "server_1": {"max_delay": 0.01449644896860388, "running_time": 103.08527946472168}, "server_2": {"max_delay": 0.017244607510520805, "running_time": 108.08897018432617}, "server_3": {"max_delay": 0.021257181526807365, "running_time": 46.038150787353516}, "server_4": {"max_delay": 0.027897788341438346, "running_time": 31.02564811706543}, "server_5": {"max_delay": 0.030113244564155598, "running_time": 32.02629089355469}}, "90": {"num_user": 400, "num_service": 41, "server_1": {"max_delay": 0.013281998341102148, "running_time": 113.09337615966797}, "server_2": {"max_delay": 0.016997845759394243, "running_time": 60.050249099731445}, "server_3": {"max_delay": 0.01903684757648737, "running_time": 48.03943634033203}, "server_4": {"max_delay": 0.023672793759396262, "running_time": 35.02941131591797}, "server_5": {"max_delay": 0.027897788341438346, "running_time": 35.02941131591797}}, "100": {"num_user": 400, "num_service": 41, "server_1": {"max_delay": 0.01304155590527167, "running_time": 119.09842491149902}, "server_2": {"max_delay": 0.016748084467413663, "running_time": 115.09442329406738}, "server_3": {"max_delay": 0.018658845773809784, "running_time": 48.03967475891113}, "server_4": {"max_delay": 0.023375729098466354, "running_time": 38.03133964538574}, "server_5": {"max_delay": 0.023672793759396262, "running_time": 39.0322208404541}}}