{"entropy": 62746712868185276908825370238375317879, "10": {"num_user": 400, "num_service": 41, "server_1": {"max_delay": 0.0913589637155949, "running_time": 64.05234336853027}, "server_2": {"max_delay": 0.11606195876242416, "running_time": 19.016265869140625}, "server_3": {"max_delay": 0.12619596498470054, "running_time": 16.01266860961914}, "server_4": {"max_delay": 0.12619596498470054, "running_time": 14.01209831237793}, "server_5": {"max_delay": 0.12619596498470054, "running_time": 16.013145446777344}}, "20": {"num_user": 400, "num_service": 41, "server_1": {"max_delay": 0.08226521407919744, "running_time": 30.02476692199707}, "server_2": {"max_delay": 0.08817450278027276, "running_time": 22.0184326171875}, "server_3": {"max_delay": 0.09325754505639292, "running_time": 22.017955780029297}, "server_4": {"max_delay": 0.08817450278027276, "running_time": 19.01555061340332}, "server_5": {"max_delay": 0.09325754505639292, "running_time": 17.0137882232666}}, "30": {"num_user": 400, "num_service": 41, "server_1": {"max_delay": 0.06778677054819175, "running_time": 41.03374481201172}, "server_2": {"max_delay": 0.08599575385334621, "running_time": 22.0181941986084}, "server_3": {"max_delay": 0.08817450278027276, "running_time": 19.014835357666016}, "server_4": {"max_delay": 0.08817450278027276, "running_time": 21.017074584960938}, "server_5": {"max_delay": 0.09325754505639292, "running_time": 16.012907028198242}}, "40": {"num_user": 400, "num_service": 41, "server_1": {"max_delay": 0.06129748503509751, "running_time": 50.04119873046875}, "server_2": {"max_delay": 0.08226521407919744, "running_time": 29.024362564086914}, "server_3": {"max_delay": 0.08226521407919744, "running_time": 26.021718978881836}, "server_4": {"max_delay": 0.08627592143947475, "running_time": 22.0181941986084}, "server_5": {"max_delay": 0.09325754505639292, "running_time": 17.014026641845703}}, "50": {"num_user": 400, "num_service": 41, "server_1": {"max_delay": 0.058381754527367116, "running_time": 58.04777145385742}, "server_2": {"max_delay": 0.0729946666166743, "running_time": 41.03398323059082}, "server_3": {"max_delay": 0.08226521407919744, "running_time": 29.02388572692871}, "server_4": {"max_delay": 0.0840971725125482, "running_time": 25.01988410949707}, "server_5": {"max_delay": 0.08817450278027276, "running_time": 23.01931381225586}}, "60": {"num_user": 400, "num_service": 41, "server_1": {"max_delay": 0.055753924415300936, "running_time": 67.05451011657715}, "server_2": {"max_delay": 0.06778677054819175, "running_time": 41.03374481201172}, "server_3": {"max_delay": 0.08226521407919744, "running_time": 28.02300453186035}, "server_4": {"max_delay": 0.08599575385334621, "running_time": 22.0184326171875}, "server_5": {"max_delay": 0.08599575385334621, "running_time": 26.021242141723633}}, "70": {"num_user": 400, "num_service": 41, "server_1": {"max_delay": 0.05480911131175241, "running_time": 123.10171127319336}, "server_2": {"max_delay": 0.06147348294841988, "running_time": 46.038150787353516}, "server_3": {"max_delay": 0.07892403415432295, "running_time": 38.031578063964844}, "server_4": {"max_delay": 0.08226521407919744, "running_time": 29.024124145507812}, "server_5": {"max_delay": 0.08226521407919744, "running_time": 24.019956588745117}}, "80": {"num_user": 400, "num_service": 41, "server_1": {"max_delay": 0.05410932231586239, "running_time": 83.0678939819336}, "server_2": {"max_delay": 0.06129748503509751, "running_time": 50.04143714904785}, "server_3": {"max_delay": 0.07268760372537328, "running_time": 41.03398323059082}, "server_4": {"max_delay": 0.08226521407919744, "running_time": 29.02364730834961}, "server_5": {"max_delay": 0.08226521407919744, "running_time": 30.02452850341797}}, "90": {"num_user": 400, "num_service": 41, "server_1": {"max_delay": 0.05388187515396857, "running_time": 93.07694435119629}, "server_2": {"max_delay": 0.057942727845807715, "running_time": 105.0868034362793}, "server_3": {"max_delay": 0.06778677054819175, "running_time": 41.03398323059082}, "server_4": {"max_delay": 0.07892403415432295, "running_time": 34.02853012084961}, "server_5": {"max_delay": 0.08226521407919744, "running_time": 25.01988410949707}}, "100": {"num_user": 400, "num_service": 41, "server_1": {"max_delay": 0.052621195370731136, "running_time": 149.122953414917}, "server_2": {"max_delay": 0.05797326885009528, "running_time": 58.04800987243652}, "server_3": {"max_delay": 0.0618574030105431, "running_time": 48.03895950317383}, "server_4": {"max_delay": 0.06778677054819175, "running_time": 93.07694435119629}, "server_5": {"max_delay": 0.08226521407919744, "running_time": 29.02364730834961}}}