{"entropy": 336425891592314833564493159303708633392, "10": {"num_user": 400, "num_service": 41, "server_1": {"max_delay": 0.15374302722897643, "running_time": 27.022600173950195}, "server_2": {"max_delay": 0.15672295968994915, "running_time": 16.013622283935547}, "server_3": {"max_delay": 0.2610664139372094, "running_time": 13.010978698730469}, "server_4": {"max_delay": 0.2610664139372094, "running_time": 14.011859893798828}, "server_5": {"max_delay": 0.2610664139372094, "running_time": 13.010501861572266}}, "20": {"num_user": 400, "num_service": 41, "server_1": {"max_delay": 0.14497232104882946, "running_time": 39.031982421875}, "server_2": {"max_delay": 0.1493738331174716, "running_time": 22.017955780029297}, "server_3": {"max_delay": 0.15672295968994915, "running_time": 17.014503479003906}, "server_4": {"max_delay": 0.15672295968994915, "running_time": 16.012907028198242}, "server_5": {"max_delay": 0.15672295968994915, "running_time": 16.013383865356445}}, "30": {"num_user": 400, "num_service": 41, "server_1": {"max_delay": 0.13753787386658453, "running_time": 45.03750801086426}, "server_2": {"max_delay": 0.14525119840412887, "running_time": 30.02476692199707}, "server_3": {"max_delay": 0.1493738331174716, "running_time": 23.018598556518555}, "server_4": {"max_delay": 0.15392724914494763, "running_time": 19.01555061340332}, "server_5": {"max_delay": 0.15868333290126024, "running_time": 55.04608154296875}}, "40": {"num_user": 400, "num_service": 41, "server_1": {"max_delay": 0.1352880019087724, "running_time": 53.043365478515625}, "server_2": {"max_delay": 0.14259368487235238, "running_time": 36.03005409240723}, "server_3": {"max_delay": 0.14804690894913036, "running_time": 26.021480560302734}, "server_4": {"max_delay": 0.15182937432154808, "running_time": 20.01643180847168}, "server_5": {"max_delay": 0.1493738331174716, "running_time": 22.0186710357666}}, "50": {"num_user": 400, "num_service": 41, "server_1": {"max_delay": 0.13047621038516902, "running_time": 59.04865264892578}, "server_2": {"max_delay": 0.14121592955707032, "running_time": 36.02957725524902}, "server_3": {"max_delay": 0.14525119840412887, "running_time": 72.05986976623535}, "server_4": {"max_delay": 0.1465781225724701, "running_time": 25.020837783813477}, "server_5": {"max_delay": 0.1493738331174716, "running_time": 24.019718170166016}}, "60": {"num_user": 400, "num_service": 41, "server_1": {"max_delay": 0.12854105192938187, "running_time": 72.05939292907715}, "server_2": {"max_delay": 0.135877070926562, "running_time": 90.07430076599121}, "server_3": {"max_delay": 0.1409370522017709, "running_time": 39.0322208404541}, "server_4": {"max_delay": 0.14804690894913036, "running_time": 26.021480560302734}, "server_5": {"max_delay": 0.1493738331174716, "running_time": 23.01931381225586}}, "70": {"num_user": 400, "num_service": 41, "server_1": {"max_delay": 0.12734062546888125, "running_time": 124.10187721252441}, "server_2": {"max_delay": 0.13551355233176246, "running_time": 50.04096031188965}, "server_3": {"max_delay": 0.1409370522017709, "running_time": 39.0317440032959}, "server_4": {"max_delay": 0.14488405335166266, "running_time": 33.02717208862305}, "server_5": {"max_delay": 0.14525119840412887, "running_time": 29.024124145507812}}, "80": {"num_user": 400, "num_service": 41, "server_1": {"max_delay": 0.12648557401085023, "running_time": 91.07542037963867}, "server_2": {"max_delay": 0.1318509374868267, "running_time": 52.043914794921875}, "server_3": {"max_delay": 0.13738859733472797, "running_time": 43.03574562072754}, "server_4": {"max_delay": 0.14241076173585737, "running_time": 36.03005409240723}, "server_5": {"max_delay": 0.14804690894913036, "running_time": 27.022600173950195}}, "90": {"num_user": 400, "num_service": 41, "server_1": {"max_delay": 0.12603014079741365, "running_time": 153.12719345092773}, "server_2": {"max_delay": 0.13134650970853723, "running_time": 57.047367095947266}, "server_3": {"max_delay": 0.1354364881360575, "running_time": 48.039913177490234}, "server_4": {"max_delay": 0.14241076173585737, "running_time": 36.02933883666992}, "server_5": {"max_delay": 0.14244440834049582, "running_time": 35.028934478759766}}, "100": {"num_user": 400, "num_service": 41, "server_1": {"max_delay": 0.12523462921649034, "running_time": 114.09401893615723}, "server_2": {"max_delay": 0.13019733302986958, "running_time": 58.04777145385742}, "server_3": {"max_delay": 0.1354364881360575, "running_time": 46.03743553161621}, "server_4": {"max_delay": 0.1409370522017709, "running_time": 36.029815673828125}, "server_5": {"max_delay": 0.14244440834049582, "running_time": 33.02764892578125}}}