{"entropy": 27248054511769072829170288305436049986, "10": {"num_user": 400, "num_service": 41, "server_1": {"max_delay": 0.03318091542557046, "running_time": 26.02100372314453}, "server_2": {"max_delay": 0.035820713286985786, "running_time": 20.01643180847168}, "server_3": {"max_delay": 0.035820713286985786, "running_time": 16.013383865356445}, "server_4": {"max_delay": 0.06880375615132232, "running_time": 13.010263442993164}, "server_5": {"max_delay": 0.10760438033448241, "running_time": 10.00833511352539}}, "20": {"num_user": 400, "num_service": 41, "server_1": {"max_delay": 0.023663736919603256, "running_time": 84.06996726989746}, "server_2": {"max_delay": 0.02742077627214587, "running_time": 30.02476692199707}, "server_3": {"max_delay": 0.03318091542557046, "running_time": 22.0186710357666}, "server_4": {"max_delay": 0.03318091542557046, "running_time": 23.01955223083496}, "server_5": {"max_delay": 0.035820713286985786, "running_time": 17.014265060424805}}, "30": {"num_user": 400, "num_service": 41, "server_1": {"max_delay": 0.0211733741740879, "running_time": 52.04296112060547}, "server_2": {"max_delay": 0.024741036682582436, "running_time": 35.028696060180664}, "server_3": {"max_delay": 0.027800233940576277, "running_time": 26.021718978881836}, "server_4": {"max_delay": 0.03318091542557046, "running_time": 23.018836975097656}, "server_5": {"max_delay": 0.03318091542557046, "running_time": 23.018836975097656}}, "40": {"num_user": 400, "num_service": 41, "server_1": {"max_delay": 0.01947902063531942, "running_time": 57.04689025878906}, "server_2": {"max_delay": 0.023663736919603256, "running_time": 39.031982421875}, "server_3": {"max_delay": 0.024741036682582436, "running_time": 33.028364181518555}, "server_4": {"max_delay": 0.02742077627214587, "running_time": 30.024290084838867}, "server_5": {"max_delay": 0.03318091542557046, "running_time": 24.01900291442871}}, "50": {"num_user": 400, "num_service": 41, "server_1": {"max_delay": 0.01640212548266826, "running_time": 65.05417823791504}, "server_2": {"max_delay": 0.02163993671721794, "running_time": 91.07518196105957}, "server_3": {"max_delay": 0.024544507082822117, "running_time": 35.02941131591797}, "server_4": {"max_delay": 0.024741036682582436, "running_time": 33.02717208862305}, "server_5": {"max_delay": 0.02742077627214587, "running_time": 29.02388572692871}}, "60": {"num_user": 400, "num_service": 41, "server_1": {"max_delay": 0.015007768717286443, "running_time": 122.100830078125}, "server_2": {"max_delay": 0.0211733741740879, "running_time": 51.04207992553711}, "server_3": {"max_delay": 0.023663736919603256, "running_time": 39.0322208404541}, "server_4": {"max_delay": 0.024544507082822117, "running_time": 36.02957725524902}, "server_5": {"max_delay": 0.02742077627214587, "running_time": 29.024600982666016}}, "70": {"num_user": 400, "num_service": 41, "server_1": {"max_delay": 0.014526904911296091, "running_time": 86.07125282287598}, "server_2": {"max_delay": 0.02018690949536383, "running_time": 59.04889106750488}, "server_3": {"max_delay": 0.02163993671721794, "running_time": 45.03679275512695}, "server_4": {"max_delay": 0.023663736919603256, "running_time": 40.03310203552246}, "server_5": {"max_delay": 0.024741036682582436, "running_time": 32.02629089355469}}, "80": {"num_user": 400, "num_service": 41, "server_1": {"max_delay": 0.012618327981755093, "running_time": 142.11726188659668}, "server_2": {"max_delay": 0.01947902063531942, "running_time": 61.049699783325195}, "server_3": {"max_delay": 0.0211733741740879, "running_time": 52.04272270202637}, "server_4": {"max_delay": 0.023663736919603256, "running_time": 38.03133964538574}, "server_5": {"max_delay": 0.023663736919603256, "running_time": 38.03086280822754}}, "90": {"num_user": 400, "num_service": 41, "server_1": {"max_delay": 0.01244898121271348, "running_time": 100.0826358795166}, "server_2": {"max_delay": 0.01800286934279664, "running_time": 62.05129623413086}, "server_3": {"max_delay": 0.021058698184589424, "running_time": 52.04296112060547}, "server_4": {"max_delay": 0.02163993671721794, "running_time": 45.03750801086426}, "server_5": {"max_delay": 0.024544507082822117, "running_time": 36.029815673828125}}, "100": {"num_user": 400, "num_service": 41, "server_1": {"max_delay": 0.01184442223133346, "running_time": 163.13409805297852}, "server_2": {"max_delay": 0.01640212548266826, "running_time": 64.05305862426758}, "server_3": {"max_delay": 0.02018690949536383, "running_time": 55.04560470581055}, "server_4": {"max_delay": 0.02163993671721794, "running_time": 99.08175468444824}, "server_5": {"max_delay": 0.023663736919603256, "running_time": 39.031982421875}}}