{"entropy": 78550689780100043431933629696717865109, "10": {"num_user": 400, "num_service": 41, "server_1": {"max_delay": 0.05394391383593071, "running_time": 19.015073776245117}, "server_2": {"max_delay": 0.11466429601788652, "running_time": 12.009620666503906}, "server_3": {"max_delay": 0.22176905272494882, "running_time": 12.01009750366211}, "server_4": {"max_delay": 0.22176905272494882, "running_time": 13.010740280151367}, "server_5": {"max_delay": 0.22176905272494882, "running_time": 13.010978698730469}}, "20": {"num_user": 400, "num_service": 41, "server_1": {"max_delay": 0.0324630343292706, "running_time": 32.02700614929199}, "server_2": {"max_delay": 0.05394391383593071, "running_time": 19.015789031982422}, "server_3": {"max_delay": 0.06893362706050031, "running_time": 20.01667022705078}, "server_4": {"max_delay": 0.11466429601788652, "running_time": 12.010335922241211}, "server_5": {"max_delay": 0.11466429601788652, "running_time": 15.012264251708984}}, "30": {"num_user": 400, "num_service": 41, "server_1": {"max_delay": 0.022370185322032356, "running_time": 43.035268783569336}, "server_2": {"max_delay": 0.04527450307260658, "running_time": 26.021480560302734}, "server_3": {"max_delay": 0.05394391383593071, "running_time": 20.01643180847168}, "server_4": {"max_delay": 0.06893362706050031, "running_time": 19.015789031982422}, "server_5": {"max_delay": 0.06893362706050031, "running_time": 19.016027450561523}}, "40": {"num_user": 400, "num_service": 41, "server_1": {"max_delay": 0.02177145691814268, "running_time": 99.08199310302734}, "server_2": {"max_delay": 0.02462736131237514, "running_time": 32.02676773071289}, "server_3": {"max_delay": 0.04527450307260658, "running_time": 25.020122528076172}, "server_4": {"max_delay": 0.05394391383593071, "running_time": 19.016265869140625}, "server_5": {"max_delay": 0.05394391383593071, "running_time": 22.0181941986084}}, "50": {"num_user": 400, "num_service": 41, "server_1": {"max_delay": 0.018517842466840767, "running_time": 68.05634498596191}, "server_2": {"max_delay": 0.02412501290766688, "running_time": 34.027814865112305}, "server_3": {"max_delay": 0.03274406601071812, "running_time": 29.024362564086914}, "server_4": {"max_delay": 0.04527450307260658, "running_time": 68.05586814880371}, "server_5": {"max_delay": 0.05394391383593071, "running_time": 19.015789031982422}}, "60": {"num_user": 400, "num_service": 41, "server_1": {"max_delay": 0.017483507002655517, "running_time": 82.06820487976074}, "server_2": {"max_delay": 0.022370185322032356, "running_time": 43.03550720214844}, "server_3": {"max_delay": 0.024346329630927623, "running_time": 35.028934478759766}, "server_4": {"max_delay": 0.03274406601071812, "running_time": 28.02276611328125}, "server_5": {"max_delay": 0.04527450307260658, "running_time": 25.021076202392578}}, "70": {"num_user": 400, "num_service": 41, "server_1": {"max_delay": 0.015175885027256185, "running_time": 93.07599067687988}, "server_2": {"max_delay": 0.022193310897229177, "running_time": 53.04431915283203}, "server_3": {"max_delay": 0.022957490200643086, "running_time": 38.031816482543945}, "server_4": {"max_delay": 0.03274406601071812, "running_time": 29.02388572692871}, "server_5": {"max_delay": 0.04527450307260658, "running_time": 22.017955780029297}}, "80": {"num_user": 400, "num_service": 41, "server_1": {"max_delay": 0.01461284559571468, "running_time": 104.08616065979004}, "server_2": {"max_delay": 0.021489492145679415, "running_time": 56.046247482299805}, "server_3": {"max_delay": 0.022651217003479874, "running_time": 40.03334045410156}, "server_4": {"max_delay": 0.02462736131237514, "running_time": 31.025171279907227}, "server_5": {"max_delay": 0.03274406601071812, "running_time": 29.02364730834961}}, "90": {"num_user": 400, "num_service": 41, "server_1": {"max_delay": 0.014362237358254551, "running_time": 110.0912094116211}, "server_2": {"max_delay": 0.02054414808550607, "running_time": 104.08639907836914}, "server_3": {"max_delay": 0.022370185322032356, "running_time": 44.0363883972168}, "server_4": {"max_delay": 0.024346329630927623, "running_time": 34.02829170227051}, "server_5": {"max_delay": 0.03274406601071812, "running_time": 28.023242950439453}}, "100": {"num_user": 400, "num_service": 41, "server_1": {"max_delay": 0.013329587807553063, "running_time": 122.1010684967041}, "server_2": {"max_delay": 0.018517842466840767, "running_time": 68.05634498596191}, "server_3": {"max_delay": 0.022193310897229177, "running_time": 50.041913986206055}, "server_4": {"max_delay": 0.02412501290766688, "running_time": 34.0273380279541}, "server_5": {"max_delay": 0.024346329630927623, "running_time": 35.028696060180664}}}