{"entropy": 257033784629738158506017167242872273653, "10": {"num_user": 400, "num_service": 41, "server_1": {"max_delay": 0.03746376756985101, "running_time": 23.018360137939453}, "server_2": {"max_delay": 0.0384938798557663, "running_time": 17.014026641845703}, "server_3": {"max_delay": 0.04107979285032106, "running_time": 13.010501861572266}, "server_4": {"max_delay": 0.04107979285032106, "running_time": 13.01121711730957}, "server_5": {"max_delay": 0.04107979285032106, "running_time": 13.008832931518555}}, "20": {"num_user": 400, "num_service": 41, "server_1": {"max_delay": 0.034605172297649166, "running_time": 83.0686092376709}, "server_2": {"max_delay": 0.03746376756985101, "running_time": 28.023719787597656}, "server_3": {"max_delay": 0.03841131107888046, "running_time": 20.01667022705078}, "server_4": {"max_delay": 0.0384938798557663, "running_time": 17.014026641845703}, "server_5": {"max_delay": 0.04107979285032106, "running_time": 14.011859893798828}}, "30": {"num_user": 400, "num_service": 41, "server_1": {"max_delay": 0.030130805983561815, "running_time": 44.0363883972168}, "server_2": {"max_delay": 0.03537301932565338, "running_time": 30.02476692199707}, "server_3": {"max_delay": 0.03746376756985101, "running_time": 23.019075393676758}, "server_4": {"max_delay": 0.03841131107888046, "running_time": 21.01755142211914}, "server_5": {"max_delay": 0.0384938798557663, "running_time": 65.05417823791504}}, "40": {"num_user": 400, "num_service": 41, "server_1": {"max_delay": 0.028162030085003547, "running_time": 56.0460090637207}, "server_2": {"max_delay": 0.034605172297649166, "running_time": 39.0317440032959}, "server_3": {"max_delay": 0.03537301932565338, "running_time": 34.027814865112305}, "server_4": {"max_delay": 0.03746376756985101, "running_time": 71.05827331542969}, "server_5": {"max_delay": 0.03841131107888046, "running_time": 20.01667022705078}}, "50": {"num_user": 400, "num_service": 41, "server_1": {"max_delay": 0.026813853364786523, "running_time": 69.05698776245117}, "server_2": {"max_delay": 0.031321881706011426, "running_time": 44.03567314147949}, "server_3": {"max_delay": 0.034605172297649166, "running_time": 36.02957725524902}, "server_4": {"max_delay": 0.03537301932565338, "running_time": 33.02717208862305}, "server_5": {"max_delay": 0.03746376756985101, "running_time": 23.018598556518555}}, "60": {"num_user": 400, "num_service": 41, "server_1": {"max_delay": 0.026112984020208254, "running_time": 81.06684684753418}, "server_2": {"max_delay": 0.030130805983561815, "running_time": 49.04031753540039}, "server_3": {"max_delay": 0.033618343773041966, "running_time": 36.02957725524902}, "server_4": {"max_delay": 0.03537301932565338, "running_time": 29.02388572692871}, "server_5": {"max_delay": 0.03537301932565338, "running_time": 34.027814865112305}}, "70": {"num_user": 400, "num_service": 41, "server_1": {"max_delay": 0.025698697222709028, "running_time": 101.08351707458496}, "server_2": {"max_delay": 0.029445580586186036, "running_time": 53.04360389709473}, "server_3": {"max_delay": 0.03409302827361145, "running_time": 40.032386779785156}, "server_4": {"max_delay": 0.034605172297649166, "running_time": 36.029815673828125}, "server_5": {"max_delay": 0.03537301932565338, "running_time": 33.02741050720215}}, "80": {"num_user": 400, "num_service": 41, "server_1": {"max_delay": 0.02459778178673447, "running_time": 103.08480262756348}, "server_2": {"max_delay": 0.027870419846744623, "running_time": 103.08456420898438}, "server_3": {"max_delay": 0.031321881706011426, "running_time": 43.03622245788574}, "server_4": {"max_delay": 0.03409302827361145, "running_time": 37.02998161315918}, "server_5": {"max_delay": 0.034605172297649166, "running_time": 36.02933883666992}}, "90": {"num_user": 400, "num_service": 41, "server_1": {"max_delay": 0.02333084432981355, "running_time": 119.09842491149902}, "server_2": {"max_delay": 0.027175201560396343, "running_time": 59.04889106750488}, "server_3": {"max_delay": 0.030130805983561815, "running_time": 43.03550720214844}, "server_4": {"max_delay": 0.03409302827361145, "running_time": 87.07213401794434}, "server_5": {"max_delay": 0.033618343773041966, "running_time": 37.02998161315918}}, "100": {"num_user": 400, "num_service": 41, "server_1": {"max_delay": 0.022903669871966723, "running_time": 125.10251998901367}, "server_2": {"max_delay": 0.026099583059546128, "running_time": 112.0915412902832}, "server_3": {"max_delay": 0.029445580586186036, "running_time": 52.04200744628906}, "server_4": {"max_delay": 0.031321881706011426, "running_time": 43.035268783569336}, "server_5": {"max_delay": 0.03409302827361145, "running_time": 40.033578872680664}}}