{"entropy": 84521086746965933001174043819949395435, "10": {"num_user": 400, "num_service": 41, "server_1": {"max_delay": 0.04929978394475951, "running_time": 19.01555061340332}, "server_2": {"max_delay": 0.07502272341540848, "running_time": 17.0135498046875}, "server_3": {"max_delay": 0.07502272341540848, "running_time": 13.01121711730957}, "server_4": {"max_delay": 0.07502272341540848, "running_time": 13.010263442993164}, "server_5": {"max_delay": 0.07502272341540848, "running_time": 14.011859893798828}}, "20": {"num_user": 400, "num_service": 41, "server_1": {"max_delay": 0.03312519243886949, "running_time": 32.02629089355469}, "server_2": {"max_delay": 0.04929978394475951, "running_time": 17.014741897583008}, "server_3": {"max_delay": 0.049687728759767714, "running_time": 17.014265060424805}, "server_4": {"max_delay": 0.04613593127435985, "running_time": 20.01667022705078}, "server_5": {"max_delay": 0.05038300783538472, "running_time": 14.010906219482422}}, "30": {"num_user": 400, "num_service": 41, "server_1": {"max_delay": 0.029450275275487176, "running_time": 43.03622245788574}, "server_2": {"max_delay": 0.039980314821699794, "running_time": 27.022600173950195}, "server_3": {"max_delay": 0.04929978394475951, "running_time": 17.0135498046875}, "server_4": {"max_delay": 0.04613593127435985, "running_time": 19.016027450561523}, "server_5": {"max_delay": 0.05038300783538472, "running_time": 13.010978698730469}}, "40": {"num_user": 400, "num_service": 41, "server_1": {"max_delay": 0.02797945050014552, "running_time": 54.04472351074219}, "server_2": {"max_delay": 0.03242874365323952, "running_time": 36.03029251098633}, "server_3": {"max_delay": 0.039980314821699794, "running_time": 29.02388572692871}, "server_4": {"max_delay": 0.04929978394475951, "running_time": 19.01555061340332}, "server_5": {"max_delay": 0.05038300783538472, "running_time": 13.010263442993164}}, "50": {"num_user": 400, "num_service": 41, "server_1": {"max_delay": 0.026055879696582712, "running_time": 67.05451011657715}, "server_2": {"max_delay": 0.0304172233150423, "running_time": 35.02941131591797}, "server_3": {"max_delay": 0.03513671277706671, "running_time": 32.02676773071289}, "server_4": {"max_delay": 0.0399367058972769, "running_time": 29.02364730834961}, "server_5": {"max_delay": 0.04929978394475951, "running_time": 17.0137882232666}}, "60": {"num_user": 400, "num_service": 41, "server_1": {"max_delay": 0.02548496846109736, "running_time": 80.06596565246582}, "server_2": {"max_delay": 0.029039957800069117, "running_time": 46.038150787353516}, "server_3": {"max_delay": 0.0304172233150423, "running_time": 39.031267166137695}, "server_4": {"max_delay": 0.039980314821699794, "running_time": 25.020837783813477}, "server_5": {"max_delay": 0.03998549137205689, "running_time": 23.019075393676758}}, "70": {"num_user": 400, "num_service": 41, "server_1": {"max_delay": 0.02479494336964073, "running_time": 97.07999229431152}, "server_2": {"max_delay": 0.02846026865745981, "running_time": 51.04255676269531}, "server_3": {"max_delay": 0.0304172233150423, "running_time": 39.031982421875}, "server_4": {"max_delay": 0.03508792730228672, "running_time": 32.026052474975586}, "server_5": {"max_delay": 0.039980314821699794, "running_time": 29.024362564086914}}, "80": {"num_user": 400, "num_service": 41, "server_1": {"max_delay": 0.022027077248690765, "running_time": 66.0548210144043}, "server_2": {"max_delay": 0.02797945050014552, "running_time": 56.0460090637207}, "server_3": {"max_delay": 0.029450275275487176, "running_time": 41.03398323059082}, "server_4": {"max_delay": 0.03242874365323952, "running_time": 36.029815673828125}, "server_5": {"max_delay": 0.03513671277706671, "running_time": 79.06484603881836}}, "90": {"num_user": 400, "num_service": 41, "server_1": {"max_delay": 0.02102716873672697, "running_time": 81.06732368469238}, "server_2": {"max_delay": 0.026939832013171204, "running_time": 62.050819396972656}, "server_3": {"max_delay": 0.02910387210041175, "running_time": 43.03598403930664}, "server_4": {"max_delay": 0.03242874365323952, "running_time": 36.02933883666992}, "server_5": {"max_delay": 0.03242874365323952, "running_time": 33.02741050720215}}, "100": {"num_user": 400, "num_service": 41, "server_1": {"max_delay": 0.020510050671059352, "running_time": 92.07582473754883}, "server_2": {"max_delay": 0.026055879696582712, "running_time": 70.05763053894043}, "server_3": {"max_delay": 0.02887779891242867, "running_time": 49.04031753540039}, "server_4": {"max_delay": 0.0304172233150423, "running_time": 35.02917289733887}, "server_5": {"max_delay": 0.03242874365323952, "running_time": 33.02717208862305}}}