{"entropy": 23779048515461571758704543090879931833, "10": {"num_user": 400, "num_service": 41, "server_1": {"max_delay": 0.06285509265218679, "running_time": 20.01667022705078}, "server_2": {"max_delay": 0.06374055122893653, "running_time": 19.015789031982422}, "server_3": {"max_delay": 0.06374055122893653, "running_time": 17.014265060424805}, "server_4": {"max_delay": 0.09214350803786857, "running_time": 16.013622283935547}, "server_5": {"max_delay": 0.09214350803786857, "running_time": 13.010501861572266}}, "20": {"num_user": 400, "num_service": 41, "server_1": {"max_delay": 0.03732740730710577, "running_time": 30.02452850341797}, "server_2": {"max_delay": 0.06072545313148037, "running_time": 23.019790649414062}, "server_3": {"max_delay": 0.06374055122893653, "running_time": 18.014907836914062}, "server_4": {"max_delay": 0.09214350803786857, "running_time": 17.0137882232666}, "server_5": {"max_delay": 0.09214350803786857, "running_time": 13.010978698730469}}, "30": {"num_user": 400, "num_service": 41, "server_1": {"max_delay": 0.0334025965136999, "running_time": 80.06596565246582}, "server_2": {"max_delay": 0.03648091948728198, "running_time": 26.021242141723633}, "server_3": {"max_delay": 0.04391152070769942, "running_time": 23.018360137939453}, "server_4": {"max_delay": 0.06256075186613512, "running_time": 19.016027450561523}, "server_5": {"max_delay": 0.09214350803786857, "running_time": 13.010978698730469}}, "40": {"num_user": 400, "num_service": 41, "server_1": {"max_delay": 0.028274601661911855, "running_time": 47.03879356384277}, "server_2": {"max_delay": 0.036124721913910696, "running_time": 34.02829170227051}, "server_3": {"max_delay": 0.04391152070769942, "running_time": 23.019075393676758}, "server_4": {"max_delay": 0.04056816922560534, "running_time": 24.019956588745117}, "server_5": {"max_delay": 0.06234219649923871, "running_time": 63.05217742919922}}, "50": {"num_user": 400, "num_service": 41, "server_1": {"max_delay": 0.026816802587066795, "running_time": 61.0501766204834}, "server_2": {"max_delay": 0.03255610869387612, "running_time": 35.02821922302246}, "server_3": {"max_delay": 0.03618657870123031, "running_time": 26.021957397460938}, "server_4": {"max_delay": 0.04056816922560534, "running_time": 22.0181941986084}, "server_5": {"max_delay": 0.043692965340803, "running_time": 20.01643180847168}}, "60": {"num_user": 400, "num_service": 41, "server_1": {"max_delay": 0.02619460194228908, "running_time": 73.0600357055664}, "server_2": {"max_delay": 0.032517137936950165, "running_time": 36.029815673828125}, "server_3": {"max_delay": 0.03579141037093307, "running_time": 35.028934478759766}, "server_4": {"max_delay": 0.036046270612046565, "running_time": 27.022361755371094}, "server_5": {"max_delay": 0.043692965340803, "running_time": 20.01667022705078}}, "70": {"num_user": 400, "num_service": 41, "server_1": {"max_delay": 0.025405170252619125, "running_time": 79.06579971313477}, "server_2": {"max_delay": 0.029975997976332488, "running_time": 41.03350639343262}, "server_3": {"max_delay": 0.03579141037093307, "running_time": 37.030696868896484}, "server_4": {"max_delay": 0.03596802333433389, "running_time": 33.02741050720215}, "server_5": {"max_delay": 0.03596802333433389, "running_time": 26.021480560302734}}, "80": {"num_user": 400, "num_service": 41, "server_1": {"max_delay": 0.023048328822783196, "running_time": 99.08175468444824}, "server_2": {"max_delay": 0.027389143085162125, "running_time": 45.037031173706055}, "server_3": {"max_delay": 0.03222279715089849, "running_time": 39.0317440032959}, "server_4": {"max_delay": 0.035611825760962605, "running_time": 81.06613159179688}, "server_5": {"max_delay": 0.04048992194789267, "running_time": 23.019075393676758}}, "90": {"num_user": 400, "num_service": 41, "server_1": {"max_delay": 0.022637567449718437, "running_time": 102.08415985107422}, "server_2": {"max_delay": 0.027002952841049536, "running_time": 100.0826358795166}, "server_3": {"max_delay": 0.03222279715089849, "running_time": 35.02917289733887}, "server_4": {"max_delay": 0.035611825760962605, "running_time": 33.026695251464844}, "server_5": {"max_delay": 0.035611825760962605, "running_time": 30.02476692199707}}, "100": {"num_user": 400, "num_service": 41, "server_1": {"max_delay": 0.021863445383785176, "running_time": 162.13369369506836}, "server_2": {"max_delay": 0.02593134401031706, "running_time": 61.0504150390625}, "server_3": {"max_delay": 0.029681657190280812, "running_time": 41.03350639343262}, "server_4": {"max_delay": 0.032043212540928026, "running_time": 80.06572723388672}, "server_5": {"max_delay": 0.035611825760962605, "running_time": 29.02388572692871}}}