{"entropy": 61299874849633551418611889542737763297, "10": {"num_user": 400, "num_service": 41, "server_1": {"max_delay": 0.1421824815034196, "running_time": 17.0135498046875}, "server_2": {"max_delay": 0.16601085175936034, "running_time": 11.008977890014648}, "server_3": {"max_delay": 0.16601085175936034, "running_time": 10.008096694946289}, "server_4": {"max_delay": 0.16601085175936034, "running_time": 11.00921630859375}, "server_5": {"max_delay": 0.16601085175936034, "running_time": 10.00833511352539}}, "20": {"num_user": 400, "num_service": 41, "server_1": {"max_delay": 0.12203644345078231, "running_time": 27.022361755371094}, "server_2": {"max_delay": 0.12882392262246048, "running_time": 20.016193389892578}, "server_3": {"max_delay": 0.1421824815034196, "running_time": 17.0135498046875}, "server_4": {"max_delay": 0.16601085175936034, "running_time": 10.008573532104492}, "server_5": {"max_delay": 0.16601085175936034, "running_time": 10.008811950683594}}, "30": {"num_user": 400, "num_service": 41, "server_1": {"max_delay": 0.11896903264643977, "running_time": 35.028934478759766}, "server_2": {"max_delay": 0.12772811389677693, "running_time": 28.023958206176758}, "server_3": {"max_delay": 0.12890319924126079, "running_time": 19.015789031982422}, "server_4": {"max_delay": 0.1462575446001571, "running_time": 16.012907028198242}, "server_5": {"max_delay": 0.1421824815034196, "running_time": 17.0137882232666}}, "40": {"num_user": 400, "num_service": 41, "server_1": {"max_delay": 0.11603458965033568, "running_time": 45.037269592285156}, "server_2": {"max_delay": 0.12100088737769195, "running_time": 30.024290084838867}, "server_3": {"max_delay": 0.12772811389677693, "running_time": 23.01931381225586}, "server_4": {"max_delay": 0.12760421125351648, "running_time": 20.01643180847168}, "server_5": {"max_delay": 0.1460648790588164, "running_time": 15.012741088867188}}, "50": {"num_user": 400, "num_service": 41, "server_1": {"max_delay": 0.11207244510213903, "running_time": 103.08480262756348}, "server_2": {"max_delay": 0.11835608934386702, "running_time": 30.02452850341797}, "server_3": {"max_delay": 0.12100088737769195, "running_time": 26.021957397460938}, "server_4": {"max_delay": 0.12760421125351648, "running_time": 20.01643180847168}, "server_5": {"max_delay": 0.12837111344317736, "running_time": 20.01643180847168}}, "60": {"num_user": 400, "num_service": 41, "server_1": {"max_delay": 0.10971443385415884, "running_time": 67.05498695373535}, "server_2": {"max_delay": 0.11701149106971047, "running_time": 36.02910041809082}, "server_3": {"max_delay": 0.11898450264353538, "running_time": 29.024362564086914}, "server_4": {"max_delay": 0.12080822183635123, "running_time": 71.05803489685059}, "server_5": {"max_delay": 0.12753544835543623, "running_time": 22.0181941986084}}, "70": {"num_user": 400, "num_service": 41, "server_1": {"max_delay": 0.10870382784693758, "running_time": 81.06589317321777}, "server_2": {"max_delay": 0.11531835881186717, "running_time": 45.037031173706055}, "server_3": {"max_delay": 0.11898450264353538, "running_time": 29.02364730834961}, "server_4": {"max_delay": 0.12080822183635123, "running_time": 26.021718978881836}, "server_5": {"max_delay": 0.12080822183635123, "running_time": 24.019718170166016}}, "80": {"num_user": 400, "num_service": 41, "server_1": {"max_delay": 0.107340422119721, "running_time": 93.07670593261719}, "server_2": {"max_delay": 0.11525917721518773, "running_time": 46.037912368774414}, "server_3": {"max_delay": 0.1179334765733494, "running_time": 36.029815673828125}, "server_4": {"max_delay": 0.11880141840359548, "running_time": 29.02388572692871}, "server_5": {"max_delay": 0.12080822183635123, "running_time": 23.019075393676758}}, "90": {"num_user": 400, "num_service": 41, "server_1": {"max_delay": 0.10618592945652748, "running_time": 99.08151626586914}, "server_2": {"max_delay": 0.1139640845342556, "running_time": 49.041032791137695}, "server_3": {"max_delay": 0.11579872745756728, "running_time": 39.0322208404541}, "server_4": {"max_delay": 0.11880141840359548, "running_time": 29.02364730834961}, "server_5": {"max_delay": 0.12080822183635123, "running_time": 24.019718170166016}}, "100": {"num_user": 400, "num_service": 41, "server_1": {"max_delay": 0.10583477053838643, "running_time": 115.09490013122559}, "server_2": {"max_delay": 0.11105889884869549, "running_time": 105.0863265991211}, "server_3": {"max_delay": 0.11559761449575107, "running_time": 43.03598403930664}, "server_4": {"max_delay": 0.11797204306266414, "running_time": 33.02741050720215}, "server_5": {"max_delay": 0.11879183710219465, "running_time": 27.022123336791992}}}