{"entropy": 19725467075304189643256856323538396471, "10": {"num_user": 400, "num_service": 41, "server_1": {"max_delay": 0.07343558207141436, "running_time": 20.01643180847168}, "server_2": {"max_delay": 0.08432766146706569, "running_time": 17.014026641845703}, "server_3": {"max_delay": 0.08494409068470923, "running_time": 13.010740280151367}, "server_4": {"max_delay": 0.08494409068470923, "running_time": 13.010501861572266}, "server_5": {"max_delay": 0.08494409068470923, "running_time": 13.010501861572266}}, "20": {"num_user": 400, "num_service": 41, "server_1": {"max_delay": 0.04627202267391328, "running_time": 32.02652931213379}, "server_2": {"max_delay": 0.07200546386157003, "running_time": 20.01643180847168}, "server_3": {"max_delay": 0.07041777729637919, "running_time": 23.018598556518555}, "server_4": {"max_delay": 0.08432766146706569, "running_time": 16.013383865356445}, "server_5": {"max_delay": 0.08494409068470923, "running_time": 13.010978698730469}}, "30": {"num_user": 400, "num_service": 41, "server_1": {"max_delay": 0.036766183430137774, "running_time": 45.037269592285156}, "server_2": {"max_delay": 0.06310420952308349, "running_time": 26.021480560302734}, "server_3": {"max_delay": 0.07041777729637919, "running_time": 23.018836975097656}, "server_4": {"max_delay": 0.06798097740887411, "running_time": 19.015789031982422}, "server_5": {"max_delay": 0.0750232686366052, "running_time": 17.014503479003906}}, "40": {"num_user": 400, "num_service": 41, "server_1": {"max_delay": 0.033405536430096645, "running_time": 66.05410575866699}, "server_2": {"max_delay": 0.045554929136330254, "running_time": 33.02741050720215}, "server_3": {"max_delay": 0.06506786487649069, "running_time": 23.01931381225586}, "server_4": {"max_delay": 0.06798097740887411, "running_time": 20.01667022705078}, "server_5": {"max_delay": 0.0750232686366052, "running_time": 16.012907028198242}}, "50": {"num_user": 400, "num_service": 41, "server_1": {"max_delay": 0.031984957882005574, "running_time": 77.06356048583984}, "server_2": {"max_delay": 0.04306206328369113, "running_time": 36.03005409240723}, "server_3": {"max_delay": 0.047859709239104126, "running_time": 28.023242950439453}, "server_4": {"max_delay": 0.06506786487649069, "running_time": 23.018836975097656}, "server_5": {"max_delay": 0.06506786487649069, "running_time": 23.018836975097656}}, "60": {"num_user": 400, "num_service": 41, "server_1": {"max_delay": 0.03142327918719243, "running_time": 137.11309432983398}, "server_2": {"max_delay": 0.036766183430137774, "running_time": 46.03767395019531}, "server_3": {"max_delay": 0.045317167263304196, "running_time": 36.03005409240723}, "server_4": {"max_delay": 0.048344124380964415, "running_time": 29.02364730834961}, "server_5": {"max_delay": 0.06506786487649069, "running_time": 22.0181941986084}}, "70": {"num_user": 400, "num_service": 41, "server_1": {"max_delay": 0.018411812109691866, "running_time": 75.06179809570312}, "server_2": {"max_delay": 0.033014209872082034, "running_time": 60.04953384399414}, "server_3": {"max_delay": 0.04306206328369113, "running_time": 80.06620407104492}, "server_4": {"max_delay": 0.047859709239104126, "running_time": 30.02476692199707}, "server_5": {"max_delay": 0.06506786487649069, "running_time": 23.018836975097656}}, "80": {"num_user": 400, "num_service": 41, "server_1": {"max_delay": 0.017915959195368033, "running_time": 82.06772804260254}, "server_2": {"max_delay": 0.033029567641880274, "running_time": 62.05105781555176}, "server_3": {"max_delay": 0.03907096353291165, "running_time": 41.03374481201172}, "server_4": {"max_delay": 0.045554929136330254, "running_time": 32.026052474975586}, "server_5": {"max_delay": 0.048344124380964415, "running_time": 30.025005340576172}}, "90": {"num_user": 400, "num_service": 41, "server_1": {"max_delay": 0.016835195585409152, "running_time": 83.0690860748291}, "server_2": {"max_delay": 0.03215709449114528, "running_time": 67.05522537231445}, "server_3": {"max_delay": 0.036766183430137774, "running_time": 49.04055595397949}, "server_4": {"max_delay": 0.04306206328369113, "running_time": 36.03005409240723}, "server_5": {"max_delay": 0.04627202267391328, "running_time": 34.02829170227051}}, "100": {"num_user": 400, "num_service": 41, "server_1": {"max_delay": 0.01602569583795027, "running_time": 96.07911109924316}, "server_2": {"max_delay": 0.019115564529252532, "running_time": 117.0964241027832}, "server_3": {"max_delay": 0.03371796229164269, "running_time": 58.048248291015625}, "server_4": {"max_delay": 0.04306206328369113, "running_time": 36.02933883666992}, "server_5": {"max_delay": 0.044021028270712914, "running_time": 33.02764892578125}}}