{"entropy": 152980624127776674467040007743348791905, "10": {"num_user": 400, "num_service": 41, "server_1": {"max_delay": 0.1079476921546208, "running_time": 16.013383865356445}, "server_2": {"max_delay": 0.16915765533521407, "running_time": 10.008096694946289}, "server_3": {"max_delay": 0.16915765533521407, "running_time": 10.008096694946289}, "server_4": {"max_delay": 0.16915765533521407, "running_time": 10.008096694946289}, "server_5": {"max_delay": 0.16915765533521407, "running_time": 11.008977890014648}}, "20": {"num_user": 400, "num_service": 41, "server_1": {"max_delay": 0.055749816853040424, "running_time": 74.06139373779297}, "server_2": {"max_delay": 0.10542955358209993, "running_time": 20.016193389892578}, "server_3": {"max_delay": 0.1079476921546208, "running_time": 18.014192581176758}, "server_4": {"max_delay": 0.16915765533521407, "running_time": 9.007930755615234}, "server_5": {"max_delay": 0.16915765533521407, "running_time": 9.00721549987793}}, "30": {"num_user": 400, "num_service": 41, "server_1": {"max_delay": 0.04104945974526048, "running_time": 37.030935287475586}, "server_2": {"max_delay": 0.05788627613923225, "running_time": 21.017074584960938}, "server_3": {"max_delay": 0.10542955358209993, "running_time": 16.013145446777344}, "server_4": {"max_delay": 0.12904648733784627, "running_time": 16.01266860961914}, "server_5": {"max_delay": 0.1079476921546208, "running_time": 15.012264251708984}}, "40": {"num_user": 400, "num_service": 41, "server_1": {"max_delay": 0.03780966317706454, "running_time": 53.04384231567383}, "server_2": {"max_delay": 0.055749816853040424, "running_time": 30.97701072692871}, "server_3": {"max_delay": 0.08433075839887447, "running_time": 21.01731300354004}, "server_4": {"max_delay": 0.08433075839887447, "running_time": 19.016027450561523}, "server_5": {"max_delay": 0.12904648733784627, "running_time": 13.010740280151367}}, "50": {"num_user": 400, "num_service": 41, "server_1": {"max_delay": 0.03249680666237339, "running_time": 61.0501766204834}, "server_2": {"max_delay": 0.047594106212235546, "running_time": 38.03205490112305}, "server_3": {"max_delay": 0.057086119514035645, "running_time": 24.02019500732422}, "server_4": {"max_delay": 0.08433075839887447, "running_time": 63.05193901062012}, "server_5": {"max_delay": 0.10542955358209993, "running_time": 18.01466941833496}}, "60": {"num_user": 400, "num_service": 41, "server_1": {"max_delay": 0.030915469456459538, "running_time": 69.05627250671387}, "server_2": {"max_delay": 0.04104945974526048, "running_time": 36.02910041809082}, "server_3": {"max_delay": 0.0548062319128285, "running_time": 32.026052474975586}, "server_4": {"max_delay": 0.05788627613923225, "running_time": 22.017478942871094}, "server_5": {"max_delay": 0.08433075839887447, "running_time": 22.017955780029297}}, "70": {"num_user": 400, "num_service": 41, "server_1": {"max_delay": 0.030209681396969227, "running_time": 80.06572723388672}, "server_2": {"max_delay": 0.039372509797170524, "running_time": 46.03767395019531}, "server_3": {"max_delay": 0.05451652197822766, "running_time": 35.02964973449707}, "server_4": {"max_delay": 0.057086119514035645, "running_time": 25.020837783813477}, "server_5": {"max_delay": 0.057086119514035645, "running_time": 25.020360946655273}}, "80": {"num_user": 400, "num_service": 41, "server_1": {"max_delay": 0.030959987137889573, "running_time": 64.05282020568848}, "server_2": {"max_delay": 0.03776507400974584, "running_time": 52.04296112060547}, "server_3": {"max_delay": 0.047594106212235546, "running_time": 37.030696868896484}, "server_4": {"max_delay": 0.05451652197822766, "running_time": 31.026124954223633}, "server_5": {"max_delay": 0.057086119514035645, "running_time": 25.01988410949707}}, "90": {"num_user": 400, "num_service": 41, "server_1": {"max_delay": 0.030576080551626143, "running_time": 78.0646800994873}, "server_2": {"max_delay": 0.0331810029515267, "running_time": 55.045127868652344}, "server_3": {"max_delay": 0.04104945974526048, "running_time": 80.06596565246582}, "server_4": {"max_delay": 0.05451652197822766, "running_time": 34.02853012084961}, "server_5": {"max_delay": 0.057086119514035645, "running_time": 25.020599365234375}}, "100": {"num_user": 400, "num_service": 41, "server_1": {"max_delay": 0.030209681396969227, "running_time": 86.07053756713867}, "server_2": {"max_delay": 0.030543237986664157, "running_time": 61.0506534576416}, "server_3": {"max_delay": 0.04031609473738245, "running_time": 43.03550720214844}, "server_4": {"max_delay": 0.047594106212235546, "running_time": 36.02933883666992}, "server_5": {"max_delay": 0.05451652197822766, "running_time": 79.06508445739746}}}