{"entropy": 64153729983976411561310262470603917055, "10": {"num_user": 400, "num_service": 41, "server_1": {"max_delay": 0.03511496477176667, "running_time": 20.01667022705078}, "server_2": {"max_delay": 0.044544298679965, "running_time": 13.010025024414062}, "server_3": {"max_delay": 0.04358619515044539, "running_time": 17.0135498046875}, "server_4": {"max_delay": 0.05356507337775718, "running_time": 13.010978698730469}, "server_5": {"max_delay": 0.05365644091566922, "running_time": 10.00833511352539}}, "20": {"num_user": 400, "num_service": 41, "server_1": {"max_delay": 0.029114860158487306, "running_time": 29.024124145507812}, "server_2": {"max_delay": 0.03598170076337424, "running_time": 67.05546379089355}, "server_3": {"max_delay": 0.03511496477176667, "running_time": 19.01555061340332}, "server_4": {"max_delay": 0.044544298679965, "running_time": 13.010740280151367}, "server_5": {"max_delay": 0.04358619515044539, "running_time": 17.014026641845703}}, "30": {"num_user": 400, "num_service": 41, "server_1": {"max_delay": 0.02283300097000842, "running_time": 38.03133964538574}, "server_2": {"max_delay": 0.029203634679731617, "running_time": 26.021242141723633}, "server_3": {"max_delay": 0.03598429378004196, "running_time": 19.01555061340332}, "server_4": {"max_delay": 0.03598170076337424, "running_time": 20.01667022705078}, "server_5": {"max_delay": 0.03511496477176667, "running_time": 19.016027450561523}}, "40": {"num_user": 400, "num_service": 41, "server_1": {"max_delay": 0.018143238793679385, "running_time": 106.08744621276855}, "server_2": {"max_delay": 0.02998019723857492, "running_time": 29.024124145507812}, "server_3": {"max_delay": 0.035023597233854634, "running_time": 22.017955780029297}, "server_4": {"max_delay": 0.03598170076337424, "running_time": 19.01555061340332}, "server_5": {"max_delay": 0.03598429378004196, "running_time": 19.01555061340332}}, "50": {"num_user": 400, "num_service": 41, "server_1": {"max_delay": 0.016597274182496662, "running_time": 68.05658340454102}, "server_2": {"max_delay": 0.027358140906784054, "running_time": 32.026052474975586}, "server_3": {"max_delay": 0.03006897175981923, "running_time": 25.020837783813477}, "server_4": {"max_delay": 0.035272308075902106, "running_time": 67.05570220947266}, "server_5": {"max_delay": 0.035023597233854634, "running_time": 22.017955780029297}}, "60": {"num_user": 400, "num_service": 41, "server_1": {"max_delay": 0.015648373510757284, "running_time": 79.06508445739746}, "server_2": {"max_delay": 0.02283300097000842, "running_time": 41.03422164916992}, "server_3": {"max_delay": 0.029022093709055317, "running_time": 31.02564811706543}, "server_4": {"max_delay": 0.03006897175981923, "running_time": 26.021480560302734}, "server_5": {"max_delay": 0.03016173820925122, "running_time": 23.018598556518555}}, "70": {"num_user": 400, "num_service": 41, "server_1": {"max_delay": 0.014004187718856392, "running_time": 87.07189559936523}, "server_2": {"max_delay": 0.02047995144422932, "running_time": 44.036149978637695}, "server_3": {"max_delay": 0.026457081186671002, "running_time": 32.02652931213379}, "server_4": {"max_delay": 0.03007296368800691, "running_time": 25.02131462097168}, "server_5": {"max_delay": 0.03006897175981923, "running_time": 25.01988410949707}}, "80": {"num_user": 400, "num_service": 41, "server_1": {"max_delay": 0.013920497935494708, "running_time": 93.07718276977539}, "server_2": {"max_delay": 0.017940425572311923, "running_time": 62.05177307128906}, "server_3": {"max_delay": 0.02626727360855976, "running_time": 38.031578063964844}, "server_4": {"max_delay": 0.027415184716190606, "running_time": 32.026052474975586}, "server_5": {"max_delay": 0.03016173820925122, "running_time": 22.0181941986084}}, "90": {"num_user": 400, "num_service": 41, "server_1": {"max_delay": 0.012629627727267168, "running_time": 109.08985137939453}, "server_2": {"max_delay": 0.01679567538330701, "running_time": 107.08880424499512}, "server_3": {"max_delay": 0.02283300097000842, "running_time": 38.031578063964844}, "server_4": {"max_delay": 0.027358140906784054, "running_time": 32.02676773071289}, "server_5": {"max_delay": 0.029114860158487306, "running_time": 29.024600982666016}}, "100": {"num_user": 400, "num_service": 41, "server_1": {"max_delay": 0.01224507506837148, "running_time": 114.09425735473633}, "server_2": {"max_delay": 0.0163944609611292, "running_time": 69.05651092529297}, "server_3": {"max_delay": 0.02044806217909616, "running_time": 47.03855514526367}, "server_4": {"max_delay": 0.027358140906784054, "running_time": 76.06220245361328}, "server_5": {"max_delay": 0.026457081186671002, "running_time": 33.02764892578125}}}