{"entropy": 320780133402636538022260863465652153990, "10": {"num_user": 400, "num_service": 41, "server_1": {"max_delay": 0.09499106673697043, "running_time": 20.01667022705078}, "server_2": {"max_delay": 0.10718927836028391, "running_time": 13.010501861572266}, "server_3": {"max_delay": 0.11078670980397626, "running_time": 14.011621475219727}, "server_4": {"max_delay": 0.11078670980397626, "running_time": 13.010978698730469}, "server_5": {"max_delay": 0.11078670980397626, "running_time": 14.011383056640625}}, "20": {"num_user": 400, "num_service": 41, "server_1": {"max_delay": 0.07933201537447104, "running_time": 28.023481369018555}, "server_2": {"max_delay": 0.0925875827730087, "running_time": 19.014835357666016}, "server_3": {"max_delay": 0.09499106673697043, "running_time": 20.01667022705078}, "server_4": {"max_delay": 0.10718927836028391, "running_time": 13.010263442993164}, "server_5": {"max_delay": 0.10718927836028391, "running_time": 61.0504150390625}}, "30": {"num_user": 400, "num_service": 41, "server_1": {"max_delay": 0.07249832825915767, "running_time": 41.03350639343262}, "server_2": {"max_delay": 0.0790174094806457, "running_time": 26.021242141723633}, "server_3": {"max_delay": 0.08141438892242962, "running_time": 22.0184326171875}, "server_4": {"max_delay": 0.09499106673697043, "running_time": 20.01643180847168}, "server_5": {"max_delay": 0.09499106673697043, "running_time": 20.01643180847168}}, "40": {"num_user": 400, "num_service": 41, "server_1": {"max_delay": 0.0695511476029788, "running_time": 58.04729461669922}, "server_2": {"max_delay": 0.07495244018855009, "running_time": 32.02629089355469}, "server_3": {"max_delay": 0.08141438892242962, "running_time": 26.021480560302734}, "server_4": {"max_delay": 0.0925875827730087, "running_time": 19.01555061340332}, "server_5": {"max_delay": 0.09499106673697043, "running_time": 20.015716552734375}}, "50": {"num_user": 400, "num_service": 41, "server_1": {"max_delay": 0.06797191459418622, "running_time": 66.05386734008789}, "server_2": {"max_delay": 0.0729625307379777, "running_time": 35.02845764160156}, "server_3": {"max_delay": 0.07827606250578723, "running_time": 31.02588653564453}, "server_4": {"max_delay": 0.08141438892242962, "running_time": 23.018598556518555}, "server_5": {"max_delay": 0.08141438892242962, "running_time": 23.018836975097656}}, "60": {"num_user": 400, "num_service": 41, "server_1": {"max_delay": 0.06607187606528207, "running_time": 76.06291770935059}, "server_2": {"max_delay": 0.07207085425339094, "running_time": 46.037912368774414}, "server_3": {"max_delay": 0.07495244018855009, "running_time": 33.02741050720215}, "server_4": {"max_delay": 0.07859944024217728, "running_time": 27.022361755371094}, "server_5": {"max_delay": 0.0925875827730087, "running_time": 19.01555061340332}}, "70": {"num_user": 400, "num_service": 41, "server_1": {"max_delay": 0.06562241671593944, "running_time": 88.07253837585449}, "server_2": {"max_delay": 0.07022627171933944, "running_time": 48.03943634033203}, "server_3": {"max_delay": 0.0729625307379777, "running_time": 36.029815673828125}, "server_4": {"max_delay": 0.07859944024217728, "running_time": 30.02476692199707}, "server_5": {"max_delay": 0.07851501146010617, "running_time": 30.02452850341797}}, "80": {"num_user": 400, "num_service": 41, "server_1": {"max_delay": 0.019255240585639984, "running_time": 52.04319953918457}, "server_2": {"max_delay": 0.0695511476029788, "running_time": 58.04800987243652}, "server_3": {"max_delay": 0.07249832825915767, "running_time": 43.035268783569336}, "server_4": {"max_delay": 0.07495244018855009, "running_time": 30.02476692199707}, "server_5": {"max_delay": 0.07805080898128613, "running_time": 32.02629089355469}}, "90": {"num_user": 400, "num_service": 41, "server_1": {"max_delay": 0.016065554001485797, "running_time": 107.08761215209961}, "server_2": {"max_delay": 0.0676783908828073, "running_time": 65.05370140075684}, "server_3": {"max_delay": 0.07071962557483029, "running_time": 48.03967475891113}, "server_4": {"max_delay": 0.07332583727307994, "running_time": 33.02788734436035}, "server_5": {"max_delay": 0.07495244018855009, "running_time": 32.02652931213379}}, "100": {"num_user": 400, "num_service": 41, "server_1": {"max_delay": 0.01414852412758471, "running_time": 70.05786895751953}, "server_2": {"max_delay": 0.027038419342331324, "running_time": 41.03374481201172}, "server_3": {"max_delay": 0.07071962557483029, "running_time": 46.03767395019531}, "server_4": {"max_delay": 0.0729625307379777, "running_time": 36.02957725524902}, "server_5": {"max_delay": 0.07332583727307994, "running_time": 34.02853012084961}}}