{"10": {"min_max_greedy": {"max delay": [0.060984641314069776], "running time": [68.05610656738281]}, "min_max_pulp": {"max delay": [0.06083593505512245], "running time": [5236.330032348633]}}, "20": {"min_max_greedy": {"max delay": [0.0534425278500942], "running time": [105.0865650177002]}, "min_max_pulp": {"max delay": [0.04706221459791522], "running time": [10759.891033172607]}}, "30": {"min_max_greedy": {"max delay": [0.04444739603648826], "running time": [102.08439826965332]}, "min_max_pulp": {"max delay": [0.04161649231665054], "running time": [17208.702564239502]}}, "40": {"min_max_greedy": {"max delay": [0.038665765251703926], "running time": [156.1288833618164]}, "min_max_pulp": {"max delay": [0.037481301227042935], "running time": [26994.272708892822]}}, "50": {"min_max_greedy": {"max delay": [0.03532529737318198], "running time": [167.13786125183105]}, "min_max_pulp": {"max delay": [0.03170583828846138], "running time": [35012.91298866272]}}, "60": {"min_max_greedy": {"max delay": [0.03072763889467249], "running time": [203.16743850708008]}, "min_max_pulp": {"max delay": [0.028994288624144843], "running time": [50298.52509498596]}}, "70": {"min_max_greedy": {"max delay": [0.02738024449795086], "running time": [245.20254135131836]}, "min_max_pulp": {"max delay": [0.022614879308967273], "running time": [52406.27217292786]}}}