{"entropy": 334571202833568127614579719598789077317, "10": {"num_user": 400, "num_service": 41, "min_max_greedy": {"max_delay": 0.20989727242177908, "running_time": 879.7242641448975}, "min_max_surrogate_relaxation": {"max_delay": 0.21429856595081695, "lower_bound": 0.19796022481095965, "running_time": 8051.533460617065}, "min_max_equal_weight": {"max_delay": 0.22431058997271477, "running_time": 620.5105781555176}, "min_max_pulp": {"max_delay": 0.20989727242177908, "running_time": 54600.754499435425}}, "20": {"num_user": 400, "num_service": 41, "min_max_greedy": {"max_delay": 0.19254529529312964, "running_time": 1485.2213859558105}, "min_max_surrogate_relaxation": {"max_delay": 0.1897566872244573, "lower_bound": 0.1798852375502147, "running_time": 14652.794122695923}, "min_max_equal_weight": {"max_delay": 0.19231355221028348, "running_time": 623.5129833221436}, "min_max_pulp": {"max_delay": 0.1897566872244573, "running_time": 101048.80380630493}}, "30": {"num_user": 400, "num_service": 41, "min_max_greedy": {"max_delay": 0.1803037531126019, "running_time": 1868.9231872558594}, "min_max_surrogate_relaxation": {"max_delay": 0.18060767216292606, "lower_bound": 0.17532835853244283, "running_time": 13434.627294540405}, "min_max_equal_weight": {"max_delay": 0.18117826796375955, "running_time": 629.9357414245605}, "min_max_pulp": {"max_delay": 0.1803037531126019, "running_time": 147632.8182220459}}, "40": {"num_user": 400, "num_service": 41, "min_max_greedy": {"max_delay": 0.17610318497582686, "running_time": 2304.896593093872}, "min_max_surrogate_relaxation": {"max_delay": 0.17706048715935221, "lower_bound": 0.1731300701500757, "running_time": 27534.631490707397}, "min_max_equal_weight": {"max_delay": 0.1786092760680204, "running_time": 635.5223655700684}, "min_max_pulp": {"max_delay": 0.17610318497582686, "running_time": 204366.54615402222}}, "50": {"num_user": 400, "num_service": 41, "min_max_greedy": {"max_delay": 0.1746987003716698, "running_time": 2754.4775009155273}, "min_max_surrogate_relaxation": {"max_delay": 0.17491728052064423, "lower_bound": 0.1708005803418134, "running_time": 18653.533458709717}, "min_max_equal_weight": {"max_delay": 0.17482973328189547, "running_time": 644.5300579071045}, "min_max_pulp": {"max_delay": 0.1742227408262119, "running_time": 255109.6053123474}}, "60": {"num_user": 400, "num_service": 41, "min_max_greedy": {"max_delay": 0.17359011579274658, "running_time": 3164.6039485931396}, "min_max_surrogate_relaxation": {"max_delay": 0.17375045658092622, "lower_bound": 0.17090527929543184, "running_time": 24907.12022781372}, "min_max_equal_weight": {"max_delay": 0.17370450256558423, "running_time": 633.7015628814697}, "min_max_pulp": {"max_delay": 0.1728919231281989, "running_time": 320990.82112312317}}, "70": {"num_user": 400, "num_service": 41, "min_max_greedy": {"max_delay": 0.1727449550575881, "running_time": 3607.9699993133545}, "min_max_surrogate_relaxation": {"max_delay": 0.17277008264646251, "lower_bound": 0.17008083810271632, "running_time": 22962.256908416748}, "min_max_equal_weight": {"max_delay": 0.17353033790578273, "running_time": 669.0585613250732}, "min_max_pulp": {"max_delay": 0.17205456993142784, "running_time": 379988.5437488556}}, "80": {"num_user": 400, "num_service": 41, "min_max_greedy": {"max_delay": 0.17186094666105353, "running_time": 4070.58048248291}, "min_max_surrogate_relaxation": {"max_delay": 0.17179754698639843, "lower_bound": 0.16959224082472157, "running_time": 22639.376401901245}, "min_max_equal_weight": {"max_delay": 0.1726349001831695, "running_time": 667.5488948822021}, "min_max_pulp": {"max_delay": 0.17127894534598465, "running_time": 450230.14092445374}}, "90": {"num_user": 400, "num_service": 41, "min_max_greedy": {"max_delay": 0.1717700385684334, "running_time": 4338.471412658691}, "min_max_surrogate_relaxation": {"max_delay": 0.1717845751960837, "lower_bound": 0.16948799742716905, "running_time": 32760.57720184326}, "min_max_equal_weight": {"max_delay": 0.17179754698639843, "running_time": 650.5355834960938}, "min_max_pulp": {"max_delay": 0.17070241998674857, "running_time": 536351.4533042908}}, "100": {"num_user": 400, "num_service": 41, "min_max_greedy": {"max_delay": 0.1711833208664003, "running_time": 5071.826457977295}, "min_max_surrogate_relaxation": {"max_delay": 0.1706582196256928, "lower_bound": 0.16897212732735384, "running_time": 25399.73020553589}, "min_max_equal_weight": {"max_delay": 0.1708766199095877, "running_time": 658.5426330566406}, "min_max_pulp": {"max_delay": 0.1702962213184425, "running_time": 614425.1079559326}}}