{"entropy": 138025182062211234524340640229754976819, "10": {"num_user": 400, "num_service": 41, "min_max_greedy": {"max_delay": 0.13394479156500508, "running_time": 934.7701072692871}, "min_max_surrogate_relaxation": {"max_delay": 0.13394479156500508, "lower_bound": 0.13172897584324095, "running_time": 10436.588525772095}, "min_max_equal_weight": {"max_delay": 0.14782447859246323, "running_time": 621.5114593505859}, "min_max_pulp": {"max_delay": 0.13394479156500508, "running_time": 110021.99053764343}}, "20": {"num_user": 400, "num_service": 41, "min_max_greedy": {"max_delay": 0.12895981797827002, "running_time": 1371.8230724334717}, "min_max_surrogate_relaxation": {"max_delay": 0.1310520780445406, "lower_bound": 0.12408731970810045, "running_time": 19104.679584503174}, "min_max_equal_weight": {"max_delay": 0.13286716383990618, "running_time": 622.5128173828125}, "min_max_pulp": {"max_delay": 0.12895981797827002, "running_time": 212741.7185306549}}, "30": {"num_user": 400, "num_service": 41, "min_max_greedy": {"max_delay": 0.12360869172775288, "running_time": 2034.0957641601562}, "min_max_surrogate_relaxation": {"max_delay": 0.12360869172775288, "lower_bound": 0.12002730436483752, "running_time": 15621.527910232544}, "min_max_equal_weight": {"max_delay": 0.12389569206212724, "running_time": 620.5105781555176}, "min_max_pulp": {"max_delay": 0.12360869172775288, "running_time": 340466.62878990173}}, "40": {"num_user": 400, "num_service": 41, "min_max_greedy": {"max_delay": 0.046764364845216726, "running_time": 1074.8989582061768}, "min_max_surrogate_relaxation": {"max_delay": 0.07274977720301223, "lower_bound": 0.039479317903304084, "running_time": 6101.303577423096}, "min_max_equal_weight": {"max_delay": 0.12243760577802403, "running_time": 639.214038848877}, "min_max_pulp": {"max_delay": 0.04595451993522193, "running_time": 475696.6347694397}}, "50": {"num_user": 400, "num_service": 41, "min_max_greedy": {"max_delay": 0.039503000822804474, "running_time": 1535.7916355133057}, "min_max_surrogate_relaxation": {"max_delay": 0.043196990766950466, "lower_bound": 0.033135182487422754, "running_time": 6313.440799713135}, "min_max_equal_weight": {"max_delay": 0.04436054763258916, "running_time": 689.4662380218506}, "min_max_pulp": {"max_delay": 0.039503000822804474, "running_time": 619365.754365921}}, "60": {"num_user": 400, "num_service": 41, "min_max_greedy": {"max_delay": 0.036052276468584374, "running_time": 2165.782690048218}, "min_max_surrogate_relaxation": {"max_delay": 0.042418609445603876, "lower_bound": 0.02789913468234992, "running_time": 6286.0307693481445}, "min_max_equal_weight": {"max_delay": 0.03633927680295873, "running_time": 626.049280166626}, "min_max_pulp": {"max_delay": 0.03595839531573162, "running_time": 807646.044254303}}, "70": {"num_user": 400, "num_service": 41, "min_max_greedy": {"max_delay": 0.03411104046733062, "running_time": 2874.5338916778564}, "min_max_surrogate_relaxation": {"max_delay": 0.04222153334946466, "lower_bound": 0.026455857381577384, "running_time": 6693.112373352051}, "min_max_equal_weight": {"max_delay": 0.035268384153961246, "running_time": 625.5145072937012}, "min_max_pulp": {"max_delay": 0.033392214667659875, "running_time": 966922.4987030029}}, "80": {"num_user": 400, "num_service": 41, "min_max_greedy": {"max_delay": 0.032532308032811014, "running_time": 3090.543508529663}, "min_max_surrogate_relaxation": {"max_delay": 0.04079576176677328, "lower_bound": 0.025214849655173642, "running_time": 6123.725175857544}, "min_max_equal_weight": {"max_delay": 0.03399857741982308, "running_time": 624.6559619903564}, "min_max_pulp": {"max_delay": 0.031979694681006886, "running_time": 1164974.5614528656}}, "90": {"num_user": 400, "num_service": 41, "min_max_greedy": {"max_delay": 0.031069797386971014, "running_time": 3727.281332015991}, "min_max_surrogate_relaxation": {"max_delay": 0.042499737064853625, "lower_bound": 0.02079119043354133, "running_time": 6304.900646209717}, "min_max_equal_weight": {"max_delay": 0.03266118283656884, "running_time": 628.105640411377}, "min_max_pulp": {"max_delay": 0.03056473100727384, "running_time": 1375428.6742210388}}, "100": {"num_user": 400, "num_service": 41, "min_max_greedy": {"max_delay": 0.029744880132437576, "running_time": 4199.023723602295}, "min_max_surrogate_relaxation": {"max_delay": 0.03806100116969522, "lower_bound": 0.01593483739043665, "running_time": 7912.003993988037}, "min_max_equal_weight": {"max_delay": 0.031042212071813503, "running_time": 627.516508102417}, "min_max_pulp": {"max_delay": 0.02950118901672813, "running_time": 1559507.167339325}}}