{"entropy": 308096564381584755438792552702613928967, "10": {"num_user": 400, "num_service": 41, "min_max_greedy": {"max_delay": 0.09142287952673786, "running_time": 948.7802982330322}, "min_max_surrogate_relaxation": {"max_delay": 0.09142287952673786, "lower_bound": 0.0834104567632501, "running_time": 21052.016735076904}, "min_max_equal_weight": {"max_delay": 0.09142287952673786, "running_time": 611.5028858184814}, "min_max_pulp": {"max_delay": 0.09142287952673786, "running_time": 113008.85319709778}}, "20": {"num_user": 400, "num_service": 41, "min_max_greedy": {"max_delay": 0.08040369614508283, "running_time": 1335.2174758911133}, "min_max_surrogate_relaxation": {"max_delay": 0.07908067701128184, "lower_bound": 0.06752273921448362, "running_time": 7609.458684921265}, "min_max_equal_weight": {"max_delay": 0.09016681670955241, "running_time": 633.521318435669}, "min_max_pulp": {"max_delay": 0.07908067701128184, "running_time": 220705.26719093323}}, "30": {"num_user": 400, "num_service": 41, "min_max_greedy": {"max_delay": 0.07182035931604286, "running_time": 1861.7684841156006}, "min_max_surrogate_relaxation": {"max_delay": 0.07570365588222422, "lower_bound": 0.06225820463607533, "running_time": 10572.700500488281}, "min_max_equal_weight": {"max_delay": 0.07531655536182533, "running_time": 673.5544204711914}, "min_max_pulp": {"max_delay": 0.07121323806171975, "running_time": 353659.0621471405}}, "40": {"num_user": 400, "num_service": 41, "min_max_greedy": {"max_delay": 0.06899828878996284, "running_time": 2156.2047004699707}, "min_max_surrogate_relaxation": {"max_delay": 0.06907364866499638, "lower_bound": 0.06133442195733991, "running_time": 23112.17737197876}, "min_max_equal_weight": {"max_delay": 0.07360885887425586, "running_time": 631.5860748291016}, "min_max_pulp": {"max_delay": 0.06744369286543256, "running_time": 503519.85812187195}}, "50": {"num_user": 400, "num_service": 41, "min_max_greedy": {"max_delay": 0.062356928802987, "running_time": 3155.1642417907715}, "min_max_surrogate_relaxation": {"max_delay": 0.06396681862725115, "lower_bound": 0.05838288493936575, "running_time": 15184.172868728638}, "min_max_equal_weight": {"max_delay": 0.06736595217742691, "running_time": 646.5318202972412}, "min_max_pulp": {"max_delay": 0.062356928802987, "running_time": 653249.831199646}}, "60": {"num_user": 400, "num_service": 41, "min_max_greedy": {"max_delay": 0.060230377176890865, "running_time": 3256.8259239196777}, "min_max_surrogate_relaxation": {"max_delay": 0.08265675444340914, "lower_bound": 0.05302174050613824, "running_time": 3097.6243019104004}, "min_max_equal_weight": {"max_delay": 0.06222632959299778, "running_time": 621.5109825134277}, "min_max_pulp": {"max_delay": 0.05991905899335789, "running_time": 834380.2955150604}}, "70": {"num_user": 400, "num_service": 41, "min_max_greedy": {"max_delay": 0.05847257008634839, "running_time": 3935.648202896118}, "min_max_surrogate_relaxation": {"max_delay": 0.08265675444340914, "lower_bound": 0.052095767272776095, "running_time": 3062.5200271606445}, "min_max_equal_weight": {"max_delay": 0.05840384577738189, "running_time": 640.0811672210693}, "min_max_pulp": {"max_delay": 0.0583597977559895, "running_time": 1029096.134185791}}, "80": {"num_user": 400, "num_service": 41, "min_max_greedy": {"max_delay": 0.05757766892883881, "running_time": 4292.760133743286}, "min_max_surrogate_relaxation": {"max_delay": 0.06791045338073191, "lower_bound": 0.05426517659779554, "running_time": 12907.901763916016}, "min_max_equal_weight": {"max_delay": 0.06749655138741614, "running_time": 637.5246047973633}, "min_max_pulp": {"max_delay": 0.05726382771997666, "running_time": 1227937.4015331268}}, "90": {"num_user": 400, "num_service": 41, "min_max_greedy": {"max_delay": 0.05658169030825821, "running_time": 5157.9954624176025}, "min_max_surrogate_relaxation": {"max_delay": 0.08265675444340914, "lower_bound": 0.05139434461788544, "running_time": 3087.4922275543213}, "min_max_equal_weight": {"max_delay": 0.062153567910875424, "running_time": 626.4793872833252}, "min_max_pulp": {"max_delay": 0.05658169030825821, "running_time": 1440623.2690811157}}, "100": {"num_user": 400, "num_service": 41, "min_max_greedy": {"max_delay": 0.05864917997159409, "running_time": 3817.483901977539}, "min_max_surrogate_relaxation": {"max_delay": 0.08265675444340914, "lower_bound": 0.051336305556058066, "running_time": 3088.057041168213}, "min_max_equal_weight": {"max_delay": 0.0588790018382169, "running_time": 618.6947822570801}, "min_max_pulp": {"max_delay": 0.056171728691804, "running_time": 1664998.6488819122}}}