{"entropy": 293464367001525683051758976087058020212, "10": {"num_user": 400, "num_service": 41, "min_max_greedy": {"max_delay": 0.05219004567774235, "running_time": 1186.976671218872}, "min_max_surrogate_relaxation": {"max_delay": 0.05250386463108249, "lower_bound": 0.03968659964515625, "running_time": 8228.915452957153}, "min_max_equal_weight": {"max_delay": 0.05498413465837981, "running_time": 637.5243663787842}, "min_max_pulp": {"max_delay": 0.05219004567774235, "running_time": 76468.44363212585}}, "20": {"num_user": 400, "num_service": 41, "min_max_greedy": {"max_delay": 0.03692677050448766, "running_time": 1799.6537685394287}, "min_max_surrogate_relaxation": {"max_delay": 0.03754080412859842, "lower_bound": 0.03402264632745365, "running_time": 11336.371660232544}, "min_max_equal_weight": {"max_delay": 0.04287694743683018, "running_time": 626.5158653259277}, "min_max_pulp": {"max_delay": 0.03692677050448766, "running_time": 146557.88159370422}}, "30": {"num_user": 400, "num_service": 41, "min_max_greedy": {"max_delay": 0.0354660377439394, "running_time": 2409.9833965301514}, "min_max_surrogate_relaxation": {"max_delay": 0.03544449139053496, "lower_bound": 0.03152188469578672, "running_time": 18236.03129386902}, "min_max_equal_weight": {"max_delay": 0.035771415614339955, "running_time": 667.5503253936768}, "min_max_pulp": {"max_delay": 0.03483045776642419, "running_time": 229152.76288986206}}, "40": {"num_user": 400, "num_service": 41, "min_max_greedy": {"max_delay": 0.03364724524029404, "running_time": 3159.40523147583}, "min_max_surrogate_relaxation": {"max_delay": 0.032839298438922915, "lower_bound": 0.030905133857695534, "running_time": 26472.785472869873}, "min_max_equal_weight": {"max_delay": 0.035444045199953284, "running_time": 641.5276527404785}, "min_max_pulp": {"max_delay": 0.0325426306485936, "running_time": 314784.8722934723}}, "50": {"num_user": 400, "num_service": 41, "min_max_greedy": {"max_delay": 0.03131245881588122, "running_time": 3738.0757331848145}, "min_max_surrogate_relaxation": {"max_delay": 0.03221526023420692, "lower_bound": 0.029859690468728616, "running_time": 26415.30466079712}, "min_max_equal_weight": {"max_delay": 0.03359163746240563, "running_time": 658.252477645874}, "min_max_pulp": {"max_delay": 0.03131245881588122, "running_time": 406444.9520111084}}, "60": {"num_user": 400, "num_service": 41, "min_max_greedy": {"max_delay": 0.031016678108993452, "running_time": 4192.499399185181}, "min_max_surrogate_relaxation": {"max_delay": 0.031460416286605127, "lower_bound": 0.028951700838603055, "running_time": 24132.045030593872}, "min_max_equal_weight": {"max_delay": 0.03179887392954627, "running_time": 658.5907936096191}, "min_max_pulp": {"max_delay": 0.030660424675641864, "running_time": 521702.40664482117}}, "70": {"num_user": 400, "num_service": 41, "min_max_greedy": {"max_delay": 0.030323399147486423, "running_time": 4571.156740188599}, "min_max_surrogate_relaxation": {"max_delay": 0.03074940910701463, "lower_bound": 0.02869395103113198, "running_time": 32037.49918937683}, "min_max_equal_weight": {"max_delay": 0.03179887392954627, "running_time": 643.643856048584}, "min_max_pulp": {"max_delay": 0.030147700389914517, "running_time": 635147.940158844}}, "80": {"num_user": 400, "num_service": 41, "min_max_greedy": {"max_delay": 0.030097548167345497, "running_time": 5030.238151550293}, "min_max_surrogate_relaxation": {"max_delay": 0.02966728923392283, "lower_bound": 0.02844344373990705, "running_time": 35142.051696777344}, "min_max_equal_weight": {"max_delay": 0.030660424675641864, "running_time": 642.528772354126}, "min_max_pulp": {"max_delay": 0.029415364234576104, "running_time": 758243.4449195862}}, "90": {"num_user": 400, "num_service": 41, "min_max_greedy": {"max_delay": 0.029348113428152807, "running_time": 5733.956336975098}, "min_max_surrogate_relaxation": {"max_delay": 0.029343166398977792, "lower_bound": 0.028121920009697838, "running_time": 46663.18941116333}, "min_max_equal_weight": {"max_delay": 0.029804759368816592, "running_time": 641.5278911590576}, "min_max_pulp": {"max_delay": 0.02886868693674405, "running_time": 894856.5020561218}}, "100": {"num_user": 400, "num_service": 41, "min_max_greedy": {"max_delay": 0.02879260097860375, "running_time": 6203.286409378052}, "min_max_surrogate_relaxation": {"max_delay": 0.02868532970368359, "lower_bound": 0.027801794180889936, "running_time": 32718.841791152954}, "min_max_equal_weight": {"max_delay": 0.029623098811299247, "running_time": 642.5285339355469}, "min_max_pulp": {"max_delay": 0.02842892967849353, "running_time": 1045955.4030895233}}}