{"entropy": 67244469655319236749557349862111568784, "10": {"num_user": 400, "num_service": 41, "min_max_greedy": {"max_delay": 0.034151580505757805, "running_time": 824.681282043457}, "min_max_surrogate_relaxation": {"max_delay": 0.034151580505757805, "lower_bound": 0.03148230266603565, "running_time": 11014.084100723267}, "min_max_equal_weight": {"max_delay": 0.04475499690716285, "running_time": 629.5182704925537}, "min_max_pulp": {"max_delay": 0.034151580505757805, "running_time": 111209.51819419861}}, "20": {"num_user": 400, "num_service": 41, "min_max_greedy": {"max_delay": 0.031560784496536376, "running_time": 1267.042875289917}, "min_max_surrogate_relaxation": {"max_delay": 0.030368492712773826, "lower_bound": 0.027520945240213663, "running_time": 9513.828992843628}, "min_max_equal_weight": {"max_delay": 0.030500022926327825, "running_time": 644.5305347442627}, "min_max_pulp": {"max_delay": 0.030296172376137506, "running_time": 211698.21333885193}}, "30": {"num_user": 400, "num_service": 41, "min_max_greedy": {"max_delay": 0.02985432430706477, "running_time": 1765.4528617858887}, "min_max_surrogate_relaxation": {"max_delay": 0.029335565289477762, "lower_bound": 0.02533664393716653, "running_time": 10823.907136917114}, "min_max_equal_weight": {"max_delay": 0.030368492712773826, "running_time": 622.5123405456543}, "min_max_pulp": {"max_delay": 0.02868515531792572, "running_time": 362687.60991096497}}, "40": {"num_user": 400, "num_service": 41, "min_max_greedy": {"max_delay": 0.028287516483346056, "running_time": 2566.1115646362305}, "min_max_surrogate_relaxation": {"max_delay": 0.028281253433117957, "lower_bound": 0.024971543357148983, "running_time": 23381.24108314514}, "min_max_equal_weight": {"max_delay": 0.030296172376137506, "running_time": 649.5344638824463}, "min_max_pulp": {"max_delay": 0.02760054546327877, "running_time": 508987.3745441437}}, "50": {"num_user": 400, "num_service": 41, "min_max_greedy": {"max_delay": 0.02718490654938685, "running_time": 3242.6681518554688}, "min_max_surrogate_relaxation": {"max_delay": 0.02746585708988652, "lower_bound": 0.023848067216480577, "running_time": 18462.19301223755}, "min_max_equal_weight": {"max_delay": 0.028673023143633177, "running_time": 654.538631439209}, "min_max_pulp": {"max_delay": 0.02658066949462832, "running_time": 746444.8320865631}}, "60": {"num_user": 400, "num_service": 41, "min_max_greedy": {"max_delay": 0.026045571985246214, "running_time": 3232.6605319976807}, "min_max_surrogate_relaxation": {"max_delay": 0.025661164145633405, "lower_bound": 0.023221973144993628, "running_time": 20784.103870391846}, "min_max_equal_weight": {"max_delay": 0.02714155452309472, "running_time": 682.5611591339111}, "min_max_pulp": {"max_delay": 0.025558634818807574, "running_time": 804198.9984512329}}, "70": {"num_user": 400, "num_service": 41, "min_max_greedy": {"max_delay": 0.02490176989169543, "running_time": 3824.1467475891113}, "min_max_surrogate_relaxation": {"max_delay": 0.02675456446625253, "lower_bound": 0.021494544530922352, "running_time": 12909.624099731445}, "min_max_equal_weight": {"max_delay": 0.02654593426238918, "running_time": 645.531177520752}, "min_max_pulp": {"max_delay": 0.024703200666878245, "running_time": 983210.1180553436}}, "80": {"num_user": 400, "num_service": 41, "min_max_greedy": {"max_delay": 0.023860044925019083, "running_time": 4446.659088134766}, "min_max_surrogate_relaxation": {"max_delay": 0.027756632819331953, "lower_bound": 0.017120949987922067, "running_time": 3131.5770149230957}, "min_max_equal_weight": {"max_delay": 0.02504874108069899, "running_time": 638.5254859924316}, "min_max_pulp": {"max_delay": 0.023577239076816164, "running_time": 1183316.2665367126}}, "90": {"num_user": 400, "num_service": 41, "min_max_greedy": {"max_delay": 0.0233814939418789, "running_time": 5380.708932876587}, "min_max_surrogate_relaxation": {"max_delay": 0.02446584366017731, "lower_bound": 0.008880331832948238, "running_time": 3221.651077270508}, "min_max_equal_weight": {"max_delay": 0.023585507917637243, "running_time": 693.5780048370361}, "min_max_pulp": {"max_delay": 0.022374659396224978, "running_time": 1400646.642446518}}, "100": {"num_user": 400, "num_service": 41, "min_max_greedy": {"max_delay": 0.02259620336450649, "running_time": 5473.504543304443}, "min_max_surrogate_relaxation": {"max_delay": 0.02315698091871341, "lower_bound": 0.005083935304668788, "running_time": 4943.067789077759}, "min_max_equal_weight": {"max_delay": 0.0233814939418789, "running_time": 660.54368019104}, "min_max_pulp": {"max_delay": 0.020913359340338587, "running_time": 1601195.4386234283}}}