{"entropy": 84922226837923516990266383349719368876, "10": {"num_user": 400, "num_service": 41, "min_max_greedy": {"max_delay": 0.04211020676532296, "running_time": 944.7770118713379}, "min_max_surrogate_relaxation": {"max_delay": 0.06324902315556516, "lower_bound": 0.03146324232841674, "running_time": 7400.089740753174}, "min_max_equal_weight": {"max_delay": 0.04211020676532296, "running_time": 609.501838684082}, "min_max_pulp": {"max_delay": 0.04211020676532296, "running_time": 57533.3456993103}}, "20": {"num_user": 400, "num_service": 41, "min_max_greedy": {"max_delay": 0.033910395568141224, "running_time": 1471.210241317749}, "min_max_surrogate_relaxation": {"max_delay": 0.033910395568141224, "lower_bound": 0.027150227734059007, "running_time": 23491.344928741455}, "min_max_equal_weight": {"max_delay": 0.03396585199917569, "running_time": 645.5309391021729}, "min_max_pulp": {"max_delay": 0.033910395568141224, "running_time": 111154.9859046936}}, "30": {"num_user": 400, "num_service": 41, "min_max_greedy": {"max_delay": 0.02849923791193121, "running_time": 1836.5120887756348}, "min_max_surrogate_relaxation": {"max_delay": 0.026908779022379377, "lower_bound": 0.02311731648138553, "running_time": 20168.59722137451}, "min_max_equal_weight": {"max_delay": 0.03208385154239423, "running_time": 628.5169124603271}, "min_max_pulp": {"max_delay": 0.026908779022379377, "running_time": 162192.4991607666}}, "40": {"num_user": 400, "num_service": 41, "min_max_greedy": {"max_delay": 0.025118291476785865, "running_time": 2153.7985801696777}, "min_max_surrogate_relaxation": {"max_delay": 0.024627587790465196, "lower_bound": 0.02056760845164128, "running_time": 18211.987495422363}, "min_max_equal_weight": {"max_delay": 0.026672693886184217, "running_time": 719.573974609375}, "min_max_pulp": {"max_delay": 0.024297801714495408, "running_time": 226863.03544044495}}, "50": {"num_user": 400, "num_service": 41, "min_max_greedy": {"max_delay": 0.023218482566191773, "running_time": 2566.1263465881348}, "min_max_surrogate_relaxation": {"max_delay": 0.02307990994923703, "lower_bound": 0.01799066182537449, "running_time": 12543.3828830719}, "min_max_equal_weight": {"max_delay": 0.026241852946341983, "running_time": 645.531415939331}, "min_max_pulp": {"max_delay": 0.0218170180500506, "running_time": 283217.8554534912}}, "60": {"num_user": 400, "num_service": 41, "min_max_greedy": {"max_delay": 0.022607807311904492, "running_time": 2840.3372764587402}, "min_max_surrogate_relaxation": {"max_delay": 0.021766951592448177, "lower_bound": 0.017644342070320666, "running_time": 21680.84192276001}, "min_max_equal_weight": {"max_delay": 0.024196746850622963, "running_time": 639.5263671875}, "min_max_pulp": {"max_delay": 0.020619606721492437, "running_time": 354281.7213535309}}, "70": {"num_user": 400, "num_service": 41, "min_max_greedy": {"max_delay": 0.021591056150355996, "running_time": 3398.797035217285}, "min_max_surrogate_relaxation": {"max_delay": 0.020506797387407003, "lower_bound": 0.017070055022523, "running_time": 21831.966400146484}, "min_max_equal_weight": {"max_delay": 0.024196746850622963, "running_time": 670.5522537231445}, "min_max_pulp": {"max_delay": 0.019974258386575988, "running_time": 432493.77274513245}}, "80": {"num_user": 400, "num_service": 41, "min_max_greedy": {"max_delay": 0.018940160188968786, "running_time": 4128.397226333618}, "min_max_surrogate_relaxation": {"max_delay": 0.02024638731020496, "lower_bound": 0.01637069198486562, "running_time": 30677.85668373108}, "min_max_equal_weight": {"max_delay": 0.020726157279725765, "running_time": 653.5375118255615}, "min_max_pulp": {"max_delay": 0.018553411649921574, "running_time": 505559.8015785217}}, "90": {"num_user": 400, "num_service": 41, "min_max_greedy": {"max_delay": 0.017630790138127454, "running_time": 4294.533729553223}, "min_max_surrogate_relaxation": {"max_delay": 0.0482724295819304, "lower_bound": 0.013227285569620672, "running_time": 6956.724643707275}, "min_max_equal_weight": {"max_delay": 0.018369505618409082, "running_time": 626.521110534668}, "min_max_pulp": {"max_delay": 0.017596435412892932, "running_time": 584818.5617923737}}, "100": {"num_user": 400, "num_service": 41, "min_max_greedy": {"max_delay": 0.017212785635663523, "running_time": 4542.738676071167}, "min_max_surrogate_relaxation": {"max_delay": 0.08396370060789778, "lower_bound": 0.010484258149647492, "running_time": 4623.805046081543}, "min_max_equal_weight": {"max_delay": 0.017555014901337436, "running_time": 628.5173892974854}, "min_max_pulp": {"max_delay": 0.016742855068831504, "running_time": 675433.9570999146}}}