{"entropy": 132657685886735906415570416736618129094, "10": {"num_user": 400, "num_service": 41, "min_max_greedy": {"max_delay": 0.09579825939561036, "running_time": 799.6580600738525}, "min_max_surrogate_relaxation": {"max_delay": 0.09579825939561036, "lower_bound": 0.07931808934624907, "running_time": 23165.083646774292}, "min_max_equal_weight": {"max_delay": 0.09201804721848177, "running_time": 639.5263671875}, "min_max_pulp": {"max_delay": 0.09010734077892428, "running_time": 60526.80969238281}}, "20": {"num_user": 400, "num_service": 41, "min_max_greedy": {"max_delay": 0.07981484519561852, "running_time": 1303.0743598937988}, "min_max_surrogate_relaxation": {"max_delay": 0.07342511089766086, "lower_bound": 0.06357445438468116, "running_time": 16643.696784973145}, "min_max_equal_weight": {"max_delay": 0.07531477633767289, "running_time": 620.5272674560547}, "min_max_pulp": {"max_delay": 0.07342511089766086, "running_time": 111178.49254608154}}, "30": {"num_user": 400, "num_service": 41, "min_max_greedy": {"max_delay": 0.06980302365163275, "running_time": 1810.5106353759766}, "min_max_surrogate_relaxation": {"max_delay": 0.06516465221577357, "lower_bound": 0.05222323467604141, "running_time": 10390.550374984741}, "min_max_equal_weight": {"max_delay": 0.07531477633767289, "running_time": 603.4965515136719}, "min_max_pulp": {"max_delay": 0.06516465221577357, "running_time": 164434.84687805176}}, "40": {"num_user": 400, "num_service": 41, "min_max_greedy": {"max_delay": 0.05794394372055431, "running_time": 2136.204719543457}, "min_max_surrogate_relaxation": {"max_delay": 0.05631443148025357, "lower_bound": 0.04875422640088392, "running_time": 18808.461904525757}, "min_max_equal_weight": {"max_delay": 0.06080905202036732, "running_time": 627.5081634521484}, "min_max_pulp": {"max_delay": 0.05463246521405536, "running_time": 231653.53322029114}}, "50": {"num_user": 400, "num_service": 41, "min_max_greedy": {"max_delay": 0.05322648402676949, "running_time": 2760.2698802948}, "min_max_surrogate_relaxation": {"max_delay": 0.04914422411912207, "lower_bound": 0.04640219410616809, "running_time": 31389.10174369812}, "min_max_equal_weight": {"max_delay": 0.04914422411912207, "running_time": 627.516508102417}, "min_max_pulp": {"max_delay": 0.04914422411912207, "running_time": 289418.6782836914}}, "60": {"num_user": 400, "num_service": 41, "min_max_greedy": {"max_delay": 0.047061344306840266, "running_time": 3502.882719039917}, "min_max_surrogate_relaxation": {"max_delay": 0.04724818485656647, "lower_bound": 0.04505127251865694, "running_time": 25386.89160346985}, "min_max_equal_weight": {"max_delay": 0.048351827948883444, "running_time": 664.5467281341553}, "min_max_pulp": {"max_delay": 0.047061344306840266, "running_time": 365451.74837112427}}, "70": {"num_user": 400, "num_service": 41, "min_max_greedy": {"max_delay": 0.04563250957330314, "running_time": 3682.030200958252}, "min_max_surrogate_relaxation": {"max_delay": 0.045819350123029345, "lower_bound": 0.04410254073257834, "running_time": 22906.82363510132}, "min_max_equal_weight": {"max_delay": 0.04644646676557533, "running_time": 645.5316543579102}, "min_max_pulp": {"max_delay": 0.04563250957330314, "running_time": 434567.17348098755}}, "80": {"num_user": 400, "num_service": 41, "min_max_greedy": {"max_delay": 0.04545155401456555, "running_time": 3888.1995677948}, "min_max_surrogate_relaxation": {"max_delay": 0.04487074447985603, "lower_bound": 0.04362461552685134, "running_time": 25025.59471130371}, "min_max_equal_weight": {"max_delay": 0.04487074447985603, "running_time": 630.518913269043}, "min_max_pulp": {"max_delay": 0.04484841130197772, "running_time": 522289.0989780426}}, "90": {"num_user": 400, "num_service": 41, "min_max_greedy": {"max_delay": 0.04486317497725899, "running_time": 4407.6268672943115}, "min_max_surrogate_relaxation": {"max_delay": 0.0443838583221457, "lower_bound": 0.04322259384076667, "running_time": 29917.619705200195}, "min_max_equal_weight": {"max_delay": 0.04487074447985603, "running_time": 636.523962020874}, "min_max_pulp": {"max_delay": 0.044260032264671165, "running_time": 607234.6243858337}}, "100": {"num_user": 400, "num_service": 41, "min_max_greedy": {"max_delay": 0.04470469080193901, "running_time": 5306.345224380493}, "min_max_surrogate_relaxation": {"max_delay": 0.04487074447985603, "lower_bound": 0.04277772855770318, "running_time": 20313.716650009155}, "min_max_equal_weight": {"max_delay": 0.04487074447985603, "running_time": 633.5210800170898}, "min_max_pulp": {"max_delay": 0.04389261336679, "running_time": 704656.8870544434}}}