{"entropy": 324656049242131395655204907287244911506, "10": {"num_user": 400, "num_service": 41, "min_max_greedy": {"max_delay": 0.10861204778474205, "running_time": 912.7511978149414}, "min_max_surrogate_relaxation": {"max_delay": 0.09591974635426286, "lower_bound": 0.08687575277436924, "running_time": 6524.09029006958}, "min_max_equal_weight": {"max_delay": 0.1071861896760611, "running_time": 626.5158653259277}, "min_max_pulp": {"max_delay": 0.09591974635426286, "running_time": 62813.55595588684}}, "20": {"num_user": 400, "num_service": 41, "min_max_greedy": {"max_delay": 0.08684875488062108, "running_time": 1315.1884078979492}, "min_max_surrogate_relaxation": {"max_delay": 0.08529702905437989, "lower_bound": 0.07891563608328711, "running_time": 11278.482913970947}, "min_max_equal_weight": {"max_delay": 0.08590735621847902, "running_time": 633.0265998840332}, "min_max_pulp": {"max_delay": 0.08509646555480721, "running_time": 113693.84384155273}}, "30": {"num_user": 400, "num_service": 41, "min_max_greedy": {"max_delay": 0.08196717440680301, "running_time": 1736.42897605896}, "min_max_surrogate_relaxation": {"max_delay": 0.07316949330296982, "lower_bound": 0.07183747005620847, "running_time": 16414.227962493896}, "min_max_equal_weight": {"max_delay": 0.08472201252225571, "running_time": 631.5195560455322}, "min_max_pulp": {"max_delay": 0.07316949330296982, "running_time": 178784.77692604065}}, "40": {"num_user": 400, "num_service": 41, "min_max_greedy": {"max_delay": 0.03670019440136598, "running_time": 1209.7482681274414}, "min_max_surrogate_relaxation": {"max_delay": 0.05661362484324001, "lower_bound": 0.024095871764770464, "running_time": 6800.932168960571}, "min_max_equal_weight": {"max_delay": 0.08233043798907928, "running_time": 657.1848392486572}, "min_max_pulp": {"max_delay": 0.03514846857512479, "running_time": 241120.38946151733}}, "50": {"num_user": 400, "num_service": 41, "min_max_greedy": {"max_delay": 0.03345866456664057, "running_time": 1609.3237400054932}, "min_max_surrogate_relaxation": {"max_delay": 0.03457345204300061, "lower_bound": 0.01929682636529928, "running_time": 8666.762828826904}, "min_max_equal_weight": {"max_delay": 0.07498573955498876, "running_time": 633.8851451873779}, "min_max_pulp": {"max_delay": 0.03044810267655925, "running_time": 306222.5613594055}}, "60": {"num_user": 400, "num_service": 41, "min_max_greedy": {"max_delay": 0.02833854229390652, "running_time": 2016.9086456298828}, "min_max_surrogate_relaxation": {"max_delay": 0.03260285417508808, "lower_bound": 0.015445984508332415, "running_time": 10018.66364479065}, "min_max_equal_weight": {"max_delay": 0.033038308645487326, "running_time": 631.7570209503174}, "min_max_pulp": {"max_delay": 0.027368909896829146, "running_time": 389108.83498191833}}, "70": {"num_user": 400, "num_service": 41, "min_max_greedy": {"max_delay": 0.0222487876240951, "running_time": 2502.368688583374}, "min_max_surrogate_relaxation": {"max_delay": 0.03260285417508808, "lower_bound": 0.012643944888082487, "running_time": 6530.047655105591}, "min_max_equal_weight": {"max_delay": 0.023302035678220374, "running_time": 633.7020397186279}, "min_max_pulp": {"max_delay": 0.0222487876240951, "running_time": 464697.30138778687}}, "80": {"num_user": 400, "num_service": 41, "min_max_greedy": {"max_delay": 0.020391830045548592, "running_time": 3146.4896202087402}, "min_max_surrogate_relaxation": {"max_delay": 0.025303246255035453, "lower_bound": 0.013722048440559218, "running_time": 10377.740621566772}, "min_max_equal_weight": {"max_delay": 0.021813333153695852, "running_time": 676.5565872192383}, "min_max_pulp": {"max_delay": 0.02015447775973867, "running_time": 569162.7082824707}}, "90": {"num_user": 400, "num_service": 41, "min_max_greedy": {"max_delay": 0.017861122035834794, "running_time": 3499.6743202209473}, "min_max_surrogate_relaxation": {"max_delay": 0.025124754905536853, "lower_bound": 0.013476817916057466, "running_time": 12611.953735351562}, "min_max_equal_weight": {"max_delay": 0.0181701639104908, "running_time": 638.7450695037842}, "min_max_pulp": {"max_delay": 0.017839098536990308, "running_time": 661636.8064880371}}, "100": {"num_user": 400, "num_service": 41, "min_max_greedy": {"max_delay": 0.01743445945732575, "running_time": 3905.768871307373}, "min_max_surrogate_relaxation": {"max_delay": 0.02141172715122507, "lower_bound": 0.013430414831951775, "running_time": 14170.41802406311}, "min_max_equal_weight": {"max_delay": 0.0179916725609922, "running_time": 663.5458469390869}, "min_max_pulp": {"max_delay": 0.01670828956194798, "running_time": 749676.132440567}}}