{"entropy": 127713466426950394412755866888608606323, "10": {"num_user": 400, "num_service": 41, "min_max_greedy": {"max_delay": 0.2755039189261537, "running_time": 836.6892337799072}, "min_max_surrogate_relaxation": {"max_delay": 0.2755039189261537, "lower_bound": 0.268048207518958, "running_time": 9150.530338287354}, "min_max_equal_weight": {"max_delay": 0.277500049484056, "running_time": 616.5075302124023}, "min_max_pulp": {"max_delay": 0.2755039189261537, "running_time": 83102.38814353943}}, "20": {"num_user": 400, "num_service": 41, "min_max_greedy": {"max_delay": 0.2661753565041701, "running_time": 1550.2755641937256}, "min_max_surrogate_relaxation": {"max_delay": 0.2730146525158048, "lower_bound": 0.25641171833929927, "running_time": 9583.886623382568}, "min_max_equal_weight": {"max_delay": 0.2683441764403811, "running_time": 640.5272483825684}, "min_max_pulp": {"max_delay": 0.2661025035208009, "running_time": 161680.17387390137}}, "30": {"num_user": 400, "num_service": 41, "min_max_greedy": {"max_delay": 0.2616767744224283, "running_time": 2294.888734817505}, "min_max_surrogate_relaxation": {"max_delay": 0.26040573759351987, "lower_bound": 0.2572524075678348, "running_time": 31627.044677734375}, "min_max_equal_weight": {"max_delay": 0.2636612819608037, "running_time": 664.5464897155762}, "min_max_pulp": {"max_delay": 0.26040573759351987, "running_time": 245252.33602523804}}, "40": {"num_user": 400, "num_service": 41, "min_max_greedy": {"max_delay": 0.2586925761953444, "running_time": 2669.1970825195312}, "min_max_surrogate_relaxation": {"max_delay": 0.25836329008278613, "lower_bound": 0.2549582047554351, "running_time": 26240.18120765686}, "min_max_equal_weight": {"max_delay": 0.2597756477775512, "running_time": 649.5347023010254}, "min_max_pulp": {"max_delay": 0.25793275204662863, "running_time": 338836.5499973297}}, "50": {"num_user": 400, "num_service": 41, "min_max_greedy": {"max_delay": 0.255743055582167, "running_time": 3093.54567527771}, "min_max_surrogate_relaxation": {"max_delay": 0.25559717570812523, "lower_bound": 0.2536453266402635, "running_time": 27985.010147094727}, "min_max_equal_weight": {"max_delay": 0.25637757951972745, "running_time": 642.528772354126}, "min_max_pulp": {"max_delay": 0.2552990620870899, "running_time": 438792.9744720459}}, "60": {"num_user": 400, "num_service": 41, "min_max_greedy": {"max_delay": 0.25493944325729745, "running_time": 3844.163179397583}, "min_max_surrogate_relaxation": {"max_delay": 0.25463604718946775, "lower_bound": 0.2526937770166496, "running_time": 18434.85450744629}, "min_max_equal_weight": {"max_delay": 0.2545576867639582, "running_time": 637.519359588623}, "min_max_pulp": {"max_delay": 0.2542923616239422, "running_time": 563166.3691997528}}, "70": {"num_user": 400, "num_service": 41, "min_max_greedy": {"max_delay": 0.2540544585068375, "running_time": 4366.5931224823}, "min_max_surrogate_relaxation": {"max_delay": 0.2543302736419652, "lower_bound": 0.25241859596075644, "running_time": 26441.760063171387}, "min_max_equal_weight": {"max_delay": 0.25447213887217585, "running_time": 646.5322971343994}, "min_max_pulp": {"max_delay": 0.2536364802851054, "running_time": 689120.1162338257}}, "80": {"num_user": 400, "num_service": 41, "min_max_greedy": {"max_delay": 0.2537254999249662, "running_time": 4938.063859939575}, "min_max_surrogate_relaxation": {"max_delay": 0.2536807737093152, "lower_bound": 0.25215448386793465, "running_time": 30758.312463760376}, "min_max_equal_weight": {"max_delay": 0.2543302736419652, "running_time": 661.5443229675293}, "min_max_pulp": {"max_delay": 0.25312389544075636, "running_time": 807408.1923961639}}, "90": {"num_user": 400, "num_service": 41, "min_max_greedy": {"max_delay": 0.25318495833881205, "running_time": 5214.315414428711}, "min_max_surrogate_relaxation": {"max_delay": 0.25291832548068927, "lower_bound": 0.2519100727033537, "running_time": 32381.648778915405}, "min_max_equal_weight": {"max_delay": 0.2531163303096339, "running_time": 639.5261287689209}, "min_max_pulp": {"max_delay": 0.25265475292832207, "running_time": 942103.2938957214}}, "100": {"num_user": 400, "num_service": 41, "min_max_greedy": {"max_delay": 0.2527526643620101, "running_time": 5923.874855041504}, "min_max_surrogate_relaxation": {"max_delay": 0.25282171225368, "lower_bound": 0.2515574508116851, "running_time": 27324.486255645752}, "min_max_equal_weight": {"max_delay": 0.25256987664970676, "running_time": 636.523962020874}, "min_max_pulp": {"max_delay": 0.2522942568467971, "running_time": 1106816.5481090546}}}