{"10": {"min_max_greedy": {"max delay": [0.044721049209680556], "running time": [2292.8926944732666]}, "min_max_pulp": {"max delay": [0.044721049209680556], "running time": [119312.50143051147]}}, "20": {"min_max_greedy": {"max delay": [0.03554454602983337], "running time": [3843.172550201416]}, "min_max_pulp": {"max delay": [0.03554454602983337], "running time": [228463.613986969]}}, "30": {"min_max_greedy": {"max delay": [0.03092498767564617], "running time": [5718.72091293335]}, "min_max_pulp": {"max delay": [0.028746972277562045], "running time": [337600.7149219513]}}, "40": {"min_max_greedy": {"max delay": [0.02704751743483815], "running time": [7636.304140090942]}, "min_max_pulp": {"max delay": [0.026122245412936843], "running time": [471765.4776573181]}}, "50": {"min_max_greedy": {"max delay": [0.02539711096893761], "running time": [8787.254571914673]}, "min_max_pulp": {"max delay": [0.024433148669521385], "running time": [607175.2688884735]}}, "60": {"min_max_greedy": {"max delay": [0.02395378175976275], "running time": [10704.837560653687]}, "min_max_pulp": {"max delay": [0.023020598376052637], "running time": [776286.883354187]}}, "70": {"min_max_greedy": {"max delay": [0.02298832501268674], "running time": [12169.046878814697]}, "min_max_pulp": {"max delay": [0.02187999189825638], "running time": [926103.5678386688]}}, "80": {"min_max_greedy": {"max delay": [0.02178846713461376], "running time": [13078.797101974487]}, "min_max_pulp": {"max delay": [0.021410458859051018], "running time": [1109433.9213371277]}}, "90": {"min_max_greedy": {"max delay": [0.02118892511504241], "running time": [14887.290716171265]}, "min_max_pulp": {"max delay": [0.02094174697624086], "running time": [1299702.0015716553]}}, "100": {"min_max_greedy": {"max delay": [0.02093186924667979], "running time": [16517.63677597046]}, "min_max_pulp": {"max delay": [0.020560403824552025], "running time": [1529959.0964317322]}}}