{"10": {"min_max_greedy": {"max delay": [0.0357967079237138], "running time": [2835.340738296509]}, "min_max_pulp": {"max delay": [0.0357967079237138], "running time": [207630.41973114014]}}, "20": {"min_max_greedy": {"max delay": [0.02881605232922066], "running time": [4489.706516265869]}, "min_max_pulp": {"max delay": [0.02808311366530206], "running time": [418243.29137802124]}}, "30": {"min_max_greedy": {"max delay": [0.02092181380896337], "running time": [5623.642444610596]}, "min_max_pulp": {"max delay": [0.02092181380896337], "running time": [660299.1263866425]}}, "40": {"min_max_greedy": {"max delay": [0.018688179471399106], "running time": [6828.637599945068]}, "min_max_pulp": {"max delay": [0.018688179471399106], "running time": [924352.1223068237]}}, "50": {"min_max_greedy": {"max delay": [0.017552027598095987], "running time": [8434.963941574097]}, "min_max_pulp": {"max delay": [0.017381891574264573], "running time": [1219079.4415473938]}}, "60": {"min_max_greedy": {"max delay": [0.017145965930954847], "running time": [9502.845048904419]}, "min_max_pulp": {"max delay": [0.016324283694361123], "running time": [1718885.0696086884]}}, "70": {"min_max_greedy": {"max delay": [0.015987394776088765], "running time": [10970.056772232056]}, "min_max_pulp": {"max delay": [0.015419552173089199], "running time": [1857837.7845287323]}}, "80": {"min_max_greedy": {"max delay": [0.015008046937580372], "running time": [12969.707727432251]}, "min_max_pulp": {"max delay": [0.014791601802969706], "running time": [2204816.2417411804]}}, "90": {"min_max_greedy": {"max delay": [0.014475167054401553], "running time": [14109.64822769165]}, "min_max_pulp": {"max delay": [0.014234693964376315], "running time": [2560666.0227775574]}}, "100": {"min_max_greedy": {"max delay": [0.01416350202451209], "running time": [15584.866285324097]}, "min_max_pulp": {"max delay": [0.013876430526966337], "running time": [2880530.0936698914]}}}