{"10": {"min_max_greedy": {"max delay": [0.07466953253412609], "running time": [2710.237503051758]}, "min_max_pulp": {"max delay": [0.06448487084237398], "running time": [133129.90856170654]}}, "20": {"min_max_greedy": {"max delay": [0.053439125770455335], "running time": [4620.814800262451]}, "min_max_pulp": {"max delay": [0.053439125770455335], "running time": [243257.82775878906]}}, "30": {"min_max_greedy": {"max delay": [0.05080722217237127], "running time": [6229.142427444458]}, "min_max_pulp": {"max delay": [0.050802504454641684], "running time": [380082.7867984772]}}, "40": {"min_max_greedy": {"max delay": [0.049029688520683366], "running time": [7496.188402175903]}, "min_max_pulp": {"max delay": [0.049029688520683366], "running time": [524317.8634643555]}}, "50": {"min_max_greedy": {"max delay": [0.04807925601220078], "running time": [11690.651655197144]}, "min_max_pulp": {"max delay": [0.04792470101959187], "running time": [698014.2636299133]}}, "60": {"min_max_greedy": {"max delay": [0.047549543920249154], "running time": [13988.548040390015]}, "min_max_pulp": {"max delay": [0.04658179610194092], "running time": [873220.9095954895]}}, "70": {"min_max_greedy": {"max delay": [0.04709654709633261], "running time": [11576.557397842407]}, "min_max_pulp": {"max delay": [0.04608346957959946], "running time": [1061690.5055046082]}}, "80": {"min_max_greedy": {"max delay": [0.046183695136277084], "running time": [13215.910911560059]}, "min_max_pulp": {"max delay": [0.0457692692522968], "running time": [1281128.6680698395]}}, "90": {"min_max_greedy": {"max delay": [0.04587525603466551], "running time": [17031.060695648193]}, "min_max_pulp": {"max delay": [0.03361611480581708], "running time": [1479952.8124332428]}}, "100": {"min_max_greedy": {"max delay": [0.031027323029717387], "running time": [6605.453014373779]}, "min_max_pulp": {"max delay": [0.0307530769969065], "running time": [1682791.2712097168]}}}