{"10": {"min_max_greedy": {"max delay": [0.06084601023210813], "running time": [3501.8906593322754]}, "min_max_pulp": {"max delay": [0.05756658035466097], "running time": [163031.59499168396]}}, "20": {"min_max_greedy": {"max delay": [0.030546667855578868], "running time": [5048.167943954468]}, "min_max_pulp": {"max delay": [0.03049674654281757], "running time": [307399.7814655304]}}, "30": {"min_max_greedy": {"max delay": [0.024384723877035382], "running time": [6517.380475997925]}, "min_max_pulp": {"max delay": [0.024068519250964624], "running time": [470442.38567352295]}}, "40": {"min_max_greedy": {"max delay": [0.02219915414757769], "running time": [8248.810291290283]}, "min_max_pulp": {"max delay": [0.02161189637807507], "running time": [653483.4997653961]}}, "50": {"min_max_greedy": {"max delay": [0.02087458220621187], "running time": [9330.703258514404]}, "min_max_pulp": {"max delay": [0.019614776737421187], "running time": [867734.3802452087]}}, "60": {"min_max_greedy": {"max delay": [0.01767309409313652], "running time": [10993.075370788574]}, "min_max_pulp": {"max delay": [0.017587563913551835], "running time": [1112362.3390197754]}}, "70": {"min_max_greedy": {"max delay": [0.01750520477918367], "running time": [12572.379112243652]}, "min_max_pulp": {"max delay": [0.017005012026624005], "running time": [1319826.6160488129]}}, "80": {"min_max_greedy": {"max delay": [0.01662411842001094], "running time": [16282.442569732666]}, "min_max_pulp": {"max delay": [0.01651855401882974], "running time": [1589171.9815731049]}}, "90": {"min_max_greedy": {"max delay": [0.016598263193769447], "running time": [17156.162977218628]}, "min_max_pulp": {"max delay": [0.016193071315330026], "running time": [1886026.0562896729]}}, "100": {"min_max_greedy": {"max delay": [0.01600023715904765], "running time": [17824.715852737427]}, "min_max_pulp": {"max delay": [0.01573315193366404], "running time": [2156813.6146068573]}}}