{"10": {"min_max_greedy": {"max delay": [0.064252557192422], "running time": [753.62229347229]}, "min_max_pulp": {"max delay": [0.064252557192422], "running time": [51986.96684837341]}}, "20": {"min_max_greedy": {"max delay": [0.05647468787022947], "running time": [1225.0111103057861]}, "min_max_pulp": {"max delay": [0.05400951436598233], "running time": [103989.93015289307]}}, "30": {"min_max_greedy": {"max delay": [0.04215775155311576], "running time": [1958.6169719696045]}, "min_max_pulp": {"max delay": [0.04199464854919448], "running time": [163288.96164894104]}}, "40": {"min_max_greedy": {"max delay": [0.03865309735463402], "running time": [2446.019411087036]}, "min_max_pulp": {"max delay": [0.03865309735463402], "running time": [231033.59293937683]}}, "50": {"min_max_greedy": {"max delay": [0.03619832747899476], "running time": [3244.678735733032]}, "min_max_pulp": {"max delay": [0.03507024533530003], "running time": [302899.65653419495]}}, "60": {"min_max_greedy": {"max delay": [0.034189566898722205], "running time": [3524.9178409576416]}, "min_max_pulp": {"max delay": [0.03403988154474669], "running time": [388768.61238479614]}}, "70": {"min_max_greedy": {"max delay": [0.0333684927460618], "running time": [4134.413242340088]}, "min_max_pulp": {"max delay": [0.03328462226675153], "running time": [489555.1769733429]}}, "80": {"min_max_greedy": {"max delay": [0.03309996328804576], "running time": [4923.064470291138]}, "min_max_pulp": {"max delay": [0.03261630923923753], "running time": [607915.8802032471]}}, "90": {"min_max_greedy": {"max delay": [0.03207179799550677], "running time": [5361.42635345459]}, "min_max_pulp": {"max delay": [0.03207179799550677], "running time": [740452.299118042]}}, "100": {"min_max_greedy": {"max delay": [0.032048797986136295], "running time": [5849.829196929932]}, "min_max_pulp": {"max delay": [0.02620701984269032], "running time": [812600.8634567261]}}}