{"10": {"min_max_greedy": {"max delay": [2.525367260009169], "running time": [75.06203651428223]}, "min_max_pulp": {"max delay": [2.525367260009169], "running time": [3188.6324882507324]}}, "20": {"min_max_greedy": {"max delay": [0.2674935642378326], "running time": [75.06155967712402]}, "min_max_pulp": {"max delay": [0.2674935642378326], "running time": [6788.615703582764]}}, "30": {"min_max_greedy": {"max delay": [0.12818727608492042], "running time": [106.08792304992676]}, "min_max_pulp": {"max delay": [0.11931401495509174], "running time": [10425.607442855835]}}, "40": {"min_max_greedy": {"max delay": [0.11237762914336669], "running time": [139.1148567199707]}, "min_max_pulp": {"max delay": [0.10694893360699277], "running time": [14869.275569915771]}}, "50": {"min_max_greedy": {"max delay": [0.077227450346808], "running time": [117.0964241027832]}, "min_max_pulp": {"max delay": [0.077227450346808], "running time": [19480.082511901855]}}, "60": {"min_max_greedy": {"max delay": [0.08340063899094227], "running time": [138.11373710632324]}, "min_max_pulp": {"max delay": [0.0645005224352328], "running time": [25034.6736907959]}}, "70": {"min_max_greedy": {"max delay": [0.06216229651301463], "running time": [169.13938522338867]}, "min_max_pulp": {"max delay": [0.05817270472992083], "running time": [30423.11668395996]}}, "80": {"min_max_greedy": {"max delay": [0.05573283255739462], "running time": [222.1832275390625]}, "min_max_pulp": {"max delay": [0.05470164662228029], "running time": [38679.933309555054]}}, "90": {"min_max_greedy": {"max delay": [0.054312146497370276], "running time": [264.2178535461426]}, "min_max_pulp": {"max delay": [0.05212635578939104], "running time": [42969.47455406189]}}, "100": {"min_max_greedy": {"max delay": [0.050212696338597325], "running time": [211.17448806762695]}, "min_max_pulp": {"max delay": [0.03758801344196245], "running time": [50782.92512893677]}}}