{"10": {"min_max_greedy": {"max delay": [0.30094382966386174], "running time": [65.05393981933594]}, "min_max_pulp": {"max delay": [0.30094382966386174], "running time": [4456.679105758667]}}, "20": {"min_max_greedy": {"max delay": [0.2907778401563805], "running time": [97.08023071289062]}, "min_max_pulp": {"max delay": [0.28969286661310223], "running time": [9193.589925765991]}}, "30": {"min_max_greedy": {"max delay": [0.20971113204234504], "running time": [86.07125282287598]}, "min_max_pulp": {"max delay": [0.20971113204234504], "running time": [15557.844161987305]}}, "40": {"min_max_greedy": {"max delay": [0.1943026121509078], "running time": [129.1067600250244]}, "min_max_pulp": {"max delay": [0.19399518635979415], "running time": [22799.82304573059]}}, "50": {"min_max_greedy": {"max delay": [0.18805443301945818], "running time": [150.12407302856445]}, "min_max_pulp": {"max delay": [0.1665190905322054], "running time": [29107.029914855957]}}, "60": {"min_max_greedy": {"max delay": [0.15495046688388822], "running time": [128.10587882995605]}, "min_max_pulp": {"max delay": [0.14829294535043816], "running time": [38602.869749069214]}}, "70": {"min_max_greedy": {"max delay": [0.14136111899618728], "running time": [150.12407302856445]}, "min_max_pulp": {"max delay": [0.08780788646607021], "running time": [46847.6767539978]}}, "80": {"min_max_greedy": {"max delay": [0.08068544327707344], "running time": [129.1067600250244]}, "min_max_pulp": {"max delay": [0.07515413556991918], "running time": [57108.14690589905]}}, "90": {"min_max_greedy": {"max delay": [0.06713012834913365], "running time": [171.1411476135254]}, "min_max_pulp": {"max delay": [0.06618033153440181], "running time": [72753.06272506714]}}, "100": {"min_max_greedy": {"max delay": [0.06781570692726158], "running time": [161.1330509185791]}, "min_max_pulp": {"max delay": [0.04870478846826142], "running time": [672983.6463928223]}}}