{"10": {"min_max_greedy": {"max delay": [0.04670295060627047], "running time": [77.06356048583984]}, "min_max_pulp": {"max delay": [0.04670295060627047], "running time": [3945.2569484710693]}}, "20": {"min_max_greedy": {"max delay": [0.03812286392410907], "running time": [111.09161376953125]}, "min_max_pulp": {"max delay": [0.037086485873541596], "running time": [7073.8396644592285]}}, "30": {"min_max_greedy": {"max delay": [0.03487802517721217], "running time": [155.12871742248535]}, "min_max_pulp": {"max delay": [0.03464891220206227], "running time": [11715.672016143799]}}, "40": {"min_max_greedy": {"max delay": [0.032655008626505076], "running time": [222.1834659576416]}, "min_max_pulp": {"max delay": [0.032599683087310254], "running time": [16254.419565200806]}}, "50": {"min_max_greedy": {"max delay": [0.03225072444113285], "running time": [255.21087646484375]}, "min_max_pulp": {"max delay": [0.03138313128424759], "running time": [21236.53221130371]}}, "60": {"min_max_greedy": {"max delay": [0.03123745378235729], "running time": [300.2481460571289]}, "min_max_pulp": {"max delay": [0.029985135010936033], "running time": [26853.171825408936]}}, "70": {"min_max_greedy": {"max delay": [0.028833100799777713], "running time": [187.15405464172363]}, "min_max_pulp": {"max delay": [0.02847926799344398], "running time": [32662.966012954712]}}, "80": {"min_max_greedy": {"max delay": [0.027653476429211163], "running time": [245.20206451416016]}, "min_max_pulp": {"max delay": [0.0273748760779868], "running time": [44869.04287338257]}}, "90": {"min_max_greedy": {"max delay": [0.028442787548500808], "running time": [200.1650333404541]}, "min_max_pulp": {"max delay": [0.026275905740283073], "running time": [51929.874658584595]}}, "100": {"min_max_greedy": {"max delay": [0.026826484353248824], "running time": [278.2297134399414]}, "min_max_pulp": {"max delay": [0.023083465907153378], "running time": [54071.91300392151]}}}