{"10": {"min_max_greedy": {"max delay": [0.18764203962710266], "running time": [65.05346298217773]}, "min_max_pulp": {"max delay": [0.18764203962710266], "running time": [2894.3891525268555]}}, "20": {"min_max_greedy": {"max delay": [0.1750748949416638], "running time": [97.07999229431152]}, "min_max_pulp": {"max delay": [0.13724968420468436], "running time": [5634.651660919189]}}, "30": {"min_max_greedy": {"max delay": [0.058472158684747], "running time": [76.06267929077148]}, "min_max_pulp": {"max delay": [0.058472158684747], "running time": [9034.458875656128]}}, "40": {"min_max_greedy": {"max delay": [0.048869559184473166], "running time": [124.10211563110352]}, "min_max_pulp": {"max delay": [0.048869559184473166], "running time": [12771.543741226196]}}, "50": {"min_max_greedy": {"max delay": [0.043906389294551575], "running time": [172.14226722717285]}, "min_max_pulp": {"max delay": [0.043180495264994304], "running time": [16721.801042556763]}}, "60": {"min_max_greedy": {"max delay": [0.044545726670695084], "running time": [122.1015453338623]}, "min_max_pulp": {"max delay": [0.039387465925769784], "running time": [20821.189880371094]}}, "70": {"min_max_greedy": {"max delay": [0.039628642836502984], "running time": [152.12583541870117]}, "min_max_pulp": {"max delay": [0.036599758023040836], "running time": [25493.046045303345]}}, "80": {"min_max_greedy": {"max delay": [0.03607066391230494], "running time": [141.11638069152832]}, "min_max_pulp": {"max delay": [0.03153592693693081], "running time": [30956.62260055542]}}, "90": {"min_max_greedy": {"max delay": [0.02661884310273871], "running time": [152.12535858154297]}, "min_max_pulp": {"max delay": [0.025320979472672946], "running time": [35479.00581359863]}}, "100": {"min_max_greedy": {"max delay": [0.024582303709913315], "running time": [206.17008209228516]}, "min_max_pulp": {"max delay": [0.021841822429787067], "running time": [74923.49290847778]}}}