{"10": {"min_max_greedy": {"max delay": [0.7299245870870631], "running time": [101.08351707458496]}, "min_max_pulp": {"max delay": [0.7299245870870631], "running time": [4179.450988769531]}}, "20": {"min_max_greedy": {"max delay": [0.723542895346443], "running time": [122.1010684967041]}, "min_max_pulp": {"max delay": [0.723542895346443], "running time": [8459.98477935791]}}, "30": {"min_max_greedy": {"max delay": [0.07358016180715163], "running time": [100.0826358795166]}, "min_max_pulp": {"max delay": [0.07358016180715163], "running time": [14006.563663482666]}}, "40": {"min_max_greedy": {"max delay": [0.06916530154717916], "running time": [150.12431144714355]}, "min_max_pulp": {"max delay": [0.06911013578752973], "running time": [20244.744777679443]}}, "50": {"min_max_greedy": {"max delay": [0.06519195377120007], "running time": [178.147554397583]}, "min_max_pulp": {"max delay": [0.055449295701315474], "running time": [26433.167934417725]}}, "60": {"min_max_greedy": {"max delay": [0.04333336858394857], "running time": [123.10171127319336]}, "min_max_pulp": {"max delay": [0.039118179931223934], "running time": [33887.02130317688]}}, "70": {"min_max_greedy": {"max delay": [0.03756643992765929], "running time": [156.1288833618164]}, "min_max_pulp": {"max delay": [0.0348350077318103], "running time": [43428.89952659607]}}, "80": {"min_max_greedy": {"max delay": [0.03343507594091199], "running time": [209.17296409606934]}, "min_max_pulp": {"max delay": [0.02854946499946103], "running time": [51175.792932510376]}}, "90": {"min_max_greedy": {"max delay": [0.026649983766164786], "running time": [189.15605545043945]}, "min_max_pulp": {"max delay": [0.024957806456575353], "running time": [61682.01732635498]}}, "100": {"min_max_greedy": {"max delay": [0.026649983766164786], "running time": [189.15605545043945]}, "min_max_pulp": {"max delay": [0.022271125956537782], "running time": [74293.38121414185]}}}