{"10": {"min_max_greedy": {"max delay": [0.07799255444117029], "running time": [57.04689025878906]}, "min_max_pulp": {"max delay": [0.073276398995394], "running time": [4228.490591049194]}}, "20": {"min_max_greedy": {"max delay": [0.055728816017925654], "running time": [110.0912094116211]}, "min_max_pulp": {"max delay": [0.05540303770667731], "running time": [8720.199346542358]}}, "30": {"min_max_greedy": {"max delay": [0.049159092979308996], "running time": [143.11814308166504]}, "min_max_pulp": {"max delay": [0.049159092979308996], "running time": [14743.17216873169]}}, "40": {"min_max_greedy": {"max delay": [0.05325800133246281], "running time": [144.1192626953125]}, "min_max_pulp": {"max delay": [0.046233469463831826], "running time": [20258.25548171997]}}, "50": {"min_max_greedy": {"max delay": [0.048712234537749546], "running time": [165.13633728027344]}, "min_max_pulp": {"max delay": [0.04486298317719596], "running time": [26846.197366714478]}}, "60": {"min_max_greedy": {"max delay": [0.04523872676765326], "running time": [198.1637477874756]}, "min_max_pulp": {"max delay": [0.034542099796590384], "running time": [34469.528913497925]}}, "70": {"min_max_greedy": {"max delay": [0.027713799671806573], "running time": [165.13633728027344]}, "min_max_pulp": {"max delay": [0.02690039908094677], "running time": [42896.475315093994]}}, "80": {"min_max_greedy": {"max delay": [0.024184940503004914], "running time": [203.16720008850098]}, "min_max_pulp": {"max delay": [0.023705220400729317], "running time": [51578.582763671875]}}, "90": {"min_max_greedy": {"max delay": [0.023016943757250725], "running time": [259.2141628265381]}, "min_max_pulp": {"max delay": [0.02258363192022162], "running time": [63114.105463027954]}}, "100": {"min_max_greedy": {"max delay": [0.021951388065612896], "running time": [298.2461452484131]}, "min_max_pulp": {"max delay": [0.017257091637453703], "running time": [75265.13695716858]}}}