{"10": {"min_max_greedy": {"max delay": [2.528610112189227], "running time": [93.08362007141113]}, "min_max_pulp": {"max delay": [2.5267634588033503], "running time": [4929.073333740234]}}, "20": {"min_max_greedy": {"max delay": [2.5137337136622397], "running time": [113.09361457824707]}, "min_max_pulp": {"max delay": [2.5137337136622397], "running time": [10126.859188079834]}}, "30": {"min_max_greedy": {"max delay": [2.5083255961841853], "running time": [195.29247283935547]}, "min_max_pulp": {"max delay": [2.507253231357761], "running time": [16214.385509490967]}}, "40": {"min_max_greedy": {"max delay": [2.5033621383970686], "running time": [223.18506240844727]}, "min_max_pulp": {"max delay": [2.5031144861315546], "running time": [23416.332721710205]}}, "50": {"min_max_greedy": {"max delay": [0.092221465640248], "running time": [57.047367095947266]}, "min_max_pulp": {"max delay": [0.092221465640248], "running time": [31676.17130279541]}}, "60": {"min_max_greedy": {"max delay": [0.057661327861872655], "running time": [109.08961296081543]}, "min_max_pulp": {"max delay": [0.056288603826148836], "running time": [41277.368783950806]}}, "70": {"min_max_greedy": {"max delay": [0.039611906701758556], "running time": [133.11004638671875]}, "min_max_pulp": {"max delay": [0.039611906701758556], "running time": [51013.675928115845]}}, "80": {"min_max_greedy": {"max delay": [0.034348706185591264], "running time": [223.18434715270996]}, "min_max_pulp": {"max delay": [0.03362922483468687], "running time": [62384.60350036621]}}, "90": {"min_max_greedy": {"max delay": [0.0326589081815017], "running time": [264.2180919647217]}, "min_max_pulp": {"max delay": [0.03050289288086135], "running time": [75755.57780265808]}}, "100": {"min_max_greedy": {"max delay": [0.030777618765298716], "running time": [289.23869132995605]}, "min_max_pulp": {"max delay": [0.02949617907578972], "running time": [91640.65599441528]}}}