{"10": {"min_max_greedy": {"max delay": [0.03976861340902571], "running time": [79.06508445739746]}, "min_max_pulp": {"max delay": [0.03816227457551731], "running time": [4097.3827838897705]}}, "20": {"min_max_greedy": {"max delay": [0.03323961333148313], "running time": [112.09249496459961]}, "min_max_pulp": {"max delay": [0.03163327449797473], "running time": [8354.89797592163]}}, "30": {"min_max_greedy": {"max delay": [0.028963895537764007], "running time": [169.13986206054688]}, "min_max_pulp": {"max delay": [0.028687433365505714], "running time": [14018.573760986328]}}, "40": {"min_max_greedy": {"max delay": [0.02833657807933345], "running time": [204.16855812072754]}, "min_max_pulp": {"max delay": [0.027348474905378187], "running time": [20485.912322998047]}}, "50": {"min_max_greedy": {"max delay": [0.02669865060396421], "running time": [168.1385040283203]}, "min_max_pulp": {"max delay": [0.026031052860112765], "running time": [26009.472846984863]}}, "60": {"min_max_greedy": {"max delay": [0.0243542212974897], "running time": [227.19287872314453]}, "min_max_pulp": {"max delay": [0.024237879493145587], "running time": [33895.98107337952]}}, "70": {"min_max_greedy": {"max delay": [0.023114477598815054], "running time": [256.2110424041748]}, "min_max_pulp": {"max delay": [0.022957825676364545], "running time": [41867.56443977356]}}, "80": {"min_max_greedy": {"max delay": [0.020370549581472316], "running time": [202.16679573059082]}, "min_max_pulp": {"max delay": [0.020199900276407102], "running time": [49974.257707595825]}}, "90": {"min_max_greedy": {"max delay": [0.019233563946449657], "running time": [234.1928482055664]}, "min_max_pulp": {"max delay": [0.018574999728243172], "running time": [59969.5348739624]}}, "100": {"min_max_greedy": {"max delay": [0.017632112019617497], "running time": [303.2503128051758]}, "min_max_pulp": {"max delay": [0.017261598620245764], "running time": [71312.8731250763]}}}