{"10": {"min_max_greedy": {"max delay": [0.1347293286793037], "running time": [100.0831127166748]}, "min_max_pulp": {"max delay": [0.13452492924847853], "running time": [4738.912582397461]}}, "20": {"min_max_greedy": {"max delay": [0.1313238951100916], "running time": [158.13040733337402]}, "min_max_pulp": {"max delay": [0.13029826960116192], "running time": [10116.35136604309]}}, "30": {"min_max_greedy": {"max delay": [0.12885654524718695], "running time": [210.1738452911377]}, "min_max_pulp": {"max delay": [0.12822410778148266], "running time": [16328.534126281738]}}, "40": {"min_max_greedy": {"max delay": [0.05185268472301569], "running time": [110.0912094116211]}, "min_max_pulp": {"max delay": [0.05185268472301569], "running time": [22645.73097229004]}}, "50": {"min_max_greedy": {"max delay": [0.044547052302780416], "running time": [166.1367416381836]}, "min_max_pulp": {"max delay": [0.043993009841269665], "running time": [30675.35448074341]}}, "60": {"min_max_greedy": {"max delay": [0.04141427403265923], "running time": [232.1915626525879]}, "min_max_pulp": {"max delay": [0.04074114240939678], "running time": [39399.585008621216]}}, "70": {"min_max_greedy": {"max delay": [0.03874055945904486], "running time": [277.22907066345215]}, "min_max_pulp": {"max delay": [0.03874055945904486], "running time": [49208.698749542236]}}, "80": {"min_max_greedy": {"max delay": [0.04154108356702634], "running time": [220.18170356750488]}, "min_max_pulp": {"max delay": [0.03762212910061547], "running time": [62412.61315345764]}}, "90": {"min_max_greedy": {"max delay": [0.03996359412311083], "running time": [265.21921157836914]}, "min_max_pulp": {"max delay": [0.036926669531540716], "running time": [74641.02840423584]}}, "100": {"min_max_greedy": {"max delay": [0.03770075365199021], "running time": [333.27484130859375]}, "min_max_pulp": {"max delay": [0.036380994054786356], "running time": [91212.80717849731]}}}