{"10": {"min_max_greedy": {"max delay": [0.10635999781831627], "running time": [57.047128677368164]}, "min_max_pulp": {"max delay": [0.10635999781831627], "running time": [4268.523931503296]}}, "20": {"min_max_greedy": {"max delay": [0.05626033976917935], "running time": [111.09161376953125]}, "min_max_pulp": {"max delay": [0.05424930604578877], "running time": [9055.475950241089]}}, "30": {"min_max_greedy": {"max delay": [0.05190031495895561], "running time": [134.110689163208]}, "min_max_pulp": {"max delay": [0.049465634965714565], "running time": [14687.127113342285]}}, "40": {"min_max_greedy": {"max delay": [0.04579720661791467], "running time": [169.13962364196777]}, "min_max_pulp": {"max delay": [0.02552836609253631], "running time": [20970.312356948853]}}, "50": {"min_max_greedy": {"max delay": [0.017361795688533757], "running time": [166.14174842834473]}, "min_max_pulp": {"max delay": [0.01683558220697167], "running time": [27250.497579574585]}}, "60": {"min_max_greedy": {"max delay": [0.014342226623788954], "running time": [188.1551742553711]}, "min_max_pulp": {"max delay": [0.013478224801662601], "running time": [35050.93741416931]}}, "70": {"min_max_greedy": {"max delay": [0.009576005289699544], "running time": [233.19244384765625]}, "min_max_pulp": {"max delay": [0.00941020135803805], "running time": [43664.04724121094]}}, "80": {"min_max_greedy": {"max delay": [0.008769343183017378], "running time": [256.2117576599121]}, "min_max_pulp": {"max delay": [0.008100180748078025], "running time": [53865.46969413757]}}, "90": {"min_max_greedy": {"max delay": [0.007152954593207549], "running time": [301.24902725219727]}, "min_max_pulp": {"max delay": [0.006918173234379092], "running time": [65354.955196380615]}}, "100": {"min_max_greedy": {"max delay": [0.005773761123811052], "running time": [345.28517723083496]}, "min_max_pulp": {"max delay": [0.005698377732384385], "running time": [77684.13424491882]}}}