{"10": {"min_max_greedy": {"max delay": [0.18712790288780803], "running time": [67.05546379089355]}, "min_max_pulp": {"max delay": [0.18502399319462756], "running time": [3613.9838695526123]}}, "20": {"min_max_greedy": {"max delay": [0.18031203306840404], "running time": [111.09137535095215]}, "min_max_pulp": {"max delay": [0.17668215174923863], "running time": [6998.7781047821045]}}, "30": {"min_max_greedy": {"max delay": [0.0871466887176903], "running time": [78.0644416809082]}, "min_max_pulp": {"max delay": [0.0871466887176903], "running time": [11408.418655395508]}}, "40": {"min_max_greedy": {"max delay": [0.07555529468411608], "running time": [121.10018730163574]}, "min_max_pulp": {"max delay": [0.07408738524388175], "running time": [16105.297327041626]}}, "50": {"min_max_greedy": {"max delay": [0.0702964552592156], "running time": [172.14179039001465]}, "min_max_pulp": {"max delay": [0.06987145028334771], "running time": [21738.94691467285]}}, "60": {"min_max_greedy": {"max delay": [0.06912016714402958], "running time": [145.11656761169434]}, "min_max_pulp": {"max delay": [0.06578226426008121], "running time": [27877.01416015625]}}, "70": {"min_max_greedy": {"max delay": [0.0628596039992611], "running time": [189.15605545043945]}, "min_max_pulp": {"max delay": [0.04107228926781465], "running time": [33314.50366973877]}}, "80": {"min_max_greedy": {"max delay": [0.03403100770900232], "running time": [143.11814308166504]}, "min_max_pulp": {"max delay": [0.03164364996278353], "running time": [40611.52768135071]}}, "90": {"min_max_greedy": {"max delay": [0.02746743058205009], "running time": [193.1595802307129]}, "min_max_pulp": {"max delay": [0.024069936439276608], "running time": [47477.19621658325]}}, "100": {"min_max_greedy": {"max delay": [0.01844541608380676], "running time": [231.19115829467773]}, "min_max_pulp": {"max delay": [0.01844541608380676], "running time": [55045.44448852539]}}}