{"10": {"min_max_greedy": {"max delay": [0.06400063799070554], "running time": [67.05498695373535]}, "min_max_pulp": {"max delay": [0.06400063799070554], "running time": [3314.7366046905518]}}, "20": {"min_max_greedy": {"max delay": [0.060405175071783834], "running time": [77.06356048583984]}, "min_max_pulp": {"max delay": [0.04917968455238092], "running time": [6359.250068664551]}}, "30": {"min_max_greedy": {"max delay": [0.046909819797260346], "running time": [132.1089267730713]}, "min_max_pulp": {"max delay": [0.040393876778614154], "running time": [9896.169185638428]}}, "40": {"min_max_greedy": {"max delay": [0.03149270468472285], "running time": [165.13609886169434]}, "min_max_pulp": {"max delay": [0.030718793073961057], "running time": [13834.421157836914]}}, "50": {"min_max_greedy": {"max delay": [0.028949325502200474], "running time": [207.17144012451172]}, "min_max_pulp": {"max delay": [0.028244362659185004], "running time": [18032.88745880127]}}, "60": {"min_max_greedy": {"max delay": [0.02753016213681476], "running time": [254.2095184326172]}, "min_max_pulp": {"max delay": [0.0271418122190228], "running time": [23413.330078125]}}, "70": {"min_max_greedy": {"max delay": [0.02147883874697398], "running time": [198.1637477874756]}, "min_max_pulp": {"max delay": [0.020378737435015143], "running time": [27752.912044525146]}}, "80": {"min_max_greedy": {"max delay": [0.018810045041673423], "running time": [242.19989776611328]}, "min_max_pulp": {"max delay": [0.01837171713597503], "running time": [34198.23408126831]}}, "90": {"min_max_greedy": {"max delay": [0.01783872446502413], "running time": [286.2365245819092]}, "min_max_pulp": {"max delay": [0.017250495783558136], "running time": [41077.91566848755]}}, "100": {"min_max_greedy": {"max delay": [0.01792615821458656], "running time": [263.2174491882324]}, "min_max_pulp": {"max delay": [0.016470873086781277], "running time": [47896.814823150635]}}}