{"10": {"min_max_greedy": {"max delay": [0.17905920892148655], "running time": [69.05698776245117]}, "min_max_pulp": {"max delay": [0.17905920892148655], "running time": [3843.172550201416]}}, "20": {"min_max_greedy": {"max delay": [0.16896403364217752], "running time": [112.09273338317871]}, "min_max_pulp": {"max delay": [0.1655996879332678], "running time": [8045.642375946045]}}, "30": {"min_max_greedy": {"max delay": [0.05905858526290347], "running time": [78.0646800994873]}, "min_max_pulp": {"max delay": [0.05905858526290347], "running time": [12548.359632492065]}}, "40": {"min_max_greedy": {"max delay": [0.04926566181215622], "running time": [127.1052360534668]}, "min_max_pulp": {"max delay": [0.04904324106084577], "running time": [18170.000314712524]}}, "50": {"min_max_greedy": {"max delay": [0.04666846775665235], "running time": [178.1468391418457]}, "min_max_pulp": {"max delay": [0.046360913413720554], "running time": [24837.505102157593]}}, "60": {"min_max_greedy": {"max delay": [0.03494986557723613], "running time": [123.10147285461426]}, "min_max_pulp": {"max delay": [0.03494986557723613], "running time": [31231.784105300903]}}, "70": {"min_max_greedy": {"max delay": [0.03202057354691952], "running time": [178.1473159790039]}, "min_max_pulp": {"max delay": [0.031371739550468083], "running time": [39677.759647369385]}}, "80": {"min_max_greedy": {"max delay": [0.029936430962545574], "running time": [223.18410873413086]}, "min_max_pulp": {"max delay": [0.029193495438874846], "running time": [47287.31179237366]}}, "90": {"min_max_greedy": {"max delay": [0.028773330563253856], "running time": [278.2294750213623]}, "min_max_pulp": {"max delay": [0.028056656131690623], "running time": [58998.70777130127]}}, "100": {"min_max_greedy": {"max delay": [0.0272929409515821], "running time": [346.2858200073242]}, "min_max_pulp": {"max delay": [0.02360944374608837], "running time": [65224.84803199768]}}}