{"entropy": 316585189225613197608762660708192701587, "10": {"num_user": 200, "num_service": 41, "min_max_equal_weight": {"max_delay": 0.0834375199091393, "running_time": 20.01643180847168}}, "20": {"num_user": 200, "num_service": 41, "min_max_equal_weight": {"max_delay": 0.07237191558003316, "running_time": 22.0181941986084}}, "30": {"num_user": 200, "num_service": 41, "min_max_equal_weight": {"max_delay": 0.06588532340863316, "running_time": 23.018836975097656}}, "40": {"num_user": 200, "num_service": 41, "min_max_equal_weight": {"max_delay": 0.06514074371037601, "running_time": 24.019956588745117}}, "50": {"num_user": 200, "num_service": 41, "min_max_equal_weight": {"max_delay": 0.054507665316865204, "running_time": 25.020599365234375}}, "60": {"num_user": 200, "num_service": 41, "min_max_equal_weight": {"max_delay": 0.052973095183266254, "running_time": 27.022123336791992}}, "70": {"num_user": 200, "num_service": 41, "min_max_equal_weight": {"max_delay": 0.05576988947393624, "running_time": 24.019479751586914}}, "80": {"num_user": 200, "num_service": 41, "min_max_equal_weight": {"max_delay": 0.05358208409174935, "running_time": 26.021480560302734}}, "90": {"num_user": 200, "num_service": 41, "min_max_equal_weight": {"max_delay": 0.05292725968477552, "running_time": 27.022361755371094}}, "100": {"num_user": 200, "num_service": 41, "min_max_equal_weight": {"max_delay": 0.05267668353137602, "running_time": 29.024124145507812}}}