{"entropy": 63332119539972024763941943210322593590, "10": {"num_user": 200, "num_service": 41, "min_max_equal_weight": {"max_delay": 0.10983665893609121, "running_time": 20.01667022705078}}, "20": {"num_user": 200, "num_service": 41, "min_max_equal_weight": {"max_delay": 0.09461451751819228, "running_time": 23.018836975097656}}, "30": {"num_user": 200, "num_service": 41, "min_max_equal_weight": {"max_delay": 0.08836078406675997, "running_time": 24.019956588745117}}, "40": {"num_user": 200, "num_service": 41, "min_max_equal_weight": {"max_delay": 0.08352146579355697, "running_time": 24.019956588745117}}, "50": {"num_user": 200, "num_service": 41, "min_max_equal_weight": {"max_delay": 0.08326514799951623, "running_time": 27.022361755371094}}, "60": {"num_user": 200, "num_service": 41, "min_max_equal_weight": {"max_delay": 0.026302070614258325, "running_time": 24.019956588745117}}, "70": {"num_user": 200, "num_service": 41, "min_max_equal_weight": {"max_delay": 0.0214616332364074, "running_time": 25.020360946655273}}, "80": {"num_user": 200, "num_service": 41, "min_max_equal_weight": {"max_delay": 0.021205315442366656, "running_time": 31.02564811706543}}, "90": {"num_user": 200, "num_service": 41, "min_max_equal_weight": {"max_delay": 0.021205315442366656, "running_time": 29.02388572692871}}, "100": {"num_user": 200, "num_service": 41, "min_max_equal_weight": {"max_delay": 0.017879344432957498, "running_time": 30.02476692199707}}}