{"entropy": 39300717202378481864040189179624107878, "10": {"num_user": 200, "num_service": 41, "min_max_equal_weight": {"max_delay": 0.07313562826735541, "running_time": 20.01667022705078}}, "20": {"num_user": 200, "num_service": 41, "min_max_equal_weight": {"max_delay": 0.07205896313299547, "running_time": 21.017789840698242}}, "30": {"num_user": 200, "num_service": 41, "min_max_equal_weight": {"max_delay": 0.053383451656627834, "running_time": 22.0184326171875}}, "40": {"num_user": 200, "num_service": 41, "min_max_equal_weight": {"max_delay": 0.048919792275454614, "running_time": 23.01931381225586}}, "50": {"num_user": 200, "num_service": 41, "min_max_equal_weight": {"max_delay": 0.046768305117579324, "running_time": 25.020599365234375}}, "60": {"num_user": 200, "num_service": 41, "min_max_equal_weight": {"max_delay": 0.04555115956352516, "running_time": 26.021718978881836}}, "70": {"num_user": 200, "num_service": 41, "min_max_equal_weight": {"max_delay": 0.044914428310676456, "running_time": 28.02300453186035}}, "80": {"num_user": 200, "num_service": 41, "min_max_equal_weight": {"max_delay": 0.053383451656627834, "running_time": 23.019075393676758}}, "90": {"num_user": 200, "num_service": 41, "min_max_equal_weight": {"max_delay": 0.04861971637903966, "running_time": 26.021242141723633}}, "100": {"num_user": 200, "num_service": 41, "min_max_equal_weight": {"max_delay": 0.046768305117579324, "running_time": 26.021718978881836}}}