{"entropy": 180412138400859392597319740522927615788, "10": {"num_user": 200, "num_service": 41, "min_max_equal_weight": {"max_delay": 0.06476735686480478, "running_time": 20.01667022705078}}, "20": {"num_user": 200, "num_service": 41, "min_max_equal_weight": {"max_delay": 0.05587928037166612, "running_time": 22.017955780029297}}, "30": {"num_user": 200, "num_service": 41, "min_max_equal_weight": {"max_delay": 0.05489942443071756, "running_time": 24.019718170166016}}, "40": {"num_user": 200, "num_service": 41, "min_max_equal_weight": {"max_delay": 0.04573962995131357, "running_time": 25.020599365234375}}, "50": {"num_user": 200, "num_service": 41, "min_max_equal_weight": {"max_delay": 0.04488466556411914, "running_time": 26.021480560302734}}, "60": {"num_user": 200, "num_service": 41, "min_max_equal_weight": {"max_delay": 0.04235280935944305, "running_time": 26.021718978881836}}, "70": {"num_user": 200, "num_service": 41, "min_max_equal_weight": {"max_delay": 0.04235280935944305, "running_time": 27.022361755371094}}, "80": {"num_user": 200, "num_service": 41, "min_max_equal_weight": {"max_delay": 0.04235280935944305, "running_time": 28.02300453186035}}, "90": {"num_user": 200, "num_service": 41, "min_max_equal_weight": {"max_delay": 0.04235280935944305, "running_time": 28.023242950439453}}, "100": {"num_user": 200, "num_service": 41, "min_max_equal_weight": {"max_delay": 0.04235280935944305, "running_time": 30.02452850341797}}}