{"entropy": 28540540613258574430152662071446612733, "10": {"num_user": 200, "num_service": 41, "min_max_equal_weight": {"max_delay": 0.1079594924739147, "running_time": 20.01643180847168}}, "20": {"num_user": 200, "num_service": 41, "min_max_equal_weight": {"max_delay": 0.09864560310646467, "running_time": 22.0181941986084}}, "30": {"num_user": 200, "num_service": 41, "min_max_equal_weight": {"max_delay": 0.09669045435963634, "running_time": 23.018836975097656}}, "40": {"num_user": 200, "num_service": 41, "min_max_equal_weight": {"max_delay": 0.08007489561481052, "running_time": 25.020599365234375}}, "50": {"num_user": 200, "num_service": 41, "min_max_equal_weight": {"max_delay": 0.07858990946361963, "running_time": 27.022361755371094}}, "60": {"num_user": 200, "num_service": 41, "min_max_equal_weight": {"max_delay": 0.075446530608652, "running_time": 28.02300453186035}}, "70": {"num_user": 200, "num_service": 41, "min_max_equal_weight": {"max_delay": 0.017999566245272665, "running_time": 26.021718978881836}}, "80": {"num_user": 200, "num_service": 41, "min_max_equal_weight": {"max_delay": 0.015715802815260062, "running_time": 26.021480560302734}}, "90": {"num_user": 200, "num_service": 41, "min_max_equal_weight": {"max_delay": 0.015457172459528162, "running_time": 28.023242950439453}}, "100": {"num_user": 200, "num_service": 41, "min_max_equal_weight": {"max_delay": 0.014437871467920027, "running_time": 29.024124145507812}}}