{"entropy": 52386602811466322620519901230382273381, "10": {"num_user": 200, "num_service": 41, "min_max_equal_weight": {"max_delay": 0.029617300211561226, "running_time": 20.016193389892578}}, "20": {"num_user": 200, "num_service": 41, "min_max_equal_weight": {"max_delay": 0.02778473498980821, "running_time": 23.019075393676758}}, "30": {"num_user": 200, "num_service": 41, "min_max_equal_weight": {"max_delay": 0.01739623577099672, "running_time": 23.01931381225586}}, "40": {"num_user": 200, "num_service": 41, "min_max_equal_weight": {"max_delay": 0.016966186616622525, "running_time": 26.021242141723633}}, "50": {"num_user": 200, "num_service": 41, "min_max_equal_weight": {"max_delay": 0.013478931746660495, "running_time": 25.020599365234375}}, "60": {"num_user": 200, "num_service": 41, "min_max_equal_weight": {"max_delay": 0.0123598268341681, "running_time": 27.022361755371094}}, "70": {"num_user": 200, "num_service": 41, "min_max_equal_weight": {"max_delay": 0.012194438986698216, "running_time": 30.025005340576172}}, "80": {"num_user": 200, "num_service": 41, "min_max_equal_weight": {"max_delay": 0.01033579403837036, "running_time": 30.025005340576172}}, "90": {"num_user": 200, "num_service": 41, "min_max_equal_weight": {"max_delay": 0.009490197235778907, "running_time": 32.02629089355469}}, "100": {"num_user": 200, "num_service": 41, "min_max_equal_weight": {"max_delay": 0.009410844236584897, "running_time": 33.026933670043945}}}