{"entropy": 145821344004919624733383018755953428336, "10": {"num_user": 200, "num_service": 41, "min_max_equal_weight": {"max_delay": 0.10081208162459776, "running_time": 21.017074584960938}}, "20": {"num_user": 200, "num_service": 41, "min_max_equal_weight": {"max_delay": 0.08056571526596343, "running_time": 23.01788330078125}}, "30": {"num_user": 200, "num_service": 41, "min_max_equal_weight": {"max_delay": 0.0634378583604118, "running_time": 21.01731300354004}}, "40": {"num_user": 200, "num_service": 41, "min_max_equal_weight": {"max_delay": 0.055992231961433304, "running_time": 24.019718170166016}}, "50": {"num_user": 200, "num_service": 41, "min_max_equal_weight": {"max_delay": 0.03646441130208512, "running_time": 23.018836975097656}}, "60": {"num_user": 200, "num_service": 41, "min_max_equal_weight": {"max_delay": 0.03275082899650198, "running_time": 24.019956588745117}}, "70": {"num_user": 200, "num_service": 41, "min_max_equal_weight": {"max_delay": 0.032672337459303986, "running_time": 27.022361755371094}}, "80": {"num_user": 200, "num_service": 41, "min_max_equal_weight": {"max_delay": 0.029868941844508307, "running_time": 26.021718978881836}}, "90": {"num_user": 200, "num_service": 41, "min_max_equal_weight": {"max_delay": 0.029656541943466168, "running_time": 29.024124145507812}}, "100": {"num_user": 200, "num_service": 41, "min_max_equal_weight": {"max_delay": 0.02725228066439244, "running_time": 30.02452850341797}}}