{"entropy": 141865448137226984230680091865267694955, "10": {"num_user": 200, "num_service": 41, "min_max_equal_weight": {"max_delay": 1.7529241605746324, "running_time": 20.01667022705078}}, "20": {"num_user": 200, "num_service": 41, "min_max_equal_weight": {"max_delay": 1.684457982355864, "running_time": 21.01731300354004}}, "30": {"num_user": 200, "num_service": 41, "min_max_equal_weight": {"max_delay": 1.6838746683361974, "running_time": 23.018836975097656}}, "40": {"num_user": 200, "num_service": 41, "min_max_equal_weight": {"max_delay": 1.6816350557583533, "running_time": 23.019075393676758}}, "50": {"num_user": 200, "num_service": 41, "min_max_equal_weight": {"max_delay": 1.684457982355864, "running_time": 21.017074584960938}}, "60": {"num_user": 200, "num_service": 41, "min_max_equal_weight": {"max_delay": 1.791651783873435, "running_time": 20.01667022705078}}, "70": {"num_user": 200, "num_service": 41, "min_max_equal_weight": {"max_delay": 1.684457982355864, "running_time": 21.017789840698242}}, "80": {"num_user": 200, "num_service": 41, "min_max_equal_weight": {"max_delay": 1.684457982355864, "running_time": 22.017955780029297}}, "90": {"num_user": 200, "num_service": 41, "min_max_equal_weight": {"max_delay": 1.6827375125437134, "running_time": 23.019075393676758}}, "100": {"num_user": 200, "num_service": 41, "min_max_equal_weight": {"max_delay": 1.6816350557583533, "running_time": 25.020837783813477}}}