{"entropy": 103675803906529375896378714962728224945, "10": {"num_user": 200, "num_service": 41, "min_max_equal_weight": {"max_delay": 0.046229393268911526, "running_time": 21.01731300354004}}, "20": {"num_user": 200, "num_service": 41, "min_max_equal_weight": {"max_delay": 0.04584386229629829, "running_time": 23.01931381225586}}, "30": {"num_user": 200, "num_service": 41, "min_max_equal_weight": {"max_delay": 0.04041773629954141, "running_time": 22.017955780029297}}, "40": {"num_user": 200, "num_service": 41, "min_max_equal_weight": {"max_delay": 0.036568801023338905, "running_time": 23.019075393676758}}, "50": {"num_user": 200, "num_service": 41, "min_max_equal_weight": {"max_delay": 0.03603240384467756, "running_time": 26.021718978881836}}, "60": {"num_user": 200, "num_service": 41, "min_max_equal_weight": {"max_delay": 0.03567437819787217, "running_time": 27.022361755371094}}, "70": {"num_user": 200, "num_service": 41, "min_max_equal_weight": {"max_delay": 0.03567437819787217, "running_time": 28.02300453186035}}, "80": {"num_user": 200, "num_service": 41, "min_max_equal_weight": {"max_delay": 0.03564335680923282, "running_time": 29.02388572692871}}, "90": {"num_user": 200, "num_service": 41, "min_max_equal_weight": {"max_delay": 0.03476379651254006, "running_time": 30.025243759155273}}, "100": {"num_user": 200, "num_service": 41, "min_max_equal_weight": {"max_delay": 0.03352256197969147, "running_time": 31.02564811706543}}}