{"entropy": 156874946626639142876548184238301785633, "10": {"num_user": 200, "num_service": 41, "min_max_equal_weight": {"max_delay": 0.06263078370758471, "running_time": 19.01531219482422}}, "20": {"num_user": 200, "num_service": 41, "min_max_equal_weight": {"max_delay": 0.05124971576971389, "running_time": 20.01667022705078}}, "30": {"num_user": 200, "num_service": 41, "min_max_equal_weight": {"max_delay": 0.02982201019188241, "running_time": 21.01755142211914}}, "40": {"num_user": 200, "num_service": 41, "min_max_equal_weight": {"max_delay": 0.02598591706314819, "running_time": 23.019075393676758}}, "50": {"num_user": 200, "num_service": 41, "min_max_equal_weight": {"max_delay": 0.022802500411274632, "running_time": 24.019956588745117}}, "60": {"num_user": 200, "num_service": 41, "min_max_equal_weight": {"max_delay": 0.022802500411274632, "running_time": 25.020837783813477}}, "70": {"num_user": 200, "num_service": 41, "min_max_equal_weight": {"max_delay": 0.022405810475101443, "running_time": 27.022600173950195}}, "80": {"num_user": 200, "num_service": 41, "min_max_equal_weight": {"max_delay": 0.021343538504621958, "running_time": 28.023242950439453}}, "90": {"num_user": 200, "num_service": 41, "min_max_equal_weight": {"max_delay": 0.019740516691198657, "running_time": 28.023242950439453}}, "100": {"num_user": 200, "num_service": 41, "min_max_equal_weight": {"max_delay": 0.019306221315383645, "running_time": 29.02388572692871}}}