{"entropy": 231022857009169768180067715081978250833, "10": {"num_user": 100, "num_service": 41, "min_max_greedy": {"max_delay": 0.20860583281458006, "running_time": 55.04584312438965}, "min_max_surrogate_relaxation": {"max_delay": 0.20860583281458006, "lower_bound": 0.17328600936943162, "running_time": 565.4652118682861}, "min_max_equal_weight": {"max_delay": 0.22336559339363804, "running_time": 37.05549240112305}, "min_max_pulp": {"max_delay": 0.20860583281458006, "running_time": 3255.67889213562}}, "20": {"num_user": 100, "num_service": 41, "min_max_greedy": {"max_delay": 0.16883653067367166, "running_time": 94.07711029052734}, "min_max_surrogate_relaxation": {"max_delay": 0.172673037799808, "lower_bound": 0.1372260543730738, "running_time": 712.5861644744873}, "min_max_equal_weight": {"max_delay": 0.172673037799808, "running_time": 38.03133964538574}, "min_max_pulp": {"max_delay": 0.15466404570589878, "running_time": 6291.177034378052}}, "30": {"num_user": 100, "num_service": 41, "min_max_greedy": {"max_delay": 0.1258668002302098, "running_time": 117.0964241027832}, "min_max_surrogate_relaxation": {"max_delay": 0.12768770213114627, "lower_bound": 0.11162562675376847, "running_time": 1129.8599243164062}, "min_max_equal_weight": {"max_delay": 0.12833871017890044, "running_time": 40.03310203552246}, "min_max_pulp": {"max_delay": 0.1258668002302098, "running_time": 9891.139268875122}}, "40": {"num_user": 100, "num_service": 41, "min_max_greedy": {"max_delay": 0.11370752908602898, "running_time": 150.12383460998535}, "min_max_surrogate_relaxation": {"max_delay": 0.1975461235411553, "lower_bound": 0.06287494771486346, "running_time": 312.2575283050537}, "min_max_equal_weight": {"max_delay": 0.11553746813714841, "running_time": 41.03398323059082}, "min_max_pulp": {"max_delay": 0.11273472538141983, "running_time": 13952.481746673584}}, "50": {"num_user": 100, "num_service": 41, "min_max_greedy": {"max_delay": 0.10865578504768816, "running_time": 172.14155197143555}, "min_max_surrogate_relaxation": {"max_delay": 0.1701045165115891, "lower_bound": 0.02405324206423774, "running_time": 306.25176429748535}, "min_max_equal_weight": {"max_delay": 0.10810337460328344, "running_time": 42.03438758850098}, "min_max_pulp": {"max_delay": 0.10748151111958493, "running_time": 18729.412317276}}, "60": {"num_user": 100, "num_service": 41, "min_max_greedy": {"max_delay": 0.10587835367971979, "running_time": 203.16720008850098}, "min_max_surrogate_relaxation": {"max_delay": 0.13641495211877055, "lower_bound": 0.0938805470489017, "running_time": 445.36638259887695}, "min_max_equal_weight": {"max_delay": 0.10810337460328344, "running_time": 44.0363883972168}, "min_max_pulp": {"max_delay": 0.10345182012264421, "running_time": 24340.02995491028}}, "70": {"num_user": 100, "num_service": 41, "min_max_greedy": {"max_delay": 0.11020591178652248, "running_time": 155.12728691101074}, "min_max_surrogate_relaxation": {"max_delay": 0.11553746813714841, "lower_bound": 0.08367945971341188, "running_time": 674.5545864105225}, "min_max_equal_weight": {"max_delay": 0.10671657877845223, "running_time": 44.0363883972168}, "min_max_pulp": {"max_delay": 0.10146683635763684, "running_time": 30542.134046554565}}, "80": {"num_user": 100, "num_service": 41, "min_max_greedy": {"max_delay": 0.1061240447436858, "running_time": 188.1556510925293}, "min_max_surrogate_relaxation": {"max_delay": 0.12552826130170056, "lower_bound": 0.06426356810559501, "running_time": 450.37055015563965}, "min_max_equal_weight": {"max_delay": 0.10748151111958493, "running_time": 43.03550720214844}, "min_max_pulp": {"max_delay": 0.10016544197438183, "running_time": 36921.38409614563}}, "90": {"num_user": 100, "num_service": 41, "min_max_greedy": {"max_delay": 0.10253810090938459, "running_time": 212.1741771697998}, "min_max_surrogate_relaxation": {"max_delay": 0.12484937717083021, "lower_bound": 0.034134741927455414, "running_time": 451.371431350708}, "min_max_equal_weight": {"max_delay": 0.10739546290932257, "running_time": 45.03679275512695}, "min_max_pulp": {"max_delay": 0.09955224665153005, "running_time": 46455.22952079773}}, "100": {"num_user": 100, "num_service": 41, "min_max_greedy": {"max_delay": 0.10046041078512784, "running_time": 248.20423126220703}, "min_max_surrogate_relaxation": {"max_delay": 0.12306905866641157, "lower_bound": 0.03334244741695514, "running_time": 468.3852195739746}, "min_max_equal_weight": {"max_delay": 0.10502822778345959, "running_time": 45.037031173706055}, "min_max_pulp": {"max_delay": 0.055294066104834325, "running_time": 46951.63798332214}}}