{"10": {"min_max_greedy": {"max delay": [0.0798083767992441], "running time": [378.312349319458]}, "min_max_pulp": {"max delay": [0.07898900411237805], "running time": [15742.99693107605]}}, "20": {"min_max_greedy": {"max delay": [0.07448892732327166], "running time": [612.5056743621826]}, "min_max_pulp": {"max delay": [0.07374963187377394], "running time": [31295.83716392517]}}, "30": {"min_max_greedy": {"max delay": [0.04203063153039312], "running time": [379.31323051452637]}, "min_max_pulp": {"max delay": [0.04148511504100927], "running time": [49620.96571922302]}}, "40": {"min_max_greedy": {"max delay": [0.03528454355247443], "running time": [520.4300880432129]}, "min_max_pulp": {"max delay": [0.03478105405459043], "running time": [70548.24256896973]}}, "50": {"min_max_greedy": {"max delay": [0.03156964754259566], "running time": [759.6275806427002]}, "min_max_pulp": {"max delay": [0.030168122652337474], "running time": [92489.35723304749]}}, "60": {"min_max_greedy": {"max delay": [0.027282714222958877], "running time": [944.7801113128662]}, "min_max_pulp": {"max delay": [0.026391170952683445], "running time": [119288.48147392273]}}, "70": {"min_max_greedy": {"max delay": [0.0237549604949198], "running time": [1228.0142307281494]}, "min_max_pulp": {"max delay": [0.023540815542542386], "running time": [145674.2651462555]}}, "80": {"min_max_greedy": {"max delay": [0.023173959151755207], "running time": [1421.1735725402832]}, "min_max_pulp": {"max delay": [0.020649301129344176], "running time": [173066.8797492981]}}, "90": {"min_max_greedy": {"max delay": [0.02200626491490915], "running time": [1705.4083347320557]}, "min_max_pulp": {"max delay": [0.01624884627039699], "running time": [206410.40754318237]}}, "100": {"min_max_greedy": {"max delay": [0.021628206518407807], "running time": [1853.5301685333252]}, "min_max_pulp": {"max delay": [0.013014590296979569], "running time": [239156.44145011902]}}}