{"10": {"min_max_greedy": {"max delay": [0.02926591386667812], "running time": [286.2362861633301]}, "min_max_pulp": {"max delay": [0.02926591386667812], "running time": [19529.122829437256]}}, "20": {"min_max_greedy": {"max delay": [0.023666984035839337], "running time": [474.3919372558594]}, "min_max_pulp": {"max delay": [0.023300698025235572], "running time": [39150.32172203064]}}, "30": {"min_max_greedy": {"max delay": [0.021146293158634907], "running time": [757.6253414154053]}, "min_max_pulp": {"max delay": [0.020908896480148587], "running time": [62299.4327545166]}}, "40": {"min_max_greedy": {"max delay": [0.01970196262901317], "running time": [913.7539863586426]}, "min_max_pulp": {"max delay": [0.018592425322726557], "running time": [87918.58339309692]}}, "50": {"min_max_greedy": {"max delay": [0.01821481237216989], "running time": [763.6306285858154]}, "min_max_pulp": {"max delay": [0.016889021388381678], "running time": [116351.05657577515]}}, "60": {"min_max_greedy": {"max delay": [0.01649007635626551], "running time": [945.7807540893555]}, "min_max_pulp": {"max delay": [0.015710694415972982], "running time": [149040.043592453]}}, "70": {"min_max_greedy": {"max delay": [0.015283091664316129], "running time": [952.786922454834]}, "min_max_pulp": {"max delay": [0.014540097831840595], "running time": [185768.36585998535]}}, "80": {"min_max_greedy": {"max delay": [0.01449096533196521], "running time": [1145.9457874298096]}, "min_max_pulp": {"max delay": [0.013436545781419498], "running time": [224164.06416893005]}}, "90": {"min_max_greedy": {"max delay": [0.01308714158547647], "running time": [1323.0922222137451]}, "min_max_pulp": {"max delay": [0.0118925501472671], "running time": [262181.4503669739]}}, "100": {"min_max_greedy": {"max delay": [0.012188403793640914], "running time": [1573.2989311218262]}, "min_max_pulp": {"max delay": [0.01078098703795878], "running time": [305305.0525188446]}}}