{"entropy": 272324544004733044548855683064067358075, "10": {"num_user": 400, "num_service": 41, "min_max_greedy": {"max_delay": 0.01989407196767472, "running_time": 868.0546283721924}, "min_max_surrogate_relaxation": {"max_delay": 0.01989407196767472, "lower_bound": 0.01615538554299161, "running_time": 9737.601280212402}, "min_max_equal_weight": {"max_delay": 0.022800868935612152, "running_time": 663.546085357666}, "min_max_pulp": {"max_delay": 0.01989407196767472, "running_time": 112600.79145431519}}, "20": {"num_user": 400, "num_service": 41, "min_max_greedy": {"max_delay": 0.019249726359836433, "running_time": 1432.114601135254}, "min_max_surrogate_relaxation": {"max_delay": 0.018889216202681802, "lower_bound": 0.014279481213709113, "running_time": 19044.95096206665}, "min_max_equal_weight": {"max_delay": 0.022619535974798797, "running_time": 643.5296535491943}, "min_max_pulp": {"max_delay": 0.01733427676268238, "running_time": 226008.40067863464}}, "30": {"num_user": 400, "num_service": 41, "min_max_greedy": {"max_delay": 0.01700046228319852, "running_time": 1920.241117477417}, "min_max_surrogate_relaxation": {"max_delay": 0.01639545692413612, "lower_bound": 0.01155668281566392, "running_time": 18170.050621032715}, "min_max_equal_weight": {"max_delay": 0.019537621105376386, "running_time": 631.5197944641113}, "min_max_pulp": {"max_delay": 0.015770010596911372, "running_time": 350544.21067237854}}, "40": {"num_user": 400, "num_service": 41, "min_max_greedy": {"max_delay": 0.014562230045031105, "running_time": 2790.0760173797607}, "min_max_surrogate_relaxation": {"max_delay": 0.014562230045031105, "lower_bound": 0.0109498001677091, "running_time": 21773.40316772461}, "min_max_equal_weight": {"max_delay": 0.017151172491523547, "running_time": 659.6193313598633}, "min_max_pulp": {"max_delay": 0.013758149138294052, "running_time": 502505.33628463745}}, "50": {"num_user": 400, "num_service": 41, "min_max_greedy": {"max_delay": 0.012831463296464715, "running_time": 3150.200128555298}, "min_max_surrogate_relaxation": {"max_delay": 0.013228673146902445, "lower_bound": 0.01023157869988736, "running_time": 26710.132360458374}, "min_max_equal_weight": {"max_delay": 0.013228673146902445, "running_time": 684.1232776641846}, "min_max_pulp": {"max_delay": 0.012565913528730559, "running_time": 652923.7298965454}}, "60": {"num_user": 400, "num_service": 41, "min_max_greedy": {"max_delay": 0.01107227974431449, "running_time": 3861.177444458008}, "min_max_surrogate_relaxation": {"max_delay": 0.011226180561628829, "lower_bound": 0.009704236076378056, "running_time": 26179.872274398804}, "min_max_equal_weight": {"max_delay": 0.013172173904340402, "running_time": 663.546085357666}, "min_max_pulp": {"max_delay": 0.01093962034274049, "running_time": 853668.0579185486}}, "70": {"num_user": 400, "num_service": 41, "min_max_greedy": {"max_delay": 0.010798345724930096, "running_time": 4706.119060516357}, "min_max_surrogate_relaxation": {"max_delay": 0.01029322763154402, "lower_bound": 0.009147604501729287, "running_time": 28629.364728927612}, "min_max_equal_weight": {"max_delay": 0.010544125438956506, "running_time": 640.5274868011475}, "min_max_pulp": {"max_delay": 0.010231359552606132, "running_time": 1009009.0005397797}}, "80": {"num_user": 400, "num_service": 41, "min_max_greedy": {"max_delay": 0.009996088728370487, "running_time": 4981.68683052063}, "min_max_surrogate_relaxation": {"max_delay": 0.009982804289527466, "lower_bound": 0.00872577011979045, "running_time": 31198.36950302124}, "min_max_equal_weight": {"max_delay": 0.010429184871852338, "running_time": 649.7066020965576}, "min_max_pulp": {"max_delay": 0.009900153144129745, "running_time": 1261472.494840622}}, "90": {"num_user": 400, "num_service": 41, "min_max_greedy": {"max_delay": 0.009254005981413432, "running_time": 5209.28692817688}, "min_max_surrogate_relaxation": {"max_delay": 0.016617016678777373, "lower_bound": 0.005789346931312717, "running_time": 5141.230344772339}, "min_max_equal_weight": {"max_delay": 0.010316676352978263, "running_time": 650.5353450775146}, "min_max_pulp": {"max_delay": 0.009072673020600077, "running_time": 1490534.8272323608}}, "100": {"num_user": 400, "num_service": 41, "min_max_greedy": {"max_delay": 0.008694884635005298, "running_time": 6087.008953094482}, "min_max_surrogate_relaxation": {"max_delay": 0.010243357146158542, "lower_bound": 0.007917467906173637, "running_time": 21724.878072738647}, "min_max_equal_weight": {"max_delay": 0.010293653959391037, "running_time": 666.5492057800293}, "min_max_pulp": {"max_delay": 0.008694884635005298, "running_time": 1715779.0994644165}}}