{"10": {"min_max_greedy": {"max delay": [0.034834896351778034], "running time": [1896.5659141540527]}, "min_max_pulp": {"max delay": [0.034174531575058016], "running time": [87055.87148666382]}}, "20": {"min_max_greedy": {"max delay": [0.027698104495181675], "running time": [3072.5364685058594]}, "min_max_pulp": {"max delay": [0.027056682377972638], "running time": [168049.7372150421]}}, "30": {"min_max_greedy": {"max delay": [0.02511919741797496], "running time": [4035.3317260742188]}, "min_max_pulp": {"max delay": [0.024363587224406374], "running time": [254278.92684936523]}}, "40": {"min_max_greedy": {"max delay": [0.02248898310439326], "running time": [4754.92525100708]}, "min_max_pulp": {"max delay": [0.02177970824398101], "running time": [369527.0721912384]}}, "50": {"min_max_greedy": {"max delay": [0.021852657209653875], "running time": [5578.605890274048]}, "min_max_pulp": {"max delay": [0.019731397915906734], "running time": [463502.65622138977]}}, "60": {"min_max_greedy": {"max delay": [0.018163073455584246], "running time": [6637.48025894165]}, "min_max_pulp": {"max delay": [0.017275197315830687], "running time": [594122.4973201752]}}, "70": {"min_max_greedy": {"max delay": [0.015471733321677327], "running time": [8111.69695854187]}, "min_max_pulp": {"max delay": [0.015358257866493938], "running time": [725364.8428916931]}}, "80": {"min_max_greedy": {"max delay": [0.015289687550558265], "running time": [9670.983791351318]}, "min_max_pulp": {"max delay": [0.014618599015760653], "running time": [874365.8549785614]}}, "90": {"min_max_greedy": {"max delay": [0.014555926283893185], "running time": [10135.367393493652]}, "min_max_pulp": {"max delay": [0.014179019708606428], "running time": [1018971.2378978729]}}, "100": {"min_max_greedy": {"max delay": [0.01423784513912246], "running time": [10967.053890228271]}, "min_max_pulp": {"max delay": [0.01391768788484276], "running time": [1210681.5090179443]}}}