{"10": {"min_max_greedy": {"max delay": [0.0515489090883553], "running time": [1667.3762798309326]}, "min_max_pulp": {"max delay": [0.04825207636336321], "running time": [61391.68357849121]}}, "20": {"min_max_greedy": {"max delay": [0.03159287901350756], "running time": [2577.127695083618]}, "min_max_pulp": {"max delay": [0.03159287901350756], "running time": [117221.7755317688]}}, "30": {"min_max_greedy": {"max delay": [0.02724841456890517], "running time": [3499.889612197876]}, "min_max_pulp": {"max delay": [0.02584527521065987], "running time": [171372.4811077118]}}, "40": {"min_max_greedy": {"max delay": [0.023877349040826546], "running time": [4024.322271347046]}, "min_max_pulp": {"max delay": [0.0234296169859431], "running time": [241826.64608955383]}}, "50": {"min_max_greedy": {"max delay": [0.022890806373774223], "running time": [4731.904745101929]}, "min_max_pulp": {"max delay": [0.02104048863719246], "running time": [303757.7750682831]}}, "60": {"min_max_greedy": {"max delay": [0.019942108278471257], "running time": [5734.734296798706]}, "min_max_pulp": {"max delay": [0.01989048844986513], "running time": [387706.0806751251]}}, "70": {"min_max_greedy": {"max delay": [0.018945664420191053], "running time": [6803.617238998413]}, "min_max_pulp": {"max delay": [0.018671297540094504], "running time": [463255.4521560669]}}, "80": {"min_max_greedy": {"max delay": [0.018707585395431266], "running time": [7652.31728553772]}, "min_max_pulp": {"max delay": [0.016469353495747303], "running time": [562802.6359081268]}}, "90": {"min_max_greedy": {"max delay": [0.015626685482127377], "running time": [5953.915357589722]}, "min_max_pulp": {"max delay": [0.015555177138500652], "running time": [639762.1715068817]}}, "100": {"min_max_greedy": {"max delay": [0.015065067159309692], "running time": [6863.666772842407]}, "min_max_pulp": {"max delay": [0.014256708067137136], "running time": [747415.0474071503]}}}