{"10": {"min_max_greedy": {"max delay": [0.08955164200710564], "running time": [33.026933670043945]}, "min_max_pulp": {"max delay": [0.08955164200710564], "running time": [3928.243398666382]}}, "20": {"min_max_greedy": {"max delay": [0.0648810179999421], "running time": [85.07013320922852]}, "min_max_pulp": {"max delay": [0.0648810179999421], "running time": [8079.670429229736]}}, "30": {"min_max_greedy": {"max delay": [0.05810112784188145], "running time": [127.10452079772949]}, "min_max_pulp": {"max delay": [0.05810112784188145], "running time": [13434.091329574585]}}, "40": {"min_max_greedy": {"max delay": [0.04188198379637096], "running time": [148.12207221984863]}, "min_max_pulp": {"max delay": [0.04188198379637096], "running time": [18274.086475372314]}}, "50": {"min_max_greedy": {"max delay": [0.030997591561235403], "running time": [183.1510066986084]}, "min_max_pulp": {"max delay": [0.030997591561235403], "running time": [23862.70022392273]}}, "60": {"min_max_greedy": {"max delay": [0.03268680220238178], "running time": [201.16639137268066]}, "min_max_pulp": {"max delay": [0.028267014361807615], "running time": [34730.67259788513]}}, "70": {"min_max_greedy": {"max delay": [0.026419324885880877], "running time": [243.20077896118164]}, "min_max_pulp": {"max delay": [0.025842113785287373], "running time": [41674.405336380005]}}, "80": {"min_max_greedy": {"max delay": [0.023491341750995508], "running time": [262.21609115600586]}, "min_max_pulp": {"max delay": [0.022110085578844016], "running time": [50772.91703224182]}}, "90": {"min_max_greedy": {"max delay": [0.02300777554240391], "running time": [295.2437400817871]}, "min_max_pulp": {"max delay": [0.02019956175593616], "running time": [65909.41309928894]}}, "100": {"min_max_greedy": {"max delay": [0.021751877897649225], "running time": [326.26938819885254]}, "min_max_pulp": {"max delay": [0.017508325144123097], "running time": [656211.7521762848]}}}