{"entropy": 314231980671594154860408524734464700648, "10": {"num_user": 300, "num_service": 372, "min_max_greedy": {"max_delay": 0.10896125985252211, "running_time": 89.07389640808105}, "min_max_equal_weight": {"max_delay": 0.11139256163214599, "running_time": 42.03486442565918}, "min_max_surrogate_relaxation": {"max_delay": 0.10989410791666589, "running_time": 901.7465114593506}, "min_max_pulp": {"max_delay": 0.10896125985252211, "running_time": 61074.60689544678}}, "20": {"num_user": 300, "num_service": 372, "min_max_greedy": {"max_delay": 0.10245365866560369, "running_time": 112.09297180175781}, "min_max_equal_weight": {"max_delay": 0.11083149932284599, "running_time": 51.04231834411621}, "min_max_surrogate_relaxation": {"max_delay": 0.11102690229448978, "running_time": 1281.0616493225098}, "min_max_pulp": {"max_delay": 0.10151930110757137, "running_time": 232450.12140274048}}, "30": {"num_user": 300, "num_service": 372, "min_max_greedy": {"max_delay": 0.10045365866560368, "running_time": 144.1190242767334}, "min_max_equal_weight": {"max_delay": 0.10803404195775028, "running_time": 61.0508918762207}, "min_max_surrogate_relaxation": {"max_delay": 0.10045365866560368, "running_time": 1280.0602912902832}, "min_max_pulp": {"max_delay": 0.10045365866560368, "running_time": 1934643.0740356445}}, "40": {"num_user": 300, "num_service": 372, "min_max_greedy": {"max_delay": 0.09912963369163946, "running_time": 178.147554397583}, "min_max_equal_weight": {"max_delay": 0.1064460513237555, "running_time": 75.06227493286133}, "min_max_surrogate_relaxation": {"max_delay": 0.10780500933186919, "running_time": 2470.0465202331543}, "min_max_pulp": {"max_delay": 0.09684083959469694, "running_time": 1991703.3653259277}}, "50": {"num_user": 300, "num_service": 372, "min_max_greedy": {"max_delay": 0.09846376320045816, "running_time": 203.16839218139648}, "min_max_equal_weight": {"max_delay": 0.10344605132375549, "running_time": 78.0644416809082}, "min_max_surrogate_relaxation": {"max_delay": 0.09604942455762676, "running_time": 3086.557149887085}, "min_max_pulp": {"max_delay": 0.09472539958366255, "running_time": 2056982.5325012207}}, "60": {"num_user": 300, "num_service": 372, "min_max_greedy": {"max_delay": 0.09783366623192472, "running_time": 229.19082641601562}, "min_max_equal_weight": {"max_delay": 0.10344605132375549, "running_time": 83.06884765625}, "min_max_surrogate_relaxation": {"max_delay": 0.10802690229448977, "running_time": 5181.29301071167}, "min_max_pulp": {"max_delay": 0.09313847316342241, "running_time": 2123859.4040870667}}, "70": {"num_user": 300, "num_service": 372, "min_max_greedy": {"max_delay": 0.0972376978049105, "running_time": 228.18875312805176}, "min_max_equal_weight": {"max_delay": 0.10193647479157797, "running_time": 83.06884765625}, "min_max_surrogate_relaxation": {"max_delay": 0.09843301325003828, "running_time": 1772.4688053131104}, "min_max_pulp": {"max_delay": 0.09159309862767047, "running_time": 2200571.6235637665}}, "80": {"num_user": 300, "num_service": 372, "min_max_greedy": {"max_delay": 0.09647176250369598, "running_time": 250.20742416381836}, "min_max_equal_weight": {"max_delay": 0.10193647479157797, "running_time": 89.07437324523926}, "min_max_surrogate_relaxation": {"max_delay": 0.09265581862876916, "running_time": 3695.0619220733643}, "min_max_pulp": {"max_delay": 0.09098970514847443, "running_time": 2274354.5577526093}}, "90": {"num_user": 300, "num_service": 372, "min_max_greedy": {"max_delay": 0.09423152179620461, "running_time": 333.27627182006836}, "min_max_equal_weight": {"max_delay": 0.10190106553746636, "running_time": 110.0912094116211}, "min_max_surrogate_relaxation": {"max_delay": 0.09530936635977738, "running_time": 2668.210983276367}, "min_max_pulp": {"max_delay": 0.09059547722591095, "running_time": 2396509.8130702972}}, "100": {"num_user": 300, "num_service": 372, "min_max_greedy": {"max_delay": 0.09101936562073305, "running_time": 341.28284454345703}, "min_max_equal_weight": {"max_delay": 0.10190106553746636, "running_time": 125.10323524475098}, "min_max_surrogate_relaxation": {"max_delay": 0.09635795546947062, "running_time": 3156.615972518921}, "min_max_pulp": {"max_delay": 0.08965034402063274, "running_time": 2492553.9495944977}}}