{"entropy": 154068207001509781065277308746530349494, "10": {"num_user": 300, "num_service": 369, "min_max_greedy": {"max_delay": 0.1698576047612156, "running_time": 130.10811805725098}, "min_max_equal_weight": {"max_delay": 0.14290805398659825, "running_time": 40.03262519836426}, "min_max_surrogate_relaxation": {"max_delay": 0.14290805398659825, "running_time": 1346.1155891418457}, "min_max_pulp": {"max_delay": 0.12770779894068868, "running_time": 43356.92620277405}}, "20": {"num_user": 300, "num_service": 369, "min_max_greedy": {"max_delay": 0.12272189270988086, "running_time": 206.17055892944336}, "min_max_equal_weight": {"max_delay": 0.13760111039243492, "running_time": 52.04319953918457}, "min_max_surrogate_relaxation": {"max_delay": 0.12092746162229011, "running_time": 1461.2109661102295}, "min_max_pulp": {"max_delay": 0.11839995630623104, "running_time": 81593.11938285828}}, "30": {"num_user": 300, "num_service": 369, "min_max_greedy": {"max_delay": 0.12119622437243281, "running_time": 229.18987274169922}, "min_max_equal_weight": {"max_delay": 0.11881121884068153, "running_time": 70.05786895751953}, "min_max_surrogate_relaxation": {"max_delay": 0.12388323038586502, "running_time": 3771.1246013641357}, "min_max_pulp": {"max_delay": 0.11431776055668746, "running_time": 124878.47590446472}}, "40": {"num_user": 300, "num_service": 369, "min_max_greedy": {"max_delay": 0.11783875430948168, "running_time": 251.20830535888672}, "min_max_equal_weight": {"max_delay": 0.11476731445524965, "running_time": 79.06556129455566}, "min_max_surrogate_relaxation": {"max_delay": 0.11563635609897828, "running_time": 1649.366855621338}, "min_max_pulp": {"max_delay": 0.11211680818931749, "running_time": 179501.73711776733}}, "50": {"num_user": 300, "num_service": 369, "min_max_greedy": {"max_delay": 0.11631308597203364, "running_time": 273.2260227203369}, "min_max_equal_weight": {"max_delay": 0.11396223799243847, "running_time": 82.06820487976074}, "min_max_surrogate_relaxation": {"max_delay": 0.11396223799243847, "running_time": 4338.594675064087}, "min_max_pulp": {"max_delay": 0.11076275014649303, "running_time": 1985530.2393436432}}, "60": {"num_user": 300, "num_service": 369, "min_max_greedy": {"max_delay": 0.11356873034161011, "running_time": 293.2426929473877}, "min_max_equal_weight": {"max_delay": 0.11396223799243847, "running_time": 90.07430076599121}, "min_max_surrogate_relaxation": {"max_delay": 0.114310445539981, "running_time": 2990.478515625}, "min_max_pulp": {"max_delay": 0.10561415208697891, "running_time": 2047000.2534389496}}, "70": {"num_user": 300, "num_service": 369, "min_max_greedy": {"max_delay": 0.11256873034161011, "running_time": 353.29270362854004}, "min_max_equal_weight": {"max_delay": 0.11355385821437151, "running_time": 99.08199310302734}, "min_max_surrogate_relaxation": {"max_delay": 0.1148292488986453, "running_time": 2447.0276832580566}, "min_max_pulp": {"max_delay": 0.10408183337077583, "running_time": 2113522.3133563995}}, "80": {"num_user": 300, "num_service": 369, "min_max_greedy": {"max_delay": 0.1120634304862328, "running_time": 343.28413009643555}, "min_max_equal_weight": {"max_delay": 0.11355385821437151, "running_time": 99.08270835876465}, "min_max_surrogate_relaxation": {"max_delay": 0.11449788809515023, "running_time": 2101.7415523529053}, "min_max_pulp": {"max_delay": 0.10355685047229132, "running_time": 2166958.1949710846}}, "90": {"num_user": 300, "num_service": 369, "min_max_greedy": {"max_delay": 0.11199596932652324, "running_time": 401.3323783874512}, "min_max_equal_weight": {"max_delay": 0.11355385821437151, "running_time": 107.08856582641602}, "min_max_surrogate_relaxation": {"max_delay": 0.11488172510290372, "running_time": 1748.4493255615234}, "min_max_pulp": {"max_delay": 0.10313525611567032, "running_time": 2237281.9640636444}}, "100": {"num_user": 300, "num_service": 369, "min_max_greedy": {"max_delay": 0.11197447718201138, "running_time": 430.3562641143799}, "min_max_equal_weight": {"max_delay": 0.11355385821437151, "running_time": 112.09249496459961}, "min_max_surrogate_relaxation": {"max_delay": 0.11431608909749576, "running_time": 2155.7869911193848}, "min_max_pulp": {"max_delay": 0.10238511530118032, "running_time": 2308212.613105774}}}