{"entropy": 271667092476728036354633827535018148027, "10": {"num_user": 100, "num_service": 41, "min_max_greedy": {"max_delay": 0.47670784059254967, "running_time": 7.0056915283203125}, "min_max_equal_weight": {"max_delay": 0.47670784059254967, "running_time": 23.018836975097656}, "min_max_surrogate_relaxation": {"max_delay": 0.47670784059254967, "lower_bound": 0.4698184019486192, "running_time": 99.08175468444824, "none_zero_ratio": 0.04, "max_weight": 0.5157928466796875, "min_weight": 0.0061798095703125}, "min_max_pulp": {"max_delay": 0.47670784059254967, "running_time": 2691.218852996826}}, "20": {"num_user": 100, "num_service": 41, "min_max_greedy": {"max_delay": 0.1297070581415769, "running_time": 5.005359649658203}, "min_max_equal_weight": {"max_delay": 0.1370453591984387, "running_time": 23.01931381225586}, "min_max_surrogate_relaxation": {"max_delay": 0.1297070581415769, "lower_bound": 0.3039527706789835, "running_time": 60.04929542541504, "none_zero_ratio": 0.02, "max_weight": 0.5, "min_weight": 0.5}, "min_max_pulp": {"max_delay": 0.1297070581415769, "running_time": 5302.373170852661}}, "30": {"num_user": 100, "num_service": 41, "min_max_greedy": {"max_delay": 0.08997103838135277, "running_time": 9.00721549987793}, "min_max_equal_weight": {"max_delay": 0.09879699107175595, "running_time": 24.019956588745117}, "min_max_surrogate_relaxation": {"max_delay": 0.08965075357289146, "lower_bound": 0.06291208705378071, "running_time": 69.05674934387207, "none_zero_ratio": 0.03, "max_weight": 0.5, "min_weight": 0.078125}, "min_max_pulp": {"max_delay": 0.08965075357289146, "running_time": 8157.351016998291}}, "40": {"num_user": 100, "num_service": 41, "min_max_greedy": {"max_delay": 0.07528468958582203, "running_time": 11.00921630859375}, "min_max_equal_weight": {"max_delay": 0.07571647569528679, "running_time": 25.020599365234375}, "min_max_surrogate_relaxation": {"max_delay": 0.08081277989236554, "lower_bound": 0.06040889787345044, "running_time": 101.08351707458496, "none_zero_ratio": 0.04, "max_weight": 0.5, "min_weight": 0.00732421875}, "min_max_pulp": {"max_delay": 0.07528468958582203, "running_time": 11540.517568588257}}, "50": {"num_user": 100, "num_service": 41, "min_max_greedy": {"max_delay": 0.07190022878439051, "running_time": 10.008573532104492}, "min_max_equal_weight": {"max_delay": 0.07571647569528679, "running_time": 25.020599365234375}, "min_max_surrogate_relaxation": {"max_delay": 0.07314878794640804, "lower_bound": 0.04065908412830378, "running_time": 112.09249496459961, "none_zero_ratio": 0.05, "max_weight": 0.5, "min_weight": 0.0209808349609375}, "min_max_pulp": {"max_delay": 0.0687359424867702, "running_time": 14854.249954223633}}, "60": {"num_user": 100, "num_service": 41, "min_max_greedy": {"max_delay": 0.06210597675540318, "running_time": 15.012502670288086}, "min_max_equal_weight": {"max_delay": 0.07159658077037595, "running_time": 25.020599365234375}, "min_max_surrogate_relaxation": {"max_delay": 0.06201048397308864, "lower_bound": 0.02746162695509023, "running_time": 151.1247158050537, "none_zero_ratio": 0.05, "max_weight": 0.3515625, "min_weight": 0.01750946044921875}, "min_max_pulp": {"max_delay": 0.06195459786864713, "running_time": 18822.66855239868}}, "70": {"num_user": 100, "num_service": 41, "min_max_greedy": {"max_delay": 0.05867415984611189, "running_time": 18.014907836914062}, "min_max_equal_weight": {"max_delay": 0.06618177989316947, "running_time": 26.021480560302734}, "min_max_surrogate_relaxation": {"max_delay": 0.060015726644017234, "lower_bound": 0.032697753907823576, "running_time": 209.17248725891113, "none_zero_ratio": 0.06, "max_weight": 0.5, "min_weight": 0.005114078521728516}, "min_max_pulp": {"max_delay": 0.05549071478905239, "running_time": 22884.915351867676}}, "80": {"num_user": 100, "num_service": 41, "min_max_greedy": {"max_delay": 0.052589711806664774, "running_time": 16.013383865356445}, "min_max_equal_weight": {"max_delay": 0.05605643725767827, "running_time": 25.020599365234375}, "min_max_surrogate_relaxation": {"max_delay": 0.058032856392530405, "lower_bound": 0.022169893068805097, "running_time": 147.12142944335938, "none_zero_ratio": 0.04, "max_weight": 0.5, "min_weight": 0.02783203125}, "min_max_pulp": {"max_delay": 0.05025218968207039, "running_time": 27397.929668426514}}, "90": {"num_user": 100, "num_service": 41, "min_max_greedy": {"max_delay": 0.04677037346542318, "running_time": 21.01731300354004}, "min_max_equal_weight": {"max_delay": 0.0503080757865119, "running_time": 26.021718978881836}, "min_max_surrogate_relaxation": {"max_delay": 0.04636502974310833, "lower_bound": 0.02137854063906872, "running_time": 161.1328125, "none_zero_ratio": 0.06, "max_weight": 0.3984375, "min_weight": 0.040308237075805664}, "min_max_pulp": {"max_delay": 0.04574973837413747, "running_time": 32297.635555267334}}, "100": {"num_user": 100, "num_service": 41, "min_max_greedy": {"max_delay": 0.04519995810965099, "running_time": 22.0181941986084}, "min_max_equal_weight": {"max_delay": 0.04716274902691461, "running_time": 27.02188491821289}, "min_max_surrogate_relaxation": {"max_delay": 0.04989323457758182, "lower_bound": 0.015226558553390194, "running_time": 169.13986206054688, "none_zero_ratio": 0.05, "max_weight": 0.274658203125, "min_weight": 0.06809234619140625}, "min_max_pulp": {"max_delay": 0.043224349388770456, "running_time": 40212.16297149658}}}