{"entropy": 185131053117280433407300230251735741617, "10": {"num_user": 100, "num_service": 41, "min_max_greedy": {"max_delay": 0.08129725718336092, "running_time": 5.004167556762695}, "min_max_equal_weight": {"max_delay": 0.08430841212431449, "running_time": 24.019718170166016}, "min_max_surrogate_relaxation": {"max_delay": 0.08430841212431449, "lower_bound": 0.07350830061164763, "running_time": 64.05282020568848, "none_zero_ratio": 0.03, "max_weight": 0.5, "min_weight": 0.078125}, "min_max_pulp": {"max_delay": 0.08129725718336092, "running_time": 3314.7335052490234}}, "20": {"num_user": 100, "num_service": 41, "min_max_greedy": {"max_delay": 0.07388186401675977, "running_time": 10.00833511352539}, "min_max_equal_weight": {"max_delay": 0.07587751250452165, "running_time": 25.020599365234375}, "min_max_surrogate_relaxation": {"max_delay": 0.07587751250452165, "lower_bound": 0.06709489602227411, "running_time": 68.05610656738281, "none_zero_ratio": 0.04, "max_weight": 0.3409423828125, "min_weight": 0.125}, "min_max_pulp": {"max_delay": 0.07281297125331004, "running_time": 7076.836109161377}}, "30": {"num_user": 100, "num_service": 41, "min_max_greedy": {"max_delay": 0.05061356377898106, "running_time": 8.006572723388672}, "min_max_equal_weight": {"max_delay": 0.07587751250452165, "running_time": 26.021480560302734}, "min_max_surrogate_relaxation": {"max_delay": 0.05334982809763788, "lower_bound": 0.03758964555007947, "running_time": 75.06203651428223, "none_zero_ratio": 0.02, "max_weight": 0.5, "min_weight": 0.5}, "min_max_pulp": {"max_delay": 0.049723093696703004, "running_time": 10566.7142868042}}, "40": {"num_user": 100, "num_service": 41, "min_max_greedy": {"max_delay": 0.046274960658495526, "running_time": 12.010335922241211}, "min_max_equal_weight": {"max_delay": 0.049396118027809036, "running_time": 25.020837783813477}, "min_max_surrogate_relaxation": {"max_delay": 0.045802104924415964, "lower_bound": 0.03392916373889511, "running_time": 63.05193901062012, "none_zero_ratio": 0.03, "max_weight": 0.75, "min_weight": 0.0703125}, "min_max_pulp": {"max_delay": 0.04356153286795013, "running_time": 15005.374908447266}}, "50": {"num_user": 100, "num_service": 41, "min_max_greedy": {"max_delay": 0.04070439526947954, "running_time": 16.013145446777344}, "min_max_equal_weight": {"max_delay": 0.04270004375724143, "running_time": 26.021480560302734}, "min_max_surrogate_relaxation": {"max_delay": 0.044837840868883795, "lower_bound": 0.03223844593625917, "running_time": 175.14419555664062, "none_zero_ratio": 0.05, "max_weight": 0.740753173828125, "min_weight": 0.03125}, "min_max_pulp": {"max_delay": 0.03981392518720149, "running_time": 19896.408319473267}}, "60": {"num_user": 100, "num_service": 41, "min_max_greedy": {"max_delay": 0.03869142262178291, "running_time": 20.01643180847168}, "min_max_equal_weight": {"max_delay": 0.04572141303097433, "running_time": 27.022361755371094}, "min_max_surrogate_relaxation": {"max_delay": 0.044403614783906954, "lower_bound": 0.02854697979171083, "running_time": 107.08832740783691, "none_zero_ratio": 0.05, "max_weight": 0.62127685546875, "min_weight": 0.05393028259277344}, "min_max_pulp": {"max_delay": 0.03780095253950486, "running_time": 25691.187381744385}}, "70": {"num_user": 100, "num_service": 41, "min_max_greedy": {"max_delay": 0.03662232635680989, "running_time": 24.019718170166016}, "min_max_equal_weight": {"max_delay": 0.0424537599817891, "running_time": 27.022361755371094}, "min_max_surrogate_relaxation": {"max_delay": 0.043405142897228195, "lower_bound": 0.028916487809167158, "running_time": 193.1591033935547, "none_zero_ratio": 0.06, "max_weight": 0.57421875, "min_weight": 0.009500384330749512}, "min_max_pulp": {"max_delay": 0.03662232635680989, "running_time": 33127.31981277466}}, "80": {"num_user": 100, "num_service": 41, "min_max_greedy": {"max_delay": 0.03598381344692171, "running_time": 25.020599365234375}, "min_max_equal_weight": {"max_delay": 0.03840489971705985, "running_time": 27.022361755371094}, "min_max_surrogate_relaxation": {"max_delay": 0.042315099241457, "lower_bound": 0.02520937146336804, "running_time": 109.08985137939453, "none_zero_ratio": 0.04, "max_weight": 0.5, "min_weight": 0.12451171875}, "min_max_pulp": {"max_delay": 0.03573686069834643, "running_time": 39874.884843826294}}, "90": {"num_user": 100, "num_service": 41, "min_max_greedy": {"max_delay": 0.03892182190922959, "running_time": 18.015146255493164}, "min_max_equal_weight": {"max_delay": 0.03840489971705985, "running_time": 29.02388572692871}, "min_max_surrogate_relaxation": {"max_delay": 0.04426982719120562, "lower_bound": 0.0037324162868513657, "running_time": 84.06949043273926, "none_zero_ratio": 0.03, "max_weight": 0.3984375, "min_weight": 0.25}, "min_max_pulp": {"max_delay": 0.03498999291923531, "running_time": 46275.16293525696}}, "100": {"num_user": 100, "num_service": 41, "min_max_greedy": {"max_delay": 0.035697049547646346, "running_time": 19.01555061340332}, "min_max_equal_weight": {"max_delay": 0.03840489971705985, "running_time": 28.02300453186035}, "min_max_surrogate_relaxation": {"max_delay": 0.04197151183578468, "lower_bound": 0.01315020066211651, "running_time": 128.10540199279785, "none_zero_ratio": 0.04, "max_weight": 0.3984375, "min_weight": 0.164794921875}, "min_max_pulp": {"max_delay": 0.03456029568991596, "running_time": 54198.19641113281}}}