{"entropy": 4083472629685565137192710577474027017, "10": {"num_user": 100, "num_service": 41, "min_max_greedy": {"max_delay": 0.10213943696968238, "running_time": 5.004167556762695}, "min_max_equal_weight": {"max_delay": 0.10213943696968238, "running_time": 23.01931381225586}, "min_max_surrogate_relaxation": {"max_delay": 0.10213943696968238, "lower_bound": 0.09675472158503856, "running_time": 75.06179809570312, "none_zero_ratio": 0.03, "max_weight": 0.5, "min_weight": 0.203125}, "min_max_pulp": {"max_delay": 0.10213943696968238, "running_time": 3139.5890712738037}}, "20": {"num_user": 100, "num_service": 41, "min_max_greedy": {"max_delay": 0.0968679248387859, "running_time": 9.00721549987793}, "min_max_equal_weight": {"max_delay": 0.09791264141704609, "running_time": 24.019718170166016}, "min_max_surrogate_relaxation": {"max_delay": 0.0968679248387859, "lower_bound": 0.08481190724388687, "running_time": 99.08175468444824, "none_zero_ratio": 0.04, "max_weight": 0.53662109375, "min_weight": 0.0803375244140625}, "min_max_pulp": {"max_delay": 0.09303575957556841, "running_time": 6394.273281097412}}, "30": {"num_user": 100, "num_service": 41, "min_max_greedy": {"max_delay": 0.09149574626750136, "running_time": 12.009620666503906}, "min_max_equal_weight": {"max_delay": 0.09791264141704609, "running_time": 26.021957397460938}, "min_max_surrogate_relaxation": {"max_delay": 0.09149574626750136, "lower_bound": 0.08394315581752945, "running_time": 336.2774848937988, "none_zero_ratio": 0.07, "max_weight": 0.296630859375, "min_weight": 0.05252838134765625}, "min_max_pulp": {"max_delay": 0.08805098014404611, "running_time": 10826.92837715149}}, "40": {"num_user": 100, "num_service": 41, "min_max_greedy": {"max_delay": 0.045870151997431025, "running_time": 10.00833511352539}, "min_max_equal_weight": {"max_delay": 0.09604943231543371, "running_time": 27.022361755371094}, "min_max_surrogate_relaxation": {"max_delay": 0.04015456763188608, "lower_bound": 0.026009874389810967, "running_time": 78.0644416809082, "none_zero_ratio": 0.03, "max_weight": 0.5, "min_weight": 0.203125}, "min_max_pulp": {"max_delay": 0.03990389201669031, "running_time": 14232.737302780151}}, "50": {"num_user": 100, "num_service": 41, "min_max_greedy": {"max_delay": 0.03656370283136301, "running_time": 13.010740280151367}, "min_max_equal_weight": {"max_delay": 0.09067725374414916, "running_time": 26.02100372314453}, "min_max_surrogate_relaxation": {"max_delay": 0.036701707586133524, "lower_bound": 0.020712090580210746, "running_time": 94.07758712768555, "none_zero_ratio": 0.03, "max_weight": 0.5, "min_weight": 0.203125}, "min_max_pulp": {"max_delay": 0.031448576633896594, "running_time": 19199.835300445557}}, "60": {"num_user": 100, "num_service": 41, "min_max_greedy": {"max_delay": 0.03160171654703711, "running_time": 15.012741088867188}, "min_max_equal_weight": {"max_delay": 0.03588321506278134, "running_time": 27.02188491821289}, "min_max_surrogate_relaxation": {"max_delay": 0.028611238714093372, "lower_bound": 0.017587775438263713, "running_time": 250.20623207092285, "none_zero_ratio": 0.06, "max_weight": 0.3717041015625, "min_weight": 0.08203125}, "min_max_pulp": {"max_delay": 0.0255920158199696, "running_time": 24529.72960472107}}, "70": {"num_user": 100, "num_service": 41, "min_max_greedy": {"max_delay": 0.023379919496263234, "running_time": 19.01555061340332}, "min_max_equal_weight": {"max_delay": 0.027673698571693568, "running_time": 27.022123336791992}, "min_max_surrogate_relaxation": {"max_delay": 0.027193915172520337, "lower_bound": 0.015072539119796268, "running_time": 470.38769721984863, "none_zero_ratio": 0.1, "max_weight": 0.38973355293273926, "min_weight": 0.01915740966796875}, "min_max_pulp": {"max_delay": 0.02116527189653683, "running_time": 30033.13684463501}}, "80": {"num_user": 100, "num_service": 41, "min_max_greedy": {"max_delay": 0.020011008341870386, "running_time": 19.01531219482422}, "min_max_equal_weight": {"max_delay": 0.024713310404872, "running_time": 27.022600173950195}, "min_max_surrogate_relaxation": {"max_delay": 0.02541104545240038, "lower_bound": 0.010425568868936617, "running_time": 233.19220542907715, "none_zero_ratio": 0.07, "max_weight": 0.39117431640625, "min_weight": 0.07550239562988281}, "min_max_pulp": {"max_delay": 0.016962627031431216, "running_time": 36252.90489196777}}, "90": {"num_user": 100, "num_service": 41, "min_max_greedy": {"max_delay": 0.014539372887663526, "running_time": 23.018598556518555}, "min_max_equal_weight": {"max_delay": 0.017114983389472815, "running_time": 28.023242950439453}, "min_max_surrogate_relaxation": {"max_delay": 0.02017976834954511, "lower_bound": 0.0070313233054161255, "running_time": 198.16350936889648, "none_zero_ratio": 0.05, "max_weight": 0.3046875, "min_weight": 0.11002349853515625}, "min_max_pulp": {"max_delay": 0.014539372887663526, "running_time": 44121.397256851196}}, "100": {"num_user": 100, "num_service": 41, "min_max_greedy": {"max_delay": 0.01385187849538392, "running_time": 27.022361755371094}, "min_max_equal_weight": {"max_delay": 0.014497931379488639, "running_time": 29.02388572692871}, "min_max_surrogate_relaxation": {"max_delay": 0.018571008367656912, "lower_bound": 0.006273399784676085, "running_time": 280.231237411499, "none_zero_ratio": 0.05, "max_weight": 0.5, "min_weight": 0.06494140625}, "min_max_pulp": {"max_delay": 0.013442335513417938, "running_time": 51435.41860580444}}}