{"entropy": 69843946365457405837724309714051232742, "10": {"num_user": 100, "num_service": 41, "min_max_greedy": {"max_delay": 0.5274016716038649, "running_time": 7.005929946899414}, "min_max_equal_weight": {"max_delay": 0.5375410643497399, "running_time": 24.019718170166016}, "min_max_surrogate_relaxation": {"max_delay": 0.5257709006055502, "lower_bound": 0.5132168525231349, "running_time": 43.03550720214844, "none_zero_ratio": 0.03, "max_weight": 0.5, "min_weight": 0.140625}, "min_max_pulp": {"max_delay": 0.5244646631556626, "running_time": 3360.771656036377}}, "20": {"num_user": 100, "num_service": 41, "min_max_greedy": {"max_delay": 0.5144423004129819, "running_time": 11.008977890014648}, "min_max_equal_weight": {"max_delay": 0.5249433118836747, "running_time": 24.019718170166016}, "min_max_surrogate_relaxation": {"max_delay": 0.517336017138771, "lower_bound": 0.5056134333236062, "running_time": 155.12800216674805, "none_zero_ratio": 0.06, "max_weight": 0.3984375, "min_weight": 0.004023313522338867}, "min_max_pulp": {"max_delay": 0.5101781416194532, "running_time": 6442.318439483643}}, "30": {"num_user": 100, "num_service": 41, "min_max_greedy": {"max_delay": 0.5044001098252562, "running_time": 14.011621475219727}, "min_max_equal_weight": {"max_delay": 0.5064266008851057, "running_time": 26.021480560302734}, "min_max_surrogate_relaxation": {"max_delay": 0.5044765939013239, "lower_bound": 0.5027401722696581, "running_time": 229.1889190673828, "none_zero_ratio": 0.08, "max_weight": 0.55755615234375, "min_weight": 0.023214668326545507}, "min_max_pulp": {"max_delay": 0.5044001098252562, "running_time": 10157.4125289917}}, "40": {"num_user": 100, "num_service": 41, "min_max_greedy": {"max_delay": 0.19959462343874934, "running_time": 5.004405975341797}, "min_max_equal_weight": {"max_delay": 0.20263637727772218, "running_time": 23.01931381225586}, "min_max_surrogate_relaxation": {"max_delay": 0.19959462343874934, "lower_bound": 0.2745944653435675, "running_time": 52.04272270202637, "none_zero_ratio": 0.04, "max_weight": 0.5, "min_weight": 0.01318359375}, "min_max_pulp": {"max_delay": 0.19939818843940976, "running_time": 14390.867710113525}}, "50": {"num_user": 100, "num_service": 41, "min_max_greedy": {"max_delay": 0.1931875681881764, "running_time": 7.005929946899414}, "min_max_equal_weight": {"max_delay": 0.1974837231065088, "running_time": 24.019956588745117}, "min_max_surrogate_relaxation": {"max_delay": 0.19206105409881313, "lower_bound": 0.13504942788595595, "running_time": 46.03767395019531, "none_zero_ratio": 0.02, "max_weight": 0.5, "min_weight": 0.5}, "min_max_pulp": {"max_delay": 0.18382846859117172, "running_time": 19152.79531478882}}, "60": {"num_user": 100, "num_service": 41, "min_max_greedy": {"max_delay": 0.17816830669370062, "running_time": 12.010335922241211}, "min_max_equal_weight": {"max_delay": 0.18800682943542607, "running_time": 25.020599365234375}, "min_max_surrogate_relaxation": {"max_delay": 0.19154662796303107, "lower_bound": 0.13114599525342474, "running_time": 59.04841423034668, "none_zero_ratio": 0.02, "max_weight": 0.75, "min_weight": 0.25}, "min_max_pulp": {"max_delay": 0.17787969684684724, "running_time": 24161.940813064575}}, "70": {"num_user": 100, "num_service": 41, "min_max_greedy": {"max_delay": 0.1719449668896885, "running_time": 16.013383865356445}, "min_max_equal_weight": {"max_delay": 0.17197159471246165, "running_time": 26.021480560302734}, "min_max_surrogate_relaxation": {"max_delay": 0.18876136921686062, "lower_bound": 0.13025852140333122, "running_time": 68.05634498596191, "none_zero_ratio": 0.03, "max_weight": 0.5, "min_weight": 0.109375}, "min_max_pulp": {"max_delay": 0.17143054075390643, "running_time": 29257.128477096558}}, "80": {"num_user": 100, "num_service": 41, "min_max_greedy": {"max_delay": 0.1696551766098948, "running_time": 18.01466941833496}, "min_max_equal_weight": {"max_delay": 0.17156425310222978, "running_time": 26.021242141723633}, "min_max_surrogate_relaxation": {"max_delay": 0.1887046432705426, "lower_bound": 0.12982935431943585, "running_time": 79.06532287597656, "none_zero_ratio": 0.03, "max_weight": 0.5, "min_weight": 0.015625}, "min_max_pulp": {"max_delay": 0.07741239943031869, "running_time": 35076.770544052124}}, "90": {"num_user": 100, "num_service": 41, "min_max_greedy": {"max_delay": 0.05289567604890534, "running_time": 8.006095886230469}, "min_max_equal_weight": {"max_delay": 0.058438507903046416, "running_time": 24.019718170166016}, "min_max_surrogate_relaxation": {"max_delay": 0.05314768591309992, "lower_bound": 0.05558875522622036, "running_time": 105.0870418548584, "none_zero_ratio": 0.05, "max_weight": 0.375, "min_weight": 0.05859375}, "min_max_pulp": {"max_delay": 0.05039000762314167, "running_time": 41730.41486740112}}, "100": {"num_user": 100, "num_service": 41, "min_max_greedy": {"max_delay": 0.04441980845211794, "running_time": 12.009620666503906}, "min_max_equal_weight": {"max_delay": 0.045840755436981254, "running_time": 24.019479751586914}, "min_max_surrogate_relaxation": {"max_delay": 0.04546004164952254, "lower_bound": 0.03828468055007785, "running_time": 216.17770195007324, "none_zero_ratio": 0.08, "max_weight": 0.5, "min_weight": 0.015625}, "min_max_pulp": {"max_delay": 0.036002232695255806, "running_time": 48761.213302612305}}}