{"entropy": 131354799357392105933350882161709207040, "10": {"num_user": 100, "num_service": 41, "min_max_greedy": {"max_delay": 0.11066334851498331, "running_time": 5.004167556762695}, "min_max_equal_weight": {"max_delay": 0.11066334851498331, "running_time": 23.018836975097656}, "min_max_surrogate_relaxation": {"max_delay": 0.11066334851498331, "lower_bound": 0.10274869962100548, "running_time": 82.06748962402344, "none_zero_ratio": 0.03, "max_weight": 0.5, "min_weight": 0.015625}, "min_max_pulp": {"max_delay": 0.11066334851498331, "running_time": 2622.162342071533}}, "20": {"num_user": 100, "num_service": 41, "min_max_greedy": {"max_delay": 0.08852004119920309, "running_time": 7.006168365478516}, "min_max_equal_weight": {"max_delay": 0.09777051644648516, "running_time": 24.019718170166016}, "min_max_surrogate_relaxation": {"max_delay": 0.08852004119920309, "lower_bound": 0.08323411778909248, "running_time": 67.05522537231445, "none_zero_ratio": 0.04, "max_weight": 0.488525390625, "min_weight": 0.0703125}, "min_max_pulp": {"max_delay": 0.08852004119920309, "running_time": 5039.155721664429}}, "30": {"num_user": 100, "num_service": 41, "min_max_greedy": {"max_delay": 0.08520852946727338, "running_time": 11.008977890014648}, "min_max_equal_weight": {"max_delay": 0.08704456284500475, "running_time": 25.020837783813477}, "min_max_surrogate_relaxation": {"max_delay": 0.08422555245388084, "lower_bound": 0.08076712085093618, "running_time": 216.17841720581055, "none_zero_ratio": 0.05, "max_weight": 0.25, "min_weight": 0.14133453369140625}, "min_max_pulp": {"max_delay": 0.08422555245388084, "running_time": 7827.4548053741455}}, "40": {"num_user": 100, "num_service": 41, "min_max_greedy": {"max_delay": 0.08351583841284504, "running_time": 14.011383056640625}, "min_max_equal_weight": {"max_delay": 0.08287585673587014, "running_time": 25.020360946655273}, "min_max_surrogate_relaxation": {"max_delay": 0.08214521091344337, "lower_bound": 0.07872994363659425, "running_time": 229.1889190673828, "none_zero_ratio": 0.07, "max_weight": 0.19140625, "min_weight": 0.0640869140625}, "min_max_pulp": {"max_delay": 0.08171590862052322, "running_time": 11321.336507797241}}, "50": {"num_user": 100, "num_service": 41, "min_max_greedy": {"max_delay": 0.08016674181898137, "running_time": 18.014907836914062}, "min_max_equal_weight": {"max_delay": 0.08171590862052322, "running_time": 27.022600173950195}, "min_max_surrogate_relaxation": {"max_delay": 0.07982338047851176, "lower_bound": 0.07813109939966935, "running_time": 474.39122200012207, "none_zero_ratio": 0.09, "max_weight": 0.17650962035986595, "min_weight": 0.06327091170987842}, "min_max_pulp": {"max_delay": 0.07982338047851176, "running_time": 14516.971588134766}}, "60": {"num_user": 100, "num_service": 41, "min_max_greedy": {"max_delay": 0.07926790346079755, "running_time": 20.01667022705078}, "min_max_equal_weight": {"max_delay": 0.08151553937735558, "running_time": 29.024124145507812}, "min_max_surrogate_relaxation": {"max_delay": 0.0796638286697742, "lower_bound": 0.07735359217985303, "running_time": 488.4026050567627, "none_zero_ratio": 0.09, "max_weight": 0.1875, "min_weight": 0.06903076171875}, "min_max_pulp": {"max_delay": 0.07892561580316126, "running_time": 18861.555337905884}}, "70": {"num_user": 100, "num_service": 41, "min_max_greedy": {"max_delay": 0.07874536426946792, "running_time": 24.02019500732422}, "min_max_equal_weight": {"max_delay": 0.0805755017262562, "running_time": 28.023242950439453}, "min_max_surrogate_relaxation": {"max_delay": 0.06915789703787587, "lower_bound": 0.06925199154238491, "running_time": 119.09770965576172, "none_zero_ratio": 0.04, "max_weight": 0.5, "min_weight": 0.078125}, "min_max_pulp": {"max_delay": 0.03309792063450276, "running_time": 21545.76826095581}}, "80": {"num_user": 100, "num_service": 41, "min_max_greedy": {"max_delay": 0.07798982008446025, "running_time": 26.021242141723633}, "min_max_equal_weight": {"max_delay": 0.08042462257175301, "running_time": 29.024124145507812}, "min_max_surrogate_relaxation": {"max_delay": 0.0268629616777744, "lower_bound": 0.031951302584145996, "running_time": 63.05193901062012, "none_zero_ratio": 0.04, "max_weight": 0.4453125, "min_weight": 0.085693359375}, "min_max_pulp": {"max_delay": 0.026003799348569674, "running_time": 25955.29818534851}}, "90": {"num_user": 100, "num_service": 41, "min_max_greedy": {"max_delay": 0.022873152437329992, "running_time": 15.012741088867188}, "min_max_equal_weight": {"max_delay": 0.02222755819303744, "running_time": 25.325775146484375}, "min_max_surrogate_relaxation": {"max_delay": 0.023879821868029873, "lower_bound": 0.016835155252584035, "running_time": 73.06051254272461, "none_zero_ratio": 0.04, "max_weight": 0.73828125, "min_weight": 0.0555419921875}, "min_max_pulp": {"max_delay": 0.02110416070411987, "running_time": 30563.266038894653}}, "100": {"num_user": 100, "num_service": 41, "min_max_greedy": {"max_delay": 0.021905605656014054, "running_time": 18.014907836914062}, "min_max_equal_weight": {"max_delay": 0.020130043440959394, "running_time": 27.022361755371094}, "min_max_surrogate_relaxation": {"max_delay": 0.023457221464608144, "lower_bound": 0.01664101382108123, "running_time": 80.06596565246582, "none_zero_ratio": 0.04, "max_weight": 0.6328125, "min_weight": 0.047607421875}, "min_max_pulp": {"max_delay": 0.019474852824468127, "running_time": 36376.999855041504}}}