{"entropy": 330548246373482494173234727706994835193, "10": {"num_user": 100, "num_service": 41, "min_max_greedy": {"max_delay": 0.26599089013108057, "running_time": 8.006572723388672}, "min_max_equal_weight": {"max_delay": 0.26946490915452836, "running_time": 26.021242141723633}, "min_max_surrogate_relaxation": {"max_delay": 0.25922515461209195, "lower_bound": 0.25000054684641027, "running_time": 186.15341186523438, "none_zero_ratio": 0.03, "max_weight": 0.5, "min_weight": 0.140625}, "min_max_pulp": {"max_delay": 0.2590440893715683, "running_time": 4549.752235412598}}, "20": {"num_user": 100, "num_service": 41, "min_max_greedy": {"max_delay": 0.25329376718732033, "running_time": 10.00833511352539}, "min_max_equal_weight": {"max_delay": 0.25922515461209195, "running_time": 25.020360946655273}, "min_max_surrogate_relaxation": {"max_delay": 0.25305545709668575, "lower_bound": 0.2393782785959491, "running_time": 175.14443397521973, "none_zero_ratio": 0.03, "max_weight": 0.5, "min_weight": 0.046875}, "min_max_pulp": {"max_delay": 0.2517494849313301, "running_time": 9531.866073608398}}, "30": {"num_user": 100, "num_service": 41, "min_max_greedy": {"max_delay": 0.09488056854770095, "running_time": 5.004167556762695}, "min_max_equal_weight": {"max_delay": 0.25305545709668575, "running_time": 27.02188491821289}, "min_max_surrogate_relaxation": {"max_delay": 0.09488056854770095, "lower_bound": 0.17374976059781522, "running_time": 66.0548210144043, "none_zero_ratio": 0.04, "max_weight": 0.522216796875, "min_weight": 0.016845703125}, "min_max_pulp": {"max_delay": 0.09488056854770095, "running_time": 15290.610313415527}}, "40": {"num_user": 100, "num_service": 41, "min_max_greedy": {"max_delay": 0.0809359225440358, "running_time": 9.00721549987793}, "min_max_equal_weight": {"max_delay": 0.08124986265820587, "running_time": 24.019718170166016}, "min_max_surrogate_relaxation": {"max_delay": 0.07760473976264137, "lower_bound": 0.05017288510637256, "running_time": 103.08504104614258, "none_zero_ratio": 0.05, "max_weight": 0.415283203125, "min_weight": 0.03124237060546875}, "min_max_pulp": {"max_delay": 0.07581002736717578, "running_time": 22068.19987297058}}, "50": {"num_user": 100, "num_service": 41, "min_max_greedy": {"max_delay": 0.06823879960027558, "running_time": 12.009859085083008}, "min_max_equal_weight": {"max_delay": 0.07401372737591522, "running_time": 26.021480560302734}, "min_max_surrogate_relaxation": {"max_delay": 0.07760473976264137, "lower_bound": 0.04306532733999564, "running_time": 131.10828399658203, "none_zero_ratio": 0.05, "max_weight": 0.615966796875, "min_weight": 0.00597381591796875}, "min_max_pulp": {"max_delay": 0.06728146174569269, "running_time": 29792.569875717163}}, "60": {"num_user": 100, "num_service": 41, "min_max_greedy": {"max_delay": 0.05963149373238777, "running_time": 13.010740280151367}, "min_max_equal_weight": {"max_delay": 0.06780826543760067, "running_time": 26.021480560302734}, "min_max_surrogate_relaxation": {"max_delay": 0.06394201993900575, "lower_bound": 0.024824626033028353, "running_time": 95.0784683227539, "none_zero_ratio": 0.05, "max_weight": 0.375732421875, "min_weight": 0.1171875}, "min_max_pulp": {"max_delay": 0.05948298765338633, "running_time": 40116.594076156616}}, "70": {"num_user": 100, "num_service": 41, "min_max_greedy": {"max_delay": 0.05106383175472186, "running_time": 14.011383056640625}, "min_max_equal_weight": {"max_delay": 0.054284838221209906, "running_time": 28.023481369018555}, "min_max_surrogate_relaxation": {"max_delay": 0.05124489699524554, "lower_bound": 0.03156486364763009, "running_time": 373.3079433441162, "none_zero_ratio": 0.06, "max_weight": 0.3731060028076172, "min_weight": 0.0625}, "min_max_pulp": {"max_delay": 0.048281230434980844, "running_time": 46928.701877593994}}, "80": {"num_user": 100, "num_service": 41, "min_max_greedy": {"max_delay": 0.04193466229855563, "running_time": 16.013383865356445}, "min_max_equal_weight": {"max_delay": 0.054284838221209906, "running_time": 26.021718978881836}, "min_max_surrogate_relaxation": {"max_delay": 0.04502721520406797, "lower_bound": 0.01573902433664988, "running_time": 227.1878719329834, "none_zero_ratio": 0.07, "max_weight": 0.3987040836364031, "min_weight": 0.0625}, "min_max_pulp": {"max_delay": 0.04193466229855563, "running_time": 57113.10052871704}}, "90": {"num_user": 100, "num_service": 41, "min_max_greedy": {"max_delay": 0.03595144197344162, "running_time": 22.0186710357666}, "min_max_equal_weight": {"max_delay": 0.047886437184442326, "running_time": 28.023481369018555}, "min_max_surrogate_relaxation": {"max_delay": 0.04012440303928726, "lower_bound": 0.01683735139384563, "running_time": 257.21192359924316, "none_zero_ratio": 0.07, "max_weight": 0.2119140625, "min_weight": 0.03125}, "min_max_pulp": {"max_delay": 0.03595144197344162, "running_time": 69008.91137123108}}, "100": {"num_user": 100, "num_service": 41, "min_max_greedy": {"max_delay": 0.03385417918915408, "running_time": 24.02043342590332}, "min_max_equal_weight": {"max_delay": 0.04245811229246393, "running_time": 27.02188491821289}, "min_max_surrogate_relaxation": {"max_delay": 0.04534849526066617, "lower_bound": 0.007526268941363422, "running_time": 171.1409091949463, "none_zero_ratio": 0.05, "max_weight": 0.4145622253417969, "min_weight": 0.125}, "min_max_pulp": {"max_delay": 0.03178271320213592, "running_time": 79914.90507125854}}}