{"entropy": 295993712058438644563114828767322657188, "10": {"num_user": 100, "num_service": 41, "min_max_greedy": {"max_delay": 0.10951833785025464, "running_time": 6.004571914672852}, "min_max_equal_weight": {"max_delay": 0.11302409908451426, "running_time": 23.01931381225586}, "min_max_surrogate_relaxation": {"max_delay": 0.10865409739489391, "lower_bound": 0.10182262506995074, "running_time": 92.07606315612793, "none_zero_ratio": 0.02, "max_weight": 0.5, "min_weight": 0.5}, "min_max_pulp": {"max_delay": 0.10865409739489391, "running_time": 4227.486371994019}}, "20": {"num_user": 100, "num_service": 41, "min_max_greedy": {"max_delay": 0.09963257895192203, "running_time": 10.00833511352539}, "min_max_equal_weight": {"max_delay": 0.10430446438386945, "running_time": 24.019718170166016}, "min_max_surrogate_relaxation": {"max_delay": 0.09956897030753147, "lower_bound": 0.09497609528031957, "running_time": 172.14179039001465, "none_zero_ratio": 0.06, "max_weight": 0.3054320812225342, "min_weight": 0.00985264778137207}, "min_max_pulp": {"max_delay": 0.09956897030753147, "running_time": 8637.122392654419}}, "30": {"num_user": 100, "num_service": 41, "min_max_greedy": {"max_delay": 0.05708097685544167, "running_time": 7.0056915283203125}, "min_max_equal_weight": {"max_delay": 0.10064272036278887, "running_time": 25.020599365234375}, "min_max_surrogate_relaxation": {"max_delay": 0.05276741726809773, "lower_bound": 0.055857003733601855, "running_time": 54.04472351074219, "none_zero_ratio": 0.04, "max_weight": 0.5, "min_weight": 0.09521484375}, "min_max_pulp": {"max_delay": 0.05276741726809773, "running_time": 13969.60711479187}}, "40": {"num_user": 100, "num_service": 41, "min_max_greedy": {"max_delay": 0.04214515838929381, "running_time": 10.008573532104492}, "min_max_equal_weight": {"max_delay": 0.043183542112092174, "running_time": 25.020360946655273}, "min_max_surrogate_relaxation": {"max_delay": 0.043183542112092174, "lower_bound": 0.02941047400646743, "running_time": 106.08744621276855, "none_zero_ratio": 0.04, "max_weight": 0.73828125, "min_weight": 0.0042724609375}, "min_max_pulp": {"max_delay": 0.04176037668199696, "running_time": 19767.3020362854}}, "50": {"num_user": 100, "num_service": 41, "min_max_greedy": {"max_delay": 0.03555463647445539, "running_time": 13.010740280151367}, "min_max_equal_weight": {"max_delay": 0.03712817440812404, "running_time": 25.020599365234375}, "min_max_surrogate_relaxation": {"max_delay": 0.04109014818250857, "lower_bound": 0.023640125394537283, "running_time": 115.09466171264648, "none_zero_ratio": 0.04, "max_weight": 0.6328125, "min_weight": 0.054931640625}, "min_max_pulp": {"max_delay": 0.035280613805848134, "running_time": 25956.95924758911}}, "60": {"num_user": 100, "num_service": 41, "min_max_greedy": {"max_delay": 0.033906191984020895, "running_time": 16.013383865356445}, "min_max_equal_weight": {"max_delay": 0.035454074976608865, "running_time": 27.022600173950195}, "min_max_surrogate_relaxation": {"max_delay": 0.03965910557178993, "lower_bound": 0.022533701699149554, "running_time": 102.08392143249512, "none_zero_ratio": 0.04, "max_weight": 0.5, "min_weight": 0.05810546875}, "min_max_pulp": {"max_delay": 0.033036782528195315, "running_time": 33731.818437576294}}, "70": {"num_user": 100, "num_service": 41, "min_max_greedy": {"max_delay": 0.032119275417353224, "running_time": 19.015789031982422}, "min_max_equal_weight": {"max_delay": 0.035454074976608865, "running_time": 27.022123336791992}, "min_max_surrogate_relaxation": {"max_delay": 0.03615696833192481, "lower_bound": 0.01357782739003855, "running_time": 94.07782554626465, "none_zero_ratio": 0.05, "max_weight": 0.3046875, "min_weight": 0.07175445556640625}, "min_max_pulp": {"max_delay": 0.031886361056857424, "running_time": 43012.4716758728}}, "80": {"num_user": 100, "num_service": 41, "min_max_greedy": {"max_delay": 0.03001915473981009, "running_time": 22.0181941986084}, "min_max_equal_weight": {"max_delay": 0.03555463647445539, "running_time": 26.021718978881836}, "min_max_surrogate_relaxation": {"max_delay": 0.029308649009183133, "lower_bound": 0.013358430961817505, "running_time": 143.11838150024414, "none_zero_ratio": 0.06, "max_weight": 0.276123046875, "min_weight": 0.02955794334411621}, "min_max_pulp": {"max_delay": 0.028348212560348415, "running_time": 49279.64091300964}}, "90": {"num_user": 100, "num_service": 41, "min_max_greedy": {"max_delay": 0.02736552153947819, "running_time": 16.013383865356445}, "min_max_equal_weight": {"max_delay": 0.035454074976608865, "running_time": 27.022600173950195}, "min_max_surrogate_relaxation": {"max_delay": 0.02804170439269186, "lower_bound": 0.00892011781712641, "running_time": 119.09842491149902, "none_zero_ratio": 0.05, "max_weight": 0.27637481689453125, "min_weight": 0.07738494873046875}, "min_max_pulp": {"max_delay": 0.0260664704562188, "running_time": 60695.05500793457}}, "100": {"num_user": 100, "num_service": 41, "min_max_greedy": {"max_delay": 0.025214749460709424, "running_time": 20.016193389892578}, "min_max_equal_weight": {"max_delay": 0.035454074976608865, "running_time": 28.02300453186035}, "min_max_surrogate_relaxation": {"max_delay": 0.027112001576121782, "lower_bound": 0.013078178436470314, "running_time": 262.21632957458496, "none_zero_ratio": 0.07, "max_weight": 0.51953125, "min_weight": 0.027825236320495605}, "min_max_pulp": {"max_delay": 0.023034466633174606, "running_time": 232930.09614944458}}}