{"entropy": 45821452721121722621564916078462239513, "10": {"num_user": 100, "num_service": 41, "min_max_greedy": {"max_delay": 0.06110174152260352, "running_time": 6.004810333251953}, "min_max_equal_weight": {"max_delay": 0.06027404430207983, "running_time": 23.018836975097656}, "min_max_surrogate_relaxation": {"max_delay": 0.06027404430207983, "lower_bound": 0.05273547562189651, "running_time": 58.04800987243652, "none_zero_ratio": 0.04, "max_weight": 0.5, "min_weight": 0.01123046875}, "min_max_pulp": {"max_delay": 0.05707672775861036, "running_time": 3321.7391967773438}}, "20": {"num_user": 100, "num_service": 41, "min_max_greedy": {"max_delay": 0.04899171745452441, "running_time": 9.00721549987793}, "min_max_equal_weight": {"max_delay": 0.05293346987782065, "running_time": 24.019956588745117}, "min_max_surrogate_relaxation": {"max_delay": 0.05012801712220209, "lower_bound": 0.040949631266873086, "running_time": 116.13941192626953, "none_zero_ratio": 0.05, "max_weight": 0.3984375, "min_weight": 0.01544952392578125}, "min_max_pulp": {"max_delay": 0.04899171745452441, "running_time": 6633.47053527832}}, "30": {"num_user": 100, "num_service": 41, "min_max_greedy": {"max_delay": 0.04532668307437823, "running_time": 11.00921630859375}, "min_max_equal_weight": {"max_delay": 0.05293346987782065, "running_time": 25.020837783813477}, "min_max_surrogate_relaxation": {"max_delay": 0.05012801712220209, "lower_bound": 0.03179212502207997, "running_time": 82.06772804260254, "none_zero_ratio": 0.05, "max_weight": 0.615966796875, "min_weight": 0.00995635986328125}, "min_max_pulp": {"max_delay": 0.043924140941543344, "running_time": 10459.99526977539}}, "40": {"num_user": 100, "num_service": 41, "min_max_greedy": {"max_delay": 0.04233410444457433, "running_time": 13.010740280151367}, "min_max_equal_weight": {"max_delay": 0.042529148484003604, "running_time": 26.021242141723633}, "min_max_surrogate_relaxation": {"max_delay": 0.04289194202025781, "lower_bound": 0.025020567639646437, "running_time": 115.09490013122559, "none_zero_ratio": 0.03, "max_weight": 0.5, "min_weight": 0.203125}, "min_max_pulp": {"max_delay": 0.04014914283657224, "running_time": 14737.153768539429}}, "50": {"num_user": 100, "num_service": 41, "min_max_greedy": {"max_delay": 0.037103276914167545, "running_time": 17.014026641845703}, "min_max_equal_weight": {"max_delay": 0.03724776315852957, "running_time": 25.020599365234375}, "min_max_surrogate_relaxation": {"max_delay": 0.0326392718887262, "lower_bound": 0.023025422935677418, "running_time": 265.21897315979004, "none_zero_ratio": 0.09, "max_weight": 0.25, "min_weight": 0.011887288419529796}, "min_max_pulp": {"max_delay": 0.0326392718887262, "running_time": 18887.576580047607}}, "60": {"num_user": 100, "num_service": 41, "min_max_greedy": {"max_delay": 0.029240910675850728, "running_time": 14.011383056640625}, "min_max_equal_weight": {"max_delay": 0.029435954715279992, "running_time": 26.021242141723633}, "min_max_surrogate_relaxation": {"max_delay": 0.029319964391583783, "lower_bound": 0.014033731571753815, "running_time": 171.1409091949463, "none_zero_ratio": 0.05, "max_weight": 0.5, "min_weight": 0.0446319580078125}, "min_max_pulp": {"max_delay": 0.02757169537574513, "running_time": 24032.830476760864}}, "70": {"num_user": 100, "num_service": 41, "min_max_greedy": {"max_delay": 0.023915048028609835, "running_time": 17.0137882232666}, "min_max_equal_weight": {"max_delay": 0.02436837820229892, "running_time": 26.021718978881836}, "min_max_surrogate_relaxation": {"max_delay": 0.02706894792790922, "lower_bound": 0.011460852715721028, "running_time": 202.16655731201172, "none_zero_ratio": 0.07, "max_weight": 0.26882171630859375, "min_weight": 0.059326171875}, "min_max_pulp": {"max_delay": 0.02345899039543411, "running_time": 29467.30136871338}}, "80": {"num_user": 100, "num_service": 41, "min_max_greedy": {"max_delay": 0.022545841926392567, "running_time": 22.017955780029297}, "min_max_equal_weight": {"max_delay": 0.02436837820229892, "running_time": 27.022600173950195}, "min_max_surrogate_relaxation": {"max_delay": 0.022116962320541462, "lower_bound": 0.010497764103489375, "running_time": 245.20254135131836, "none_zero_ratio": 0.08, "max_weight": 0.25, "min_weight": 0.02238995977677405}, "min_max_pulp": {"max_delay": 0.017685363911198175, "running_time": 35107.9535484314}}, "90": {"num_user": 100, "num_service": 41, "min_max_greedy": {"max_delay": 0.01992000433136365, "running_time": 19.01555061340332}, "min_max_equal_weight": {"max_delay": 0.024203200719985232, "running_time": 28.02276611328125}, "min_max_surrogate_relaxation": {"max_delay": 0.020480827491307474, "lower_bound": 0.008749479027519966, "running_time": 234.1933250427246, "none_zero_ratio": 0.06, "max_weight": 0.5, "min_weight": 0.025169849395751953}, "min_max_pulp": {"max_delay": 0.012135708421708476, "running_time": 41312.08109855652}}, "100": {"num_user": 100, "num_service": 41, "min_max_greedy": {"max_delay": 0.007355520850564913, "running_time": 18.014907836914062}, "min_max_equal_weight": {"max_delay": 0.02187791699624297, "running_time": 30.025005340576172}, "min_max_surrogate_relaxation": {"max_delay": 0.010456245693265687, "lower_bound": 0.004256780483913098, "running_time": 302.2494316101074, "none_zero_ratio": 0.06, "max_weight": 0.296630859375, "min_weight": 0.03841137886047363}, "min_max_pulp": {"max_delay": 0.007068131908727409, "running_time": 48609.11011695862}}}