{"entropy": 126430923887322372542727888965746719231, "10": {"num_user": 100, "num_service": 41, "min_max_greedy": {"max_delay": 0.15582630593144817, "running_time": 6.005525588989258}, "min_max_equal_weight": {"max_delay": 0.16501851208810292, "running_time": 23.019075393676758}, "min_max_surrogate_relaxation": {"max_delay": 0.16375635931048307, "lower_bound": 0.147761325125916, "running_time": 44.0363883972168, "none_zero_ratio": 0.03, "max_weight": 0.4453125, "min_weight": 0.25}, "min_max_pulp": {"max_delay": 0.15582630593144817, "running_time": 2694.2217350006104}}, "20": {"num_user": 100, "num_service": 41, "min_max_greedy": {"max_delay": 0.13639179264221588, "running_time": 7.005929946899414}, "min_max_equal_weight": {"max_delay": 0.15944155134738652, "running_time": 24.019718170166016}, "min_max_surrogate_relaxation": {"max_delay": 0.13639179264221588, "lower_bound": 0.13418571314361236, "running_time": 91.07518196105957, "none_zero_ratio": 0.04, "max_weight": 0.5, "min_weight": 0.00830078125}, "min_max_pulp": {"max_delay": 0.13639179264221588, "running_time": 5212.298631668091}}, "30": {"num_user": 100, "num_service": 41, "min_max_greedy": {"max_delay": 0.13292530336485672, "running_time": 11.008739471435547}, "min_max_equal_weight": {"max_delay": 0.14432184602125078, "running_time": 25.020599365234375}, "min_max_surrogate_relaxation": {"max_delay": 0.13292530336485672, "lower_bound": 0.13029308395120331, "running_time": 353.29174995422363, "none_zero_ratio": 0.06, "max_weight": 0.37416815757751465, "min_weight": 0.012069940567016602}, "min_max_pulp": {"max_delay": 0.13292530336485672, "running_time": 7962.566375732422}}, "40": {"num_user": 100, "num_service": 41, "min_max_greedy": {"max_delay": 0.13122821818851488, "running_time": 14.011621475219727}, "min_max_equal_weight": {"max_delay": 0.07132837422679204, "running_time": 24.02019500732422}, "min_max_surrogate_relaxation": {"max_delay": 0.07740758280558055, "lower_bound": 0.1241719602305727, "running_time": 34.028053283691406, "none_zero_ratio": 0.03, "max_weight": 0.5, "min_weight": 0.046875}, "min_max_pulp": {"max_delay": 0.07132837422679204, "running_time": 11402.403354644775}}, "50": {"num_user": 100, "num_service": 41, "min_max_greedy": {"max_delay": 0.05189386093755975, "running_time": 9.007930755615234}, "min_max_equal_weight": {"max_delay": 0.06701356626369548, "running_time": 24.02019500732422}, "min_max_surrogate_relaxation": {"max_delay": 0.07160991355240824, "lower_bound": 0.04052755925603677, "running_time": 120.09906768798828, "none_zero_ratio": 0.05, "max_weight": 0.7681884765625, "min_weight": 0.002323150634765625}, "min_max_pulp": {"max_delay": 0.05189386093755975, "running_time": 14717.137575149536}}, "60": {"num_user": 100, "num_service": 41, "min_max_greedy": {"max_delay": 0.044698258713998164, "running_time": 12.01009750366211}, "min_max_equal_weight": {"max_delay": 0.050631708159939906, "running_time": 25.020360946655273}, "min_max_surrogate_relaxation": {"max_delay": 0.06575141348607565, "lower_bound": 0.03677471450264505, "running_time": 101.08375549316406, "none_zero_ratio": 0.04, "max_weight": 0.7265625, "min_weight": 0.000732421875}, "min_max_pulp": {"max_delay": 0.044698258713998164, "running_time": 18660.389184951782}}, "70": {"num_user": 100, "num_service": 41, "min_max_greedy": {"max_delay": 0.0437377150624057, "running_time": 15.012502670288086}, "min_max_equal_weight": {"max_delay": 0.050631708159939906, "running_time": 25.020599365234375}, "min_max_surrogate_relaxation": {"max_delay": 0.049893200153277646, "lower_bound": 0.031062552084285985, "running_time": 90.07406234741211, "none_zero_ratio": 0.04, "max_weight": 0.791015625, "min_weight": 0.0625}, "min_max_pulp": {"max_delay": 0.04207123978828743, "running_time": 23116.063356399536}}, "80": {"num_user": 100, "num_service": 41, "min_max_greedy": {"max_delay": 0.04095658810218694, "running_time": 18.01466941833496}, "min_max_equal_weight": {"max_delay": 0.043436105936378325, "running_time": 27.022600173950195}, "min_max_surrogate_relaxation": {"max_delay": 0.04912898876529501, "lower_bound": 0.030573893033291905, "running_time": 104.08592224121094, "none_zero_ratio": 0.04, "max_weight": 0.791015625, "min_weight": 0.05035400390625}, "min_max_pulp": {"max_delay": 0.040070579004005326, "running_time": 27721.36092185974}}, "90": {"num_user": 100, "num_service": 41, "min_max_greedy": {"max_delay": 0.03936336615018383, "running_time": 22.0184326171875}, "min_max_equal_weight": {"max_delay": 0.04239674903402268, "running_time": 27.022361755371094}, "min_max_surrogate_relaxation": {"max_delay": 0.04897749400698204, "lower_bound": 0.030260576689380037, "running_time": 119.09818649291992, "none_zero_ratio": 0.04, "max_weight": 0.7646484375, "min_weight": 0.030975341796875}, "min_max_pulp": {"max_delay": 0.038918799991135664, "running_time": 33744.81225013733}}, "100": {"num_user": 100, "num_service": 41, "min_max_greedy": {"max_delay": 0.03836177728713445, "running_time": 25.020837783813477}, "min_max_equal_weight": {"max_delay": 0.040070579004005326, "running_time": 29.02364730834961}, "min_max_surrogate_relaxation": {"max_delay": 0.04251461015372153, "lower_bound": 0.0281778873487588, "running_time": 108.08873176574707, "none_zero_ratio": 0.04, "max_weight": 0.5, "min_weight": 0.04443359375}, "min_max_pulp": {"max_delay": 0.03333546361322661, "running_time": 37593.00231933594}}}