{"entropy": 182261786067049719047033316804416172275, "10": {"num_user": 400, "num_service": 41, "min_max_greedy": {"max_delay": 5.031202859248061, "running_time": 23.018836975097656}, "min_max_equal_weight": {"max_delay": 5.031202859248061, "running_time": 347.2864627838135}, "min_max_surrogate_relaxation": {"max_delay": 5.030213352594578, "lower_bound": 5.023958393144799, "running_time": 304.25143241882324, "none_zero_ratio": 0.00125, "max_weight": 0.5, "min_weight": 0.5}, "min_max_pulp": {"max_delay": 5.030213352594578, "running_time": 60417.8261756897}}, "20": {"num_user": 400, "num_service": 41, "min_max_greedy": {"max_delay": 5.021249690182706, "running_time": 31.02588653564453}, "min_max_equal_weight": {"max_delay": 5.028649260191954, "running_time": 345.28446197509766}, "min_max_surrogate_relaxation": {"max_delay": 5.019178609466929, "lower_bound": 5.0102854202150375, "running_time": 236.19461059570312, "none_zero_ratio": 0.0025, "max_weight": 0.4921875, "min_weight": 0.072509765625}, "min_max_pulp": {"max_delay": 5.019178609466929, "running_time": 115319.10133361816}}, "30": {"num_user": 400, "num_service": 41, "min_max_greedy": {"max_delay": 5.0136562596442715, "running_time": 38.03133964538574}, "min_max_equal_weight": {"max_delay": 5.018696091126599, "running_time": 355.29303550720215}, "min_max_surrogate_relaxation": {"max_delay": 5.012594151741632, "lower_bound": 5.006735096853506, "running_time": 335.27588844299316, "none_zero_ratio": 0.003125, "max_weight": 0.4453125, "min_weight": 0.03719329833984375}, "min_max_pulp": {"max_delay": 5.012594151741632, "running_time": 171080.08933067322}}, "40": {"num_user": 400, "num_service": 41, "min_max_greedy": {"max_delay": 5.011740376159266, "running_time": 51.04207992553711}, "min_max_equal_weight": {"max_delay": 5.010646144657897, "running_time": 352.29015350341797}, "min_max_surrogate_relaxation": {"max_delay": 5.010445218133746, "lower_bound": 5.006643580060157, "running_time": 1582.3047161102295, "none_zero_ratio": 0.005625, "max_weight": 0.2537841796875, "min_weight": 0.030128127546049654}, "min_max_pulp": {"max_delay": 5.009184443012607, "running_time": 232302.579164505}}, "50": {"num_user": 400, "num_service": 41, "min_max_greedy": {"max_delay": 5.0106376791550025, "running_time": 60.04977226257324}, "min_max_equal_weight": {"max_delay": 5.008730261172891, "running_time": 356.2939167022705}, "min_max_surrogate_relaxation": {"max_delay": 5.008245531974023, "lower_bound": 5.00563858644661, "running_time": 1961.244821548462, "none_zero_ratio": 0.008125, "max_weight": 0.2612312026121799, "min_weight": 0.016350642462994187}, "min_max_pulp": {"max_delay": 5.008245531974023, "running_time": 296245.45526504517}}, "60": {"num_user": 400, "num_service": 41, "min_max_greedy": {"max_delay": 5.007901169188873, "running_time": 71.05875015258789}, "min_max_equal_weight": {"max_delay": 5.007723888358085, "running_time": 356.2936782836914}, "min_max_surrogate_relaxation": {"max_delay": 5.007204385207218, "lower_bound": 5.004237527402364, "running_time": 1642.3544883728027, "none_zero_ratio": 0.00625, "max_weight": 0.1726508344290778, "min_weight": 0.0230712890625}, "min_max_pulp": {"max_delay": 5.006866353360037, "running_time": 370148.26250076294}}, "70": {"num_user": 400, "num_service": 41, "min_max_greedy": {"max_delay": 5.0061640107217285, "running_time": 80.06596565246582}, "min_max_equal_weight": {"max_delay": 5.007723888358085, "running_time": 358.2954406738281}, "min_max_surrogate_relaxation": {"max_delay": 5.006759130657372, "lower_bound": 5.003704517102632, "running_time": 2591.1364555358887, "none_zero_ratio": 0.0075, "max_weight": 0.15838176012039185, "min_weight": 0.02611808509517005}, "min_max_pulp": {"max_delay": 5.005722581175397, "running_time": 445001.91354751587}}, "80": {"num_user": 400, "num_service": 41, "min_max_greedy": {"max_delay": 5.004902491258556, "running_time": 95.07870674133301}, "min_max_equal_weight": {"max_delay": 5.007195383140041, "running_time": 360.29696464538574}, "min_max_surrogate_relaxation": {"max_delay": 5.0048390612802045, "lower_bound": 5.003068384063753, "running_time": 2343.933582305908, "none_zero_ratio": 0.006875, "max_weight": 0.1568126678466797, "min_weight": 0.052678230527680725}, "min_max_pulp": {"max_delay": 5.004486623957326, "running_time": 535440.6931400299}}, "90": {"num_user": 400, "num_service": 41, "min_max_greedy": {"max_delay": 5.00452950266209, "running_time": 102.08439826965332}, "min_max_equal_weight": {"max_delay": 5.004815757742546, "running_time": 358.2956790924072}, "min_max_surrogate_relaxation": {"max_delay": 5.005121622953525, "lower_bound": 5.002604226968417, "running_time": 1962.618350982666, "none_zero_ratio": 0.00625, "max_weight": 0.2106493411702104, "min_weight": 0.04955245014315324}, "min_max_pulp": {"max_delay": 5.004017835996823, "running_time": 623748.911857605}}, "100": {"num_user": 400, "num_service": 41, "min_max_greedy": {"max_delay": 5.00396445140466, "running_time": 121.09994888305664}, "min_max_equal_weight": {"max_delay": 5.003943534307053, "running_time": 365.30160903930664}, "min_max_surrogate_relaxation": {"max_delay": 5.004188178398081, "lower_bound": 5.002154277374069, "running_time": 1848.525047302246, "none_zero_ratio": 0.00625, "max_weight": 0.17493141669547185, "min_weight": 0.0625}, "min_max_pulp": {"max_delay": 5.0031116738728025, "running_time": 725632.429599762}}}