{"entropy": 58565293960005230027115670432660394467, "10": {"num_user": 400, "num_service": 41, "min_max_greedy": {"max_delay": 0.06246710827416105, "running_time": 19.01555061340332}, "min_max_equal_weight": {"max_delay": 0.06920675886345826, "running_time": 357.29479789733887}, "min_max_surrogate_relaxation": {"max_delay": 0.06246710827416105, "lower_bound": 0.04237319620624071, "running_time": 142.11750030517578, "none_zero_ratio": 0.00125, "max_weight": 0.5, "min_weight": 0.5}, "min_max_pulp": {"max_delay": 0.06246710827416105, "running_time": 59903.40209007263}}, "20": {"num_user": 400, "num_service": 41, "min_max_greedy": {"max_delay": 0.04308611269839208, "running_time": 26.021242141723633}, "min_max_equal_weight": {"max_delay": 0.04308611269839208, "running_time": 358.2956790924072}, "min_max_surrogate_relaxation": {"max_delay": 0.03932135053187098, "lower_bound": 0.020958003125156475, "running_time": 217.1790599822998, "none_zero_ratio": 0.001875, "max_weight": 0.5, "min_weight": 0.015625}, "min_max_pulp": {"max_delay": 0.03932135053187098, "running_time": 108074.12815093994}}, "30": {"num_user": 400, "num_service": 41, "min_max_greedy": {"max_delay": 0.026695797820641597, "running_time": 35.02917289733887}, "min_max_equal_weight": {"max_delay": 0.03374639545303089, "running_time": 367.30289459228516}, "min_max_surrogate_relaxation": {"max_delay": 0.02988406041803573, "lower_bound": 0.021158372216841536, "running_time": 974.8036861419678, "none_zero_ratio": 0.005625, "max_weight": 0.2230224609375, "min_weight": 0.0019186568493978484}, "min_max_pulp": {"max_delay": 0.026695797820641597, "running_time": 161289.01386260986}}, "40": {"num_user": 400, "num_service": 41, "min_max_greedy": {"max_delay": 0.019317666036161765, "running_time": 46.038150787353516}, "min_max_equal_weight": {"max_delay": 0.021998691177020042, "running_time": 367.30289459228516}, "min_max_surrogate_relaxation": {"max_delay": 0.024535747704259914, "lower_bound": 0.015435621886721996, "running_time": 784.64674949646, "none_zero_ratio": 0.00625, "max_weight": 0.2919425964355469, "min_weight": 0.0002489198863031561}, "min_max_pulp": {"max_delay": 0.019317666036161765, "running_time": 221059.3068599701}}, "50": {"num_user": 400, "num_service": 41, "min_max_greedy": {"max_delay": 0.017505078603034244, "running_time": 54.044485092163086}, "min_max_equal_weight": {"max_delay": 0.017984022249702997, "running_time": 370.30553817749023}, "min_max_surrogate_relaxation": {"max_delay": 0.016214348712227343, "lower_bound": 0.014499106120207243, "running_time": 1877.5484561920166, "none_zero_ratio": 0.00875, "max_weight": 0.18921216018497944, "min_weight": 0.00013660383302416284}, "min_max_pulp": {"max_delay": 0.016214348712227343, "running_time": 281859.4481945038}}, "60": {"num_user": 400, "num_service": 41, "min_max_greedy": {"max_delay": 0.01627899714464211, "running_time": 61.0501766204834}, "min_max_equal_weight": {"max_delay": 0.01580918254060715, "running_time": 364.3002510070801}, "min_max_surrogate_relaxation": {"max_delay": 0.015883440468119306, "lower_bound": 0.013248883310003701, "running_time": 1498.2357025146484, "none_zero_ratio": 0.005, "max_weight": 0.2503395080566406, "min_weight": 0.0005454785423353314}, "min_max_pulp": {"max_delay": 0.01512201202887553, "running_time": 353158.24818611145}}, "70": {"num_user": 400, "num_service": 41, "min_max_greedy": {"max_delay": 0.015829204584335305, "running_time": 73.06027412414551}, "min_max_equal_weight": {"max_delay": 0.01580918254060715, "running_time": 373.3079433441162}, "min_max_surrogate_relaxation": {"max_delay": 0.01483401768041936, "lower_bound": 0.012636199475912505, "running_time": 2345.9343910217285, "none_zero_ratio": 0.006875, "max_weight": 0.1796811819076538, "min_weight": 0.0005960533226989639}, "min_max_pulp": {"max_delay": 0.01458475035965923, "running_time": 429328.06515693665}}, "80": {"num_user": 400, "num_service": 41, "min_max_greedy": {"max_delay": 0.01382045579531292, "running_time": 90.0735855102539}, "min_max_equal_weight": {"max_delay": 0.0156865374387362, "running_time": 376.3101100921631}, "min_max_surrogate_relaxation": {"max_delay": 0.014051497889012117, "lower_bound": 0.011873900350014252, "running_time": 1663.3713245391846, "none_zero_ratio": 0.00625, "max_weight": 0.19140625, "min_weight": 0.0002809878793641474}, "min_max_pulp": {"max_delay": 0.013770001179098011, "running_time": 511315.68002700806}}, "90": {"num_user": 400, "num_service": 41, "min_max_greedy": {"max_delay": 0.013060778728911846, "running_time": 96.07911109924316}, "min_max_equal_weight": {"max_delay": 0.0156865374387362, "running_time": 376.3101100921631}, "min_max_surrogate_relaxation": {"max_delay": 0.013520889468375541, "lower_bound": 0.011623504984038417, "running_time": 3248.6791610717773, "none_zero_ratio": 0.01, "max_weight": 0.13847251210245304, "min_weight": 8.496933058977844e-05}, "min_max_pulp": {"max_delay": 0.01283809075455704, "running_time": 598357.4628829956}}, "100": {"num_user": 400, "num_service": 41, "min_max_greedy": {"max_delay": 0.012622778322483413, "running_time": 107.08856582641602}, "min_max_equal_weight": {"max_delay": 0.014224034693363622, "running_time": 377.31122970581055}, "min_max_surrogate_relaxation": {"max_delay": 0.01253633654700748, "lower_bound": 0.011303395985716507, "running_time": 2982.459783554077, "none_zero_ratio": 0.009375, "max_weight": 0.178802490234375, "min_weight": 7.443518648782738e-05}, "min_max_pulp": {"max_delay": 0.012400090348128607, "running_time": 702312.1938705444}}}