{"entropy": 23779048515461571758704543090879931833, "10": {"num_user": 400, "num_service": 41, "min_max_greedy": {"max_delay": 0.06285509265218679, "running_time": 21.01755142211914}, "min_max_equal_weight": {"max_delay": 0.06374055122893653, "running_time": 350.28862953186035}, "min_max_surrogate_relaxation": {"max_delay": 0.06285509265218679, "lower_bound": 0.05765855216847763, "running_time": 315.2599334716797, "none_zero_ratio": 0.001875, "max_weight": 0.5, "min_weight": 0.015625}, "min_max_pulp": {"max_delay": 0.06285509265218679, "running_time": 77696.07591629028}}, "20": {"num_user": 400, "num_service": 41, "min_max_greedy": {"max_delay": 0.03732740730710577, "running_time": 29.023408889770508}, "min_max_equal_weight": {"max_delay": 0.03648091948728198, "running_time": 347.2864627838135}, "min_max_surrogate_relaxation": {"max_delay": 0.03732740730710577, "lower_bound": 0.03253647665177339, "running_time": 411.33928298950195, "none_zero_ratio": 0.003125, "max_weight": 0.3515625, "min_weight": 0.00272369384765625}, "min_max_pulp": {"max_delay": 0.03648091948728198, "running_time": 147131.33835792542}}, "30": {"num_user": 400, "num_service": 41, "min_max_greedy": {"max_delay": 0.0334025965136999, "running_time": 34.028053283691406}, "min_max_equal_weight": {"max_delay": 0.035830381127859016, "running_time": 353.29174995422363}, "min_max_surrogate_relaxation": {"max_delay": 0.03255610869387612, "lower_bound": 0.027519998646812663, "running_time": 836.6899490356445, "none_zero_ratio": 0.0025, "max_weight": 0.5, "min_weight": 0.00830078125}, "min_max_pulp": {"max_delay": 0.03255610869387612, "running_time": 222495.4912662506}}, "40": {"num_user": 400, "num_service": 41, "min_max_greedy": {"max_delay": 0.028274601661911855, "running_time": 45.03750801086426}, "min_max_equal_weight": {"max_delay": 0.032261767907824444, "running_time": 352.28967666625977}, "min_max_surrogate_relaxation": {"max_delay": 0.027758528202944648, "lower_bound": 0.024056491661425913, "running_time": 960.7923030853271, "none_zero_ratio": 0.003125, "max_weight": 0.311279296875, "min_weight": 0.00858306884765625}, "min_max_pulp": {"max_delay": 0.027758528202944648, "running_time": 308750.625371933}}, "50": {"num_user": 400, "num_service": 41, "min_max_greedy": {"max_delay": 0.026816802587066795, "running_time": 59.04865264892578}, "min_max_equal_weight": {"max_delay": 0.027094802299110446, "running_time": 360.29720306396484}, "min_max_surrogate_relaxation": {"max_delay": 0.0262115739014339, "lower_bound": 0.02338121036312362, "running_time": 1873.5456466674805, "none_zero_ratio": 0.006875, "max_weight": 0.2230224609375, "min_weight": 0.002406588215524863}, "min_max_pulp": {"max_delay": 0.025941075028448394, "running_time": 401688.27056884766}}, "60": {"num_user": 400, "num_service": 41, "min_max_greedy": {"max_delay": 0.02619460194228908, "running_time": 70.05810737609863}, "min_max_equal_weight": {"max_delay": 0.025637003224265386, "running_time": 357.29479789733887}, "min_max_surrogate_relaxation": {"max_delay": 0.0252007216356377, "lower_bound": 0.022425828147316727, "running_time": 3515.899658203125, "none_zero_ratio": 0.008125, "max_weight": 0.21552085876464844, "min_weight": 0.0010429848583432626}, "min_max_pulp": {"max_delay": 0.02488422550843526, "running_time": 516176.7632961273}}, "70": {"num_user": 400, "num_service": 41, "min_max_greedy": {"max_delay": 0.025405170252619125, "running_time": 80.06596565246582}, "min_max_equal_weight": {"max_delay": 0.025496695135081644, "running_time": 354.2923927307129}, "min_max_surrogate_relaxation": {"max_delay": 0.024390494943924857, "lower_bound": 0.02180649084929686, "running_time": 4373.6066818237305, "none_zero_ratio": 0.00625, "max_weight": 0.19350438192486763, "min_weight": 0.000906234135413797}, "min_max_pulp": {"max_delay": 0.023649734465518022, "running_time": 620827.9981613159}}, "80": {"num_user": 400, "num_service": 41, "min_max_greedy": {"max_delay": 0.023048328822783196, "running_time": 95.0784683227539}, "min_max_equal_weight": {"max_delay": 0.024754981403163068, "running_time": 358.29615592956543}, "min_max_surrogate_relaxation": {"max_delay": 0.024085062800633973, "lower_bound": 0.02115196979280909, "running_time": 2198.8131999969482, "none_zero_ratio": 0.00625, "max_weight": 0.16148138362405007, "min_weight": 0.002643296458131772}, "min_max_pulp": {"max_delay": 0.02281646122548776, "running_time": 739240.6487464905}}, "90": {"num_user": 400, "num_service": 41, "min_max_greedy": {"max_delay": 0.022637567449718437, "running_time": 96.07958793640137}, "min_max_equal_weight": {"max_delay": 0.02290802073359945, "running_time": 353.29151153564453}, "min_max_surrogate_relaxation": {"max_delay": 0.022582706178899983, "lower_bound": 0.020753758460974242, "running_time": 2332.9238891601562, "none_zero_ratio": 0.008125, "max_weight": 0.1568126678466797, "min_weight": 0.0011777873293349669}, "min_max_pulp": {"max_delay": 0.022381765855184425, "running_time": 868327.0823955536}}, "100": {"num_user": 400, "num_service": 41, "min_max_greedy": {"max_delay": 0.021863445383785176, "running_time": 111.09185218811035}, "min_max_equal_weight": {"max_delay": 0.022829773455886777, "running_time": 353.2910346984863}, "min_max_surrogate_relaxation": {"max_delay": 0.023095685427353425, "lower_bound": 0.020074238384988032, "running_time": 1618.3350086212158, "none_zero_ratio": 0.00625, "max_weight": 0.16681412234902382, "min_weight": 0.0011383729287217648}, "min_max_pulp": {"max_delay": 0.021440482487499104, "running_time": 981185.9791278839}}}