{"entropy": 62746712868185276908825370238375317879, "10": {"num_user": 400, "num_service": 41, "min_max_greedy": {"max_delay": 0.0913589637155949, "running_time": 19.015789031982422}, "min_max_equal_weight": {"max_delay": 0.0913589637155949, "running_time": 351.290225982666}, "min_max_surrogate_relaxation": {"max_delay": 0.0913589637155949, "lower_bound": 0.07824186486965556, "running_time": 312.2572898864746, "none_zero_ratio": 0.0025, "max_weight": 0.5, "min_weight": 0.00341796875}, "min_max_pulp": {"max_delay": 0.0913589637155949, "running_time": 72168.51687431335}}, "20": {"num_user": 400, "num_service": 41, "min_max_greedy": {"max_delay": 0.08226521407919744, "running_time": 49.041032791137695}, "min_max_equal_weight": {"max_delay": 0.0840971725125482, "running_time": 356.2936782836914}, "min_max_surrogate_relaxation": {"max_delay": 0.07975932342439655, "lower_bound": 0.06407558263313862, "running_time": 470.38769721984863, "none_zero_ratio": 0.0025, "max_weight": 0.625, "min_weight": 0.0025634765625}, "min_max_pulp": {"max_delay": 0.0781624105416576, "running_time": 137717.57864952087}}, "30": {"num_user": 400, "num_service": 41, "min_max_greedy": {"max_delay": 0.06778677054819175, "running_time": 39.0324592590332}, "min_max_equal_weight": {"max_delay": 0.07109608527587627, "running_time": 352.29015350341797}, "min_max_surrogate_relaxation": {"max_delay": 0.06686769026108051, "lower_bound": 0.058681181988416355, "running_time": 794.6550846099854, "none_zero_ratio": 0.003125, "max_weight": 0.322998046875, "min_weight": 0.00528717041015625}, "min_max_pulp": {"max_delay": 0.0651985829354176, "running_time": 201858.47163200378}}, "40": {"num_user": 400, "num_service": 41, "min_max_greedy": {"max_delay": 0.06129748503509751, "running_time": 49.040794372558594}, "min_max_equal_weight": {"max_delay": 0.059550335992473245, "running_time": 357.29432106018066}, "min_max_surrogate_relaxation": {"max_delay": 0.059009440362802715, "lower_bound": 0.05556320815781147, "running_time": 1788.4750366210938, "none_zero_ratio": 0.004375, "max_weight": 0.46484375, "min_weight": 0.000616069883108139}, "min_max_pulp": {"max_delay": 0.059009440362802715, "running_time": 274379.2841434479}}, "50": {"num_user": 400, "num_service": 41, "min_max_greedy": {"max_delay": 0.058381754527367116, "running_time": 59.049367904663086}, "min_max_equal_weight": {"max_delay": 0.05882113143730013, "running_time": 363.2993698120117}, "min_max_surrogate_relaxation": {"max_delay": 0.058041036710085286, "lower_bound": 0.05388019834019114, "running_time": 1060.8751773834229, "none_zero_ratio": 0.005, "max_weight": 0.2554931640625, "min_weight": 0.0005608802894130349}, "min_max_pulp": {"max_delay": 0.057173223636463884, "running_time": 363309.61990356445}}, "60": {"num_user": 400, "num_service": 41, "min_max_greedy": {"max_delay": 0.055753924415300936, "running_time": 68.05562973022461}, "min_max_equal_weight": {"max_delay": 0.05699334653886535, "running_time": 366.3022518157959}, "min_max_surrogate_relaxation": {"max_delay": 0.05602507704484227, "lower_bound": 0.05307888966167227, "running_time": 1999.6483325958252, "none_zero_ratio": 0.008125, "max_weight": 0.1525904517620802, "min_weight": 0.00026625075313425374}, "min_max_pulp": {"max_delay": 0.05573481554359783, "running_time": 454272.63617515564}}, "70": {"num_user": 400, "num_service": 41, "min_max_greedy": {"max_delay": 0.05480911131175241, "running_time": 75.06179809570312}, "min_max_equal_weight": {"max_delay": 0.055937311156544475, "running_time": 362.29920387268066}, "min_max_surrogate_relaxation": {"max_delay": 0.05468497596669165, "lower_bound": 0.052249993958468174, "running_time": 1957.6139450073242, "none_zero_ratio": 0.006875, "max_weight": 0.18642530785655254, "min_weight": 0.00012456460742882314}, "min_max_pulp": {"max_delay": 0.05460714729999133, "running_time": 546706.8674564362}}, "80": {"num_user": 400, "num_service": 41, "min_max_greedy": {"max_delay": 0.05410932231586239, "running_time": 85.07013320922852}, "min_max_equal_weight": {"max_delay": 0.0545520588437271, "running_time": 360.29720306396484}, "min_max_surrogate_relaxation": {"max_delay": 0.05382674557111659, "lower_bound": 0.05209766968981841, "running_time": 4731.902599334717, "none_zero_ratio": 0.00875, "max_weight": 0.125, "min_weight": 8.077061982928694e-05}, "min_max_pulp": {"max_delay": 0.05382009677859759, "running_time": 655208.8587284088}}, "90": {"num_user": 400, "num_service": 41, "min_max_greedy": {"max_delay": 0.05388187515396857, "running_time": 160.13193130493164}, "min_max_equal_weight": {"max_delay": 0.05699334653886535, "running_time": 353.29198837280273}, "min_max_surrogate_relaxation": {"max_delay": 0.05687241058611778, "lower_bound": 0.050309968690875, "running_time": 1048.8650798797607, "none_zero_ratio": 0.004375, "max_weight": 0.5, "min_weight": 0.0002971440553665161}, "min_max_pulp": {"max_delay": 0.05330426098430234, "running_time": 769072.2503662109}}, "100": {"num_user": 400, "num_service": 41, "min_max_greedy": {"max_delay": 0.052621195370731136, "running_time": 98.08063507080078}, "min_max_equal_weight": {"max_delay": 0.055937311156544475, "running_time": 356.2936782836914}, "min_max_surrogate_relaxation": {"max_delay": 0.05744427344805031, "lower_bound": 0.04880047527216453, "running_time": 499.41158294677734, "none_zero_ratio": 0.001875, "max_weight": 0.875, "min_weight": 0.05859375}, "min_max_pulp": {"max_delay": 0.049720944792376334, "running_time": 873438.7037754059}}}