{"entropy": 64153729983976411561310262470603917055, "10": {"num_user": 400, "num_service": 41, "min_max_greedy": {"max_delay": 0.03511496477176667, "running_time": 19.016027450561523}, "min_max_equal_weight": {"max_delay": 0.043298396723067255, "running_time": 346.2858200073242}, "min_max_surrogate_relaxation": {"max_delay": 0.03511496477176667, "lower_bound": 0.027206319528627725, "running_time": 378.3121109008789, "none_zero_ratio": 0.001875, "max_weight": 0.5, "min_weight": 0.140625}, "min_max_pulp": {"max_delay": 0.03511496477176667, "running_time": 105640.12145996094}}, "20": {"num_user": 400, "num_service": 41, "min_max_greedy": {"max_delay": 0.029114860158487306, "running_time": 28.07021141052246}, "min_max_equal_weight": {"max_delay": 0.03298282627775622, "running_time": 346.2860584259033}, "min_max_surrogate_relaxation": {"max_delay": 0.028915836252353472, "lower_bound": 0.01868486283646631, "running_time": 711.5867137908936, "none_zero_ratio": 0.0025, "max_weight": 0.3922119140625, "min_weight": 0.125}, "min_max_pulp": {"max_delay": 0.027503959237434917, "running_time": 203677.97255516052}}, "30": {"num_user": 400, "num_service": 41, "min_max_greedy": {"max_delay": 0.02283300097000842, "running_time": 39.0322208404541}, "min_max_equal_weight": {"max_delay": 0.024366704176122925, "running_time": 352.29015350341797}, "min_max_surrogate_relaxation": {"max_delay": 0.021708925204306617, "lower_bound": 0.015025869471521437, "running_time": 674.5564937591553, "none_zero_ratio": 0.004375, "max_weight": 0.2106493411702104, "min_weight": 0.04101893864572048}, "min_max_pulp": {"max_delay": 0.021577432916671604, "running_time": 329793.785572052}}, "40": {"num_user": 400, "num_service": 41, "min_max_greedy": {"max_delay": 0.018143238793679385, "running_time": 60.04929542541504}, "min_max_equal_weight": {"max_delay": 0.020429521809040757, "running_time": 351.2897491455078}, "min_max_surrogate_relaxation": {"max_delay": 0.02022824513863332, "lower_bound": 0.014367402070414323, "running_time": 1254.0338039398193, "none_zero_ratio": 0.00625, "max_weight": 0.19866943359375, "min_weight": 0.029296875}, "min_max_pulp": {"max_delay": 0.018111930341259158, "running_time": 463959.62858200073}}, "50": {"num_user": 400, "num_service": 41, "min_max_greedy": {"max_delay": 0.016597274182496662, "running_time": 68.05634498596191}, "min_max_equal_weight": {"max_delay": 0.01801174650604437, "running_time": 356.2934398651123}, "min_max_surrogate_relaxation": {"max_delay": 0.01705406277040803, "lower_bound": 0.013026482463868831, "running_time": 1477.2183895111084, "none_zero_ratio": 0.005625, "max_weight": 0.3125, "min_weight": 0.03297990560531616}, "min_max_pulp": {"max_delay": 0.01646578189486165, "running_time": 624658.1153869629}}, "60": {"num_user": 400, "num_service": 41, "min_max_greedy": {"max_delay": 0.015648373510757284, "running_time": 80.06596565246582}, "min_max_equal_weight": {"max_delay": 0.015729297560073012, "running_time": 355.29279708862305}, "min_max_surrogate_relaxation": {"max_delay": 0.01584623287869331, "lower_bound": 0.012809557865710666, "running_time": 2655.189275741577, "none_zero_ratio": 0.008125, "max_weight": 0.125, "min_weight": 0.018607004586987386}, "min_max_pulp": {"max_delay": 0.015157761862011685, "running_time": 773446.9749927521}}, "70": {"num_user": 400, "num_service": 41, "min_max_greedy": {"max_delay": 0.014004187718856392, "running_time": 85.07013320922852}, "min_max_equal_weight": {"max_delay": 0.015115443400146108, "running_time": 360.29720306396484}, "min_max_surrogate_relaxation": {"max_delay": 0.015301166070345075, "lower_bound": 0.01210502121411177, "running_time": 3005.478858947754, "none_zero_ratio": 0.005625, "max_weight": 0.24641990661621094, "min_weight": 0.02442062512272969}, "min_max_pulp": {"max_delay": 0.01390662073120467, "running_time": 964185.1625442505}}, "80": {"num_user": 400, "num_service": 41, "min_max_greedy": {"max_delay": 0.013920497935494708, "running_time": 99.08175468444824}, "min_max_equal_weight": {"max_delay": 0.013933069051586679, "running_time": 364.3004894256592}, "min_max_surrogate_relaxation": {"max_delay": 0.013890548323258364, "lower_bound": 0.011707503090777378, "running_time": 2384.9663734436035, "none_zero_ratio": 0.0075, "max_weight": 0.1734619140625, "min_weight": 0.012785167424755883}, "min_max_pulp": {"max_delay": 0.013420263409669304, "running_time": 1169663.61951828}}, "90": {"num_user": 400, "num_service": 41, "min_max_greedy": {"max_delay": 0.012629627727267168, "running_time": 105.08584976196289}, "min_max_equal_weight": {"max_delay": 0.013864100002876356, "running_time": 362.29896545410156}, "min_max_surrogate_relaxation": {"max_delay": 0.01318545251190663, "lower_bound": 0.011646265453763028, "running_time": 4938.071727752686, "none_zero_ratio": 0.010625, "max_weight": 0.15158557891845703, "min_weight": 0.005859650899853414}, "min_max_pulp": {"max_delay": 0.012629627727267168, "running_time": 1329021.1074352264}}, "100": {"num_user": 400, "num_service": 41, "min_max_greedy": {"max_delay": 0.01224507506837148, "running_time": 112.09273338317871}, "min_max_equal_weight": {"max_delay": 0.013864100002876356, "running_time": 365.30137062072754}, "min_max_surrogate_relaxation": {"max_delay": 0.012120797773096739, "lower_bound": 0.011320632885807301, "running_time": 4958.089113235474, "none_zero_ratio": 0.010625, "max_weight": 0.1324462890625, "min_weight": 0.002641375450392724}, "min_max_pulp": {"max_delay": 0.012094746252890377, "running_time": 1559287.4519824982}}}