{"entropy": 336425891592314833564493159303708633392, "10": {"num_user": 400, "num_service": 41, "min_max_greedy": {"max_delay": 0.15374302722897643, "running_time": 26.021718978881836}, "min_max_equal_weight": {"max_delay": 0.15392724914494763, "running_time": 342.2832489013672}, "min_max_surrogate_relaxation": {"max_delay": 0.15374302722897643, "lower_bound": 0.15021719446105145, "running_time": 325.2682685852051, "none_zero_ratio": 0.00125, "max_weight": 0.75, "min_weight": 0.25}, "min_max_pulp": {"max_delay": 0.15374302722897643, "running_time": 101837.9852771759}}, "20": {"num_user": 400, "num_service": 41, "min_max_greedy": {"max_delay": 0.14497232104882946, "running_time": 40.03262519836426}, "min_max_equal_weight": {"max_delay": 0.1450669764881577, "running_time": 342.2822952270508}, "min_max_surrogate_relaxation": {"max_delay": 0.1450669764881577, "lower_bound": 0.13631898508111356, "running_time": 530.4372310638428, "none_zero_ratio": 0.001875, "max_weight": 0.68359375, "min_weight": 0.125}, "min_max_pulp": {"max_delay": 0.14273128581156314, "running_time": 195893.5525417328}}, "30": {"num_user": 400, "num_service": 41, "min_max_greedy": {"max_delay": 0.13753787386658453, "running_time": 43.035268783569336}, "min_max_equal_weight": {"max_delay": 0.13753787386658453, "running_time": 384.31668281555176}, "min_max_surrogate_relaxation": {"max_delay": 0.13753787386658453, "lower_bound": 0.13141682259124743, "running_time": 660.5446338653564, "none_zero_ratio": 0.003125, "max_weight": 0.353118896484375, "min_weight": 0.09375}, "min_max_pulp": {"max_delay": 0.1365746513259339, "running_time": 320815.5755996704}}, "40": {"num_user": 400, "num_service": 41, "min_max_greedy": {"max_delay": 0.1352880019087724, "running_time": 49.04031753540039}, "min_max_equal_weight": {"max_delay": 0.13551355233176246, "running_time": 349.2879867553711}, "min_max_surrogate_relaxation": {"max_delay": 0.132175810780781, "lower_bound": 0.1281767919592962, "running_time": 629.5192241668701, "none_zero_ratio": 0.004375, "max_weight": 0.25, "min_weight": 0.02521555870771408}, "min_max_pulp": {"max_delay": 0.132175810780781, "running_time": 455921.9970703125}}, "50": {"num_user": 400, "num_service": 41, "min_max_greedy": {"max_delay": 0.13047621038516902, "running_time": 60.04953384399414}, "min_max_equal_weight": {"max_delay": 0.13134650970853723, "running_time": 351.2899875640869}, "min_max_surrogate_relaxation": {"max_delay": 0.13019733302986958, "lower_bound": 0.12698670520024374, "running_time": 972.8024005889893, "none_zero_ratio": 0.004375, "max_weight": 0.24609375, "min_weight": 0.024623628705739975}, "min_max_pulp": {"max_delay": 0.13019733302986958, "running_time": 616463.3078575134}}, "60": {"num_user": 400, "num_service": 41, "min_max_greedy": {"max_delay": 0.12854105192938187, "running_time": 69.05698776245117}, "min_max_equal_weight": {"max_delay": 0.1290680343592329, "running_time": 353.29127311706543}, "min_max_surrogate_relaxation": {"max_delay": 0.12909836097136743, "lower_bound": 0.1259552089988999, "running_time": 1122.9257583618164, "none_zero_ratio": 0.005625, "max_weight": 0.25, "min_weight": 0.01072278155334061}, "min_max_pulp": {"max_delay": 0.12818833397249527, "running_time": 776956.4664363861}}, "70": {"num_user": 400, "num_service": 41, "min_max_greedy": {"max_delay": 0.12734062546888125, "running_time": 84.06949043273926}, "min_max_equal_weight": {"max_delay": 0.12844639649005365, "running_time": 359.2965602874756}, "min_max_surrogate_relaxation": {"max_delay": 0.1271913489370247, "lower_bound": 0.12527978872372744, "running_time": 2670.522689819336, "none_zero_ratio": 0.005625, "max_weight": 0.25, "min_weight": 0.01863157103798585}, "min_max_pulp": {"max_delay": 0.1271913489370247, "running_time": 991655.7800769806}}, "80": {"num_user": 400, "num_service": 41, "min_max_greedy": {"max_delay": 0.12648557401085023, "running_time": 90.07406234741211}, "min_max_equal_weight": {"max_delay": 0.12778578471592295, "running_time": 364.3004894256592}, "min_max_surrogate_relaxation": {"max_delay": 0.12686400222991948, "lower_bound": 0.12465216002408773, "running_time": 2326.9190788269043, "none_zero_ratio": 0.008125, "max_weight": 0.14045836814675638, "min_weight": 0.006172486881449255}, "min_max_pulp": {"max_delay": 0.12639091857152202, "running_time": 1161868.187904358}}, "90": {"num_user": 400, "num_service": 41, "min_max_greedy": {"max_delay": 0.12603014079741365, "running_time": 105.0868034362793}, "min_max_equal_weight": {"max_delay": 0.12715770233238624, "running_time": 364.3002510070801}, "min_max_surrogate_relaxation": {"max_delay": 0.12626585222953243, "lower_bound": 0.12438743588721687, "running_time": 3001.4753341674805, "none_zero_ratio": 0.0075, "max_weight": 0.1524063472288617, "min_weight": 0.005200256950898402}, "min_max_pulp": {"max_delay": 0.12570279409030843, "running_time": 1338564.9087429047}}, "100": {"num_user": 400, "num_service": 41, "min_max_greedy": {"max_delay": 0.12523462921649034, "running_time": 114.09378051757812}, "min_max_equal_weight": {"max_delay": 0.12626585222953243, "running_time": 365.30137062072754}, "min_max_surrogate_relaxation": {"max_delay": 0.12588382695842001, "lower_bound": 0.12403658198355647, "running_time": 2940.424919128418, "none_zero_ratio": 0.006875, "max_weight": 0.15261544767781743, "min_weight": 0.0156490449279012}, "min_max_pulp": {"max_delay": 0.12522577831302104, "running_time": 1575224.080324173}}}