{"entropy": 109878173961098084310646119593358587892, "10": {"num_user": 400, "num_service": 41, "min_max_greedy": {"max_delay": 0.06961138721196644, "running_time": 24.019479751586914}, "min_max_equal_weight": {"max_delay": 0.06598411115698527, "running_time": 341.2814140319824}, "min_max_surrogate_relaxation": {"max_delay": 0.06961138721196644, "lower_bound": 0.060523521479878245, "running_time": 382.31611251831055, "none_zero_ratio": 0.0025, "max_weight": 0.4921875, "min_weight": 0.008056640625}, "min_max_pulp": {"max_delay": 0.06598411115698527, "running_time": 62442.49606132507}}, "20": {"num_user": 400, "num_service": 41, "min_max_greedy": {"max_delay": 0.05245374946526478, "running_time": 30.02452850341797}, "min_max_equal_weight": {"max_delay": 0.060656744173423476, "running_time": 346.2855815887451}, "min_max_surrogate_relaxation": {"max_delay": 0.05245374946526478, "lower_bound": 0.048057818358977863, "running_time": 622.5130558013916, "none_zero_ratio": 0.003125, "max_weight": 0.4921875, "min_weight": 0.03600311279296875}, "min_max_pulp": {"max_delay": 0.05245374946526478, "running_time": 113275.41780471802}}, "30": {"num_user": 400, "num_service": 41, "min_max_greedy": {"max_delay": 0.04996536029256547, "running_time": 41.03374481201172}, "min_max_equal_weight": {"max_delay": 0.04996536029256547, "running_time": 348.28734397888184}, "min_max_surrogate_relaxation": {"max_delay": 0.04842806919987838, "lower_bound": 0.04332730572029297, "running_time": 667.5505638122559, "none_zero_ratio": 0.005, "max_weight": 0.25, "min_weight": 0.06994741852395236}, "min_max_pulp": {"max_delay": 0.047481219634535915, "running_time": 171489.42685127258}}, "40": {"num_user": 400, "num_service": 41, "min_max_greedy": {"max_delay": 0.04587491632075715, "running_time": 56.046247482299805}, "min_max_equal_weight": {"max_delay": 0.04636826691808088, "running_time": 349.287748336792}, "min_max_surrogate_relaxation": {"max_delay": 0.045263539385867066, "lower_bound": 0.04212924853296905, "running_time": 906.7478179931641, "none_zero_ratio": 0.00625, "max_weight": 0.263671875, "min_weight": 0.019751917243127082}, "min_max_pulp": {"max_delay": 0.04517755746287141, "running_time": 238335.5541229248}}, "50": {"num_user": 400, "num_service": 41, "min_max_greedy": {"max_delay": 0.04333882476269667, "running_time": 70.05763053894043}, "min_max_equal_weight": {"max_delay": 0.04518472845106193, "running_time": 353.29127311706543}, "min_max_surrogate_relaxation": {"max_delay": 0.04341488727556459, "lower_bound": 0.04114097891702646, "running_time": 1756.44850730896, "none_zero_ratio": 0.00875, "max_weight": 0.25, "min_weight": 0.01283845936358986}, "min_max_pulp": {"max_delay": 0.04268150205386277, "running_time": 304430.0625324249}}, "60": {"num_user": 400, "num_service": 41, "min_max_greedy": {"max_delay": 0.042294760525733166, "running_time": 83.0681324005127}, "min_max_equal_weight": {"max_delay": 0.04196455712137709, "running_time": 354.2923927307129}, "min_max_surrogate_relaxation": {"max_delay": 0.04196455712137709, "lower_bound": 0.04015684247032164, "running_time": 1221.0068702697754, "none_zero_ratio": 0.00625, "max_weight": 0.146484375, "min_weight": 0.05994432185190135}, "min_max_pulp": {"max_delay": 0.04174902459302883, "running_time": 393396.43239974976}}, "70": {"num_user": 400, "num_service": 41, "min_max_greedy": {"max_delay": 0.042026006003577754, "running_time": 85.07037162780762}, "min_max_equal_weight": {"max_delay": 0.04172226753023837, "running_time": 355.29279708862305}, "min_max_surrogate_relaxation": {"max_delay": 0.04180154777880121, "lower_bound": 0.03977939112657874, "running_time": 1556.283712387085, "none_zero_ratio": 0.006875, "max_weight": 0.16326932224910706, "min_weight": 0.031131569964326644}, "min_max_pulp": {"max_delay": 0.04105025572254223, "running_time": 464285.8946323395}}, "80": {"num_user": 400, "num_service": 41, "min_max_greedy": {"max_delay": 0.04166754905831271, "running_time": 94.07782554626465}, "min_max_equal_weight": {"max_delay": 0.04172226753023837, "running_time": 360.29624938964844}, "min_max_surrogate_relaxation": {"max_delay": 0.045007202566345134, "lower_bound": 0.03773587131590316, "running_time": 685.5654716491699, "none_zero_ratio": 0.004375, "max_weight": 0.485321044921875, "min_weight": 0.008755534887313843}, "min_max_pulp": {"max_delay": 0.02786830530267443, "running_time": 554370.1870441437}}, "90": {"num_user": 400, "num_service": 41, "min_max_greedy": {"max_delay": 0.04109149112268737, "running_time": 113.09313774108887}, "min_max_equal_weight": {"max_delay": 0.04136228306489922, "running_time": 365.30113220214844}, "min_max_surrogate_relaxation": {"max_delay": 0.02169944790892198, "lower_bound": 0.014402814530210022, "running_time": 352.2908687591553, "none_zero_ratio": 0.0025, "max_weight": 0.5, "min_weight": 0.01708984375}, "min_max_pulp": {"max_delay": 0.020914322809210784, "running_time": 650745.6669807434}}, "100": {"num_user": 400, "num_service": 41, "min_max_greedy": {"max_delay": 0.04081014362296774, "running_time": 118.09706687927246}, "min_max_equal_weight": {"max_delay": 0.040675813276066036, "running_time": 364.3002510070801}, "min_max_surrogate_relaxation": {"max_delay": 0.018792542404132615, "lower_bound": 0.01427063231047818, "running_time": 385.3180408477783, "none_zero_ratio": 0.003125, "max_weight": 0.567626953125, "min_weight": 0.00629425048828125}, "min_max_pulp": {"max_delay": 0.015449717578461874, "running_time": 752055.2167892456}}}