{"10": {"min_max_greedy": {"max delay": [0.07175366773180594], "running time": [325.2685070037842]}, "min_max_pulp": {"max delay": [0.06809489351546964], "running time": [13510.154008865356]}}, "20": {"min_max_greedy": {"max delay": [0.06484181937036772], "running time": [556.4596652984619]}, "min_max_pulp": {"max delay": [0.06229261100452299], "running time": [26891.20101928711]}}, "30": {"min_max_greedy": {"max delay": [0.05718232893358117], "running time": [699.5775699615479]}, "min_max_pulp": {"max delay": [0.05667695893836011], "running time": [41347.135066986084]}}, "40": {"min_max_greedy": {"max delay": [0.05370162185626731], "running time": [833.6882591247559]}, "min_max_pulp": {"max delay": [0.05370162185626731], "running time": [58539.32881355286]}}, "50": {"min_max_greedy": {"max delay": [0.052525170067146784], "running time": [980.8096885681152]}, "min_max_pulp": {"max delay": [0.05175313497993457], "running time": [77969.36893463135]}}, "60": {"min_max_greedy": {"max delay": [0.050613448904477894], "running time": [1204.9949169158936]}, "min_max_pulp": {"max delay": [0.05029437558960636], "running time": [99109.82322692871]}}, "70": {"min_max_greedy": {"max delay": [0.04986520861412127], "running time": [1408.1623554229736]}, "min_max_pulp": {"max delay": [0.04891723670245388], "running time": [120975.87442398071]}}, "80": {"min_max_greedy": {"max delay": [0.04862649114281878], "running time": [1731.4293384552002]}, "min_max_pulp": {"max delay": [0.037953410205824115], "running time": [143374.365568161]}}, "90": {"min_max_greedy": {"max delay": [0.046470379843692594], "running time": [973.8037586212158]}, "min_max_pulp": {"max delay": [0.03285724134881937], "running time": [167666.4218902588]}}, "100": {"min_max_greedy": {"max delay": [0.045293928054572066], "running time": [1119.9243068695068]}, "min_max_pulp": {"max delay": [0.02992248879378207], "running time": [195101.0718345642]}}}