{"10": {"min_max_greedy": {"max delay": [0.06012771609571746], "running time": [371.3066577911377]}, "min_max_pulp": {"max delay": [0.06012771609571746], "running time": [20414.85357284546]}}, "20": {"min_max_greedy": {"max delay": [0.04731523501686037], "running time": [507.4186325073242]}, "min_max_pulp": {"max delay": [0.04731523501686037], "running time": [41439.21113014221]}}, "30": {"min_max_greedy": {"max delay": [0.040528395835788135], "running time": [812.6702308654785]}, "min_max_pulp": {"max delay": [0.0403695102255573], "running time": [68025.23732185364]}}, "40": {"min_max_greedy": {"max delay": [0.03854637500189673], "running time": [935.7724189758301]}, "min_max_pulp": {"max delay": [0.03699480657604166], "running time": [95437.88242340088]}}, "50": {"min_max_greedy": {"max delay": [0.0343347154774058], "running time": [1290.064811706543]}, "min_max_pulp": {"max delay": [0.034278946879554975], "running time": [127861.64116859436]}}, "60": {"min_max_greedy": {"max delay": [0.03334092400994462], "running time": [1458.2042694091797]}, "min_max_pulp": {"max delay": [0.032583636035156176], "running time": [164687.96253204346]}}, "70": {"min_max_greedy": {"max delay": [0.03233170642877806], "running time": [1685.3916645050049]}, "min_max_pulp": {"max delay": [0.0320348848068089], "running time": [209295.0940132141]}}, "80": {"min_max_greedy": {"max delay": [0.03147205120298131], "running time": [1858.534574508667]}, "min_max_pulp": {"max delay": [0.030335830368664576], "running time": [241564.42975997925]}}, "90": {"min_max_greedy": {"max delay": [0.031354340029345305], "running time": [2027.6734828948975]}, "min_max_pulp": {"max delay": [0.02727939377390134], "running time": [286806.4920902252]}}, "100": {"min_max_greedy": {"max delay": [0.030794245158706445], "running time": [2317.913055419922]}, "min_max_pulp": {"max delay": [0.02453337037661831], "running time": [338252.20251083374]}}}