{"10": {"min_max_greedy": {"max delay": [0.14981531054476863], "running time": [329.2720317840576]}, "min_max_pulp": {"max delay": [0.14952198969928235], "running time": [14380.87272644043]}}, "20": {"min_max_greedy": {"max delay": [0.07967962598327434], "running time": [374.30882453918457]}, "min_max_pulp": {"max delay": [0.07967962598327434], "running time": [28062.167406082153]}}, "30": {"min_max_greedy": {"max delay": [0.07620778226145918], "running time": [694.573163986206]}, "min_max_pulp": {"max delay": [0.07379613750042426], "running time": [43909.250259399414]}}, "40": {"min_max_greedy": {"max delay": [0.0500805549900331], "running time": [604.499340057373]}, "min_max_pulp": {"max delay": [0.04842042275893187], "running time": [62773.82445335388]}}, "50": {"min_max_greedy": {"max delay": [0.04383349468018026], "running time": [745.6154823303223]}, "min_max_pulp": {"max delay": [0.04383349468018026], "running time": [81794.52800750732]}}, "60": {"min_max_greedy": {"max delay": [0.042642093126307706], "running time": [973.8037586212158]}, "min_max_pulp": {"max delay": [0.034145873242409294], "running time": [103887.76636123657]}}, "70": {"min_max_greedy": {"max delay": [0.04115092027682887], "running time": [1213.0017280578613]}, "min_max_pulp": {"max delay": [0.027094595516576538], "running time": [127537.29104995728]}}, "80": {"min_max_greedy": {"max delay": [0.024670568423972646], "running time": [880.7268142700195]}, "min_max_pulp": {"max delay": [0.02393470132773759], "running time": [155940.31977653503]}}, "90": {"min_max_greedy": {"max delay": [0.02273500531213332], "running time": [1123.9278316497803]}, "min_max_pulp": {"max delay": [0.021917068451765477], "running time": [183011.39950752258]}}, "100": {"min_max_greedy": {"max delay": [0.02160000116383652], "running time": [1335.1023197174072]}, "min_max_pulp": {"max delay": [0.02049364058231979], "running time": [213033.24627876282]}}}