{"10": {"min_max_greedy": {"max delay": [0.1217859235625288], "running time": [103.06072235107422]}, "min_max_pulp": {"max delay": [0.12146693189581746], "running time": [3423.8266944885254]}}, "20": {"min_max_greedy": {"max delay": [0.11746101998769555], "running time": [126.10387802124023]}, "min_max_pulp": {"max delay": [0.11026532057786226], "running time": [7204.94818687439]}}, "30": {"min_max_greedy": {"max delay": [0.066538571638829], "running time": [63.05193901062012]}, "min_max_pulp": {"max delay": [0.066538571638829], "running time": [10390.578031539917]}}, "40": {"min_max_greedy": {"max delay": [0.05145559736091757], "running time": [116.09578132629395]}, "min_max_pulp": {"max delay": [0.047808207160385245], "running time": [15410.722494125366]}}, "50": {"min_max_greedy": {"max delay": [0.045503960737986474], "running time": [158.13088417053223]}, "min_max_pulp": {"max delay": [0.04220349434016065], "running time": [21024.40333366394]}}, "60": {"min_max_greedy": {"max delay": [0.04317246236851433], "running time": [222.1853733062744]}, "min_max_pulp": {"max delay": [0.040500411195134305], "running time": [27543.739318847656]}}, "70": {"min_max_greedy": {"max delay": [0.044314775703438766], "running time": [174.14379119873047]}, "min_max_pulp": {"max delay": [0.03911109714708639], "running time": [40818.6981678009]}}}