{"10": {"min_max_greedy": {"max delay": [0.14514460336372673], "running time": [76.06267929077148]}, "min_max_pulp": {"max delay": [0.14514460336372673], "running time": [4831.989049911499]}}, "20": {"min_max_greedy": {"max delay": [0.10611843834314358], "running time": [117.0964241027832]}, "min_max_pulp": {"max delay": [0.10536659222046094], "running time": [10655.797243118286]}}, "30": {"min_max_greedy": {"max delay": [0.05425168370587267], "running time": [117.0966625213623]}, "min_max_pulp": {"max delay": [0.05425168370587267], "running time": [16619.720697402954]}}, "40": {"min_max_greedy": {"max delay": [0.04406716842427595], "running time": [170.14074325561523]}, "min_max_pulp": {"max delay": [0.04238769633035396], "running time": [24108.903646469116]}}, "50": {"min_max_greedy": {"max delay": [0.035587889768873324], "running time": [200.1650333404541]}, "min_max_pulp": {"max delay": [0.032324899854567615], "running time": [32239.61615562439]}}, "60": {"min_max_greedy": {"max delay": [0.030417153652759647], "running time": [275.22778511047363]}, "min_max_pulp": {"max delay": [0.029870915942536276], "running time": [53835.445404052734]}}, "70": {"min_max_greedy": {"max delay": [0.029184793525868318], "running time": [298.2461452484131]}, "min_max_pulp": {"max delay": [0.026635993343894777], "running time": [64362.648010253906]}}}