{"10": {"min_max_greedy": {"max delay": [0.10730647707879754], "running time": [54.044485092163086]}, "min_max_pulp": {"max delay": [0.10730647707879754], "running time": [3653.0158519744873]}}, "20": {"min_max_greedy": {"max delay": [0.06862042092222569], "running time": [107.08832740783691]}, "min_max_pulp": {"max delay": [0.06595467784881737], "running time": [7380.093097686768]}}, "30": {"min_max_greedy": {"max delay": [0.04802629329030052], "running time": [128.10540199279785]}, "min_max_pulp": {"max delay": [0.04802629329030052], "running time": [11491.48678779602]}}, "40": {"min_max_greedy": {"max delay": [0.04576702297136222], "running time": [160.13216972351074]}, "min_max_pulp": {"max delay": [0.04272613811223651], "running time": [16889.943599700928]}}, "50": {"min_max_greedy": {"max delay": [0.03829363028513704], "running time": [159.14344787597656]}, "min_max_pulp": {"max delay": [0.034917669069322005], "running time": [21476.730823516846]}}, "60": {"min_max_greedy": {"max delay": [0.028382721051667337], "running time": [201.16615295410156]}, "min_max_pulp": {"max delay": [0.028354613336442805], "running time": [30531.206130981445]}}, "70": {"min_max_greedy": {"max delay": [0.02604089934465946], "running time": [233.19244384765625]}, "min_max_pulp": {"max delay": [0.02604089934465946], "running time": [37921.37122154236]}}}