{"10": {"min_max_greedy": {"max delay": [0.1018305197871271], "running time": [76.06267929077148]}, "min_max_pulp": {"max delay": [0.1018305197871271], "running time": [4771.939754486084]}}, "20": {"min_max_greedy": {"max delay": [0.07473158506489612], "running time": [108.08897018432617]}, "min_max_pulp": {"max delay": [0.07473158506489612], "running time": [10432.613134384155]}}, "30": {"min_max_greedy": {"max delay": [0.061355522495928176], "running time": [141.11638069152832]}, "min_max_pulp": {"max delay": [0.05485584458225685], "running time": [16729.812145233154]}}, "40": {"min_max_greedy": {"max delay": [0.05291409655943937], "running time": [184.15212631225586]}, "min_max_pulp": {"max delay": [0.052056615354321725], "running time": [27975.095510482788]}}, "50": {"min_max_greedy": {"max delay": [0.04870279970212105], "running time": [227.1873950958252]}, "min_max_pulp": {"max delay": [0.047784417860280023], "running time": [32167.55700111389]}}, "60": {"min_max_greedy": {"max delay": [0.028301199375466435], "running time": [215.1777744293213]}, "min_max_pulp": {"max delay": [0.027455310897966302], "running time": [40341.304779052734]}}, "70": {"min_max_greedy": {"max delay": [0.023891592109142747], "running time": [256.211519241333]}, "min_max_pulp": {"max delay": [0.022281264585338193], "running time": [50918.036460876465]}}}