{"10": {"min_max_greedy": {"max delay": [0.09263149430055588], "running time": [86.07149124145508]}, "min_max_pulp": {"max delay": [0.09263149430055588], "running time": [5112.220525741577]}}, "20": {"min_max_greedy": {"max delay": [0.07362199911726805], "running time": [106.08768463134766]}, "min_max_pulp": {"max delay": [0.07362199911726805], "running time": [10304.507732391357]}}, "30": {"min_max_greedy": {"max delay": [0.04817219013346705], "running time": [150.12407302856445]}, "min_max_pulp": {"max delay": [0.04817219013346705], "running time": [16329.493284225464]}}, "40": {"min_max_greedy": {"max delay": [0.03781206850416761], "running time": [181.14972114562988]}, "min_max_pulp": {"max delay": [0.037232015851630225], "running time": [23130.0950050354]}}, "50": {"min_max_greedy": {"max delay": [0.03361963629794008], "running time": [234.19427871704102]}, "min_max_pulp": {"max delay": [0.033527037193478944], "running time": [31867.737531661987]}}, "60": {"min_max_greedy": {"max delay": [0.03114139517644638], "running time": [222.1832275390625]}, "min_max_pulp": {"max delay": [0.030770176782750305], "running time": [41256.79802894592]}}, "70": {"min_max_greedy": {"max delay": [0.026160075592346923], "running time": [235.19420623779297]}, "min_max_pulp": {"max delay": [0.025937225409025582], "running time": [52508.94021987915]}}}