{"10": {"min_max_greedy": {"max delay": [0.1731017322015092], "running time": [76.06267929077148]}, "min_max_pulp": {"max delay": [0.1731017322015092], "running time": [3438.8389587402344]}}, "20": {"min_max_greedy": {"max delay": [0.07665502201155716], "running time": [66.07675552368164]}, "min_max_pulp": {"max delay": [0.06365853221099965], "running time": [7080.842733383179]}}, "30": {"min_max_greedy": {"max delay": [0.05328183016096548], "running time": [97.07975387573242]}, "min_max_pulp": {"max delay": [0.05229764952104072], "running time": [11151.206254959106]}}, "40": {"min_max_greedy": {"max delay": [0.042427481984777644], "running time": [140.11573791503906]}, "min_max_pulp": {"max delay": [0.04121363304198908], "running time": [16357.50436782837]}}, "50": {"min_max_greedy": {"max delay": [0.039477071857231], "running time": [173.142671585083]}, "min_max_pulp": {"max delay": [0.03530769865107026], "running time": [22573.635816574097]}}, "60": {"min_max_greedy": {"max delay": [0.03439565534766008], "running time": [218.18017959594727]}, "min_max_pulp": {"max delay": [0.0333673187380776], "running time": [34819.74697113037]}}, "70": {"min_max_greedy": {"max delay": [0.031066774443969127], "running time": [280.2314758300781]}, "min_max_pulp": {"max delay": [0.031000643277345332], "running time": [38740.98300933838]}}}