{"10": {"min_max_greedy": {"max delay": [0.18539895892210911], "running time": [77.06332206726074]}, "min_max_pulp": {"max delay": [0.18141988144875124], "running time": [3808.1438541412354]}}, "20": {"min_max_greedy": {"max delay": [0.09688692797377389], "running time": [66.05410575866699]}, "min_max_pulp": {"max delay": [0.08518119702343946], "running time": [7940.5553340911865]}}, "30": {"min_max_greedy": {"max delay": [0.07443315885527464], "running time": [98.08039665222168]}, "min_max_pulp": {"max delay": [0.05632890289612433], "running time": [12979.715824127197]}}, "40": {"min_max_greedy": {"max delay": [0.05144291488091582], "running time": [141.11638069152832]}, "min_max_pulp": {"max delay": [0.042815420070864606], "running time": [18558.321475982666]}}, "50": {"min_max_greedy": {"max delay": [0.037274881710560724], "running time": [199.16462898254395]}, "min_max_pulp": {"max delay": [0.036511110501877705], "running time": [28185.268878936768]}}, "60": {"min_max_greedy": {"max delay": [0.03343904717560005], "running time": [262.21680641174316]}, "min_max_pulp": {"max delay": [0.032664568673123236], "running time": [36266.94107055664]}}, "70": {"min_max_greedy": {"max delay": [0.02842526298443032], "running time": [317.2609806060791]}, "min_max_pulp": {"max delay": [0.028266178649989232], "running time": [41582.32879638672]}}}