{"10": {"min_max_greedy": {"max delay": [0.044085001192724745], "running time": [68.05586814880371]}, "min_max_pulp": {"max delay": [0.044085001192724745], "running time": [4559.76414680481]}}, "20": {"min_max_greedy": {"max delay": [0.04059561781603768], "running time": [112.09273338317871]}, "min_max_pulp": {"max delay": [0.038921640167784585], "running time": [10855.96251487732]}}, "30": {"min_max_greedy": {"max delay": [0.03642781122863791], "running time": [152.12559700012207]}, "min_max_pulp": {"max delay": [0.03142675844235779], "running time": [16335.48617362976]}}, "40": {"min_max_greedy": {"max delay": [0.02995160085922905], "running time": [196.16222381591797]}, "min_max_pulp": {"max delay": [0.027955890389881922], "running time": [23426.340341567993]}}, "50": {"min_max_greedy": {"max delay": [0.026087244732187192], "running time": [214.17665481567383]}, "min_max_pulp": {"max delay": [0.024931245423724085], "running time": [32234.611988067627]}}, "60": {"min_max_greedy": {"max delay": [0.022389615446124916], "running time": [288.2378101348877]}, "min_max_pulp": {"max delay": [0.022077748894953883], "running time": [43190.65737724304]}}, "70": {"min_max_greedy": {"max delay": [0.02173153163956297], "running time": [321.26522064208984]}, "min_max_pulp": {"max delay": [0.02155070896075783], "running time": [639620.0544834137]}}, "80": {"min_max_greedy": {"max delay": [0.022437813896916507], "running time": [320.2645778656006]}, "min_max_pulp": {"max delay": [0.02082491246716697], "running time": [648345.2577590942]}}, "90": {"min_max_greedy": {"max delay": [0.021652206493595175], "running time": [302.2494316101074]}, "min_max_pulp": {"max delay": [0.020261812430364286], "running time": [658117.3253059387]}}, "100": {"min_max_greedy": {"max delay": [0.01946537250706096], "running time": [358.2959175109863]}, "min_max_pulp": {"max delay": [0.01818531087943059], "running time": [668128.5903453827]}}}