{"10": {"min_max_greedy": {"max delay": [0.32647295149957345], "running time": [54.044246673583984]}, "min_max_pulp": {"max delay": [0.32647295149957345], "running time": [3771.113157272339]}}, "20": {"min_max_greedy": {"max delay": [0.07506913806156171], "running time": [76.06267929077148]}, "min_max_pulp": {"max delay": [0.06533189779117286], "running time": [7293.021202087402]}}, "30": {"min_max_greedy": {"max delay": [0.057796443915910295], "running time": [145.11990547180176]}, "min_max_pulp": {"max delay": [0.047435556429568586], "running time": [11760.709285736084]}}, "40": {"min_max_greedy": {"max delay": [0.03722631570630691], "running time": [184.15164947509766]}, "min_max_pulp": {"max delay": [0.03661683154134235], "running time": [16406.558513641357]}}, "50": {"min_max_greedy": {"max delay": [0.03574205359259686], "running time": [204.16831970214844]}, "min_max_pulp": {"max delay": [0.03478524097017825], "running time": [23100.593328475952]}}, "60": {"min_max_greedy": {"max delay": [0.037469000284902236], "running time": [183.1517219543457]}, "min_max_pulp": {"max delay": [0.033222550705299794], "running time": [32108.5307598114]}}, "70": {"min_max_greedy": {"max delay": [0.031197217931971215], "running time": [257.21216201782227]}, "min_max_pulp": {"max delay": [0.03042524682926302], "running time": [39102.296352386475]}}, "80": {"min_max_greedy": {"max delay": [0.02912672394982956], "running time": [289.23869132995605]}, "min_max_pulp": {"max delay": [0.028977682446724506], "running time": [633713.680267334]}}, "90": {"min_max_greedy": {"max delay": [0.030798000777963252], "running time": [294.24285888671875]}, "min_max_pulp": {"max delay": [0.027749570179179495], "running time": [640699.9688148499]}}, "100": {"min_max_greedy": {"max delay": [0.028234103138886763], "running time": [317.2616958618164]}, "min_max_pulp": {"max delay": [0.025258349319250882], "running time": [647051.1617660522]}}}