{"entropy": 295960348796113882899311190509184318805, "10": {"num_user": 300, "num_service": 359, "min_max_surrogate_relaxation": {"max_delay": 0.18533349118658896, "running_time": 333591.95160865784}}, "20": {"num_user": 300, "num_service": 359, "min_max_surrogate_relaxation": {"max_delay": 0.16941169204961404, "running_time": 548555.4158687592}}, "30": {"num_user": 300, "num_service": 359, "min_max_surrogate_relaxation": {"max_delay": 0.16941169204961404, "running_time": 204597.85914421082}}, "40": {"num_user": 300, "num_service": 359, "min_max_surrogate_relaxation": {"max_delay": 0.1674756509473528, "running_time": 483794.6517467499}}, "50": {"num_user": 300, "num_service": 359, "min_max_surrogate_relaxation": {"max_delay": 0.1654756509473528, "running_time": 847523.622751236}}, "60": {"num_user": 300, "num_service": 359, "min_max_surrogate_relaxation": {"max_delay": 0.15691598521192995, "running_time": 992821.2504386902}}, "70": {"num_user": 300, "num_service": 359, "min_max_surrogate_relaxation": {"max_delay": 0.15591598521192995, "running_time": 1376319.6346759796}}, "80": {"num_user": 300, "num_service": 359, "min_max_surrogate_relaxation": {"max_delay": 0.1547330328378245, "running_time": 1439658.2190990448}}, "90": {"num_user": 300, "num_service": 359, "min_max_surrogate_relaxation": {"max_delay": 0.1536019629029642, "running_time": 1890249.3045330048}}, "100": {"num_user": 300, "num_service": 359, "min_max_surrogate_relaxation": {"max_delay": 0.1547330328378245, "running_time": 1845220.9215164185}}}