{"entropy": 323970086626023982324546569940638223910, "10": {"num_user": 300, "num_service": 364, "min_max_surrogate_relaxation": {"max_delay": 0.13936046278628217, "running_time": 350549.0291118622}}, "20": {"num_user": 300, "num_service": 364, "min_max_surrogate_relaxation": {"max_delay": 0.12971817560119156, "running_time": 391888.34953308105}}, "30": {"num_user": 300, "num_service": 364, "min_max_surrogate_relaxation": {"max_delay": 0.1273541085490245, "running_time": 676536.6685390472}}, "40": {"num_user": 300, "num_service": 364, "min_max_surrogate_relaxation": {"max_delay": 0.12604726453810355, "running_time": 581336.6317749023}}, "50": {"num_user": 300, "num_service": 364, "min_max_surrogate_relaxation": {"max_delay": 0.12325255565773668, "running_time": 1031952.7380466461}}, "60": {"num_user": 300, "num_service": 364, "min_max_surrogate_relaxation": {"max_delay": 0.11506908631789002, "running_time": 820485.1751327515}}, "70": {"num_user": 300, "num_service": 364, "min_max_surrogate_relaxation": {"max_delay": 0.10246883198818396, "running_time": 1438109.9338531494}}, "80": {"num_user": 300, "num_service": 364, "min_max_surrogate_relaxation": {"max_delay": 0.09939839213925658, "running_time": 1216875.2620220184}}, "90": {"num_user": 300, "num_service": 364, "min_max_surrogate_relaxation": {"max_delay": 0.09748334437035285, "running_time": 1141213.4470939636}}, "100": {"num_user": 300, "num_service": 364, "min_max_surrogate_relaxation": {"max_delay": 0.09390206866818977, "running_time": 1867592.4944877625}}}