{"10": {"min_max_greedy": {"max delay": [0.17709997508404768], "running time": [57.047367095947266]}, "min_max_pulp": {"max delay": [0.17709997508404768], "running time": [3031.5022468566895]}}, "20": {"min_max_greedy": {"max delay": [0.15931509620798853], "running time": [130.10716438293457]}, "min_max_pulp": {"max delay": [0.1572129698734165], "running time": [6207.124471664429]}}, "30": {"min_max_greedy": {"max delay": [0.12636112192697482], "running time": [100.0821590423584]}, "min_max_pulp": {"max delay": [0.10282749938976879], "running time": [9383.747100830078]}}, "40": {"min_max_greedy": {"max delay": [0.027849967721863392], "running time": [132.1094036102295]}, "min_max_pulp": {"max delay": [0.02574784138729136], "running time": [13058.779954910278]}}, "50": {"min_max_greedy": {"max delay": [0.02645029302125165], "running time": [166.1374568939209]}, "min_max_pulp": {"max delay": [0.024039858870287912], "running time": [17902.779817581177]}}, "60": {"min_max_greedy": {"max delay": [0.02092666611980079], "running time": [222.1832275390625]}, "min_max_pulp": {"max delay": [0.020486803821167576], "running time": [22640.69151878357]}}, "70": {"min_max_greedy": {"max delay": [0.02389859606219354], "running time": [181.14948272705078]}, "min_max_pulp": {"max delay": [0.019794980054762035], "running time": [31938.36784362793]}}, "80": {"min_max_greedy": {"max delay": [0.023022399117025735], "running time": [203.16767692565918]}, "min_max_pulp": {"max delay": [0.019235353802729536], "running time": [40437.384605407715]}}, "90": {"min_max_greedy": {"max delay": [0.021627972960669487], "running time": [246.20342254638672]}, "min_max_pulp": {"max delay": [0.018576794522074135], "running time": [49074.514389038086]}}, "100": {"min_max_greedy": {"max delay": [0.0169858865857493], "running time": [288.2382869720459]}, "min_max_pulp": {"max delay": [0.016492812915551578], "running time": [45209.32364463806]}}}