{"10": {"min_max_greedy": {"max delay": [0.10944792421801965], "running time": [76.06267929077148]}, "min_max_pulp": {"max delay": [0.10944792421801965], "running time": [3102.5614738464355]}}, "20": {"min_max_greedy": {"max delay": [0.08476428560153673], "running time": [143.11790466308594]}, "min_max_pulp": {"max delay": [0.0843516937722334], "running time": [6170.094013214111]}}, "30": {"min_max_greedy": {"max delay": [0.0809242145124499], "running time": [177.14643478393555]}, "min_max_pulp": {"max delay": [0.08002898286886954], "running time": [10248.460531234741]}}, "40": {"min_max_greedy": {"max delay": [0.07927528359639195], "running time": [206.17008209228516]}, "min_max_pulp": {"max delay": [0.07144929630360342], "running time": [13540.178060531616]}}, "50": {"min_max_greedy": {"max delay": [0.0705150076025008], "running time": [162.13369369506836]}, "min_max_pulp": {"max delay": [0.0665638323157746], "running time": [18417.205095291138]}}, "60": {"min_max_greedy": {"max delay": [0.0567119076853314], "running time": [172.14202880859375]}, "min_max_pulp": {"max delay": [0.054389186124361555], "running time": [23050.029516220093]}}, "70": {"min_max_greedy": {"max delay": [0.049345739073338564], "running time": [214.17689323425293]}, "min_max_pulp": {"max delay": [0.04795123926125197], "running time": [27898.03194999695]}}, "80": {"min_max_greedy": {"max delay": [0.04582441057154636], "running time": [248.20494651794434]}, "min_max_pulp": {"max delay": [0.04472429863979809], "running time": [33478.639125823975]}}, "90": {"min_max_greedy": {"max delay": [0.0443719541161358], "running time": [291.2402153015137]}, "min_max_pulp": {"max delay": [0.04248100277380692], "running time": [42748.292207717896]}}, "100": {"min_max_greedy": {"max delay": [0.04095909406954204], "running time": [323.26698303222656]}, "min_max_pulp": {"max delay": [0.040825731837922666], "running time": [48750.24700164795]}}}