{"10": {"min_max_greedy": {"max delay": [0.29588420731558746], "running time": [57.047367095947266]}, "min_max_pulp": {"max delay": [0.29588420731558746], "running time": [3188.6327266693115]}}, "20": {"min_max_greedy": {"max delay": [0.08692662803024168], "running time": [66.0545825958252]}, "min_max_pulp": {"max delay": [0.08692662803024168], "running time": [6477.347135543823]}}, "30": {"min_max_greedy": {"max delay": [0.06665542033201308], "running time": [100.0828742980957]}, "min_max_pulp": {"max delay": [0.06665542033201308], "running time": [10418.601036071777]}}, "40": {"min_max_greedy": {"max delay": [0.06172584338446397], "running time": [155.12800216674805]}, "min_max_pulp": {"max delay": [0.05097336391479646], "running time": [14259.773015975952]}}, "50": {"min_max_greedy": {"max delay": [0.04441343450611157], "running time": [122.100830078125]}, "min_max_pulp": {"max delay": [0.04441343450611157], "running time": [18409.19804573059]}}, "60": {"min_max_greedy": {"max delay": [0.042814883605578766], "running time": [111.09137535095215]}, "min_max_pulp": {"max delay": [0.04030013810609104], "running time": [24704.395532608032]}}, "70": {"min_max_greedy": {"max delay": [0.033375913184556794], "running time": [156.1288833618164]}, "min_max_pulp": {"max delay": [0.03246657610055741], "running time": [28151.24201774597]}}, "80": {"min_max_greedy": {"max delay": [0.028562117718623305], "running time": [183.1510066986084]}, "min_max_pulp": {"max delay": [0.028562117718623305], "running time": [36003.72338294983]}}, "90": {"min_max_greedy": {"max delay": [0.02639197867764321], "running time": [246.20342254638672]}, "min_max_pulp": {"max delay": [0.024803146246599954], "running time": [42678.23338508606]}}, "100": {"min_max_greedy": {"max delay": [0.025311513650771778], "running time": [233.19268226623535]}, "min_max_pulp": {"max delay": [0.021419662545958815], "running time": [49034.48247909546]}}}