{"10": {"min_max_greedy": {"max delay": [0.3986536718510599], "running time": [76.06315612792969]}, "min_max_pulp": {"max delay": [0.39770426236210216], "running time": [4170.443058013916]}}, "20": {"min_max_greedy": {"max delay": [0.1907825479790545], "running time": [87.07165718078613]}, "min_max_pulp": {"max delay": [0.1907825479790545], "running time": [8562.068939208984]}}, "30": {"min_max_greedy": {"max delay": [0.16806509618521487], "running time": [108.08920860290527]}, "min_max_pulp": {"max delay": [0.16662629966166376], "running time": [13775.372505187988]}}, "40": {"min_max_greedy": {"max delay": [0.16479487908378965], "running time": [140.11621475219727]}, "min_max_pulp": {"max delay": [0.16359474883886738], "running time": [20444.87953186035]}}, "50": {"min_max_greedy": {"max delay": [0.16136089420699937], "running time": [178.1470775604248]}, "min_max_pulp": {"max delay": [0.058379715439325644], "running time": [26542.91296005249]}}, "60": {"min_max_greedy": {"max delay": [0.0336496548928768], "running time": [123.10194969177246]}, "min_max_pulp": {"max delay": [0.03338368693515593], "running time": [34364.37010765076]}}, "70": {"min_max_greedy": {"max delay": [0.03075079381339951], "running time": [155.12776374816895]}, "min_max_pulp": {"max delay": [0.03038064593232291], "running time": [44027.34875679016]}}, "80": {"min_max_greedy": {"max delay": [0.030614338437632886], "running time": [177.14595794677734]}, "min_max_pulp": {"max delay": [0.027793394947060908], "running time": [53449.14937019348]}}, "90": {"min_max_greedy": {"max delay": [0.02513035941660261], "running time": [271.2433338165283]}, "min_max_pulp": {"max delay": [0.024382246686497754], "running time": [65382.97486305237]}}, "100": {"min_max_greedy": {"max delay": [0.021990187714614442], "running time": [247.20430374145508]}, "min_max_pulp": {"max delay": [0.021242654811574932], "running time": [74007.09962844849]}}}