{"entropy": 211529396473957100775327471659495549410, "10": {"num_user": 200, "num_service": 41, "min_max_greedy": {"max_delay": 0.05369972881237931, "running_time": 9.006500244140625}, "min_max_equal_weight": {"max_delay": 0.06691913118014059, "running_time": 86.07125282287598}, "min_max_surrogate_relaxation": {"max_delay": 0.05369972881237931, "lower_bound": 0.03992936938301616, "running_time": 83.0681324005127, "none_zero_ratio": 0.0075, "max_weight": 0.5, "min_weight": 0.015625}, "min_max_pulp": {"max_delay": 0.05369972881237931, "running_time": 12074.958324432373}}, "20": {"num_user": 200, "num_service": 41, "min_max_greedy": {"max_delay": 0.030956699141465253, "running_time": 14.011383056640625}, "min_max_equal_weight": {"max_delay": 0.029247243070863654, "running_time": 86.07077598571777}, "min_max_surrogate_relaxation": {"max_delay": 0.030956699141465253, "lower_bound": 0.02174795409143903, "running_time": 126.10411643981934, "none_zero_ratio": 0.015, "max_weight": 0.4453125, "min_weight": 0.0018131732940673828}, "min_max_pulp": {"max_delay": 0.029247243070863654, "running_time": 23795.624256134033}}, "30": {"num_user": 200, "num_service": 41, "min_max_greedy": {"max_delay": 0.02498976950947298, "running_time": 16.013145446777344}, "min_max_equal_weight": {"max_delay": 0.027122051524218226, "running_time": 87.07189559936523}, "min_max_surrogate_relaxation": {"max_delay": 0.02595275891760966, "lower_bound": 0.01819090628047564, "running_time": 454.3745517730713, "none_zero_ratio": 0.02, "max_weight": 0.375, "min_weight": 0.007625420694239438}, "min_max_pulp": {"max_delay": 0.02269334235693113, "running_time": 36320.95384597778}}, "40": {"num_user": 200, "num_service": 41, "min_max_greedy": {"max_delay": 0.02158576028108663, "running_time": 22.017955780029297}, "min_max_equal_weight": {"max_delay": 0.025288159877626795, "running_time": 88.07253837585449}, "min_max_surrogate_relaxation": {"max_delay": 0.024838673137298206, "lower_bound": 0.0109440326163882, "running_time": 153.12647819519043, "none_zero_ratio": 0.0125, "max_weight": 0.25005340576171875, "min_weight": 0.117919921875}, "min_max_pulp": {"max_delay": 0.01858404132130126, "running_time": 50796.892166137695}}, "50": {"num_user": 200, "num_service": 41, "min_max_greedy": {"max_delay": 0.01801356029005986, "running_time": 21.01731300354004}, "min_max_equal_weight": {"max_delay": 0.021142445864258518, "running_time": 89.07341957092285}, "min_max_surrogate_relaxation": {"max_delay": 0.01801356029005986, "lower_bound": 0.010572935433886576, "running_time": 297.2452640533447, "none_zero_ratio": 0.015, "max_weight": 0.2881432771682739, "min_weight": 0.0692138671875}, "min_max_pulp": {"max_delay": 0.01680373302476952, "running_time": 66103.51538658142}}, "60": {"num_user": 200, "num_service": 41, "min_max_greedy": {"max_delay": 0.015516638011883691, "running_time": 27.022361755371094}, "min_max_equal_weight": {"max_delay": 0.020321566086134335, "running_time": 88.07253837585449}, "min_max_surrogate_relaxation": {"max_delay": 0.014632818850627057, "lower_bound": 0.007949137840490172, "running_time": 222.1832275390625, "none_zero_ratio": 0.015, "max_weight": 0.29382097721099854, "min_weight": 0.05441129207611084}, "min_max_pulp": {"max_delay": 0.013473746497245549, "running_time": 88449.94401931763}}, "70": {"num_user": 200, "num_service": 41, "min_max_greedy": {"max_delay": 0.011640740072917806, "running_time": 30.025005340576172}, "min_max_equal_weight": {"max_delay": 0.018403035675855037, "running_time": 89.07341957092285}, "min_max_surrogate_relaxation": {"max_delay": 0.014618247341283558, "lower_bound": 0.0076424237760554636, "running_time": 473.3901023864746, "none_zero_ratio": 0.0175, "max_weight": 0.25, "min_weight": 0.01895403116941452}, "min_max_pulp": {"max_delay": 0.011640740072917806, "running_time": 111616.04905128479}}, "80": {"num_user": 200, "num_service": 41, "min_max_greedy": {"max_delay": 0.01155640640420309, "running_time": 33.02741050720215}, "min_max_equal_weight": {"max_delay": 0.014632818850627057, "running_time": 90.07477760314941}, "min_max_surrogate_relaxation": {"max_delay": 0.012203850736929821, "lower_bound": 0.005972297071707004, "running_time": 316.26033782958984, "none_zero_ratio": 0.0175, "max_weight": 0.5, "min_weight": 0.010050460696220398}, "min_max_pulp": {"max_delay": 0.010450767361577917, "running_time": 197354.75730895996}}, "90": {"num_user": 200, "num_service": 41, "min_max_greedy": {"max_delay": 0.010694092422785628, "running_time": 36.02957725524902}, "min_max_equal_weight": {"max_delay": 0.012041559218117809, "running_time": 91.07470512390137}, "min_max_surrogate_relaxation": {"max_delay": 0.011176681823245717, "lower_bound": 0.00585892490227311, "running_time": 1182.9752922058105, "none_zero_ratio": 0.03, "max_weight": 0.25, "min_weight": 0.01792144775390625}, "min_max_pulp": {"max_delay": 0.009547424534453548, "running_time": 633793.6866283417}}, "100": {"num_user": 200, "num_service": 41, "min_max_greedy": {"max_delay": 0.00983447801488731, "running_time": 37.03045845031738}, "min_max_equal_weight": {"max_delay": 0.0111069196638745, "running_time": 92.07606315612793}, "min_max_surrogate_relaxation": {"max_delay": 0.00909793779412496, "lower_bound": 0.004985940496891878, "running_time": 634.5233917236328, "none_zero_ratio": 0.0275, "max_weight": 0.25, "min_weight": 0.024825960484612608}, "min_max_pulp": {"max_delay": 0.007312690008686944, "running_time": 192759.96851921082}}}