{"entropy": 227661500498929276742003554658272288239, "10": {"num_user": 200, "num_service": 41, "min_max_greedy": {"max_delay": 0.3518988511185964, "running_time": 8.006572723388672}, "min_max_equal_weight": {"max_delay": 0.36569347575554156, "running_time": 86.07101440429688}, "min_max_surrogate_relaxation": {"max_delay": 0.3518988511185964, "lower_bound": 0.348528802339373, "running_time": 83.0683708190918, "none_zero_ratio": 0.0075, "max_weight": 0.75, "min_weight": 0.0078125}, "min_max_pulp": {"max_delay": 0.3518988511185964, "running_time": 15192.529439926147}}, "20": {"num_user": 200, "num_service": 41, "min_max_greedy": {"max_delay": 0.06599403888480739, "running_time": 7.0056915283203125}, "min_max_equal_weight": {"max_delay": 0.36569347575554156, "running_time": 88.07253837585449}, "min_max_surrogate_relaxation": {"max_delay": 0.06599403888480739, "lower_bound": 0.06732340143092842, "running_time": 105.0865650177002, "none_zero_ratio": 0.0075, "max_weight": 0.5, "min_weight": 0.015625}, "min_max_pulp": {"max_delay": 0.06599403888480739, "running_time": 28533.531427383423}}, "30": {"num_user": 200, "num_service": 41, "min_max_greedy": {"max_delay": 0.03322523116726364, "running_time": 12.009859085083008}, "min_max_equal_weight": {"max_delay": 0.04301914637350584, "running_time": 87.07165718078613}, "min_max_surrogate_relaxation": {"max_delay": 0.03322523116726364, "lower_bound": 0.028382799812271268, "running_time": 115.09513854980469, "none_zero_ratio": 0.01, "max_weight": 0.5, "min_weight": 0.06591796875}, "min_max_pulp": {"max_delay": 0.03322523116726364, "running_time": 43967.259645462036}}, "40": {"num_user": 200, "num_service": 41, "min_max_greedy": {"max_delay": 0.0320944445121123, "running_time": 14.011621475219727}, "min_max_equal_weight": {"max_delay": 0.04111948166677542, "running_time": 88.0727767944336}, "min_max_surrogate_relaxation": {"max_delay": 0.03174690111570902, "lower_bound": 0.018899658026750484, "running_time": 192.15846061706543, "none_zero_ratio": 0.01, "max_weight": 0.5, "min_weight": 0.05810546875}, "min_max_pulp": {"max_delay": 0.031416947269241886, "running_time": 62483.530044555664}}, "50": {"num_user": 200, "num_service": 41, "min_max_greedy": {"max_delay": 0.026558194220146214, "running_time": 19.015789031982422}, "min_max_equal_weight": {"max_delay": 0.028678548850116965, "running_time": 88.0727767944336}, "min_max_surrogate_relaxation": {"max_delay": 0.025907132669932137, "lower_bound": 0.016355135875480764, "running_time": 266.2193775177002, "none_zero_ratio": 0.0225, "max_weight": 0.26518821716308594, "min_weight": 0.022112240394562832}, "min_max_pulp": {"max_delay": 0.025907132669932137, "running_time": 81017.81487464905}}, "60": {"num_user": 200, "num_service": 41, "min_max_greedy": {"max_delay": 0.01913390542377174, "running_time": 23.019075393676758}, "min_max_equal_weight": {"max_delay": 0.025907132669932137, "running_time": 91.07542037963867}, "min_max_surrogate_relaxation": {"max_delay": 0.024371304773156646, "lower_bound": 0.0132229748863105, "running_time": 354.2923927307129, "none_zero_ratio": 0.025, "max_weight": 0.23301457986235619, "min_weight": 0.034666323145415845}, "min_max_pulp": {"max_delay": 0.01913390542377174, "running_time": 102512.54177093506}}, "70": {"num_user": 200, "num_service": 41, "min_max_greedy": {"max_delay": 0.018332598033349825, "running_time": 27.022123336791992}, "min_max_equal_weight": {"max_delay": 0.01935946833516048, "running_time": 90.07453918457031}, "min_max_surrogate_relaxation": {"max_delay": 0.018665558937997886, "lower_bound": 0.01110743883756822, "running_time": 458.3780765533447, "none_zero_ratio": 0.025, "max_weight": 0.2061885315924883, "min_weight": 0.028251793992239982}, "min_max_pulp": {"max_delay": 0.016654241220356126, "running_time": 139570.1026916504}}, "80": {"num_user": 200, "num_service": 41, "min_max_greedy": {"max_delay": 0.01607705959578525, "running_time": 32.02629089355469}, "min_max_equal_weight": {"max_delay": 0.01913390542377174, "running_time": 91.07542037963867}, "min_max_surrogate_relaxation": {"max_delay": 0.016163982107168462, "lower_bound": 0.008976974969671547, "running_time": 855.7054996490479, "none_zero_ratio": 0.035, "max_weight": 0.1324462890625, "min_weight": 0.022350311279296875}, "min_max_pulp": {"max_delay": 0.013379815013429533, "running_time": 154760.6303691864}}, "90": {"num_user": 200, "num_service": 41, "min_max_greedy": {"max_delay": 0.013956639583586655, "running_time": 35.028934478759766}, "min_max_equal_weight": {"max_delay": 0.017455973571747007, "running_time": 92.07630157470703}, "min_max_surrogate_relaxation": {"max_delay": 0.01268590561626694, "lower_bound": 0.0071102440916155805, "running_time": 844.6967601776123, "none_zero_ratio": 0.025, "max_weight": 0.5, "min_weight": 0.020603085436505353}, "min_max_pulp": {"max_delay": 0.011469006960000165, "running_time": 184172.8868484497}}, "100": {"num_user": 200, "num_service": 41, "min_max_greedy": {"max_delay": 0.014107751306687564, "running_time": 34.028053283691406}, "min_max_equal_weight": {"max_delay": 0.0117018831614048, "running_time": 92.07558631896973}, "min_max_surrogate_relaxation": {"max_delay": 0.010097406274054303, "lower_bound": 0.005730212076244806, "running_time": 1043.860673904419, "none_zero_ratio": 0.035, "max_weight": 0.14178478717803955, "min_weight": 0.0230712890625}, "min_max_pulp": {"max_delay": 0.010097406274054303, "running_time": 284305.46522140503}}}