{"entropy": 301197907889520068493722435177424712288, "10": {"num_user": 200, "num_service": 41, "min_max_greedy": {"max_delay": 0.05460326314088334, "running_time": 6.005048751831055}, "min_max_equal_weight": {"max_delay": 0.05460326314088334, "running_time": 83.0683708190918}, "min_max_surrogate_relaxation": {"max_delay": 0.05460326314088334, "lower_bound": 0.04907854096393624, "running_time": 99.08175468444824, "none_zero_ratio": 0.005, "max_weight": 0.5, "min_weight": 0.5}, "min_max_pulp": {"max_delay": 0.05460326314088334, "running_time": 11071.130275726318}}, "20": {"num_user": 200, "num_service": 41, "min_max_greedy": {"max_delay": 0.03470738687605857, "running_time": 10.00833511352539}, "min_max_equal_weight": {"max_delay": 0.0322841120978338, "running_time": 83.0683708190918}, "min_max_surrogate_relaxation": {"max_delay": 0.03470738687605857, "lower_bound": 0.024756709855735422, "running_time": 82.06772804260254, "none_zero_ratio": 0.01, "max_weight": 0.849609375, "min_weight": 0.00274658203125}, "min_max_pulp": {"max_delay": 0.0322841120978338, "running_time": 20804.157257080078}}, "30": {"num_user": 200, "num_service": 41, "min_max_greedy": {"max_delay": 0.029130553578326585, "running_time": 12.01009750366211}, "min_max_equal_weight": {"max_delay": 0.03033188005225862, "running_time": 86.07101440429688}, "min_max_surrogate_relaxation": {"max_delay": 0.026974067254330037, "lower_bound": 0.019820063563093175, "running_time": 152.12535858154297, "none_zero_ratio": 0.0125, "max_weight": 0.3984375, "min_weight": 0.00583648681640625}, "min_max_pulp": {"max_delay": 0.026974067254330037, "running_time": 31372.873306274414}}, "40": {"num_user": 200, "num_service": 41, "min_max_greedy": {"max_delay": 0.02559474043017742, "running_time": 18.014907836914062}, "min_max_equal_weight": {"max_delay": 0.03033188005225862, "running_time": 85.07013320922852}, "min_max_surrogate_relaxation": {"max_delay": 0.02634809838872999, "lower_bound": 0.009806139014613503, "running_time": 103.08504104614258, "none_zero_ratio": 0.01, "max_weight": 0.6092529296875, "min_weight": 0.0196533203125}, "min_max_pulp": {"max_delay": 0.02182506158481191, "running_time": 47832.44729042053}}, "50": {"num_user": 200, "num_service": 41, "min_max_greedy": {"max_delay": 0.02222719819461198, "running_time": 21.017074584960938}, "min_max_equal_weight": {"max_delay": 0.022297903302004603, "running_time": 86.07101440429688}, "min_max_surrogate_relaxation": {"max_delay": 0.018314121638475973, "lower_bound": 0.010842379267384497, "running_time": 273.2253074645996, "none_zero_ratio": 0.01, "max_weight": 0.4921875, "min_weight": 0.008056640625}, "min_max_pulp": {"max_delay": 0.01785169137081203, "running_time": 73596.69470787048}}, "60": {"num_user": 200, "num_service": 41, "min_max_greedy": {"max_delay": 0.01488490602117008, "running_time": 24.019956588745117}, "min_max_equal_weight": {"max_delay": 0.01746563987943013, "running_time": 86.07101440429688}, "min_max_surrogate_relaxation": {"max_delay": 0.01698517555563462, "lower_bound": 0.008774164966059463, "running_time": 309.25488471984863, "none_zero_ratio": 0.0125, "max_weight": 0.387451171875, "min_weight": 0.00473785400390625}, "min_max_pulp": {"max_delay": 0.01488490602117008, "running_time": 99549.09753799438}}, "70": {"num_user": 200, "num_service": 41, "min_max_greedy": {"max_delay": 0.013743124402652764, "running_time": 29.024124145507812}, "min_max_equal_weight": {"max_delay": 0.015496354100053029, "running_time": 88.0727767944336}, "min_max_surrogate_relaxation": {"max_delay": 0.013743124402652764, "lower_bound": 0.00802487120414888, "running_time": 855.0817966461182, "none_zero_ratio": 0.0225, "max_weight": 0.1899929941373557, "min_weight": 0.0061288062624953454}, "min_max_pulp": {"max_delay": 0.013010373884394593, "running_time": 124765.89369773865}}, "80": {"num_user": 200, "num_service": 41, "min_max_greedy": {"max_delay": 0.012932405163515955, "running_time": 33.02764892578125}, "min_max_equal_weight": {"max_delay": 0.013623156162473024, "running_time": 87.07213401794434}, "min_max_surrogate_relaxation": {"max_delay": 0.012374028226465134, "lower_bound": 0.007209133698772786, "running_time": 1603.3220291137695, "none_zero_ratio": 0.02, "max_weight": 0.19140625, "min_weight": 0.01753323886077851}, "min_max_pulp": {"max_delay": 0.011496116816852888, "running_time": 180776.0853767395}}, "90": {"num_user": 200, "num_service": 41, "min_max_greedy": {"max_delay": 0.012217488135348132, "running_time": 34.027814865112305}, "min_max_equal_weight": {"max_delay": 0.011827519519254308, "running_time": 88.07253837585449}, "min_max_surrogate_relaxation": {"max_delay": 0.010370757554865865, "lower_bound": 0.005455236469361928, "running_time": 848.6998081207275, "none_zero_ratio": 0.025, "max_weight": 0.25, "min_weight": 0.035440362989902496}, "min_max_pulp": {"max_delay": 0.009781349808184256, "running_time": 187823.89736175537}}, "100": {"num_user": 200, "num_service": 41, "min_max_greedy": {"max_delay": 0.009489208249754454, "running_time": 37.03022003173828}, "min_max_equal_weight": {"max_delay": 0.009886738379353426, "running_time": 89.07341957092285}, "min_max_surrogate_relaxation": {"max_delay": 0.009886738379353426, "lower_bound": 0.005218670382697047, "running_time": 1044.8617935180664, "none_zero_ratio": 0.025, "max_weight": 0.13671875, "min_weight": 0.006179620655188955}, "min_max_pulp": {"max_delay": 0.008313593453033301, "running_time": 231331.77828788757}}}