{"entropy": 325128689105901004701882613523612864082, "10": {"num_user": 200, "num_service": 41, "min_max_greedy": {"max_delay": 0.047027937131274136, "running_time": 11.008977890014648}, "min_max_equal_weight": {"max_delay": 0.04778980319748871, "running_time": 86.07125282287598}, "min_max_surrogate_relaxation": {"max_delay": 0.04778980319748871, "lower_bound": 0.04334951499250482, "running_time": 129.1060447692871, "none_zero_ratio": 0.0125, "max_weight": 0.5, "min_weight": 0.03955078125}, "min_max_pulp": {"max_delay": 0.047027937131274136, "running_time": 18613.35039138794}}, "20": {"num_user": 200, "num_service": 41, "min_max_greedy": {"max_delay": 0.0289272350770717, "running_time": 11.00921630859375}, "min_max_equal_weight": {"max_delay": 0.038258960259008865, "running_time": 86.07101440429688}, "min_max_surrogate_relaxation": {"max_delay": 0.0289272350770717, "lower_bound": 0.014945252039393168, "running_time": 67.05498695373535, "none_zero_ratio": 0.01, "max_weight": 0.5, "min_weight": 0.04443359375}, "min_max_pulp": {"max_delay": 0.0289272350770717, "running_time": 37854.21824455261}}, "30": {"num_user": 200, "num_service": 41, "min_max_greedy": {"max_delay": 0.02424328295755676, "running_time": 19.015789031982422}, "min_max_equal_weight": {"max_delay": 0.026686056021396898, "running_time": 87.07213401794434}, "min_max_surrogate_relaxation": {"max_delay": 0.02438704891340633, "lower_bound": 0.015391757860413916, "running_time": 259.213924407959, "none_zero_ratio": 0.02, "max_weight": 0.3428211808204651, "min_weight": 0.029296875}, "min_max_pulp": {"max_delay": 0.02070614438486226, "running_time": 59883.38565826416}}, "40": {"num_user": 200, "num_service": 41, "min_max_greedy": {"max_delay": 0.017819516888892148, "running_time": 17.0137882232666}, "min_max_equal_weight": {"max_delay": 0.0206732516726506, "running_time": 89.07318115234375}, "min_max_surrogate_relaxation": {"max_delay": 0.01822387290203266, "lower_bound": 0.010772560144217421, "running_time": 238.19661140441895, "none_zero_ratio": 0.0175, "max_weight": 0.3046875, "min_weight": 0.01353677362203598}, "min_max_pulp": {"max_delay": 0.017819516888892148, "running_time": 85869.81654167175}}, "50": {"num_user": 200, "num_service": 41, "min_max_greedy": {"max_delay": 0.016285051452712692, "running_time": 21.017074584960938}, "min_max_equal_weight": {"max_delay": 0.02041379783429066, "running_time": 89.07341957092285}, "min_max_surrogate_relaxation": {"max_delay": 0.016075461652696375, "lower_bound": 0.009770426382777692, "running_time": 426.35154724121094, "none_zero_ratio": 0.0175, "max_weight": 0.2878415398299694, "min_weight": 0.029776711016893387}, "min_max_pulp": {"max_delay": 0.01506199085775662, "running_time": 113268.41187477112}}, "60": {"num_user": 200, "num_service": 41, "min_max_greedy": {"max_delay": 0.014993445457103589, "running_time": 24.019956588745117}, "min_max_equal_weight": {"max_delay": 0.020364013588917238, "running_time": 90.07406234741211}, "min_max_surrogate_relaxation": {"max_delay": 0.014835546627388544, "lower_bound": 0.007951097172951367, "running_time": 562.4639987945557, "none_zero_ratio": 0.015, "max_weight": 0.2202361822128296, "min_weight": 0.125}, "min_max_pulp": {"max_delay": 0.012846788794662053, "running_time": 178604.29406166077}}, "70": {"num_user": 200, "num_service": 41, "min_max_greedy": {"max_delay": 0.012810391207814985, "running_time": 29.024124145507812}, "min_max_equal_weight": {"max_delay": 0.01838623310857632, "running_time": 90.07453918457031}, "min_max_surrogate_relaxation": {"max_delay": 0.011893677011951473, "lower_bound": 0.0063972340912078025, "running_time": 978.8074493408203, "none_zero_ratio": 0.035, "max_weight": 0.2474498748779297, "min_weight": 0.023345301841670718}, "min_max_pulp": {"max_delay": 0.010786369498079209, "running_time": 294577.93736457825}}, "80": {"num_user": 200, "num_service": 41, "min_max_greedy": {"max_delay": 0.00854563395750893, "running_time": 31.02564811706543}, "min_max_equal_weight": {"max_delay": 0.013807515365583434, "running_time": 91.07542037963867}, "min_max_surrogate_relaxation": {"max_delay": 0.010301242272819462, "lower_bound": 0.00567510770106811, "running_time": 1091.900110244751, "none_zero_ratio": 0.025, "max_weight": 0.2230224609375, "min_weight": 0.03532405266776095}, "min_max_pulp": {"max_delay": 0.008500447691030658, "running_time": 266667.92035102844}}, "90": {"num_user": 200, "num_service": 41, "min_max_greedy": {"max_delay": 0.008313558982193724, "running_time": 36.02957725524902}, "min_max_equal_weight": {"max_delay": 0.010678826166961215, "running_time": 91.07494354248047}, "min_max_surrogate_relaxation": {"max_delay": 0.008253287406937329, "lower_bound": 0.004755026897125872, "running_time": 777.6415348052979, "none_zero_ratio": 0.0275, "max_weight": 0.2516746520996094, "min_weight": 0.014353951554557653}, "min_max_pulp": {"max_delay": 0.007916861394681035, "running_time": 466806.9739341736}}, "100": {"num_user": 200, "num_service": 41, "min_max_greedy": {"max_delay": 0.007487975748652893, "running_time": 44.0363883972168}, "min_max_equal_weight": {"max_delay": 0.008002602167322884, "running_time": 93.07670593261719}, "min_max_surrogate_relaxation": {"max_delay": 0.007487975748652893, "lower_bound": 0.0045748246020123826, "running_time": 1824.5046138763428, "none_zero_ratio": 0.035, "max_weight": 0.173971573531162, "min_weight": 0.018561174526428303}, "min_max_pulp": {"max_delay": 0.006868026996515974, "running_time": 504955.71660995483}}}