{"entropy": 185177129073006850693288748394463822132, "10": {"num_user": 200, "num_service": 41, "min_max_greedy": {"max_delay": 0.09085426169488361, "running_time": 8.006811141967773}, "min_max_equal_weight": {"max_delay": 0.10056471758237027, "running_time": 83.0686092376709}, "min_max_surrogate_relaxation": {"max_delay": 0.09168458711103984, "lower_bound": 0.08530719882126296, "running_time": 143.11790466308594, "none_zero_ratio": 0.0125, "max_weight": 0.46190643310546875, "min_weight": 0.01490020751953125}, "min_max_pulp": {"max_delay": 0.09085426169488361, "running_time": 11216.249942779541}}, "20": {"num_user": 200, "num_service": 41, "min_max_greedy": {"max_delay": 0.08239044093362287, "running_time": 8.006572723388672}, "min_max_equal_weight": {"max_delay": 0.08989538474644536, "running_time": 85.06989479064941}, "min_max_surrogate_relaxation": {"max_delay": 0.08239044093362287, "lower_bound": 0.05978123163908673, "running_time": 128.10587882995605, "none_zero_ratio": 0.0075, "max_weight": 0.5, "min_weight": 0.171875}, "min_max_pulp": {"max_delay": 0.08239044093362287, "running_time": 22437.504529953003}}, "30": {"num_user": 200, "num_service": 41, "min_max_greedy": {"max_delay": 0.07422673679686681, "running_time": 13.010501861572266}, "min_max_equal_weight": {"max_delay": 0.07293253176836446, "running_time": 85.07037162780762}, "min_max_surrogate_relaxation": {"max_delay": 0.07805512064690326, "lower_bound": 0.03690745261748764, "running_time": 89.07365798950195, "none_zero_ratio": 0.0125, "max_weight": 0.625, "min_weight": 0.03515625}, "min_max_pulp": {"max_delay": 0.07190902500074098, "running_time": 34327.30937004089}}, "40": {"num_user": 200, "num_service": 41, "min_max_greedy": {"max_delay": 0.033184992062199666, "running_time": 12.01009750366211}, "min_max_equal_weight": {"max_delay": 0.06927866633868862, "running_time": 85.07013320922852}, "min_max_surrogate_relaxation": {"max_delay": 0.0291099759411612, "lower_bound": 0.017980577265357962, "running_time": 100.0823974609375, "none_zero_ratio": 0.0125, "max_weight": 0.5, "min_weight": 0.0226593017578125}, "min_max_pulp": {"max_delay": 0.0291099759411612, "running_time": 46929.70299720764}}, "50": {"num_user": 200, "num_service": 41, "min_max_greedy": {"max_delay": 0.022900203766117656, "running_time": 17.014026641845703}, "min_max_equal_weight": {"max_delay": 0.021512576289875365, "running_time": 85.07013320922852}, "min_max_surrogate_relaxation": {"max_delay": 0.025249694051442895, "lower_bound": 0.013463913174793073, "running_time": 150.12407302856445, "none_zero_ratio": 0.01, "max_weight": 0.5, "min_weight": 0.140625}, "min_max_pulp": {"max_delay": 0.021512576289875365, "running_time": 60335.758686065674}}, "60": {"num_user": 200, "num_service": 41, "min_max_greedy": {"max_delay": 0.020539591488490334, "running_time": 22.0181941986084}, "min_max_equal_weight": {"max_delay": 0.021512576289875365, "running_time": 86.07101440429688}, "min_max_surrogate_relaxation": {"max_delay": 0.019348591649047935, "lower_bound": 0.011291029166193662, "running_time": 294.24285888671875, "none_zero_ratio": 0.02, "max_weight": 0.30821800231933594, "min_weight": 0.04070599243277684}, "min_max_pulp": {"max_delay": 0.018558271833737275, "running_time": 78228.51490974426}}, "70": {"num_user": 200, "num_service": 41, "min_max_greedy": {"max_delay": 0.01647106589610351, "running_time": 25.020837783813477}, "min_max_equal_weight": {"max_delay": 0.01894074376853571, "running_time": 86.07101440429688}, "min_max_surrogate_relaxation": {"max_delay": 0.018065984679981106, "lower_bound": 0.010345495723287931, "running_time": 396.32701873779297, "none_zero_ratio": 0.0125, "max_weight": 0.5, "min_weight": 0.0797271728515625}, "min_max_pulp": {"max_delay": 0.015374405749916324, "running_time": 96219.35176849365}}, "80": {"num_user": 200, "num_service": 41, "min_max_greedy": {"max_delay": 0.014887817068565862, "running_time": 32.02629089355469}, "min_max_equal_weight": {"max_delay": 0.016303574927505872, "running_time": 87.07165718078613}, "min_max_surrogate_relaxation": {"max_delay": 0.013520588553743584, "lower_bound": 0.008468994290405091, "running_time": 436.3598823547363, "none_zero_ratio": 0.0225, "max_weight": 0.2510547637939453, "min_weight": 0.03461593610154523}, "min_max_pulp": {"max_delay": 0.012615912198477063, "running_time": 114269.23751831055}}, "90": {"num_user": 200, "num_service": 41, "min_max_greedy": {"max_delay": 0.013087640209633647, "running_time": 31.025409698486328}, "min_max_equal_weight": {"max_delay": 0.01465878343198161, "running_time": 88.0732536315918}, "min_max_surrogate_relaxation": {"max_delay": 0.011355066147482933, "lower_bound": 0.006863720679963683, "running_time": 541.4464473724365, "none_zero_ratio": 0.0225, "max_weight": 0.25, "min_weight": 0.05996346473693848}, "min_max_pulp": {"max_delay": 0.01093309229771072, "running_time": 141948.06432724}}, "100": {"num_user": 200, "num_service": 41, "min_max_greedy": {"max_delay": 0.010575052944659174, "running_time": 37.03045845031738}, "min_max_equal_weight": {"max_delay": 0.01135870926712702, "running_time": 89.07389640808105}, "min_max_surrogate_relaxation": {"max_delay": 0.010890589964526931, "lower_bound": 0.005668446867454034, "running_time": 761.6281509399414, "none_zero_ratio": 0.0275, "max_weight": 0.25, "min_weight": 0.0234375}, "min_max_pulp": {"max_delay": 0.009556275507841355, "running_time": 187654.75797653198}}}