{"entropy": 127490251582555131429055903673326622341, "10": {"num_user": 200, "num_service": 41, "min_max_greedy": {"max_delay": 0.042840150006776025, "running_time": 7.006406784057617}, "min_max_equal_weight": {"max_delay": 0.042840150006776025, "running_time": 85.07037162780762}, "min_max_surrogate_relaxation": {"max_delay": 0.042840150006776025, "lower_bound": 0.03661133606608579, "running_time": 160.13216972351074, "none_zero_ratio": 0.005, "max_weight": 0.5, "min_weight": 0.5}, "min_max_pulp": {"max_delay": 0.042840150006776025, "running_time": 12112.989664077759}}, "20": {"num_user": 200, "num_service": 41, "min_max_greedy": {"max_delay": 0.031032881482388423, "running_time": 12.01009750366211}, "min_max_equal_weight": {"max_delay": 0.03405502240798989, "running_time": 86.07101440429688}, "min_max_surrogate_relaxation": {"max_delay": 0.03282556158873662, "lower_bound": 0.02575386665487779, "running_time": 110.09097099304199, "none_zero_ratio": 0.0125, "max_weight": 0.56463623046875, "min_weight": 0.027379989624023438}, "min_max_pulp": {"max_delay": 0.031032881482388423, "running_time": 24339.07198905945}}, "30": {"num_user": 200, "num_service": 41, "min_max_greedy": {"max_delay": 0.027614751821338167, "running_time": 16.013145446777344}, "min_max_equal_weight": {"max_delay": 0.02886227831775663, "running_time": 88.07253837585449}, "min_max_surrogate_relaxation": {"max_delay": 0.02511533341249052, "lower_bound": 0.01627806094718099, "running_time": 158.13040733337402, "none_zero_ratio": 0.0125, "max_weight": 0.5, "min_weight": 0.05810546875}, "min_max_pulp": {"max_delay": 0.024404082200501317, "running_time": 36856.39524459839}}, "40": {"num_user": 200, "num_service": 41, "min_max_greedy": {"max_delay": 0.020014519103807422, "running_time": 17.014265060424805}, "min_max_equal_weight": {"max_delay": 0.02393079514830693, "running_time": 87.07165718078613}, "min_max_surrogate_relaxation": {"max_delay": 0.01814513495606694, "lower_bound": 0.01240567682724388, "running_time": 331.27355575561523, "none_zero_ratio": 0.015, "max_weight": 0.25, "min_weight": 0.09212493896484375}, "min_max_pulp": {"max_delay": 0.01814513495606694, "running_time": 52050.92668533325}}, "50": {"num_user": 200, "num_service": 41, "min_max_greedy": {"max_delay": 0.01480840081005748, "running_time": 17.014026641845703}, "min_max_equal_weight": {"max_delay": 0.020993181369716892, "running_time": 88.0727767944336}, "min_max_surrogate_relaxation": {"max_delay": 0.017452396389426, "lower_bound": 0.006032383843221275, "running_time": 121.09971046447754, "none_zero_ratio": 0.01, "max_weight": 0.5, "min_weight": 0.05908203125}, "min_max_pulp": {"max_delay": 0.014396443791794427, "running_time": 67043.29061508179}}, "60": {"num_user": 200, "num_service": 41, "min_max_greedy": {"max_delay": 0.012210580692234935, "running_time": 23.01931381225586}, "min_max_equal_weight": {"max_delay": 0.01765564073275394, "running_time": 88.0727767944336}, "min_max_surrogate_relaxation": {"max_delay": 0.0126295708053119, "lower_bound": 0.007267958291634605, "running_time": 849.700927734375, "none_zero_ratio": 0.0175, "max_weight": 0.4212646484375, "min_weight": 0.030525382608175278}, "min_max_pulp": {"max_delay": 0.011295439188823773, "running_time": 86074.98598098755}}, "70": {"num_user": 200, "num_service": 41, "min_max_greedy": {"max_delay": 0.0092140093153242, "running_time": 30.02476692199707}, "min_max_equal_weight": {"max_delay": 0.015558514684441044, "running_time": 90.07406234741211}, "min_max_surrogate_relaxation": {"max_delay": 0.009701205723030472, "lower_bound": 0.0058089613648529045, "running_time": 744.6138858795166, "none_zero_ratio": 0.03, "max_weight": 0.18585205078125, "min_weight": 0.0067646365620023605}, "min_max_pulp": {"max_delay": 0.008782352906327685, "running_time": 103686.50960922241}}, "80": {"num_user": 200, "num_service": 41, "min_max_greedy": {"max_delay": 0.008062095905914283, "running_time": 33.02741050720215}, "min_max_equal_weight": {"max_delay": 0.010371203401350747, "running_time": 89.07341957092285}, "min_max_surrogate_relaxation": {"max_delay": 0.0069130191685725356, "lower_bound": 0.004697024202108951, "running_time": 489.40372467041016, "none_zero_ratio": 0.0225, "max_weight": 0.25, "min_weight": 0.010311710320820566}, "min_max_pulp": {"max_delay": 0.0069130191685725356, "running_time": 129872.10488319397}}, "90": {"num_user": 200, "num_service": 41, "min_max_greedy": {"max_delay": 0.007523141671509335, "running_time": 37.03022003173828}, "min_max_equal_weight": {"max_delay": 0.006575491866091112, "running_time": 91.07542037963867}, "min_max_surrogate_relaxation": {"max_delay": 0.006189318148502115, "lower_bound": 0.004270187926359981, "running_time": 859.7092628479004, "none_zero_ratio": 0.0325, "max_weight": 0.16804122924804688, "min_weight": 0.01163067231635612}, "min_max_pulp": {"max_delay": 0.006189318148502115, "running_time": 166763.52906227112}}, "100": {"num_user": 200, "num_service": 41, "min_max_greedy": {"max_delay": 0.006188969791160984, "running_time": 42.03486442565918}, "min_max_equal_weight": {"max_delay": 0.006575491866091112, "running_time": 92.07582473754883}, "min_max_surrogate_relaxation": {"max_delay": 0.006036537631686165, "lower_bound": 0.004202562473855873, "running_time": 1316.0855770111084, "none_zero_ratio": 0.0275, "max_weight": 0.25, "min_weight": 0.01561974409813871}, "min_max_pulp": {"max_delay": 0.005547391627647521, "running_time": 206131.99615478516}}}