{"entropy": 299104586594541326672135749401782283398, "10": {"num_user": 200, "num_service": 41, "min_max_greedy": {"max_delay": 0.0416595623509633, "running_time": 9.007453918457031}, "min_max_equal_weight": {"max_delay": 0.04245234421424819, "running_time": 83.0686092376709}, "min_max_surrogate_relaxation": {"max_delay": 0.0416595623509633, "lower_bound": 0.032243559391932866, "running_time": 62.05129623413086, "none_zero_ratio": 0.0075, "max_weight": 0.5, "min_weight": 0.078125}, "min_max_pulp": {"max_delay": 0.0416595623509633, "running_time": 18225.029706954956}}, "20": {"num_user": 200, "num_service": 41, "min_max_greedy": {"max_delay": 0.0326165657437691, "running_time": 12.009859085083008}, "min_max_equal_weight": {"max_delay": 0.03372849309878989, "running_time": 85.07037162780762}, "min_max_surrogate_relaxation": {"max_delay": 0.03129795498523772, "lower_bound": 0.028615420443606793, "running_time": 99.08199310302734, "none_zero_ratio": 0.01, "max_weight": 0.3046875, "min_weight": 0.153076171875}, "min_max_pulp": {"max_delay": 0.03129795498523772, "running_time": 37443.8796043396}}, "30": {"num_user": 200, "num_service": 41, "min_max_greedy": {"max_delay": 0.02949129735284822, "running_time": 18.014907836914062}, "min_max_equal_weight": {"max_delay": 0.031067208671323263, "running_time": 87.07189559936523}, "min_max_surrogate_relaxation": {"max_delay": 0.03363620596592584, "lower_bound": 0.023756175714940514, "running_time": 73.06051254272461, "none_zero_ratio": 0.01, "max_weight": 0.75, "min_weight": 0.018310546875}, "min_max_pulp": {"max_delay": 0.02920585784902465, "running_time": 59497.06673622131}}, "40": {"num_user": 200, "num_service": 41, "min_max_greedy": {"max_delay": 0.028286327841537704, "running_time": 24.019479751586914}, "min_max_equal_weight": {"max_delay": 0.022751902847609154, "running_time": 85.07037162780762}, "min_max_surrogate_relaxation": {"max_delay": 0.022876046456935036, "lower_bound": 0.014907394759819295, "running_time": 183.1507682800293, "none_zero_ratio": 0.01, "max_weight": 0.5, "min_weight": 0.06982421875}, "min_max_pulp": {"max_delay": 0.021952478190928288, "running_time": 83500.86307525635}}, "50": {"num_user": 200, "num_service": 41, "min_max_greedy": {"max_delay": 0.02119817824916688, "running_time": 21.017074584960938}, "min_max_equal_weight": {"max_delay": 0.022688901320495287, "running_time": 86.07101440429688}, "min_max_surrogate_relaxation": {"max_delay": 0.019307482163516736, "lower_bound": 0.011086514301449107, "running_time": 156.1288833618164, "none_zero_ratio": 0.0125, "max_weight": 0.2917289733886719, "min_weight": 0.11415481567382812}, "min_max_pulp": {"max_delay": 0.019183338554190847, "running_time": 110492.1224117279}}, "60": {"num_user": 200, "num_service": 41, "min_max_greedy": {"max_delay": 0.019183338554190847, "running_time": 21.01731300354004}, "min_max_equal_weight": {"max_delay": 0.022751902847609154, "running_time": 87.07165718078613}, "min_max_surrogate_relaxation": {"max_delay": 0.019183338554190847, "lower_bound": 0.00824687082352584, "running_time": 208.17136764526367, "none_zero_ratio": 0.0125, "max_weight": 0.32444000244140625, "min_weight": 0.1171875}, "min_max_pulp": {"max_delay": 0.01564974357359459, "running_time": 141419.62814331055}}, "70": {"num_user": 200, "num_service": 41, "min_max_greedy": {"max_delay": 0.013730236080744926, "running_time": 22.0181941986084}, "min_max_equal_weight": {"max_delay": 0.022688901320495287, "running_time": 88.07253837585449}, "min_max_surrogate_relaxation": {"max_delay": 0.013726006201613782, "lower_bound": 0.006467974632198594, "running_time": 192.15846061706543, "none_zero_ratio": 0.01, "max_weight": 0.5, "min_weight": 0.09130859375}, "min_max_pulp": {"max_delay": 0.01249086263097341, "running_time": 174090.571641922}}, "80": {"num_user": 200, "num_service": 41, "min_max_greedy": {"max_delay": 0.010283951650031396, "running_time": 24.019718170166016}, "min_max_equal_weight": {"max_delay": 0.013663004674499915, "running_time": 89.07365798950195}, "min_max_surrogate_relaxation": {"max_delay": 0.011444060589142335, "lower_bound": 0.006538095889158091, "running_time": 427.3524284362793, "none_zero_ratio": 0.0125, "max_weight": 0.25426483154296875, "min_weight": 0.13318634033203125}, "min_max_pulp": {"max_delay": 0.010024648668943259, "running_time": 226396.7080116272}}, "90": {"num_user": 200, "num_service": 41, "min_max_greedy": {"max_delay": 0.00827930325509939, "running_time": 29.02388572692871}, "min_max_equal_weight": {"max_delay": 0.011224475551618799, "running_time": 89.07365798950195}, "min_max_surrogate_relaxation": {"max_delay": 0.008398235426994773, "lower_bound": 0.0058492461812369835, "running_time": 788.6502742767334, "none_zero_ratio": 0.0275, "max_weight": 0.25, "min_weight": 0.027881135480356534}, "min_max_pulp": {"max_delay": 0.00817763157914652, "running_time": 269545.29309272766}}, "100": {"num_user": 200, "num_service": 41, "min_max_greedy": {"max_delay": 0.008275402452034926, "running_time": 29.02388572692871}, "min_max_equal_weight": {"max_delay": 0.011224475551618799, "running_time": 89.07341957092285}, "min_max_surrogate_relaxation": {"max_delay": 0.007806718614836072, "lower_bound": 0.005149219397555969, "running_time": 960.7923030853271, "none_zero_ratio": 0.025, "max_weight": 0.19140625, "min_weight": 0.03316489483040641}, "min_max_pulp": {"max_delay": 0.007506110827236685, "running_time": 444523.597240448}}}