{"entropy": 325743772207153759458263601249736043346, "10": {"num_user": 200, "num_service": 41, "min_max_greedy": {"max_delay": 0.08415821616230854, "running_time": 8.006811141967773}, "min_max_equal_weight": {"max_delay": 0.08674348540905999, "running_time": 86.07101440429688}, "min_max_surrogate_relaxation": {"max_delay": 0.07996771398503486, "lower_bound": 0.07609046105690932, "running_time": 122.1010684967041, "none_zero_ratio": 0.0175, "max_weight": 0.4708251953125, "min_weight": 0.0015238113701343536}, "min_max_pulp": {"max_delay": 0.07996771398503486, "running_time": 13789.371728897095}}, "20": {"num_user": 200, "num_service": 41, "min_max_greedy": {"max_delay": 0.06700955271205594, "running_time": 14.011621475219727}, "min_max_equal_weight": {"max_delay": 0.07998594852027702, "running_time": 85.07013320922852}, "min_max_surrogate_relaxation": {"max_delay": 0.07312399911142431, "lower_bound": 0.04359048113775379, "running_time": 65.05298614501953, "none_zero_ratio": 0.0075, "max_weight": 0.5, "min_weight": 0.015625}, "min_max_pulp": {"max_delay": 0.05915131141540112, "running_time": 27366.56904220581}}, "30": {"num_user": 200, "num_service": 41, "min_max_greedy": {"max_delay": 0.033107096385828955, "running_time": 15.012264251708984}, "min_max_equal_weight": {"max_delay": 0.033107096385828955, "running_time": 86.07172966003418}, "min_max_surrogate_relaxation": {"max_delay": 0.04569415963220386, "lower_bound": 0.016081441703378867, "running_time": 103.08480262756348, "none_zero_ratio": 0.0125, "max_weight": 0.5, "min_weight": 0.0154876708984375}, "min_max_pulp": {"max_delay": 0.029103731261846663, "running_time": 42893.37420463562}}, "40": {"num_user": 200, "num_service": 41, "min_max_greedy": {"max_delay": 0.024261974847344707, "running_time": 20.01667022705078}, "min_max_equal_weight": {"max_delay": 0.029371672297577582, "running_time": 87.07189559936523}, "min_max_surrogate_relaxation": {"max_delay": 0.02059709356288103, "lower_bound": 0.010556207371848078, "running_time": 200.164794921875, "none_zero_ratio": 0.0175, "max_weight": 0.47043800354003906, "min_weight": 0.04548179917037487}, "min_max_pulp": {"max_delay": 0.017859997232454572, "running_time": 60081.54892921448}}, "50": {"num_user": 200, "num_service": 41, "min_max_greedy": {"max_delay": 0.011847208928328074, "running_time": 23.018836975097656}, "min_max_equal_weight": {"max_delay": 0.012849637872777635, "running_time": 87.07165718078613}, "min_max_surrogate_relaxation": {"max_delay": 0.014177295552512412, "lower_bound": 0.007939605193323505, "running_time": 336.2770080566406, "none_zero_ratio": 0.0225, "max_weight": 0.280626118183136, "min_weight": 0.01633502984077495}, "min_max_pulp": {"max_delay": 0.011531152348680178, "running_time": 79194.31138038635}}, "60": {"num_user": 200, "num_service": 41, "min_max_greedy": {"max_delay": 0.010355742068944539, "running_time": 27.022361755371094}, "min_max_equal_weight": {"max_delay": 0.010962743628318996, "running_time": 89.07341957092285}, "min_max_surrogate_relaxation": {"max_delay": 0.009787333348583357, "lower_bound": 0.006407845999084757, "running_time": 487.40172386169434, "none_zero_ratio": 0.0225, "max_weight": 0.41015625, "min_weight": 0.013741675957135158}, "min_max_pulp": {"max_delay": 0.009451777208227046, "running_time": 101231.48536682129}}, "70": {"num_user": 200, "num_service": 41, "min_max_greedy": {"max_delay": 0.009484866726530889, "running_time": 30.02476692199707}, "min_max_equal_weight": {"max_delay": 0.010353893258303043, "running_time": 90.07430076599121}, "min_max_surrogate_relaxation": {"max_delay": 0.008907283177152902, "lower_bound": 0.00547883228663836, "running_time": 565.4664039611816, "none_zero_ratio": 0.0275, "max_weight": 0.21552085876464844, "min_weight": 0.015901812053131792}, "min_max_pulp": {"max_delay": 0.008320740708131814, "running_time": 143941.70832633972}}, "80": {"num_user": 200, "num_service": 41, "min_max_greedy": {"max_delay": 0.008590682272887394, "running_time": 40.03310203552246}, "min_max_equal_weight": {"max_delay": 0.008980158963834084, "running_time": 91.07518196105957}, "min_max_surrogate_relaxation": {"max_delay": 0.007910241465132778, "lower_bound": 0.004672382859640197, "running_time": 632.5216293334961, "none_zero_ratio": 0.0275, "max_weight": 0.263671875, "min_weight": 0.016292639999138103}, "min_max_pulp": {"max_delay": 0.007198482440272871, "running_time": 221521.68798446655}}, "90": {"num_user": 200, "num_service": 41, "min_max_greedy": {"max_delay": 0.007524317718416018, "running_time": 43.03550720214844}, "min_max_equal_weight": {"max_delay": 0.008980158963834084, "running_time": 93.07694435119629}, "min_max_surrogate_relaxation": {"max_delay": 0.006408323722551314, "lower_bound": 0.004411456515636933, "running_time": 1247.0285892486572, "none_zero_ratio": 0.035, "max_weight": 0.125, "min_weight": 0.020169170924896868}, "min_max_pulp": {"max_delay": 0.006386105761146359, "running_time": 460780.0033092499}}, "100": {"num_user": 200, "num_service": 41, "min_max_greedy": {"max_delay": 0.0061755431201916235, "running_time": 46.038150787353516}, "min_max_equal_weight": {"max_delay": 0.0073126610084520705, "running_time": 93.07742118835449}, "min_max_surrogate_relaxation": {"max_delay": 0.006034257748154312, "lower_bound": 0.0038126707775935375, "running_time": 893.7368392944336, "none_zero_ratio": 0.0275, "max_weight": 0.14635848999023438, "min_weight": 0.02254406463508829}, "min_max_pulp": {"max_delay": 0.005747263498700516, "running_time": 631710.969209671}}}