{"entropy": 229753812577601712916577755859966360593, "10": {"num_user": 200, "num_service": 41, "min_max_greedy": {"max_delay": 0.08790782375267513, "running_time": 8.006572723388672}, "min_max_equal_weight": {"max_delay": 0.18736160750117492, "running_time": 85.07013320922852}, "min_max_surrogate_relaxation": {"max_delay": 0.08790782375267513, "lower_bound": 0.07289585679377479, "running_time": 57.04665184020996, "none_zero_ratio": 0.005, "max_weight": 0.5, "min_weight": 0.5}, "min_max_pulp": {"max_delay": 0.08790782375267513, "running_time": 12842.591762542725}}, "20": {"num_user": 200, "num_service": 41, "min_max_greedy": {"max_delay": 0.0420234422410303, "running_time": 11.009454727172852}, "min_max_equal_weight": {"max_delay": 0.04871672041286319, "running_time": 91.07494354248047}, "min_max_surrogate_relaxation": {"max_delay": 0.0466584174177878, "lower_bound": 0.030353443880978135, "running_time": 138.11373710632324, "none_zero_ratio": 0.0075, "max_weight": 0.5, "min_weight": 0.234375}, "min_max_pulp": {"max_delay": 0.04189793720483425, "running_time": 25138.731479644775}}, "30": {"num_user": 200, "num_service": 41, "min_max_greedy": {"max_delay": 0.02347371105690844, "running_time": 17.014265060424805}, "min_max_equal_weight": {"max_delay": 0.025700511185462516, "running_time": 87.07165718078613}, "min_max_surrogate_relaxation": {"max_delay": 0.02173258336469642, "lower_bound": 0.01323828281716341, "running_time": 106.08744621276855, "none_zero_ratio": 0.0125, "max_weight": 0.5, "min_weight": 0.0246734619140625}, "min_max_pulp": {"max_delay": 0.02173258336469642, "running_time": 38522.76968955994}}, "40": {"num_user": 200, "num_service": 41, "min_max_greedy": {"max_delay": 0.018348955704563658, "running_time": 19.01555061340332}, "min_max_equal_weight": {"max_delay": 0.01885085954706518, "running_time": 88.07253837585449}, "min_max_surrogate_relaxation": {"max_delay": 0.01765463035836296, "lower_bound": 0.011686637611799966, "running_time": 292.24109649658203, "none_zero_ratio": 0.015, "max_weight": 0.375732421875, "min_weight": 0.05623626708984375}, "min_max_pulp": {"max_delay": 0.016935454764279968, "running_time": 54804.19659614563}}, "50": {"num_user": 200, "num_service": 41, "min_max_greedy": {"max_delay": 0.015621213098917914, "running_time": 24.019718170166016}, "min_max_equal_weight": {"max_delay": 0.01815215046586153, "running_time": 88.0727767944336}, "min_max_surrogate_relaxation": {"max_delay": 0.015621213098917914, "lower_bound": 0.007625447168184278, "running_time": 232.1913242340088, "none_zero_ratio": 0.0175, "max_weight": 0.45897960662841797, "min_weight": 0.03125}, "min_max_pulp": {"max_delay": 0.01489866818441627, "running_time": 71599.04766082764}}, "60": {"num_user": 200, "num_service": 41, "min_max_greedy": {"max_delay": 0.01489108378443499, "running_time": 26.021242141723633}, "min_max_equal_weight": {"max_delay": 0.016892002467292024, "running_time": 89.07365798950195}, "min_max_surrogate_relaxation": {"max_delay": 0.013961175103591184, "lower_bound": 0.00877113164389302, "running_time": 784.6472263336182, "none_zero_ratio": 0.03, "max_weight": 0.1875, "min_weight": 0.024044828695300724}, "min_max_pulp": {"max_delay": 0.013170825958422405, "running_time": 91498.45838546753}}, "70": {"num_user": 200, "num_service": 41, "min_max_greedy": {"max_delay": 0.011848372012713153, "running_time": 32.02629089355469}, "min_max_equal_weight": {"max_delay": 0.01489866818441627, "running_time": 90.07430076599121}, "min_max_surrogate_relaxation": {"max_delay": 0.012344495112702854, "lower_bound": 0.007288307163422336, "running_time": 978.8072109222412, "none_zero_ratio": 0.035, "max_weight": 0.25, "min_weight": 0.01792144775390625}, "min_max_pulp": {"max_delay": 0.011179093687618512, "running_time": 136775.79832077026}}, "80": {"num_user": 200, "num_service": 41, "min_max_greedy": {"max_delay": 0.010491711465923034, "running_time": 37.03045845031738}, "min_max_equal_weight": {"max_delay": 0.011149662931509506, "running_time": 90.07406234741211}, "min_max_surrogate_relaxation": {"max_delay": 0.011689498866586254, "lower_bound": 0.006625456955346113, "running_time": 1298.0704307556152, "none_zero_ratio": 0.02, "max_weight": 0.1648370660841465, "min_weight": 0.058399200439453125}, "min_max_pulp": {"max_delay": 0.00925475356478892, "running_time": 162624.11546707153}}, "90": {"num_user": 200, "num_service": 41, "min_max_greedy": {"max_delay": 0.0085790225182656, "running_time": 41.033267974853516}, "min_max_equal_weight": {"max_delay": 0.009793002384719387, "running_time": 91.07542037963867}, "min_max_surrogate_relaxation": {"max_delay": 0.00953221841203928, "lower_bound": 0.005851988430178365, "running_time": 1720.4184532165527, "none_zero_ratio": 0.045, "max_weight": 0.13036893839114141, "min_weight": 0.014550104731154177}, "min_max_pulp": {"max_delay": 0.00822006666446215, "running_time": 176023.16546440125}}, "100": {"num_user": 200, "num_service": 41, "min_max_greedy": {"max_delay": 0.00806069641345282, "running_time": 47.03879356384277}, "min_max_equal_weight": {"max_delay": 0.009567000922076397, "running_time": 92.07606315612793}, "min_max_surrogate_relaxation": {"max_delay": 0.00822006666446215, "lower_bound": 0.004959047111660692, "running_time": 936.7725849151611, "none_zero_ratio": 0.03, "max_weight": 0.14211148023605347, "min_weight": 0.05285515412763869}, "min_max_pulp": {"max_delay": 0.00746973625300251, "running_time": 214791.1376953125}}}