{"entropy": 296981265348964907306511832851291062389, "10": {"num_user": 200, "num_service": 41, "min_max_greedy": {"max_delay": 0.05131366374767158, "running_time": 8.005857467651367}, "min_max_equal_weight": {"max_delay": 0.08214390998700306, "running_time": 86.07029914855957}, "min_max_surrogate_relaxation": {"max_delay": 0.05131366374767158, "lower_bound": 0.034753975960005214, "running_time": 40.03286361694336, "none_zero_ratio": 0.0075, "max_weight": 0.5, "min_weight": 0.109375}, "min_max_pulp": {"max_delay": 0.05131366374767158, "running_time": 12903.64146232605}}, "20": {"num_user": 200, "num_service": 41, "min_max_greedy": {"max_delay": 0.04110450813333776, "running_time": 13.010978698730469}, "min_max_equal_weight": {"max_delay": 0.05131366374767158, "running_time": 86.07101440429688}, "min_max_surrogate_relaxation": {"max_delay": 0.03867994084130923, "lower_bound": 0.013698587525340596, "running_time": 69.05698776245117, "none_zero_ratio": 0.0075, "max_weight": 0.5390625, "min_weight": 0.2109375}, "min_max_pulp": {"max_delay": 0.034210261034715986, "running_time": 24840.48581123352}}, "30": {"num_user": 200, "num_service": 41, "min_max_greedy": {"max_delay": 0.027554391347661602, "running_time": 16.013383865356445}, "min_max_equal_weight": {"max_delay": 0.027230502879777508, "running_time": 87.07165718078613}, "min_max_surrogate_relaxation": {"max_delay": 0.020892410351556392, "lower_bound": 0.012683280908272023, "running_time": 172.14226722717285, "none_zero_ratio": 0.0175, "max_weight": 0.38166046142578125, "min_weight": 0.027564726769924164}, "min_max_pulp": {"max_delay": 0.020892410351556392, "running_time": 39088.23585510254}}, "40": {"num_user": 200, "num_service": 41, "min_max_greedy": {"max_delay": 0.014986679466066351, "running_time": 19.015789031982422}, "min_max_equal_weight": {"max_delay": 0.015770407968644394, "running_time": 88.07229995727539}, "min_max_surrogate_relaxation": {"max_delay": 0.014662790998182261, "lower_bound": 0.010022038075394885, "running_time": 192.15846061706543, "none_zero_ratio": 0.015, "max_weight": 0.464630126953125, "min_weight": 0.04634633660316467}, "min_max_pulp": {"max_delay": 0.014261027972134042, "running_time": 53866.42384529114}}, "50": {"num_user": 200, "num_service": 41, "min_max_greedy": {"max_delay": 0.012928821204070799, "running_time": 25.020599365234375}, "min_max_equal_weight": {"max_delay": 0.013994496583668095, "running_time": 89.07365798950195}, "min_max_surrogate_relaxation": {"max_delay": 0.012615841066279557, "lower_bound": 0.007782243364117257, "running_time": 264.2180919647217, "none_zero_ratio": 0.0125, "max_weight": 0.41015625, "min_weight": 0.041309356689453125}, "min_max_pulp": {"max_delay": 0.012028737227138852, "running_time": 75652.3904800415}}, "60": {"num_user": 200, "num_service": 41, "min_max_greedy": {"max_delay": 0.012240669987113513, "running_time": 31.025409698486328}, "min_max_equal_weight": {"max_delay": 0.010979630411647155, "running_time": 89.07341957092285}, "min_max_surrogate_relaxation": {"max_delay": 0.011246161800113102, "lower_bound": 0.006086392879999209, "running_time": 306.25271797180176, "none_zero_ratio": 0.0175, "max_weight": 0.2216547727584839, "min_weight": 0.07945345714688301}, "min_max_pulp": {"max_delay": 0.010065716373576583, "running_time": 101059.34286117554}}, "70": {"num_user": 200, "num_service": 41, "min_max_greedy": {"max_delay": 0.010329046602612555, "running_time": 31.025409698486328}, "min_max_equal_weight": {"max_delay": 0.010979630411647155, "running_time": 90.07477760314941}, "min_max_surrogate_relaxation": {"max_delay": 0.00961727653274673, "lower_bound": 0.005791036008302328, "running_time": 767.6334381103516, "none_zero_ratio": 0.025, "max_weight": 0.1940556764602661, "min_weight": 0.019476084489156165}, "min_max_pulp": {"max_delay": 0.008634116523628534, "running_time": 149036.9098186493}}, "80": {"num_user": 200, "num_service": 41, "min_max_greedy": {"max_delay": 0.009937019901242447, "running_time": 37.03045845031738}, "min_max_equal_weight": {"max_delay": 0.009697384679016813, "running_time": 91.07518196105957}, "min_max_surrogate_relaxation": {"max_delay": 0.00787354822150736, "lower_bound": 0.005240866450552474, "running_time": 1285.0596904754639, "none_zero_ratio": 0.035, "max_weight": 0.2802858766929148, "min_weight": 0.017444372177124023}, "min_max_pulp": {"max_delay": 0.007256915977841192, "running_time": 137717.5750732422}}, "90": {"num_user": 200, "num_service": 41, "min_max_greedy": {"max_delay": 0.008895097896708185, "running_time": 41.03374481201172}, "min_max_equal_weight": {"max_delay": 0.009697384679016813, "running_time": 92.07582473754883}, "min_max_surrogate_relaxation": {"max_delay": 0.007583423551867178, "lower_bound": 0.004543346563269633, "running_time": 1319.0879821777344, "none_zero_ratio": 0.0225, "max_weight": 0.25, "min_weight": 0.04121560500789201}, "min_max_pulp": {"max_delay": 0.006555536975679751, "running_time": 217507.37738609314}}, "100": {"num_user": 200, "num_service": 41, "min_max_greedy": {"max_delay": 0.008505359829876416, "running_time": 44.0363883972168}, "min_max_equal_weight": {"max_delay": 0.009009935816018349, "running_time": 93.07670593261719}, "min_max_surrogate_relaxation": {"max_delay": 0.006685810630462733, "lower_bound": 0.003962069953129304, "running_time": 1078.8898468017578, "none_zero_ratio": 0.03, "max_weight": 0.25, "min_weight": 0.011322991847390051}, "min_max_pulp": {"max_delay": 0.0060847143535353605, "running_time": 453424.93748664856}}}