{"entropy": 233611551101849943288043059834401804612, "10": {"num_user": 200, "num_service": 41, "min_max_greedy": {"max_delay": 0.03349283917776354, "running_time": 12.01009750366211}, "min_max_equal_weight": {"max_delay": 0.032685310456131184, "running_time": 85.07013320922852}, "min_max_surrogate_relaxation": {"max_delay": 0.03011452937528959, "lower_bound": 0.023015493849322687, "running_time": 86.07101440429688, "none_zero_ratio": 0.0075, "max_weight": 0.5, "min_weight": 0.015625}, "min_max_pulp": {"max_delay": 0.02950863208258544, "running_time": 12820.572853088379}}, "20": {"num_user": 200, "num_service": 41, "min_max_greedy": {"max_delay": 0.0245170261219248, "running_time": 17.014026641845703}, "min_max_equal_weight": {"max_delay": 0.024627018191747167, "running_time": 86.07101440429688}, "min_max_surrogate_relaxation": {"max_delay": 0.02385897773613797, "lower_bound": 0.014464830582307873, "running_time": 172.14202880859375, "none_zero_ratio": 0.01, "max_weight": 0.5, "min_weight": 0.00537109375}, "min_max_pulp": {"max_delay": 0.021441847171395384, "running_time": 24789.443254470825}}, "30": {"num_user": 200, "num_service": 41, "min_max_greedy": {"max_delay": 0.01968475549203773, "running_time": 21.01755142211914}, "min_max_equal_weight": {"max_delay": 0.019494333200405167, "running_time": 87.07213401794434}, "min_max_surrogate_relaxation": {"max_delay": 0.017626802294010376, "lower_bound": 0.010543396007333228, "running_time": 419.3456172943115, "none_zero_ratio": 0.0225, "max_weight": 0.25, "min_weight": 0.002233473197748026}, "min_max_pulp": {"max_delay": 0.017539008083589568, "running_time": 39987.97821998596}}, "40": {"num_user": 200, "num_service": 41, "min_max_greedy": {"max_delay": 0.013901541408803095, "running_time": 24.019718170166016}, "min_max_equal_weight": {"max_delay": 0.014483522279180035, "running_time": 88.07253837585449}, "min_max_surrogate_relaxation": {"max_delay": 0.013901541408803095, "lower_bound": 0.008655581434307936, "running_time": 428.35354804992676, "none_zero_ratio": 0.025, "max_weight": 0.2516746520996094, "min_weight": 0.03482570853918787}, "min_max_pulp": {"max_delay": 0.013901541408803095, "running_time": 55493.76559257507}}, "50": {"num_user": 200, "num_service": 41, "min_max_greedy": {"max_delay": 0.011406512426281433, "running_time": 26.021718978881836}, "min_max_equal_weight": {"max_delay": 0.013239807180761983, "running_time": 88.07206153869629}, "min_max_surrogate_relaxation": {"max_delay": 0.012384852357114737, "lower_bound": 0.007444351967038919, "running_time": 788.6502742767334, "none_zero_ratio": 0.0275, "max_weight": 0.25, "min_weight": 0.03584717418902983}, "min_max_pulp": {"max_delay": 0.011216090134648868, "running_time": 73116.29891395569}}, "60": {"num_user": 200, "num_service": 41, "min_max_greedy": {"max_delay": 0.010400975577678172, "running_time": 30.025005340576172}, "min_max_equal_weight": {"max_delay": 0.013006703322475716, "running_time": 90.07453918457031}, "min_max_surrogate_relaxation": {"max_delay": 0.011216090134648868, "lower_bound": 0.005924985494753577, "running_time": 567.4681663513184, "none_zero_ratio": 0.025, "max_weight": 0.25, "min_weight": 0.016421466885049085}, "min_max_pulp": {"max_delay": 0.00957776936415812, "running_time": 101157.42421150208}}, "70": {"num_user": 200, "num_service": 41, "min_max_greedy": {"max_delay": 0.008802758729798407, "running_time": 37.03045845031738}, "min_max_equal_weight": {"max_delay": 0.013006703322475716, "running_time": 91.07542037963867}, "min_max_surrogate_relaxation": {"max_delay": 0.009467128677447699, "lower_bound": 0.004692482987696864, "running_time": 632.521390914917, "none_zero_ratio": 0.02, "max_weight": 0.46484375, "min_weight": 0.014258167357183993}, "min_max_pulp": {"max_delay": 0.008144717375488244, "running_time": 130776.85117721558}}, "80": {"num_user": 200, "num_service": 41, "min_max_greedy": {"max_delay": 0.007596309718520062, "running_time": 40.03286361694336}, "min_max_equal_weight": {"max_delay": 0.010416898382210741, "running_time": 92.07606315612793}, "min_max_surrogate_relaxation": {"max_delay": 0.009467128677447699, "lower_bound": 0.004549214491285213, "running_time": 804.663896560669, "none_zero_ratio": 0.0175, "max_weight": 0.5, "min_weight": 0.06356276571750641}, "min_max_pulp": {"max_delay": 0.006983506190072868, "running_time": 179082.68880844116}}, "90": {"num_user": 200, "num_service": 41, "min_max_greedy": {"max_delay": 0.006284891398127652, "running_time": 45.03679275512695}, "min_max_equal_weight": {"max_delay": 0.010416898382210741, "running_time": 92.07606315612793}, "min_max_surrogate_relaxation": {"max_delay": 0.006181447229875659, "lower_bound": 0.004074461813146239, "running_time": 2019.6654796600342, "none_zero_ratio": 0.045, "max_weight": 0.25, "min_weight": 0.014570534681939251}, "min_max_pulp": {"max_delay": 0.005997879741032689, "running_time": 234365.2801513672}}, "100": {"num_user": 200, "num_service": 41, "min_max_greedy": {"max_delay": 0.005958832947462769, "running_time": 50.04143714904785}, "min_max_equal_weight": {"max_delay": 0.008299559656373372, "running_time": 93.07718276977539}, "min_max_surrogate_relaxation": {"max_delay": 0.005759967624254429, "lower_bound": 0.0035879036754407467, "running_time": 1578.3016681671143, "none_zero_ratio": 0.0375, "max_weight": 0.13747215270996094, "min_weight": 0.021895822322476395}, "min_max_pulp": {"max_delay": 0.005206199889854912, "running_time": 331650.5103111267}}}