{"entropy": 121380842752065353341963552781944623002, "10": {"num_user": 300, "num_service": 361, "min_max_greedy": {"max_delay": 0.09987241729886304, "running_time": 15.012264251708984}, "min_max_equal_weight": {"max_delay": 0.09372024575829097, "running_time": 24.02019500732422}, "min_max_surrogate_relaxation": {"max_delay": 0.10032454850254569, "running_time": 355.29303550720215}}, "20": {"num_user": 300, "num_service": 361, "min_max_greedy": {"max_delay": 0.07548716579600001, "running_time": 24.019479751586914}, "min_max_equal_weight": {"max_delay": 0.0809684626392685, "running_time": 29.02364730834961}, "min_max_surrogate_relaxation": {"max_delay": 0.08172754502345975, "running_time": 560.462236404419}}, "30": {"num_user": 300, "num_service": 361, "min_max_greedy": {"max_delay": 0.06620408670449951, "running_time": 32.02629089355469}, "min_max_equal_weight": {"max_delay": 0.07905255814737568, "running_time": 43.035268783569336}, "min_max_surrogate_relaxation": {"max_delay": 0.06703802540653077, "running_time": 658.5431098937988}}, "40": {"num_user": 300, "num_service": 361, "min_max_greedy": {"max_delay": 0.05651972605834646, "running_time": 41.03398323059082}, "min_max_equal_weight": {"max_delay": 0.07895618145076133, "running_time": 61.0499382019043}, "min_max_surrogate_relaxation": {"max_delay": 0.06620408670449951, "running_time": 1055.870532989502}}, "50": {"num_user": 300, "num_service": 361, "min_max_greedy": {"max_delay": 0.061209342243018036, "running_time": 45.037269592285156}, "min_max_equal_weight": {"max_delay": 0.07895618145076133, "running_time": 65.05489349365234}, "min_max_surrogate_relaxation": {"max_delay": 0.05786907711781481, "running_time": 2652.186632156372}}, "60": {"num_user": 300, "num_service": 361, "min_max_greedy": {"max_delay": 0.060420309963061004, "running_time": 55.04560470581055}, "min_max_equal_weight": {"max_delay": 0.07895618145076133, "running_time": 70.05739212036133}, "min_max_surrogate_relaxation": {"max_delay": 0.05483186692003567, "running_time": 3334.7506523132324}}, "70": {"num_user": 300, "num_service": 361, "min_max_greedy": {"max_delay": 0.05482630758137898, "running_time": 64.05305862426758}, "min_max_equal_weight": {"max_delay": 0.07840807517683586, "running_time": 81.06732368469238}, "min_max_surrogate_relaxation": {"max_delay": 0.05016948187773953, "running_time": 5311.380863189697}}, "80": {"num_user": 300, "num_service": 361, "min_max_greedy": {"max_delay": 0.0596709527519434, "running_time": 65.05370140075684}, "min_max_equal_weight": {"max_delay": 0.07840807517683586, "running_time": 86.07125282287598}, "min_max_surrogate_relaxation": {"max_delay": 0.050330960151967405, "running_time": 5596.615791320801}}, "90": {"num_user": 300, "num_service": 361, "min_max_greedy": {"max_delay": 0.05304837952936509, "running_time": 75.06155967712402}, "min_max_equal_weight": {"max_delay": 0.07840807517683586, "running_time": 92.07582473754883}, "min_max_surrogate_relaxation": {"max_delay": 0.050330960151967405, "running_time": 6794.60334777832}}, "100": {"num_user": 300, "num_service": 361, "min_max_greedy": {"max_delay": 0.05860553603851894, "running_time": 76.06267929077148}, "min_max_equal_weight": {"max_delay": 0.07840807517683586, "running_time": 101.08304023742676}, "min_max_surrogate_relaxation": {"max_delay": 0.048415055660074584, "running_time": 8182.748317718506}}}