{"entropy": 191463573307169330074560990012807252170, "10": {"num_user": 300, "num_service": 373, "min_max_greedy": {"max_delay": 0.291721964128215, "running_time": 8.00633430480957}, "min_max_equal_weight": {"max_delay": 0.30795311185897245, "running_time": 16.013145446777344}, "min_max_surrogate_relaxation": {"max_delay": 0.291721964128215, "running_time": 409.33799743652344}}, "20": {"num_user": 300, "num_service": 373, "min_max_greedy": {"max_delay": 0.28787428553711497, "running_time": 13.010740280151367}, "min_max_equal_weight": {"max_delay": 0.30795311185897245, "running_time": 20.01643180847168}, "min_max_surrogate_relaxation": {"max_delay": 0.2692456471066512, "running_time": 132.1086883544922}}, "30": {"num_user": 300, "num_service": 373, "min_max_greedy": {"max_delay": 0.2869426565438771, "running_time": 17.0137882232666}, "min_max_equal_weight": {"max_delay": 0.30795311185897245, "running_time": 24.02019500732422}, "min_max_surrogate_relaxation": {"max_delay": 0.25849469181551316, "running_time": 521.4300155639648}}, "40": {"num_user": 300, "num_service": 373, "min_max_greedy": {"max_delay": 0.2858190398624449, "running_time": 21.01731300354004}, "min_max_equal_weight": {"max_delay": 0.30795311185897245, "running_time": 34.0275764465332}, "min_max_surrogate_relaxation": {"max_delay": 0.2653979685155512, "running_time": 1024.8453617095947}}, "50": {"num_user": 300, "num_service": 373, "min_max_greedy": {"max_delay": 0.2852559843840759, "running_time": 26.021480560302734}, "min_max_equal_weight": {"max_delay": 0.30795311185897245, "running_time": 37.03045845031738}, "min_max_surrogate_relaxation": {"max_delay": 0.2630466798774896, "running_time": 607.5012683868408}}, "60": {"num_user": 300, "num_service": 373, "min_max_greedy": {"max_delay": 0.28405159461908597, "running_time": 29.02388572692871}, "min_max_equal_weight": {"max_delay": 0.30795311185897245, "running_time": 41.03398323059082}, "min_max_surrogate_relaxation": {"max_delay": 0.26377067198076076, "running_time": 1146.9454765319824}}, "70": {"num_user": 300, "num_service": 373, "min_max_greedy": {"max_delay": 0.28350854209154536, "running_time": 35.02798080444336}, "min_max_equal_weight": {"max_delay": 0.30795311185897245, "running_time": 44.0363883972168}, "min_max_surrogate_relaxation": {"max_delay": 0.2689496041432597, "running_time": 1305.0758838653564}}, "80": {"num_user": 300, "num_service": 373, "min_max_greedy": {"max_delay": 0.28325620309629956, "running_time": 39.031982421875}, "min_max_equal_weight": {"max_delay": 0.25302368707808076, "running_time": 48.03919792175293}, "min_max_surrogate_relaxation": {"max_delay": 0.2607798860747358, "running_time": 1822.502851486206}}, "90": {"num_user": 300, "num_service": 373, "min_max_greedy": {"max_delay": 0.11878773256115063, "running_time": 43.03550720214844}, "min_max_equal_weight": {"max_delay": 0.24920099616005176, "running_time": 52.042245864868164}, "min_max_surrogate_relaxation": {"max_delay": 0.24911833834340147, "running_time": 2114.744186401367}}, "100": {"num_user": 300, "num_service": 373, "min_max_greedy": {"max_delay": 0.11381071077706452, "running_time": 46.038150787353516}, "min_max_equal_weight": {"max_delay": 0.24865794363251117, "running_time": 56.04672431945801}, "min_max_surrogate_relaxation": {"max_delay": 0.24820999154180312, "running_time": 2571.120500564575}}}