{"10": {"min_max_greedy": {"max delay": [0.3286942119491636], "running time": [66.0548210144043]}, "min_max_pulp": {"max delay": [0.3286942119491636], "running time": [3303.727388381958]}}, "20": {"min_max_greedy": {"max delay": [0.1581257136702484], "running time": [98.08087348937988]}, "min_max_pulp": {"max delay": [0.1581257136702484], "running time": [7016.793012619019]}}, "30": {"min_max_greedy": {"max delay": [0.0920068807591938], "running time": [88.0727767944336]}, "min_max_pulp": {"max delay": [0.0920068807591938], "running time": [10942.033052444458]}}, "40": {"min_max_greedy": {"max delay": [0.0780051648140715], "running time": [110.09097099304199]}, "min_max_pulp": {"max delay": [0.0780051648140715], "running time": [16129.316091537476]}}, "50": {"min_max_greedy": {"max delay": [0.0712386298432146], "running time": [141.11638069152832]}, "min_max_pulp": {"max delay": [0.06927276806950858], "running time": [20692.08264350891]}}, "60": {"min_max_greedy": {"max delay": [0.05912741983689683], "running time": [169.13962364196777]}, "min_max_pulp": {"max delay": [0.05912741983689683], "running time": [26781.15749359131]}}, "70": {"min_max_greedy": {"max delay": [0.05748209299005143], "running time": [207.17096328735352]}, "min_max_pulp": {"max delay": [0.056912496139174915], "running time": [34393.394470214844]}}}