{"10": {"min_max_greedy": {"max delay": [0.048331532702163345], "running time": [88.07253837585449]}, "min_max_pulp": {"max delay": [0.04704852089390118], "running time": [3332.7512741088867]}}, "20": {"min_max_greedy": {"max delay": [0.03950556670209255], "running time": [131.10828399658203]}, "min_max_pulp": {"max delay": [0.037334953725086564], "running time": [6199.118137359619]}}, "30": {"min_max_greedy": {"max delay": [0.03597936182176641], "running time": [176.1455535888672]}, "min_max_pulp": {"max delay": [0.0344671137984671], "running time": [11202.248096466064]}}, "40": {"min_max_greedy": {"max delay": [0.0322547022119309], "running time": [173.1588840484619]}, "min_max_pulp": {"max delay": [0.029956860423649447], "running time": [14238.754987716675]}}, "50": {"min_max_greedy": {"max delay": [0.028637076154756066], "running time": [195.1606273651123]}, "min_max_pulp": {"max delay": [0.02513153201405049], "running time": [17821.7134475708]}}, "60": {"min_max_greedy": {"max delay": [0.02567024716720384], "running time": [239.1970157623291]}, "min_max_pulp": {"max delay": [0.021938051704765267], "running time": [22286.399364471436]}}, "70": {"min_max_greedy": {"max delay": [0.020947596133356058], "running time": [272.22466468811035]}, "min_max_pulp": {"max delay": [0.019670497123189547], "running time": [28249.321937561035]}}}