{"10": {"min_max_greedy": {"max delay": [0.04992478877768529], "running time": [2160.7842445373535]}, "min_max_pulp": {"max delay": [0.04992478877768529], "running time": [109739.59875106812]}}, "20": {"min_max_greedy": {"max delay": [0.04080680479681011], "running time": [3727.0772457122803]}, "min_max_pulp": {"max delay": [0.03944611926781146], "running time": [214213.84978294373]}}, "30": {"min_max_greedy": {"max delay": [0.03608424356172077], "running time": [4012.312650680542]}, "min_max_pulp": {"max delay": [0.035046982284976595], "running time": [337084.28835868835]}}, "40": {"min_max_greedy": {"max delay": [0.03190121919717323], "running time": [5923.890829086304]}, "min_max_pulp": {"max delay": [0.03190121919717323], "running time": [473443.8633918762]}}, "50": {"min_max_greedy": {"max delay": [0.0316070139795974], "running time": [5410.466432571411]}, "min_max_pulp": {"max delay": [0.03112375048726202], "running time": [635470.6289768219]}}, "60": {"min_max_greedy": {"max delay": [0.03045639915407481], "running time": [6191.111326217651]}, "min_max_pulp": {"max delay": [0.030041724975811784], "running time": [817742.107629776]}}, "70": {"min_max_greedy": {"max delay": [0.029301401400461533], "running time": [7302.02841758728]}, "min_max_pulp": {"max delay": [0.02930128505275929], "running time": [993807.4629306793]}}, "80": {"min_max_greedy": {"max delay": [0.028461204133033696], "running time": [8300.852298736572]}, "min_max_pulp": {"max delay": [0.028219375889011297], "running time": [1165882.523059845]}}, "90": {"min_max_greedy": {"max delay": [0.028176687937431125], "running time": [8939.379692077637]}, "min_max_pulp": {"max delay": [0.027841329032184597], "running time": [1420372.6251125336]}}, "100": {"min_max_greedy": {"max delay": [0.027656220232557198], "running time": [9902.174711227417]}, "min_max_pulp": {"max delay": [0.027388128591718058], "running time": [1624472.1240997314]}}}