{"10": {"min_max_greedy": {"max delay": [0.06273215983134946], "running time": [1971.6277122497559]}, "min_max_pulp": {"max delay": [0.06212266797121447], "running time": [65632.81273841858]}}, "20": {"min_max_greedy": {"max delay": [0.060659466017865246], "running time": [2631.1724185943604]}, "min_max_pulp": {"max delay": [0.05950842814254152], "running time": [127399.84846115112]}}, "30": {"min_max_greedy": {"max delay": [0.056845220982995756], "running time": [3612.983226776123]}, "min_max_pulp": {"max delay": [0.056845220982995756], "running time": [192844.7506427765]}}, "40": {"min_max_greedy": {"max delay": [0.05522316771651823], "running time": [4521.742820739746]}, "min_max_pulp": {"max delay": [0.05441652302326806], "running time": [261955.56902885437]}}, "50": {"min_max_greedy": {"max delay": [0.05296219770974721], "running time": [5474.519729614258]}, "min_max_pulp": {"max delay": [0.05245684760732169], "running time": [334257.04312324524]}}, "60": {"min_max_greedy": {"max delay": [0.05236287048889879], "running time": [6238.166570663452]}, "min_max_pulp": {"max delay": [0.05157448515676688], "running time": [435062.25061416626]}}, "70": {"min_max_greedy": {"max delay": [0.0514647186314965], "running time": [7453.153133392334]}, "min_max_pulp": {"max delay": [0.050462563201412555], "running time": [518563.16208839417]}}, "80": {"min_max_greedy": {"max delay": [0.05060938726743923], "running time": [9487.847328186035]}, "min_max_pulp": {"max delay": [0.05004140634796976], "running time": [620515.0208473206]}}, "90": {"min_max_greedy": {"max delay": [0.04953786970850335], "running time": [9085.500478744507]}, "min_max_pulp": {"max delay": [0.049239103830666486], "running time": [727931.7247867584]}}, "100": {"min_max_greedy": {"max delay": [0.049134621941470724], "running time": [10091.331243515015]}, "min_max_pulp": {"max delay": [0.04889659652382433], "running time": [848996.5789318085]}}}