{"entropy": 314204816996341144021796266902443385500, "10": {"num_user": 16, "num_service": 21, "min_max_greedy": {"max_delay": 0.06275264952374987, "running_time": 1.0008811950683594}, "min_max_nn": {"max_delay": 0.6671633471154821, "running_time": 9.006977081298828}}, "20": {"num_user": 16, "num_service": 21, "min_max_greedy": {"max_delay": 0.05598356889010706, "running_time": 2.0012855529785156}, "min_max_nn": {"max_delay": 0.6671633471154821, "running_time": 16.013383865356445}}, "30": {"num_user": 16, "num_service": 21, "min_max_greedy": {"max_delay": 0.052021810516420935, "running_time": 5.003929138183594}, "min_max_nn": {"max_delay": 0.5194728595818775, "running_time": 17.014026641845703}}, "40": {"num_user": 16, "num_service": 21, "min_max_greedy": {"max_delay": 0.04545615500738591, "running_time": 1.001119613647461}, "min_max_nn": {"max_delay": 0.07527535367720684, "running_time": 29.02388572692871}}, "50": {"num_user": 16, "num_service": 21, "min_max_greedy": {"max_delay": 0.038322576018614316, "running_time": 2.001523971557617}, "min_max_nn": {"max_delay": 0.07104793000964953, "running_time": 35.028934478759766}}, "60": {"num_user": 16, "num_service": 21, "min_max_greedy": {"max_delay": 0.03272149270345954, "running_time": 2.001523971557617}, "min_max_nn": {"max_delay": 0.06990272589838395, "running_time": 42.035579681396484}}, "70": {"num_user": 16, "num_service": 21, "min_max_greedy": {"max_delay": 0.029277326523597685, "running_time": 2.0017623901367188}, "min_max_nn": {"max_delay": 0.06948009154246583, "running_time": 51.04231834411621}}, "80": {"num_user": 16, "num_service": 21, "min_max_greedy": {"max_delay": 0.020300018325311787, "running_time": 2.0020008087158203}, "min_max_nn": {"max_delay": 0.6671633471154821, "running_time": 35.028934478759766}}, "90": {"num_user": 16, "num_service": 21, "min_max_greedy": {"max_delay": 0.013106445116763295, "running_time": 2.001523971557617}, "min_max_nn": {"max_delay": 0.6671633471154821, "running_time": 41.03374481201172}}, "100": {"num_user": 16, "num_service": 21, "min_max_greedy": {"max_delay": 0.01014485786645156, "running_time": 3.0024051666259766}, "min_max_nn": {"max_delay": 0.6671633471154821, "running_time": 48.039913177490234}}}