{"entropy": 240963254016760110451937639490467090606, "10": {"num_user": 16, "num_service": 21, "min_max_greedy": {"max_delay": 0.08175687147945503, "running_time": 1.0006427764892578}, "min_max_nn": {"max_delay": 0.5587429771339318, "running_time": 5.004405975341797}}, "20": {"num_user": 16, "num_service": 21, "min_max_greedy": {"max_delay": 0.06666567506944243, "running_time": 0.0}, "min_max_nn": {"max_delay": 0.5587429771339318, "running_time": 9.007692337036133}}, "30": {"num_user": 16, "num_service": 21, "min_max_greedy": {"max_delay": 0.05002290061740701, "running_time": 1.001119613647461}, "min_max_nn": {"max_delay": 0.5587429771339318, "running_time": 12.01009750366211}}, "40": {"num_user": 16, "num_service": 21, "min_max_greedy": {"max_delay": 0.04433666781498321, "running_time": 1.0008811950683594}, "min_max_nn": {"max_delay": 0.5587429771339318, "running_time": 15.012502670288086}}, "50": {"num_user": 16, "num_service": 21, "min_max_greedy": {"max_delay": 0.03544661297084622, "running_time": 1.0004043579101562}, "min_max_nn": {"max_delay": 0.5587429771339318, "running_time": 19.015789031982422}}, "60": {"num_user": 16, "num_service": 21, "min_max_greedy": {"max_delay": 0.03544661297084622, "running_time": 2.001523971557617}, "min_max_nn": {"max_delay": 0.5587429771339318, "running_time": 23.018836975097656}}, "70": {"num_user": 16, "num_service": 21, "min_max_greedy": {"max_delay": 0.020668274254792392, "running_time": 2.0017623901367188}, "min_max_nn": {"max_delay": 0.5587429771339318, "running_time": 26.021480560302734}}, "80": {"num_user": 16, "num_service": 21, "min_max_greedy": {"max_delay": 0.01689477506934549, "running_time": 3.002643585205078}, "min_max_nn": {"max_delay": 0.5587429771339318, "running_time": 31.05616569519043}}, "90": {"num_user": 16, "num_service": 21, "min_max_greedy": {"max_delay": 0.013004629202572091, "running_time": 2.0046234130859375}, "min_max_nn": {"max_delay": 0.5587429771339318, "running_time": 34.081220626831055}}, "100": {"num_user": 16, "num_service": 21, "min_max_greedy": {"max_delay": 0.011003567403849213, "running_time": 2.9973983764648438}, "min_max_nn": {"max_delay": 0.5587429771339318, "running_time": 39.0317440032959}}}