{"entropy": 142999649460542768029974633980779122449, "10": {"num_user": 16, "num_service": 21, "min_max_greedy": {"max_delay": 0.12239064023390919, "running_time": 1.0008811950683594}, "min_max_nn": {"max_delay": 0.3760821554353454, "running_time": 10.035276412963867}}, "20": {"num_user": 16, "num_service": 21, "min_max_greedy": {"max_delay": 0.06011724650140139, "running_time": 3.002643585205078}, "min_max_nn": {"max_delay": 0.37498621025458634, "running_time": 25.020599365234375}}, "30": {"num_user": 16, "num_service": 21, "min_max_greedy": {"max_delay": 0.04506421867197876, "running_time": 2.001523971557617}, "min_max_nn": {"max_delay": 0.3464398943522376, "running_time": 22.017955780029297}}, "40": {"num_user": 16, "num_service": 21, "min_max_greedy": {"max_delay": 0.03886226669290563, "running_time": 2.001523971557617}, "min_max_nn": {"max_delay": 0.37473266089407764, "running_time": 25.020599365234375}}, "50": {"num_user": 16, "num_service": 21, "min_max_greedy": {"max_delay": 0.02975453642119534, "running_time": 2.001523971557617}, "min_max_nn": {"max_delay": 0.37473140065910276, "running_time": 32.02652931213379}}, "60": {"num_user": 16, "num_service": 21, "min_max_greedy": {"max_delay": 0.026297887632497796, "running_time": 2.0017623901367188}, "min_max_nn": {"max_delay": 0.37473120484572525, "running_time": 44.03567314147949}}, "70": {"num_user": 16, "num_service": 21, "min_max_greedy": {"max_delay": 0.021076029895753627, "running_time": 3.002643585205078}, "min_max_nn": {"max_delay": 0.3464398943522376, "running_time": 43.036460876464844}}, "80": {"num_user": 16, "num_service": 21, "min_max_greedy": {"max_delay": 0.01212861827258277, "running_time": 3.0024051666259766}, "min_max_nn": {"max_delay": 0.37473117288402824, "running_time": 43.03574562072754}}, "90": {"num_user": 16, "num_service": 21, "min_max_greedy": {"max_delay": 0.008504957679367793, "running_time": 3.002166748046875}, "min_max_nn": {"max_delay": 0.37473117283446034, "running_time": 50.04119873046875}}, "100": {"num_user": 16, "num_service": 21, "min_max_greedy": {"max_delay": 0.0074345167273365265, "running_time": 4.0035247802734375}, "min_max_nn": {"max_delay": 0.37473117282926904, "running_time": 60.050010681152344}}}