{"entropy": 78498261225291612135261097357962386600, "10": {"num_user": 16, "num_service": 21, "min_max_greedy": {"max_delay": 0.24102887308481516, "running_time": 0.9934902191162109}, "min_max_nn": {"max_delay": 0.5724930824200556, "running_time": 60.13631820678711}}, "20": {"num_user": 16, "num_service": 21, "min_max_greedy": {"max_delay": 0.10336174234530045, "running_time": 24.046659469604492}, "min_max_nn": {"max_delay": 0.5627780310862606, "running_time": 14.016389846801758}}, "30": {"num_user": 16, "num_service": 21, "min_max_greedy": {"max_delay": 0.04280419411781108, "running_time": 1.0008811950683594}, "min_max_nn": {"max_delay": 0.5612067557021938, "running_time": 18.01466941833496}}, "40": {"num_user": 16, "num_service": 21, "min_max_greedy": {"max_delay": 0.035753170865064694, "running_time": 1.0008811950683594}, "min_max_nn": {"max_delay": 0.5614316553010326, "running_time": 17.0137882232666}}, "50": {"num_user": 16, "num_service": 21, "min_max_greedy": {"max_delay": 0.027331774117292273, "running_time": 2.001523971557617}, "min_max_nn": {"max_delay": 0.5609509701725923, "running_time": 24.019718170166016}}, "60": {"num_user": 16, "num_service": 21, "min_max_greedy": {"max_delay": 0.021918303238627392, "running_time": 3.002643585205078}, "min_max_nn": {"max_delay": 0.5613817151471503, "running_time": 25.020837783813477}}, "70": {"num_user": 16, "num_service": 21, "min_max_greedy": {"max_delay": 0.019966912170663695, "running_time": 3.0024051666259766}, "min_max_nn": {"max_delay": 0.560943118655923, "running_time": 34.02996063232422}}, "80": {"num_user": 16, "num_service": 21, "min_max_greedy": {"max_delay": 0.0121496896242051, "running_time": 3.0028820037841797}, "min_max_nn": {"max_delay": 0.5613803659653662, "running_time": 35.028934478759766}}, "90": {"num_user": 16, "num_service": 21, "min_max_greedy": {"max_delay": 0.010315847572102592, "running_time": 3.002166748046875}, "min_max_nn": {"max_delay": 0.5609415572822636, "running_time": 39.0322208404541}}, "100": {"num_user": 16, "num_service": 21, "min_max_greedy": {"max_delay": 0.008097988145330515, "running_time": 4.003047943115234}, "min_max_nn": {"max_delay": 0.5613801231932509, "running_time": 45.037031173706055}}}