{"entropy": 25850216362720175462400044851824401827, "10": {"num_user": 16, "num_service": 21, "min_max_greedy": {"max_delay": 0.11093095797773425, "running_time": 1.001119613647461}, "min_max_nn": {"max_delay": 0.11093095797773425, "running_time": 19.015789031982422}}, "20": {"num_user": 16, "num_service": 21, "min_max_greedy": {"max_delay": 0.06349666527648361, "running_time": 1.0008811950683594}, "min_max_nn": {"max_delay": 0.11093095797773425, "running_time": 23.019075393676758}}, "30": {"num_user": 16, "num_service": 21, "min_max_greedy": {"max_delay": 0.0405268544691479, "running_time": 2.0020008087158203}, "min_max_nn": {"max_delay": 0.11093095797773425, "running_time": 24.021625518798828}}, "40": {"num_user": 16, "num_service": 21, "min_max_greedy": {"max_delay": 0.02648298597482172, "running_time": 5.004644393920898}, "min_max_nn": {"max_delay": 0.11093095797773425, "running_time": 29.02388572692871}}, "50": {"num_user": 16, "num_service": 21, "min_max_greedy": {"max_delay": 0.021373617672439487, "running_time": 3.0024051666259766}, "min_max_nn": {"max_delay": 0.11093095797773425, "running_time": 35.02917289733887}}, "60": {"num_user": 16, "num_service": 21, "min_max_greedy": {"max_delay": 0.01573474433771072, "running_time": 3.002166748046875}, "min_max_nn": {"max_delay": 0.11093095797773425, "running_time": 36.031484603881836}}, "70": {"num_user": 16, "num_service": 21, "min_max_greedy": {"max_delay": 0.014761321610093758, "running_time": 3.0024051666259766}, "min_max_nn": {"max_delay": 0.11093095797773425, "running_time": 41.03374481201172}}, "80": {"num_user": 16, "num_service": 21, "min_max_greedy": {"max_delay": 0.00960759249619109, "running_time": 4.003763198852539}, "min_max_nn": {"max_delay": 0.11093095797773425, "running_time": 45.04084587097168}}, "90": {"num_user": 16, "num_service": 21, "min_max_greedy": {"max_delay": 0.0074459423249818866, "running_time": 3.002643585205078}, "min_max_nn": {"max_delay": 0.11093095797773425, "running_time": 48.03967475891113}}, "100": {"num_user": 16, "num_service": 21, "min_max_greedy": {"max_delay": 0.0075550206374793896, "running_time": 4.0035247802734375}, "min_max_nn": {"max_delay": 0.11093095797773425, "running_time": 51.04327201843262}}}