{"entropy": 46124422102180112626127039585661563301, "10": {"num_user": 16, "num_service": 21, "min_max_greedy": {"max_delay": 0.08375848489473889, "running_time": 1.0006427764892578}, "min_max_nn": {"max_delay": 0.15148714439150512, "running_time": 9.00721549987793}}, "20": {"num_user": 16, "num_service": 21, "min_max_greedy": {"max_delay": 0.06205673934502549, "running_time": 1.0004043579101562}, "min_max_nn": {"max_delay": 0.15148714439150512, "running_time": 12.009382247924805}}, "30": {"num_user": 16, "num_service": 21, "min_max_greedy": {"max_delay": 0.04440997778643579, "running_time": 1.0006427764892578}, "min_max_nn": {"max_delay": 0.15148714439150512, "running_time": 19.019365310668945}}, "40": {"num_user": 16, "num_service": 21, "min_max_greedy": {"max_delay": 0.037250004350920254, "running_time": 1.0006427764892578}, "min_max_nn": {"max_delay": 0.15148714439150512, "running_time": 19.01555061340332}}, "50": {"num_user": 16, "num_service": 21, "min_max_greedy": {"max_delay": 0.026191047783511043, "running_time": 2.0017623901367188}, "min_max_nn": {"max_delay": 0.15148714439150512, "running_time": 22.0184326171875}}, "60": {"num_user": 16, "num_service": 21, "min_max_greedy": {"max_delay": 0.02202090295005188, "running_time": 4.0035247802734375}, "min_max_nn": {"max_delay": 0.15148714439150512, "running_time": 30.02476692199707}}, "70": {"num_user": 16, "num_service": 21, "min_max_greedy": {"max_delay": 0.021338770364136846, "running_time": 2.001523971557617}, "min_max_nn": {"max_delay": 0.15148714439150512, "running_time": 34.028053283691406}}, "80": {"num_user": 16, "num_service": 21, "min_max_greedy": {"max_delay": 0.012897389411607476, "running_time": 4.0035247802734375}, "min_max_nn": {"max_delay": 0.15148714439150512, "running_time": 36.02933883666992}}, "90": {"num_user": 16, "num_service": 21, "min_max_greedy": {"max_delay": 0.010215578020539549, "running_time": 3.0024051666259766}, "min_max_nn": {"max_delay": 0.15148714439150512, "running_time": 38.031578063964844}}, "100": {"num_user": 16, "num_service": 21, "min_max_greedy": {"max_delay": 0.008319662668300339, "running_time": 4.003286361694336}, "min_max_nn": {"max_delay": 0.15148714439150512, "running_time": 44.03567314147949}}}