{"entropy": 63381047511266866828354122648642914022, "10": {"num_user": 16, "num_service": 21, "min_max_greedy": {"max_delay": 0.06632284548659517, "running_time": 1.0006427764892578}, "min_max_nn": {"max_delay": 0.09622331729432904, "running_time": 9.007453918457031}}, "20": {"num_user": 16, "num_service": 21, "min_max_greedy": {"max_delay": 0.03786950719296443, "running_time": 6.005048751831055}, "min_max_nn": {"max_delay": 0.14373083826012562, "running_time": 16.013145446777344}}, "30": {"num_user": 16, "num_service": 21, "min_max_greedy": {"max_delay": 0.033849982337182644, "running_time": 3.002643585205078}, "min_max_nn": {"max_delay": 0.14373083826012562, "running_time": 19.015789031982422}}, "40": {"num_user": 16, "num_service": 21, "min_max_greedy": {"max_delay": 0.021749842588962974, "running_time": 2.0017623901367188}, "min_max_nn": {"max_delay": 0.09622331729432904, "running_time": 29.024362564086914}}, "50": {"num_user": 16, "num_service": 21, "min_max_greedy": {"max_delay": 0.013900628497023906, "running_time": 5.004167556762695}, "min_max_nn": {"max_delay": 0.14373083826012562, "running_time": 37.03165054321289}}, "60": {"num_user": 16, "num_service": 21, "min_max_greedy": {"max_delay": 0.010513153255619436, "running_time": 2.0020008087158203}, "min_max_nn": {"max_delay": 0.14373083826012562, "running_time": 40.03334045410156}}, "70": {"num_user": 16, "num_service": 21, "min_max_greedy": {"max_delay": 0.007434539788253448, "running_time": 2.0012855529785156}, "min_max_nn": {"max_delay": 0.09622331729432904, "running_time": 46.037912368774414}}, "80": {"num_user": 16, "num_service": 21, "min_max_greedy": {"max_delay": 0.0062725409755504495, "running_time": 3.0024051666259766}, "min_max_nn": {"max_delay": 0.13212909817633722, "running_time": 59.04889106750488}}, "90": {"num_user": 16, "num_service": 21, "min_max_greedy": {"max_delay": 0.005524852735982409, "running_time": 3.002643585205078}, "min_max_nn": {"max_delay": 0.14373083826012562, "running_time": 63.05217742919922}}, "100": {"num_user": 16, "num_service": 21, "min_max_greedy": {"max_delay": 0.0043960888863000215, "running_time": 3.0024051666259766}, "min_max_nn": {"max_delay": 0.09622331729432904, "running_time": 68.05634498596191}}}