{"entropy": 219540193791663798644020185649284565945, "10": {"num_user": 16, "num_service": 21, "min_max_greedy": {"max_delay": 0.2762735644475776, "running_time": 1.0006427764892578}, "min_max_nn": {"max_delay": 0.3260566143877066, "running_time": 9.007692337036133}}, "20": {"num_user": 16, "num_service": 21, "min_max_greedy": {"max_delay": 0.0867478593015213, "running_time": 4.003763198852539}, "min_max_nn": {"max_delay": 0.404557626384762, "running_time": 16.013383865356445}}, "30": {"num_user": 16, "num_service": 21, "min_max_greedy": {"max_delay": 0.05464419202735565, "running_time": 5.003690719604492}, "min_max_nn": {"max_delay": 0.4764279212442445, "running_time": 20.01643180847168}}, "40": {"num_user": 16, "num_service": 21, "min_max_greedy": {"max_delay": 0.04026883750195746, "running_time": 5.003213882446289}, "min_max_nn": {"max_delay": 0.3260566143877066, "running_time": 33.02717208862305}}, "50": {"num_user": 16, "num_service": 21, "min_max_greedy": {"max_delay": 0.02836838529747386, "running_time": 1.0008811950683594}, "min_max_nn": {"max_delay": 0.404557626384762, "running_time": 40.03310203552246}}, "60": {"num_user": 16, "num_service": 21, "min_max_greedy": {"max_delay": 0.02686649706892659, "running_time": 2.0017623901367188}, "min_max_nn": {"max_delay": 0.4764279212442445, "running_time": 43.03574562072754}}, "70": {"num_user": 16, "num_service": 21, "min_max_greedy": {"max_delay": 0.01976606135151185, "running_time": 2.001523971557617}, "min_max_nn": {"max_delay": 0.3260566143877066, "running_time": 54.0468692779541}}, "80": {"num_user": 16, "num_service": 21, "min_max_greedy": {"max_delay": 0.01566927247018956, "running_time": 2.001523971557617}, "min_max_nn": {"max_delay": 0.404557626384762, "running_time": 54.04496192932129}}, "90": {"num_user": 16, "num_service": 21, "min_max_greedy": {"max_delay": 0.012691243155271039, "running_time": 3.002643585205078}, "min_max_nn": {"max_delay": 0.4764279212442445, "running_time": 57.04689025878906}}, "100": {"num_user": 16, "num_service": 21, "min_max_greedy": {"max_delay": 0.009669008153947277, "running_time": 3.002643585205078}, "min_max_nn": {"max_delay": 0.3463554841584477, "running_time": 66.0545825958252}}}