{"entropy": 279494807259375813649582025590230371268, "10": {"num_user": 16, "num_service": 21, "min_max_greedy": {"max_delay": 0.06929567068182453, "running_time": 0.0}, "min_max_nn": {"max_delay": 0.09205464998209612, "running_time": 10.008573532104492}}, "20": {"num_user": 16, "num_service": 21, "min_max_greedy": {"max_delay": 0.04875354455681703, "running_time": 1.0008811950683594}, "min_max_nn": {"max_delay": 0.13652798850551381, "running_time": 36.05151176452637}}, "30": {"num_user": 16, "num_service": 21, "min_max_greedy": {"max_delay": 0.03650907894802416, "running_time": 5.96165657043457}, "min_max_nn": {"max_delay": 0.07990400502498786, "running_time": 109.36379432678223}}, "40": {"num_user": 16, "num_service": 21, "min_max_greedy": {"max_delay": 0.02677200555548786, "running_time": 22.433996200561523}, "min_max_nn": {"max_delay": 0.08296847769526433, "running_time": 51.041364669799805}}, "50": {"num_user": 16, "num_service": 21, "min_max_greedy": {"max_delay": 0.022092816887000113, "running_time": 3.0024051666259766}, "min_max_nn": {"max_delay": 0.09205464998209612, "running_time": 24.019479751586914}}, "60": {"num_user": 16, "num_service": 21, "min_max_greedy": {"max_delay": 0.02036136561313665, "running_time": 2.0017623901367188}, "min_max_nn": {"max_delay": 0.13652798850551381, "running_time": 24.019956588745117}}, "70": {"num_user": 16, "num_service": 21, "min_max_greedy": {"max_delay": 0.016299977620117048, "running_time": 3.0024051666259766}, "min_max_nn": {"max_delay": 0.09205464998209612, "running_time": 33.02764892578125}}, "80": {"num_user": 16, "num_service": 21, "min_max_greedy": {"max_delay": 0.011408679378818318, "running_time": 3.0024051666259766}, "min_max_nn": {"max_delay": 0.13652798850551381, "running_time": 31.025409698486328}}, "90": {"num_user": 16, "num_service": 21, "min_max_greedy": {"max_delay": 0.009013471990359559, "running_time": 4.003286361694336}, "min_max_nn": {"max_delay": 0.08296847769526433, "running_time": 46.037912368774414}}, "100": {"num_user": 16, "num_service": 21, "min_max_greedy": {"max_delay": 0.006754292761045736, "running_time": 4.003286361694336}, "min_max_nn": {"max_delay": 0.08296847769526433, "running_time": 44.0366268157959}}}