{"entropy": 10836402864337922399481285135067156024, "10": {"num_user": 16, "num_service": 21, "min_max_greedy": {"max_delay": 0.13559527296741414, "running_time": 1.0008811950683594}, "min_max_nn": {"max_delay": 0.13559527296741414, "running_time": 13.010740280151367}}, "20": {"num_user": 16, "num_service": 21, "min_max_greedy": {"max_delay": 0.0647388569075523, "running_time": 0.0}, "min_max_nn": {"max_delay": 0.21478719283898043, "running_time": 20.01643180847168}}, "30": {"num_user": 16, "num_service": 21, "min_max_greedy": {"max_delay": 0.05303879275965542, "running_time": 1.0006427764892578}, "min_max_nn": {"max_delay": 0.21478719283898043, "running_time": 20.01643180847168}}, "40": {"num_user": 16, "num_service": 21, "min_max_greedy": {"max_delay": 0.04633782324851998, "running_time": 1.001119613647461}, "min_max_nn": {"max_delay": 0.26318257201026946, "running_time": 18.014907836914062}}, "50": {"num_user": 16, "num_service": 21, "min_max_greedy": {"max_delay": 0.036875448563779126, "running_time": 2.0017623901367188}, "min_max_nn": {"max_delay": 0.3423744918818358, "running_time": 24.019718170166016}}, "60": {"num_user": 16, "num_service": 21, "min_max_greedy": {"max_delay": 0.02649817472921535, "running_time": 5.003929138183594}, "min_max_nn": {"max_delay": 0.3423744918818358, "running_time": 19.01698112487793}}, "70": {"num_user": 16, "num_service": 21, "min_max_greedy": {"max_delay": 0.022893716598373182, "running_time": 2.0017623901367188}, "min_max_nn": {"max_delay": 0.13559527296741414, "running_time": 35.02917289733887}}, "80": {"num_user": 16, "num_service": 21, "min_max_greedy": {"max_delay": 0.021179084948934602, "running_time": 2.001523971557617}, "min_max_nn": {"max_delay": 0.21478719283898043, "running_time": 41.03374481201172}}, "90": {"num_user": 16, "num_service": 21, "min_max_greedy": {"max_delay": 0.01673535427348345, "running_time": 2.001523971557617}, "min_max_nn": {"max_delay": 0.21478719283898043, "running_time": 37.030696868896484}}, "100": {"num_user": 16, "num_service": 21, "min_max_greedy": {"max_delay": 0.013787775735176016, "running_time": 7.005453109741211}, "min_max_nn": {"max_delay": 0.26318257201026946, "running_time": 38.03110122680664}}}