{"entropy": 330927493769015205797688570521473871655, "10": {"num_user": 16, "num_service": 21, "min_max_greedy": {"max_delay": 0.10934229599535443, "running_time": 1.0006427764892578}, "min_max_nn": {"max_delay": 0.13711512033953435, "running_time": 9.007692337036133}}, "20": {"num_user": 16, "num_service": 21, "min_max_greedy": {"max_delay": 0.06577339417484497, "running_time": 1.0008811950683594}, "min_max_nn": {"max_delay": 0.1252383645040612, "running_time": 13.010740280151367}}, "30": {"num_user": 16, "num_service": 21, "min_max_greedy": {"max_delay": 0.051102356642721794, "running_time": 1.0006427764892578}, "min_max_nn": {"max_delay": 0.1252383645040612, "running_time": 24.019956588745117}}, "40": {"num_user": 16, "num_service": 21, "min_max_greedy": {"max_delay": 0.050929740291207067, "running_time": 5.004405975341797}, "min_max_nn": {"max_delay": 0.11078469175608902, "running_time": 26.02100372314453}}, "50": {"num_user": 16, "num_service": 21, "min_max_greedy": {"max_delay": 0.04011698754078837, "running_time": 1.0008811950683594}, "min_max_nn": {"max_delay": 0.11078469175608902, "running_time": 33.02717208862305}}, "60": {"num_user": 16, "num_service": 21, "min_max_greedy": {"max_delay": 0.025103621094652036, "running_time": 2.001523971557617}, "min_max_nn": {"max_delay": 0.12091271782982056, "running_time": 32.026052474975586}}, "70": {"num_user": 16, "num_service": 21, "min_max_greedy": {"max_delay": 0.019794246481868324, "running_time": 2.0017623901367188}, "min_max_nn": {"max_delay": 0.12091271782982056, "running_time": 41.03374481201172}}, "80": {"num_user": 16, "num_service": 21, "min_max_greedy": {"max_delay": 0.016880074523334506, "running_time": 2.0017623901367188}, "min_max_nn": {"max_delay": 0.12091271782982056, "running_time": 42.03486442565918}}, "90": {"num_user": 16, "num_service": 21, "min_max_greedy": {"max_delay": 0.013880310950949064, "running_time": 6.005048751831055}, "min_max_nn": {"max_delay": 0.13711512033953435, "running_time": 42.03462600708008}}, "100": {"num_user": 16, "num_service": 21, "min_max_greedy": {"max_delay": 0.009008528512392517, "running_time": 3.0024051666259766}, "min_max_nn": {"max_delay": 0.13711512033953435, "running_time": 50.04143714904785}}}