{"entropy": 273319793296442269141338086013806327550, "10": {"num_user": 16, "num_service": 21, "min_max_greedy": {"max_delay": 0.06692760785670683, "running_time": 1.0008811950683594}, "min_max_nn": {"max_delay": 0.10091784774695306, "running_time": 10.007858276367188}}, "20": {"num_user": 16, "num_service": 21, "min_max_greedy": {"max_delay": 0.05338712879883741, "running_time": 1.0023117065429688}, "min_max_nn": {"max_delay": 0.09141246662777762, "running_time": 17.014026641845703}}, "30": {"num_user": 16, "num_service": 21, "min_max_greedy": {"max_delay": 0.044064905468820616, "running_time": 5.004405975341797}, "min_max_nn": {"max_delay": 0.09141246662777762, "running_time": 28.02300453186035}}, "40": {"num_user": 16, "num_service": 21, "min_max_greedy": {"max_delay": 0.041039514909588945, "running_time": 2.001523971557617}, "min_max_nn": {"max_delay": 0.060674482062359446, "running_time": 25.020837783813477}}, "50": {"num_user": 16, "num_service": 21, "min_max_greedy": {"max_delay": 0.03289968463307997, "running_time": 4.003286361694336}, "min_max_nn": {"max_delay": 0.060674482062359446, "running_time": 34.028053283691406}}, "60": {"num_user": 16, "num_service": 21, "min_max_greedy": {"max_delay": 0.024681390681849467, "running_time": 2.0017623901367188}, "min_max_nn": {"max_delay": 0.060674482062359446, "running_time": 41.03398323059082}}, "70": {"num_user": 16, "num_service": 21, "min_max_greedy": {"max_delay": 0.019332824298812747, "running_time": 3.0028820037841797}, "min_max_nn": {"max_delay": 0.060674482062359446, "running_time": 45.03774642944336}}, "80": {"num_user": 16, "num_service": 21, "min_max_greedy": {"max_delay": 0.012651457340855429, "running_time": 3.0028820037841797}, "min_max_nn": {"max_delay": 0.05379245931627717, "running_time": 49.04055595397949}}, "90": {"num_user": 16, "num_service": 21, "min_max_greedy": {"max_delay": 0.010551428160935131, "running_time": 3.0024051666259766}, "min_max_nn": {"max_delay": 0.09141246662777762, "running_time": 47.039031982421875}}, "100": {"num_user": 16, "num_service": 21, "min_max_greedy": {"max_delay": 0.00922379798670278, "running_time": 4.003286361694336}, "min_max_nn": {"max_delay": 0.09141246662777762, "running_time": 50.04096031188965}}}