{"10": {"min_max_greedy": {"max delay": [0.059548465775082125], "running time": [91.07542037963867]}, "min_max_pulp": {"max delay": [0.059548465775082125], "running time": [3244.678020477295]}}, "20": {"min_max_greedy": {"max delay": [0.056075331486361006], "running time": [135.11133193969727]}, "min_max_pulp": {"max delay": [0.056055057747496966], "running time": [7296.022891998291]}}, "30": {"min_max_greedy": {"max delay": [0.05496535631475301], "running time": [159.1317653656006]}, "min_max_pulp": {"max delay": [0.05193941612002676], "running time": [10569.726467132568]}}, "40": {"min_max_greedy": {"max delay": [0.04885919063105855], "running time": [169.13962364196777]}, "min_max_pulp": {"max delay": [0.04566064804297165], "running time": [15135.495662689209]}}, "50": {"min_max_greedy": {"max delay": [0.03767425040307714], "running time": [168.1387424468994]}, "min_max_pulp": {"max delay": [0.03180106699022309], "running time": [19262.902975082397]}}, "60": {"min_max_greedy": {"max delay": [0.030996077667329845], "running time": [213.17577362060547]}, "min_max_pulp": {"max delay": [0.027204456113919317], "running time": [25587.124347686768]}}, "70": {"min_max_greedy": {"max delay": [0.02544003192492052], "running time": [246.20294570922852]}, "min_max_pulp": {"max delay": [0.024572635726206233], "running time": [32079.494953155518]}}}