{"entropy": 213843060121991751570276874868382082754, "10": {"num_user": 200, "num_service": 262, "min_max_pulp": {"max_delay": 0.17994029971884712, "running_time": 18234.03763771057}}, "20": {"num_user": 200, "num_service": 262, "min_max_pulp": {"max_delay": 0.09584953508925889, "running_time": 35140.98048210144}}, "30": {"num_user": 200, "num_service": 262, "min_max_pulp": {"max_delay": 0.07852170255453624, "running_time": 55371.66523933411}}, "40": {"num_user": 200, "num_service": 262, "min_max_pulp": {"max_delay": 0.07285087317526628, "running_time": 86161.05651855469}}, "50": {"num_user": 200, "num_service": 262, "min_max_pulp": {"max_delay": 0.070640031150587, "running_time": 247296.94485664368}}, "60": {"num_user": 200, "num_service": 262, "min_max_pulp": {"max_delay": 0.06861656180951388, "running_time": 310945.43504714966}}, "70": {"num_user": 200, "num_service": 262, "min_max_pulp": {"max_delay": 0.06787023333239067, "running_time": 640576.2934684753}}, "80": {"num_user": 200, "num_service": 262, "min_max_pulp": {"max_delay": 0.06738575202989755, "running_time": 1963300.3940582275}}, "90": {"num_user": 200, "num_service": 262, "min_max_pulp": {"max_delay": 0.06351513738006555, "running_time": 1993092.6821231842}}, "100": {"num_user": 200, "num_service": 262, "min_max_pulp": {"max_delay": 0.05336945181596142, "running_time": 2020027.940750122}}}