{"entropy": 68005231974166211626020989931640261197, "10": {"num_user": 200, "num_service": 250, "min_max_pulp": {"max_delay": 0.06832491699319274, "running_time": 14729.147672653198}}, "20": {"num_user": 200, "num_service": 250, "min_max_pulp": {"max_delay": 0.05078131037395001, "running_time": 30456.117391586304}}, "30": {"num_user": 200, "num_service": 250, "min_max_pulp": {"max_delay": 0.04707552862265067, "running_time": 93717.28825569153}}, "40": {"num_user": 200, "num_service": 250, "min_max_pulp": {"max_delay": 0.03784079745578111, "running_time": 63999.780893325806}}, "50": {"num_user": 200, "num_service": 250, "min_max_pulp": {"max_delay": 0.03488961695824459, "running_time": 121776.42869949341}}, "60": {"num_user": 200, "num_service": 250, "min_max_pulp": {"max_delay": 0.032947401729075954, "running_time": 656039.0322208405}}, "70": {"num_user": 200, "num_service": 250, "min_max_pulp": {"max_delay": 0.03142111602471176, "running_time": 1916786.8087291718}}, "80": {"num_user": 200, "num_service": 250, "min_max_pulp": {"max_delay": 0.031164691955622867, "running_time": 1941548.192501068}}, "90": {"num_user": 200, "num_service": 250, "min_max_pulp": {"max_delay": 0.030801025616387225, "running_time": 1963534.5871448517}}, "100": {"num_user": 200, "num_service": 250, "min_max_pulp": {"max_delay": 0.028330539630585905, "running_time": 1776741.3008213043}}}