{"entropy": 185455279340056716670306581608389606365, "10": {"num_user": 200, "num_service": 41, "min_max_greedy": {"max_delay": 0.12977749062364613, "running_time": 195.1608657836914}, "min_max_surrogate_relaxation": {"max_delay": 0.12977749062364613, "lower_bound": 0.0960059723521243, "running_time": 2219.8266983032227}, "min_max_equal_weight": {"max_delay": 0.12977749062364613, "running_time": 150.12288093566895}, "min_max_pulp": {"max_delay": 0.12977749062364613, "running_time": 11734.656572341919}}, "20": {"num_user": 200, "num_service": 41, "min_max_greedy": {"max_delay": 0.06630328558060584, "running_time": 353.2905578613281}, "min_max_surrogate_relaxation": {"max_delay": 0.07208314528496429, "lower_bound": 0.031826217794022685, "running_time": 1858.5295677185059}, "min_max_equal_weight": {"max_delay": 0.07208314528496429, "running_time": 152.12488174438477}, "min_max_pulp": {"max_delay": 0.06630328558060584, "running_time": 22025.12526512146}}, "30": {"num_user": 200, "num_service": 41, "min_max_greedy": {"max_delay": 0.03661654057166266, "running_time": 416.34249687194824}, "min_max_surrogate_relaxation": {"max_delay": 0.06321941337484717, "lower_bound": 0.02307576663220864, "running_time": 1898.5621929168701}, "min_max_equal_weight": {"max_delay": 0.03661654057166266, "running_time": 154.12664413452148}, "min_max_pulp": {"max_delay": 0.03661654057166266, "running_time": 33998.97885322571}}, "40": {"num_user": 200, "num_service": 41, "min_max_greedy": {"max_delay": 0.031910190786259736, "running_time": 581.4785957336426}, "min_max_surrogate_relaxation": {"max_delay": 0.03197455369123324, "lower_bound": 0.024311881235738936, "running_time": 6721.531391143799}, "min_max_equal_weight": {"max_delay": 0.03301898121809801, "running_time": 167.13714599609375}, "min_max_pulp": {"max_delay": 0.03138490650764574, "running_time": 46750.4723072052}}, "50": {"num_user": 200, "num_service": 41, "min_max_greedy": {"max_delay": 0.027215802188696948, "running_time": 608.5007190704346}, "min_max_surrogate_relaxation": {"max_delay": 0.027107940934069624, "lower_bound": 0.021874563213736434, "running_time": 7988.573789596558}, "min_max_equal_weight": {"max_delay": 0.029848768970170417, "running_time": 158.12993049621582}, "min_max_pulp": {"max_delay": 0.027107940934069624, "running_time": 59931.31923675537}}, "60": {"num_user": 200, "num_service": 41, "min_max_greedy": {"max_delay": 0.02526247218742106, "running_time": 740.6096458435059}, "min_max_surrogate_relaxation": {"max_delay": 0.023803082750751058, "lower_bound": 0.020339874378722627, "running_time": 10549.681663513184}, "min_max_equal_weight": {"max_delay": 0.029848768970170417, "running_time": 160.13216972351074}, "min_max_pulp": {"max_delay": 0.023803082750751058, "running_time": 76625.05769729614}}, "70": {"num_user": 200, "num_service": 41, "min_max_greedy": {"max_delay": 0.023883785534410746, "running_time": 827.681303024292}, "min_max_surrogate_relaxation": {"max_delay": 0.02251146823343112, "lower_bound": 0.018774534722394588, "running_time": 8616.090536117554}, "min_max_equal_weight": {"max_delay": 0.02705864643829346, "running_time": 161.1325740814209}, "min_max_pulp": {"max_delay": 0.022138908621736758, "running_time": 93805.19580841064}}, "80": {"num_user": 200, "num_service": 41, "min_max_greedy": {"max_delay": 0.022655736161468838, "running_time": 915.7540798187256}, "min_max_surrogate_relaxation": {"max_delay": 0.02160621744121942, "lower_bound": 0.01772765362199073, "running_time": 7730.362176895142}, "min_max_equal_weight": {"max_delay": 0.02705864643829346, "running_time": 164.13521766662598}, "min_max_pulp": {"max_delay": 0.020780719697846412, "running_time": 114624.34267997742}}, "90": {"num_user": 200, "num_service": 41, "min_max_greedy": {"max_delay": 0.022023603506066983, "running_time": 1081.890344619751}, "min_max_surrogate_relaxation": {"max_delay": 0.023282750785338965, "lower_bound": 0.015302357041877835, "running_time": 4146.41261100769}, "min_max_equal_weight": {"max_delay": 0.02705864643829346, "running_time": 169.13914680480957}, "min_max_pulp": {"max_delay": 0.020148587042444557, "running_time": 135628.61394882202}}, "100": {"num_user": 200, "num_service": 41, "min_max_greedy": {"max_delay": 0.02105061881828832, "running_time": 1175.9676933288574}, "min_max_surrogate_relaxation": {"max_delay": 0.02160621744121942, "lower_bound": 0.015741933622425694, "running_time": 7333.0347537994385}, "min_max_equal_weight": {"max_delay": 0.021417056232122415, "running_time": 166.1367416381836}, "min_max_pulp": {"max_delay": 0.01887418261637316, "running_time": 159325.1142501831}}}