{"entropy": 26172890594473007114592172250335532445, "10": {"num_user": 200, "num_service": 41, "min_max_greedy": {"max_delay": 0.08913905360538434, "running_time": 294.24238204956055}, "min_max_surrogate_relaxation": {"max_delay": 0.08913905360538434, "lower_bound": 0.06713613479502059, "running_time": 1487.2241020202637}, "min_max_equal_weight": {"max_delay": 0.09537284125619135, "running_time": 155.12752532958984}, "min_max_pulp": {"max_delay": 0.08913905360538434, "running_time": 13399.026155471802}}, "20": {"num_user": 200, "num_service": 41, "min_max_greedy": {"max_delay": 0.06855977456737257, "running_time": 424.349308013916}, "min_max_surrogate_relaxation": {"max_delay": 0.06633904562452693, "lower_bound": 0.037729321066979654, "running_time": 1521.251916885376}, "min_max_equal_weight": {"max_delay": 0.06633904562452693, "running_time": 154.12664413452148}, "min_max_pulp": {"max_delay": 0.06564600068835012, "running_time": 25869.288444519043}}, "30": {"num_user": 200, "num_service": 41, "min_max_greedy": {"max_delay": 0.049909243114700436, "running_time": 525.4323482513428}, "min_max_surrogate_relaxation": {"max_delay": 0.0554920051769491, "lower_bound": 0.03647461326083526, "running_time": 2392.9691314697266}, "min_max_equal_weight": {"max_delay": 0.051085590734297956, "running_time": 156.1286449432373}, "min_max_pulp": {"max_delay": 0.04927809158049427, "running_time": 40676.47433280945}}, "40": {"num_user": 200, "num_service": 41, "min_max_greedy": {"max_delay": 0.04609553402616981, "running_time": 620.5110549926758}, "min_max_surrogate_relaxation": {"max_delay": 0.10194735505952668, "lower_bound": 0.028759868340847386, "running_time": 768.6324119567871}, "min_max_equal_weight": {"max_delay": 0.0434461692614307, "running_time": 158.13040733337402}, "min_max_pulp": {"max_delay": 0.04186692186880398, "running_time": 55895.99895477295}}, "50": {"num_user": 200, "num_service": 41, "min_max_greedy": {"max_delay": 0.0404798117247602, "running_time": 753.619909286499}, "min_max_surrogate_relaxation": {"max_delay": 0.04140594885460079, "lower_bound": 0.034002926090216413, "running_time": 5290.353536605835}, "min_max_equal_weight": {"max_delay": 0.0434461692614307, "running_time": 160.13193130493164}, "min_max_pulp": {"max_delay": 0.03962168617123692, "running_time": 73710.65926551819}}, "60": {"num_user": 200, "num_service": 41, "min_max_greedy": {"max_delay": 0.03900754929462636, "running_time": 725.5973815917969}, "min_max_surrogate_relaxation": {"max_delay": 0.059808857413481326, "lower_bound": 0.0276338871536457, "running_time": 1668.3728694915771}, "min_max_equal_weight": {"max_delay": 0.04311230708996079, "running_time": 161.1325740814209}, "min_max_pulp": {"max_delay": 0.03798384884210825, "running_time": 95143.29695701599}}, "70": {"num_user": 200, "num_service": 41, "min_max_greedy": {"max_delay": 0.03623461543820396, "running_time": 906.7456722259521}, "min_max_surrogate_relaxation": {"max_delay": 0.05899554632813111, "lower_bound": 0.02711559516577902, "running_time": 1800.4817962646484}, "min_max_equal_weight": {"max_delay": 0.04215454739503129, "running_time": 174.14355278015137}, "min_max_pulp": {"max_delay": 0.03577620075503465, "running_time": 115661.1819267273}}, "80": {"num_user": 200, "num_service": 41, "min_max_greedy": {"max_delay": 0.03525703148173364, "running_time": 950.782299041748}, "min_max_surrogate_relaxation": {"max_delay": 0.10166570165704825, "lower_bound": 0.025707849891734545, "running_time": 814.6703243255615}, "min_max_equal_weight": {"max_delay": 0.03790338061641404, "running_time": 166.1367416381836}, "min_max_pulp": {"max_delay": 0.034857480546495435, "running_time": 140454.58483695984}}, "90": {"num_user": 200, "num_service": 41, "min_max_greedy": {"max_delay": 0.035107451415032714, "running_time": 1100.9058952331543}, "min_max_surrogate_relaxation": {"max_delay": 0.10166570165704825, "lower_bound": 0.02558866721112706, "running_time": 815.6709671020508}, "min_max_equal_weight": {"max_delay": 0.035059247140924704, "running_time": 166.1365032196045}, "min_max_pulp": {"max_delay": 0.033971434361748584, "running_time": 164953.74631881714}}, "100": {"num_user": 200, "num_service": 41, "min_max_greedy": {"max_delay": 0.03402717656327925, "running_time": 1223.9940166473389}, "min_max_surrogate_relaxation": {"max_delay": 0.10160048540223007, "lower_bound": 0.02546769525696714, "running_time": 832.6857089996338}, "min_max_equal_weight": {"max_delay": 0.03790338061641404, "running_time": 165.13609886169434}, "min_max_pulp": {"max_delay": 0.03292300788506693, "running_time": 202390.5544281006}}}