{"entropy": 309358486703457871621220962019255759277, "10": {"num_user": 200, "num_service": 41, "min_max_greedy": {"max_delay": 0.14051794992118552, "running_time": 197.16215133666992}, "min_max_surrogate_relaxation": {"max_delay": 0.14051794992118552, "lower_bound": 0.13523980892733314, "running_time": 1857.5289249420166}, "min_max_equal_weight": {"max_delay": 0.14155070938110365, "running_time": 151.1242389678955}, "min_max_pulp": {"max_delay": 0.14051794992118552, "running_time": 11997.873306274414}}, "20": {"num_user": 200, "num_service": 41, "min_max_greedy": {"max_delay": 0.14136341594042973, "running_time": 313.25769424438477}, "min_max_surrogate_relaxation": {"max_delay": 0.1392317632637844, "lower_bound": 0.12089209092305889, "running_time": 3747.0834255218506}, "min_max_equal_weight": {"max_delay": 0.14136341594042973, "running_time": 156.1286449432373}, "min_max_pulp": {"max_delay": 0.1365028606941285, "running_time": 23490.331649780273}}, "30": {"num_user": 200, "num_service": 41, "min_max_greedy": {"max_delay": 0.12315836024582341, "running_time": 421.34666442871094}, "min_max_surrogate_relaxation": {"max_delay": 0.12315836024582341, "lower_bound": 0.1154275602826192, "running_time": 4463.6735916137695}, "min_max_equal_weight": {"max_delay": 0.12586711428896638, "running_time": 155.12776374816895}, "min_max_pulp": {"max_delay": 0.12315836024582341, "running_time": 35269.02389526367}}, "40": {"num_user": 200, "num_service": 41, "min_max_greedy": {"max_delay": 0.11879525821654001, "running_time": 525.432825088501}, "min_max_surrogate_relaxation": {"max_delay": 0.13857477174344215, "lower_bound": 0.10564625860225685, "running_time": 1181.9663047790527}, "min_max_equal_weight": {"max_delay": 0.1205105453508443, "running_time": 155.12752532958984}, "min_max_pulp": {"max_delay": 0.11879525821654001, "running_time": 49819.99850273132}}, "50": {"num_user": 200, "num_service": 41, "min_max_greedy": {"max_delay": 0.11639422043174792, "running_time": 621.511697769165}, "min_max_surrogate_relaxation": {"max_delay": 0.07135889839298526, "lower_bound": 0.05725215205435041, "running_time": 1969.6204662322998}, "min_max_equal_weight": {"max_delay": 0.11701162137996933, "running_time": 158.13016891479492}, "min_max_pulp": {"max_delay": 0.07032613893306715, "running_time": 63924.60584640503}}, "60": {"num_user": 200, "num_service": 41, "min_max_greedy": {"max_delay": 0.11497517643018182, "running_time": 753.6203861236572}, "min_max_surrogate_relaxation": {"max_delay": 0.06931226844856958, "lower_bound": 0.04524065606842008, "running_time": 1616.3303852081299}, "min_max_equal_weight": {"max_delay": 0.11556866479274944, "running_time": 161.1323356628418}, "min_max_pulp": {"max_delay": 0.056034991853976104, "running_time": 80165.97080230713}}, "70": {"num_user": 200, "num_service": 41, "min_max_greedy": {"max_delay": 0.051653747951324644, "running_time": 521.4293003082275}, "min_max_surrogate_relaxation": {"max_delay": 0.06624244495459777, "lower_bound": 0.03853171907982879, "running_time": 2031.6717624664307}, "min_max_equal_weight": {"max_delay": 0.11556866479274944, "running_time": 163.13409805297852}, "min_max_pulp": {"max_delay": 0.050493959112022604, "running_time": 98685.21165847778}}, "80": {"num_user": 200, "num_service": 41, "min_max_greedy": {"max_delay": 0.04680385235201155, "running_time": 609.501838684082}, "min_max_surrogate_relaxation": {"max_delay": 0.053218595557487314, "lower_bound": 0.03596429824340551, "running_time": 2523.076295852661}, "min_max_equal_weight": {"max_delay": 0.047670612697521576, "running_time": 158.12993049621582}, "min_max_pulp": {"max_delay": 0.04596548124852608, "running_time": 117664.8302078247}}, "90": {"num_user": 200, "num_service": 41, "min_max_greedy": {"max_delay": 0.04534808030030466, "running_time": 713.5872840881348}, "min_max_surrogate_relaxation": {"max_delay": 0.05098714316700097, "lower_bound": 0.031620257028631804, "running_time": 1644.3531513214111}, "min_max_equal_weight": {"max_delay": 0.04639137615813267, "running_time": 160.13193130493164}, "min_max_pulp": {"max_delay": 0.04360117151387477, "running_time": 142519.2837715149}}, "100": {"num_user": 200, "num_service": 41, "min_max_greedy": {"max_delay": 0.04281116035035043, "running_time": 786.6473197937012}, "min_max_surrogate_relaxation": {"max_delay": 0.04568265135568708, "lower_bound": 0.02986836359757685, "running_time": 2609.1468334198}, "min_max_equal_weight": {"max_delay": 0.04452252466130619, "running_time": 170.14050483703613}, "min_max_pulp": {"max_delay": 0.041275194217865734, "running_time": 164840.65318107605}}}