{"entropy": 321313073685915101921248214158586965915, "10": {"num_user": 200, "num_service": 41, "min_max_greedy": {"max_delay": 0.22420652875969646, "running_time": 233.19196701049805}, "min_max_surrogate_relaxation": {"max_delay": 0.218389714913107, "lower_bound": 0.20857316245017685, "running_time": 3474.8597145080566}, "min_max_equal_weight": {"max_delay": 0.22420652875969646, "running_time": 153.12576293945312}, "min_max_pulp": {"max_delay": 0.218389714913107, "running_time": 14158.65182876587}}, "20": {"num_user": 200, "num_service": 41, "min_max_greedy": {"max_delay": 0.20558688817424572, "running_time": 331.2726020812988}, "min_max_surrogate_relaxation": {"max_delay": 0.2319829411951863, "lower_bound": 0.18187247031183604, "running_time": 763.6280059814453}, "min_max_equal_weight": {"max_delay": 0.20558688817424572, "running_time": 153.12600135803223}, "min_max_pulp": {"max_delay": 0.20558688817424572, "running_time": 26379.709005355835}}, "30": {"num_user": 200, "num_service": 41, "min_max_greedy": {"max_delay": 0.2075609663081639, "running_time": 334.275484085083}, "min_max_surrogate_relaxation": {"max_delay": 0.21155497610421817, "lower_bound": 0.18668438704051776, "running_time": 2394.970655441284}, "min_max_equal_weight": {"max_delay": 0.2114754291060662, "running_time": 155.12776374816895}, "min_max_pulp": {"max_delay": 0.19804788763259126, "running_time": 40766.54815673828}}, "40": {"num_user": 200, "num_service": 41, "min_max_greedy": {"max_delay": 0.1997772740372232, "running_time": 472.3680019378662}, "min_max_surrogate_relaxation": {"max_delay": 0.2319829411951863, "lower_bound": 0.17695879136388148, "running_time": 812.6685619354248}, "min_max_equal_weight": {"max_delay": 0.20558688817424572, "running_time": 158.13016891479492}, "min_max_pulp": {"max_delay": 0.19561459404401343, "running_time": 58969.52819824219}}, "50": {"num_user": 200, "num_service": 41, "min_max_greedy": {"max_delay": 0.19722165962612354, "running_time": 595.4902172088623}, "min_max_surrogate_relaxation": {"max_delay": 0.23138267044038222, "lower_bound": 0.17652229982767512, "running_time": 805.6628704071045}, "min_max_equal_weight": {"max_delay": 0.19780319590330506, "running_time": 159.13081169128418}, "min_max_pulp": {"max_delay": 0.19295038051542968, "running_time": 76069.60010528564}}, "60": {"num_user": 200, "num_service": 41, "min_max_greedy": {"max_delay": 0.1957782686088155, "running_time": 730.6013107299805}, "min_max_surrogate_relaxation": {"max_delay": 0.23110660983691486, "lower_bound": 0.12384307283700517, "running_time": 812.6688003540039}, "min_max_equal_weight": {"max_delay": 0.196480333571175, "running_time": 161.1325740814209}, "min_max_pulp": {"max_delay": 0.1911399769463136, "running_time": 100011.30270957947}}, "70": {"num_user": 200, "num_service": 41, "min_max_greedy": {"max_delay": 0.19311405508023174, "running_time": 862.7099990844727}, "min_max_surrogate_relaxation": {"max_delay": 0.21363673019130766, "lower_bound": 0.07425669785457811, "running_time": 1211.9975090026855}, "min_max_equal_weight": {"max_delay": 0.19407048985750439, "running_time": 161.1323356628418}, "min_max_pulp": {"max_delay": 0.1897402011493022, "running_time": 122661.94272041321}}, "80": {"num_user": 200, "num_service": 41, "min_max_greedy": {"max_delay": 0.19226701173680075, "running_time": 1016.8368816375732}, "min_max_surrogate_relaxation": {"max_delay": 0.2114754291060662, "lower_bound": 0.05006421447741894, "running_time": 1605.320930480957}, "min_max_equal_weight": {"max_delay": 0.196480333571175, "running_time": 162.13345527648926}, "min_max_pulp": {"max_delay": 0.18871807236763435, "running_time": 151803.92503738403}}, "90": {"num_user": 200, "num_service": 41, "min_max_greedy": {"max_delay": 0.20532519794738432, "running_time": 398.3278274536133}, "min_max_surrogate_relaxation": {"max_delay": 0.19509384171125987, "lower_bound": 0.12056300898765623, "running_time": 2530.0817489624023}, "min_max_equal_weight": {"max_delay": 0.20558688817424572, "running_time": 156.1286449432373}, "min_max_pulp": {"max_delay": 0.18774971516557756, "running_time": 183624.11069869995}}, "100": {"num_user": 200, "num_service": 41, "min_max_greedy": {"max_delay": 0.19647320587243924, "running_time": 556.4579963684082}, "min_max_surrogate_relaxation": {"max_delay": 0.20375386534047202, "lower_bound": 0.060054312044205596, "running_time": 2553.100824356079}, "min_max_equal_weight": {"max_delay": 0.1984812366650413, "running_time": 166.1365032196045}, "min_max_pulp": {"max_delay": 0.18686689453863875, "running_time": 208130.2773952484}}}