{"entropy": 97529303489534270270692339716232967323, "10": {"num_user": 200, "num_service": 41, "min_max_greedy": {"max_delay": 0.07352128059975288, "running_time": 206.16960525512695}, "min_max_surrogate_relaxation": {"max_delay": 0.07352128059975288, "lower_bound": 0.054478368676413216, "running_time": 4257.503271102905}, "min_max_equal_weight": {"max_delay": 0.08052734573274326, "running_time": 156.1281681060791}, "min_max_pulp": {"max_delay": 0.07352128059975288, "running_time": 12580.352783203125}}, "20": {"num_user": 200, "num_service": 41, "min_max_greedy": {"max_delay": 0.056938627509046796, "running_time": 295.2430248260498}, "min_max_surrogate_relaxation": {"max_delay": 0.056582657197320085, "lower_bound": 0.041553901496432684, "running_time": 1958.6122035980225}, "min_max_equal_weight": {"max_delay": 0.056582657197320085, "running_time": 156.1279296875}, "min_max_pulp": {"max_delay": 0.056582657197320085, "running_time": 24588.234424591064}}, "30": {"num_user": 200, "num_service": 41, "min_max_greedy": {"max_delay": 0.053936976392411434, "running_time": 390.3212547302246}, "min_max_surrogate_relaxation": {"max_delay": 0.05480674419501358, "lower_bound": 0.027285895606508098, "running_time": 1536.264181137085}, "min_max_equal_weight": {"max_delay": 0.05434092731569469, "running_time": 160.13169288635254}, "min_max_pulp": {"max_delay": 0.05067636207345722, "running_time": 37581.92753791809}}, "40": {"num_user": 200, "num_service": 41, "min_max_greedy": {"max_delay": 0.05016604819873544, "running_time": 393.3231830596924}, "min_max_surrogate_relaxation": {"max_delay": 0.050261126410570844, "lower_bound": 0.03127246379740969, "running_time": 5515.538692474365}, "min_max_equal_weight": {"max_delay": 0.0519260999754835, "running_time": 162.13321685791016}, "min_max_pulp": {"max_delay": 0.046160461438802154, "running_time": 53018.63098144531}}, "50": {"num_user": 200, "num_service": 41, "min_max_greedy": {"max_delay": 0.04394163941821253, "running_time": 462.38064765930176}, "min_max_surrogate_relaxation": {"max_delay": 0.043836022517828546, "lower_bound": 0.029158802156690873, "running_time": 3807.133197784424}, "min_max_equal_weight": {"max_delay": 0.04904543480494909, "running_time": 161.1325740814209}, "min_max_pulp": {"max_delay": 0.041846396229298505, "running_time": 70174.74937438965}}, "60": {"num_user": 200, "num_service": 41, "min_max_greedy": {"max_delay": 0.039055079618828634, "running_time": 664.5467281341553}, "min_max_surrogate_relaxation": {"max_delay": 0.0412726331649307, "lower_bound": 0.026870484474198528, "running_time": 3919.2254543304443}, "min_max_equal_weight": {"max_delay": 0.04124281362725646, "running_time": 158.13016891479492}, "min_max_pulp": {"max_delay": 0.037330495594643444, "running_time": 87160.7313156128}}, "70": {"num_user": 200, "num_service": 41, "min_max_greedy": {"max_delay": 0.03698772769618649, "running_time": 713.6080265045166}, "min_max_surrogate_relaxation": {"max_delay": 0.03637121973109372, "lower_bound": 0.025147669313203263, "running_time": 4478.6858558654785}, "min_max_equal_weight": {"max_delay": 0.039144561324275476, "running_time": 165.13586044311523}, "min_max_pulp": {"max_delay": 0.03501710240963525, "running_time": 106971.00973129272}}, "80": {"num_user": 200, "num_service": 41, "min_max_greedy": {"max_delay": 0.034828352215554616, "running_time": 803.6611080169678}, "min_max_surrogate_relaxation": {"max_delay": 0.040241451292210885, "lower_bound": 0.02088000867461532, "running_time": 2451.017141342163}, "min_max_equal_weight": {"max_delay": 0.03430386780845158, "running_time": 160.13169288635254}, "min_max_pulp": {"max_delay": 0.032230652022202516, "running_time": 127186.66648864746}}, "90": {"num_user": 200, "num_service": 41, "min_max_greedy": {"max_delay": 0.0314944571954257, "running_time": 912.7511978149414}, "min_max_surrogate_relaxation": {"max_delay": 0.040241451292210885, "lower_bound": 0.017299377497424103, "running_time": 2067.701578140259}, "min_max_equal_weight": {"max_delay": 0.033676792901650716, "running_time": 162.13345527648926}, "min_max_pulp": {"max_delay": 0.030511192654599038, "running_time": 153184.06057357788}}, "100": {"num_user": 200, "num_service": 41, "min_max_greedy": {"max_delay": 0.030750390782557167, "running_time": 1009.8309516906738}, "min_max_surrogate_relaxation": {"max_delay": 0.036755134881077574, "lower_bound": 0.0214689510425206, "running_time": 3080.5349349975586}, "min_max_equal_weight": {"max_delay": 0.031199470149482707, "running_time": 164.13521766662598}, "min_max_pulp": {"max_delay": 0.029396486661950126, "running_time": 178062.53385543823}}}