{"entropy": 224422970957327709807938758223875809169, "10": {"num_user": 200, "num_service": 41, "min_max_greedy": {"max_delay": 0.11597234663377783, "running_time": 227.186918258667}, "min_max_surrogate_relaxation": {"max_delay": 0.11597234663377783, "lower_bound": 0.09567506270542438, "running_time": 1485.222578048706}, "min_max_equal_weight": {"max_delay": 0.136481608078785, "running_time": 152.12512016296387}, "min_max_pulp": {"max_delay": 0.11597234663377783, "running_time": 13466.082334518433}}, "20": {"num_user": 200, "num_service": 41, "min_max_greedy": {"max_delay": 0.10624628124952679, "running_time": 292.2403812408447}, "min_max_surrogate_relaxation": {"max_delay": 0.09803660206719189, "lower_bound": 0.07301175058233292, "running_time": 1492.2282695770264}, "min_max_equal_weight": {"max_delay": 0.10565246552188712, "running_time": 151.1242389678955}, "min_max_pulp": {"max_delay": 0.09044173187080522, "running_time": 26922.154903411865}}, "30": {"num_user": 200, "num_service": 41, "min_max_greedy": {"max_delay": 0.07130232491171683, "running_time": 327.2695541381836}, "min_max_surrogate_relaxation": {"max_delay": 0.07369185916503382, "lower_bound": 0.03839475432991468, "running_time": 3532.907247543335}, "min_max_equal_weight": {"max_delay": 0.10565246552188712, "running_time": 154.1268825531006}, "min_max_pulp": {"max_delay": 0.07130232491171683, "running_time": 41708.32347869873}}, "40": {"num_user": 200, "num_service": 41, "min_max_greedy": {"max_delay": 0.05441561395899753, "running_time": 389.32037353515625}, "min_max_surrogate_relaxation": {"max_delay": 0.05441561395899753, "lower_bound": 0.03129092290038878, "running_time": 2359.9421977996826}, "min_max_equal_weight": {"max_delay": 0.0630642880038067, "running_time": 154.12664413452148}, "min_max_pulp": {"max_delay": 0.05441561395899753, "running_time": 58606.229066848755}}, "50": {"num_user": 200, "num_service": 41, "min_max_greedy": {"max_delay": 0.04628282324696171, "running_time": 455.37495613098145}, "min_max_surrogate_relaxation": {"max_delay": 0.04864110088594299, "lower_bound": 0.029055396861389814, "running_time": 2818.319320678711}, "min_max_equal_weight": {"max_delay": 0.05221199058519508, "running_time": 155.12728691101074}, "min_max_pulp": {"max_delay": 0.04446867566056849, "running_time": 75991.5361404419}}, "60": {"num_user": 200, "num_service": 41, "min_max_greedy": {"max_delay": 0.04063788550026327, "running_time": 556.4577579498291}, "min_max_surrogate_relaxation": {"max_delay": 0.04407919987315926, "lower_bound": 0.024856667296667523, "running_time": 2878.368616104126}, "min_max_equal_weight": {"max_delay": 0.04446867566056849, "running_time": 157.12881088256836}, "min_max_pulp": {"max_delay": 0.03891883284746546, "running_time": 99056.51712417603}}, "70": {"num_user": 200, "num_service": 41, "min_max_greedy": {"max_delay": 0.037009501959712164, "running_time": 676.5565872192383}, "min_max_surrogate_relaxation": {"max_delay": 0.038118108864867786, "lower_bound": 0.021518574667134263, "running_time": 2901.387929916382}, "min_max_equal_weight": {"max_delay": 0.04382229519232539, "running_time": 159.13152694702148}, "min_max_pulp": {"max_delay": 0.03433374248831939, "running_time": 121881.30021095276}}, "80": {"num_user": 200, "num_service": 41, "min_max_greedy": {"max_delay": 0.03155776325648629, "running_time": 783.6451530456543}, "min_max_surrogate_relaxation": {"max_delay": 0.04313879813056617, "lower_bound": 0.01833181640065062, "running_time": 3457.845687866211}, "min_max_equal_weight": {"max_delay": 0.03939154834753389, "running_time": 162.13369369506836}, "min_max_pulp": {"max_delay": 0.031267887303754814, "running_time": 146767.78054237366}}, "90": {"num_user": 200, "num_service": 41, "min_max_greedy": {"max_delay": 0.028088318322618103, "running_time": 979.8064231872559}, "min_max_surrogate_relaxation": {"max_delay": 0.031769255706971686, "lower_bound": 0.01701171865757097, "running_time": 4486.691951751709}, "min_max_equal_weight": {"max_delay": 0.03335713481342622, "running_time": 162.13369369506836}, "min_max_pulp": {"max_delay": 0.028088318322618103, "running_time": 173952.15129852295}}, "100": {"num_user": 200, "num_service": 41, "min_max_greedy": {"max_delay": 0.027716723397967834, "running_time": 1036.8528366088867}, "min_max_surrogate_relaxation": {"max_delay": 0.036700746246831846, "lower_bound": 0.01563866189598244, "running_time": 4091.366767883301}, "min_max_equal_weight": {"max_delay": 0.027441937854375, "running_time": 169.13914680480957}, "min_max_pulp": {"max_delay": 0.02419321939014208, "running_time": 200266.80636405945}}}