{"50": {"min_max_greedy": {"max delay": [0.044262415476078], "running time": [261.2168788909912]}, "min_max_nn": {"max delay": [0.05859478488036471], "running time": [1848.5336303710938]}}}