{"50": {"min_max_greedy": {"max delay": [0.02171655217556511], "running time": [193.1600570678711]}, "min_max_nn": {"max delay": [0.055417864230167924], "running time": [1713.4218215942383]}}}