{"50": {"min_max_greedy": {"max delay": [0.037153971333896404], "running time": [168.13969612121582]}, "min_max_nn": {"max delay": [0.19175357404042145], "running time": [1856.5170764923096]}}}