{"50": {"min_max_greedy": {"max delay": [0.026195617412113414], "running time": [196.16270065307617]}, "min_max_nn": {"max delay": [0.050123658811650484], "running time": [1286.067008972168]}}}