{"50": {"min_max_greedy": {"max delay": [0.02385720459557325], "running time": [238.19708824157715]}, "min_max_nn": {"max delay": [0.07667996798907155], "running time": [2089.7369384765625]}}}