{"50": {"min_max_greedy": {"max delay": [0.022241617788698233], "running time": [237.196683883667]}, "min_max_nn": {"max delay": [0.09888342162494362], "running time": [2222.844123840332]}}}