{"50": {"min_max_greedy": {"max delay": [0.03810679485453891], "running time": [272.22585678100586]}, "min_max_nn": {"max delay": [0.044536903773766075], "running time": [1673.3882427215576]}}}