{"50": {"min_max_greedy": {"max delay": [0.04470947273429987], "running time": [162.13440895080566]}, "min_max_nn": {"max delay": [0.10544636212690789], "running time": [1856.5385341644287]}}}