{"50": {"min_max_greedy": {"max delay": [0.05456676997466469], "running time": [159.1324806213379]}, "min_max_nn": {"max delay": [0.06972460884358991], "running time": [39487.7610206604]}}}