{"50": {"min_max_greedy": {"max delay": [0.04558723842174774], "running time": [192.15941429138184]}, "min_max_nn": {"max delay": [0.21731160331906138], "running time": [894.742488861084]}}}