{"50": {"min_max_greedy": {"max delay": [0.03473320965490135], "running time": [193.1602954864502]}, "min_max_nn": {"max delay": [0.060807374636876584], "running time": [1291.0709381103516]}}}