{"50": {"min_max_greedy": {"max delay": [0.09569517905094756], "running time": [98.08158874511719]}, "min_max_nn": {"max delay": [0.10226153508243627], "running time": [1873.5542297363281]}}}