{"50": {"min_max_greedy": {"max delay": [0.026530967332894374], "running time": [292.24228858947754]}, "min_max_nn": {"max delay": [0.05114629282922899], "running time": [2479.053735733032]}}}