{"50": {"min_max_greedy": {"max delay": [0.02907477499030201], "running time": [150.12431144714355]}, "min_max_nn": {"max delay": [0.08677890881665067], "running time": [2606.1623096466064]}}}