{"50": {"min_max_greedy": {"max delay": [0.03988788897809343], "running time": [205.1701545715332]}, "min_max_nn": {"max delay": [1.7292622422954405], "running time": [5565.617799758911]}}}