{"50": {"min_max_greedy": {"max delay": [0.05057242631135692], "running time": [224.18594360351562]}, "min_max_nn": {"max delay": [0.06971999651163882], "running time": [1093.907356262207]}}}