{"50": {"min_max_greedy": {"max delay": [0.013543484806624258], "running time": [183.1519603729248]}, "min_max_nn": {"max delay": [0.027233463615089347], "running time": [2761.2907886505127]}}}