{"10": {"min_max_greedy": {"max delay": [0.048917026401865404], "running time": [2312.9093647003174]}, "min_max_pulp": {"max delay": [0.048917026401865404], "running time": [212039.05391693115]}}, "20": {"min_max_greedy": {"max delay": [0.038349546793624664], "running time": [4167.44065284729]}, "min_max_pulp": {"max delay": [0.03685236380492633], "running time": [424401.3752937317]}}, "30": {"min_max_greedy": {"max delay": [0.03247074172528755], "running time": [5118.225574493408]}, "min_max_pulp": {"max delay": [0.0310751199673656], "running time": [677772.5522518158]}}, "40": {"min_max_greedy": {"max delay": [0.028582825772950904], "running time": [6830.639123916626]}, "min_max_pulp": {"max delay": [0.028025098452951543], "running time": [944576.8194198608]}}, "50": {"min_max_greedy": {"max delay": [0.026670529419373104], "running time": [8434.963941574097]}, "min_max_pulp": {"max delay": [0.025592553438541412], "running time": [1252542.0677661896]}}, "60": {"min_max_greedy": {"max delay": [0.024920432151607757], "running time": [9161.563873291016]}, "min_max_pulp": {"max delay": [0.024511532451301332], "running time": [1602488.9752864838]}}, "70": {"min_max_greedy": {"max delay": [0.023768452995478202], "running time": [13744.346857070923]}, "min_max_pulp": {"max delay": [0.02333119335716196], "running time": [1903603.568315506]}}, "80": {"min_max_greedy": {"max delay": [0.02291137374585624], "running time": [13944.512605667114]}, "min_max_pulp": {"max delay": [0.02260781415163361], "running time": [2301774.287700653]}}, "90": {"min_max_greedy": {"max delay": [0.022403264580469772], "running time": [15294.626951217651]}, "min_max_pulp": {"max delay": [0.022088553179576243], "running time": [2619065.235376358]}}, "100": {"min_max_greedy": {"max delay": [0.021885144161169597], "running time": [16554.667949676514]}, "min_max_pulp": {"max delay": [0.021743769633009065], "running time": [3085038.9246940613]}}}