{"10": {"min_max_greedy": {"max delay": [0.0519438814045972], "running time": [78.0649185180664]}, "min_max_pulp": {"max delay": [0.05174058719700395], "running time": [2907.419443130493]}}, "20": {"min_max_greedy": {"max delay": [0.045641843716389706], "running time": [100.08358955383301]}, "min_max_pulp": {"max delay": [0.045641843716389706], "running time": [5639.693021774292]}}, "30": {"min_max_greedy": {"max delay": [0.04104869092470469], "running time": [132.1098804473877]}, "min_max_pulp": {"max delay": [0.040082158364880924], "running time": [8608.163118362427]}}, "40": {"min_max_greedy": {"max delay": [0.037696597978387605], "running time": [189.15796279907227]}, "min_max_pulp": {"max delay": [0.036632449510272294], "running time": [11998.984575271606]}}, "50": {"min_max_greedy": {"max delay": [0.03483261342596627], "running time": [222.1851348876953]}, "min_max_pulp": {"max delay": [0.034651371765175], "running time": [16072.37458229065]}}, "60": {"min_max_greedy": {"max delay": [0.03458652869789647], "running time": [268.22352409362793]}, "min_max_pulp": {"max delay": [0.03421243272696006], "running time": [20393.970251083374]}}, "70": {"min_max_greedy": {"max delay": [0.033897662394233155], "running time": [300.2495765686035]}, "min_max_pulp": {"max delay": [0.030350529736177332], "running time": [23963.9413356781]}}, "80": {"min_max_greedy": {"max delay": [0.033600545674271995], "running time": [352.2934913635254]}, "min_max_pulp": {"max delay": [0.025850295990028443], "running time": [28803.96866798401]}}, "90": {"min_max_greedy": {"max delay": [0.033114288075199776], "running time": [379.3158531188965]}, "min_max_pulp": {"max delay": [0.0221824894624459], "running time": [33735.071897506714]}}, "100": {"min_max_greedy": {"max delay": [0.019983672955874044], "running time": [222.1848964691162]}, "min_max_pulp": {"max delay": [0.019983672955874044], "running time": [39179.60262298584]}}}