{"10": {"min_max_greedy": {"max delay": [0.33012391257288687], "running time": [89.07413482666016]}, "min_max_pulp": {"max delay": [0.3273027802133573], "running time": [3407.8357219696045]}}, "20": {"min_max_greedy": {"max delay": [0.32028613529529787], "running time": [123.10266494750977]}, "min_max_pulp": {"max delay": [0.3193270254439439], "running time": [6556.4563274383545]}}, "30": {"min_max_greedy": {"max delay": [0.3160113577834285], "running time": [176.1469841003418]}, "min_max_pulp": {"max delay": [0.31583630868247964], "running time": [10511.746883392334]}}, "40": {"min_max_greedy": {"max delay": [0.09656449168896528], "running time": [89.07437324523926]}, "min_max_pulp": {"max delay": [0.08930381666606285], "running time": [14803.318500518799]}}, "50": {"min_max_greedy": {"max delay": [0.07745744071358066], "running time": [123.10266494750977]}, "min_max_pulp": {"max delay": [0.07558173570811647], "running time": [19227.999925613403]}}, "60": {"min_max_greedy": {"max delay": [0.07078554945581467], "running time": [156.13055229187012]}, "min_max_pulp": {"max delay": [0.07078554945581467], "running time": [24871.69623374939]}}, "70": {"min_max_greedy": {"max delay": [0.06904854373814108], "running time": [212.17751502990723]}, "min_max_pulp": {"max delay": [0.06860290283200943], "running time": [30555.426120758057]}}, "80": {"min_max_greedy": {"max delay": [0.06809302258721613], "running time": [244.2033290863037]}, "min_max_pulp": {"max delay": [0.05553587993151736], "running time": [36460.33954620361]}}, "90": {"min_max_greedy": {"max delay": [0.03871767615508116], "running time": [133.11123847961426]}, "min_max_pulp": {"max delay": [0.03871767615508116], "running time": [43324.05161857605]}}, "100": {"min_max_greedy": {"max delay": [0.034843751718617595], "running time": [178.1480312347412]}, "min_max_pulp": {"max delay": [0.034843751718617595], "running time": [51184.59224700928]}}}