{"10": {"min_max_greedy": {"max delay": [0.06591814445934921], "running time": [75.06227493286133]}, "min_max_pulp": {"max delay": [0.06591814445934921], "running time": [4968.101978302002]}}, "20": {"min_max_greedy": {"max delay": [0.04902671352711411], "running time": [106.08744621276855]}, "min_max_pulp": {"max delay": [0.04870312475858023], "running time": [10024.275779724121]}}, "30": {"min_max_greedy": {"max delay": [0.04033649450804596], "running time": [139.1146183013916]}, "min_max_pulp": {"max delay": [0.039871729854957114], "running time": [16676.7795085907]}}, "40": {"min_max_greedy": {"max delay": [0.03156975510636983], "running time": [191.15781784057617]}, "min_max_pulp": {"max delay": [0.03098677050423157], "running time": [23236.182928085327]}}, "50": {"min_max_greedy": {"max delay": [0.02913946801264052], "running time": [190.1566982269287]}, "min_max_pulp": {"max delay": [0.028300142666837638], "running time": [32667.970180511475]}}, "60": {"min_max_greedy": {"max delay": [0.025623927761197166], "running time": [255.21063804626465]}, "min_max_pulp": {"max delay": [0.024740033503054853], "running time": [44130.4726600647]}}, "70": {"min_max_greedy": {"max delay": [0.02397771540160839], "running time": [297.2452640533447]}, "min_max_pulp": {"max delay": [0.023324857617010763], "running time": [58095.96252441406]}}}