{"10": {"min_max_greedy": {"max delay": [0.0700895575385545], "running time": [86.07101440429688]}, "min_max_pulp": {"max delay": [0.06591529608347503], "running time": [3842.1754837036133]}}, "20": {"min_max_greedy": {"max delay": [0.05911616417274275], "running time": [129.1067600250244]}, "min_max_pulp": {"max delay": [0.05807101335143632], "running time": [8736.212015151978]}}, "30": {"min_max_greedy": {"max delay": [0.06344920158477875], "running time": [97.08023071289062]}, "min_max_pulp": {"max delay": [0.05246773934140904], "running time": [12465.290784835815]}}, "40": {"min_max_greedy": {"max delay": [0.03842873404871538], "running time": [151.1247158050537]}, "min_max_pulp": {"max delay": [0.034491572929823446], "running time": [17252.243041992188]}}, "50": {"min_max_greedy": {"max delay": [0.031051204493291715], "running time": [192.15869903564453]}, "min_max_pulp": {"max delay": [0.03076387679977088], "running time": [23498.39949607849]}}, "60": {"min_max_greedy": {"max delay": [0.031245457382345968], "running time": [205.1689624786377]}, "min_max_pulp": {"max delay": [0.026912419970309975], "running time": [29677.50072479248]}}, "70": {"min_max_greedy": {"max delay": [0.025993471838021212], "running time": [239.1979694366455]}, "min_max_pulp": {"max delay": [0.025277264327315824], "running time": [39157.342195510864]}}, "80": {"min_max_greedy": {"max delay": [0.02373999376452151], "running time": [277.2223949432373]}, "min_max_pulp": {"max delay": [0.02335996826621356], "running time": [50434.63754653931]}}, "90": {"min_max_greedy": {"max delay": [0.02272396995140576], "running time": [312.2577667236328]}, "min_max_pulp": {"max delay": [0.02207161630850217], "running time": [72520.87879180908]}}, "100": {"min_max_greedy": {"max delay": [0.021704856487198047], "running time": [385.3180408477783]}, "min_max_pulp": {"max delay": [0.021697152637785117], "running time": [654755.0704479218]}}}