{"10": {"min_max_greedy": {"max delay": [0.2588102851905015], "running time": [76.06244087219238]}, "min_max_pulp": {"max delay": [0.2588102851905015], "running time": [3508.897304534912]}}, "20": {"min_max_greedy": {"max delay": [0.18289594740401396], "running time": [65.05370140075684]}, "min_max_pulp": {"max delay": [0.18289594740401396], "running time": [7085.8495235443115]}}, "30": {"min_max_greedy": {"max delay": [0.16616958746071417], "running time": [107.08832740783691]}, "min_max_pulp": {"max delay": [0.16309666853328061], "running time": [11612.587451934814]}}, "40": {"min_max_greedy": {"max delay": [0.10880436274493382], "running time": [107.08832740783691]}, "min_max_pulp": {"max delay": [0.1009960899774036], "running time": [16142.327785491943]}}, "50": {"min_max_greedy": {"max delay": [0.08313637517357317], "running time": [171.1409091949463]}, "min_max_pulp": {"max delay": [0.07869043781787391], "running time": [21448.707342147827]}}, "60": {"min_max_greedy": {"max delay": [0.06971023010566302], "running time": [203.1877040863037]}, "min_max_pulp": {"max delay": [0.06270775815831987], "running time": [26431.8208694458]}}, "70": {"min_max_greedy": {"max delay": [0.05098328015932352], "running time": [192.15846061706543]}, "min_max_pulp": {"max delay": [0.04997961734671283], "running time": [32988.23380470276]}}, "80": {"min_max_greedy": {"max delay": [0.04554228721833058], "running time": [237.1959686279297]}, "min_max_pulp": {"max delay": [0.043908103741804046], "running time": [39921.958684921265]}}, "90": {"min_max_greedy": {"max delay": [0.03511944471272536], "running time": [225.18610954284668]}, "min_max_pulp": {"max delay": [0.034540806483332985], "running time": [46991.81127548218]}}, "100": {"min_max_greedy": {"max delay": [0.030090732904308304], "running time": [267.22049713134766]}, "min_max_pulp": {"max delay": [0.028276737640565403], "running time": [341152.8980731964]}}}