{"10": {"min_max_greedy": {"max delay": [0.12625225724616032], "running time": [65.05370140075684]}, "min_max_pulp": {"max delay": [0.12625225724616032], "running time": [3483.8762283325195]}}, "20": {"min_max_greedy": {"max delay": [0.09896137430364906], "running time": [113.09289932250977]}, "min_max_pulp": {"max delay": [0.09860855867954504], "running time": [7411.118507385254]}}, "30": {"min_max_greedy": {"max delay": [0.09502137550071567], "running time": [150.12383460998535]}, "min_max_pulp": {"max delay": [0.08838205177812439], "running time": [11859.791278839111]}}, "40": {"min_max_greedy": {"max delay": [0.05994728142459188], "running time": [97.08046913146973]}, "min_max_pulp": {"max delay": [0.057399879639252735], "running time": [16449.580430984497]}}, "50": {"min_max_greedy": {"max delay": [0.054668125251693865], "running time": [118.09778213500977]}, "min_max_pulp": {"max delay": [0.05198034018256132], "running time": [21423.686981201172]}}, "60": {"min_max_greedy": {"max delay": [0.05172397145110623], "running time": [139.1148567199707]}, "min_max_pulp": {"max delay": [0.04595865048259481], "running time": [26789.116144180298]}}, "70": {"min_max_greedy": {"max delay": [0.04517643417056298], "running time": [185.15300750732422]}, "min_max_pulp": {"max delay": [0.04295796930311004], "running time": [33031.26931190491]}}, "80": {"min_max_greedy": {"max delay": [0.04259873163277589], "running time": [212.1751308441162]}, "min_max_pulp": {"max delay": [0.041198835284604024], "running time": [49942.23093986511]}}, "90": {"min_max_greedy": {"max delay": [0.039697240811950855], "running time": [203.16791534423828]}, "min_max_pulp": {"max delay": [0.03848422143935516], "running time": [45979.96020317078]}}, "100": {"min_max_greedy": {"max delay": [0.0367576780363043], "running time": [255.21063804626465]}, "min_max_pulp": {"max delay": [0.03560776878680135], "running time": [57332.33189582825]}}}