{"10": {"min_max_greedy": {"max delay": [0.1474956175058809], "running time": [67.05546379089355]}, "min_max_pulp": {"max delay": [0.14479935605206454], "running time": [4293.544769287109]}}, "20": {"min_max_greedy": {"max delay": [0.1430813759073523], "running time": [98.08087348937988]}, "min_max_pulp": {"max delay": [0.13983712032648513], "running time": [8891.340494155884]}}, "30": {"min_max_greedy": {"max delay": [0.13839063991318754], "running time": [140.11573791503906]}, "min_max_pulp": {"max delay": [0.1370274819626099], "running time": [17217.214107513428]}}, "40": {"min_max_greedy": {"max delay": [0.1365459414916392], "running time": [208.17208290100098]}, "min_max_pulp": {"max delay": [0.1329923504013554], "running time": [21079.402446746826]}}, "50": {"min_max_greedy": {"max delay": [0.05102264653737698], "running time": [119.09842491149902]}, "min_max_pulp": {"max delay": [0.05102264653737698], "running time": [26734.071016311646]}}, "60": {"min_max_greedy": {"max delay": [0.04563132940121244], "running time": [162.13393211364746]}, "min_max_pulp": {"max delay": [0.04236590456456051], "running time": [34171.21076583862]}}, "70": {"min_max_greedy": {"max delay": [0.038928895126808194], "running time": [182.15036392211914]}, "min_max_pulp": {"max delay": [0.03754495296513144], "running time": [43012.51006126404]}}, "80": {"min_max_greedy": {"max delay": [0.03584434731107559], "running time": [237.1957302093506]}, "min_max_pulp": {"max delay": [0.03340149674795492], "running time": [51277.3334980011]}}, "90": {"min_max_greedy": {"max delay": [0.03576818477117413], "running time": [279.23035621643066]}, "min_max_pulp": {"max delay": [0.028248605242981683], "running time": [62193.34530830383]}}, "100": {"min_max_greedy": {"max delay": [0.032144614857850716], "running time": [237.19549179077148]}, "min_max_pulp": {"max delay": [0.022832337608486086], "running time": [75194.07844543457]}}}