{"entropy": 246224044597088402171710090185625304096, "10": {"num_user": 200, "num_service": 236, "min_max_greedy": {"max_delay": 1.0548990394272135, "running_time": 6.005287170410156}, "min_max_equal_weight": {"max_delay": 1.0548990394272135, "running_time": 11.00921630859375}, "min_max_surrogate_relaxation": {"max_delay": 1.0548990394272135, "running_time": 307.253360748291}}, "20": {"num_user": 200, "num_service": 236, "min_max_greedy": {"max_delay": 1.041292053110413, "running_time": 9.00721549987793}, "min_max_equal_weight": {"max_delay": 1.0548990394272135, "running_time": 14.011383056640625}, "min_max_surrogate_relaxation": {"max_delay": 1.0435967661324155, "running_time": 375.3094673156738}}, "30": {"num_user": 200, "num_service": 236, "min_max_greedy": {"max_delay": 1.0393182361203772, "running_time": 11.008977890014648}, "min_max_equal_weight": {"max_delay": 1.0548990394272135, "running_time": 16.01409912109375}, "min_max_surrogate_relaxation": {"max_delay": 1.0435967661324155, "running_time": 414.3404960632324}}, "40": {"num_user": 200, "num_service": 236, "min_max_greedy": {"max_delay": 0.2907723680345979, "running_time": 14.011621475219727}, "min_max_equal_weight": {"max_delay": 1.0548990394272135, "running_time": 18.015384674072266}, "min_max_surrogate_relaxation": {"max_delay": 1.0292595689951054, "running_time": 424.3505001068115}}, "50": {"num_user": 200, "num_service": 236, "min_max_greedy": {"max_delay": 0.10499736069476015, "running_time": 17.014503479003906}, "min_max_equal_weight": {"max_delay": 0.07750770570581057, "running_time": 20.016908645629883}, "min_max_surrogate_relaxation": {"max_delay": 1.013678765688269, "running_time": 545.4497337341309}}, "60": {"num_user": 200, "num_service": 236, "min_max_greedy": {"max_delay": 0.10162996311749889, "running_time": 20.016193389892578}, "min_max_equal_weight": {"max_delay": 0.075931509124296, "running_time": 24.02019500732422}, "min_max_surrogate_relaxation": {"max_delay": 0.10162996311749889, "running_time": 993.8197135925293}}, "70": {"num_user": 200, "num_service": 236, "min_max_greedy": {"max_delay": 0.09683769156494802, "running_time": 22.017955780029297}, "min_max_equal_weight": {"max_delay": 0.07336004136666158, "running_time": 29.024124145507812}, "min_max_surrogate_relaxation": {"max_delay": 0.09844021149030713, "running_time": 1121.9251155853271}}, "80": {"num_user": 200, "num_service": 236, "min_max_greedy": {"max_delay": 0.0958571553394437, "running_time": 24.02019500732422}, "min_max_equal_weight": {"max_delay": 0.07270504227533128, "running_time": 38.03133964538574}, "min_max_surrogate_relaxation": {"max_delay": 0.10242589293712573, "running_time": 1822.5033283233643}}, "90": {"num_user": 200, "num_service": 236, "min_max_greedy": {"max_delay": 0.0958571553394437, "running_time": 28.023242950439453}, "min_max_equal_weight": {"max_delay": 0.07233496488224662, "running_time": 41.03398323059082}, "min_max_surrogate_relaxation": {"max_delay": 0.07505468455243741, "running_time": 1535.2659225463867}}, "100": {"num_user": 200, "num_service": 236, "min_max_greedy": {"max_delay": 0.09165587203300757, "running_time": 32.02652931213379}, "min_max_equal_weight": {"max_delay": 0.07233496488224662, "running_time": 44.036865234375}, "min_max_surrogate_relaxation": {"max_delay": 0.0958571553394437, "running_time": 2540.0946140289307}}}