{"entropy": 183690050552251721829504457501123598724, "10": {"num_user": 200, "num_service": 250, "min_max_greedy": {"max_delay": 0.05399566320643138, "running_time": 14.011621475219727}, "min_max_equal_weight": {"max_delay": 0.05302464875796611, "running_time": 12.010335922241211}, "min_max_surrogate_relaxation": {"max_delay": 0.05399566320643138, "running_time": 359.2960834503174}}, "20": {"num_user": 200, "num_service": 250, "min_max_greedy": {"max_delay": 0.05177468091815661, "running_time": 22.017955780029297}, "min_max_equal_weight": {"max_delay": 0.044560184076004906, "running_time": 15.012502670288086}, "min_max_surrogate_relaxation": {"max_delay": 0.0460761806961453, "running_time": 1132.9345703125}}, "30": {"num_user": 200, "num_service": 250, "min_max_greedy": {"max_delay": 0.048054243403217525, "running_time": 32.02676773071289}, "min_max_equal_weight": {"max_delay": 0.04230147633977041, "running_time": 28.02300453186035}, "min_max_surrogate_relaxation": {"max_delay": 0.10953990833398469, "running_time": 1430.1795959472656}}, "40": {"num_user": 200, "num_service": 250, "min_max_greedy": {"max_delay": 0.045649357529332746, "running_time": 37.02998161315918}, "min_max_equal_weight": {"max_delay": 0.041029250028844715, "running_time": 36.029815673828125}, "min_max_surrogate_relaxation": {"max_delay": 0.04163227582845008, "running_time": 2398.9784717559814}}, "50": {"num_user": 200, "num_service": 250, "min_max_greedy": {"max_delay": 0.044738199622162064, "running_time": 45.03655433654785}, "min_max_equal_weight": {"max_delay": 0.038997045462864546, "running_time": 42.03462600708008}, "min_max_surrogate_relaxation": {"max_delay": 0.05335939228549859, "running_time": 2653.1875133514404}}, "60": {"num_user": 200, "num_service": 250, "min_max_greedy": {"max_delay": 0.04367722720616758, "running_time": 50.04119873046875}, "min_max_equal_weight": {"max_delay": 0.035443986233359856, "running_time": 45.037031173706055}, "min_max_surrogate_relaxation": {"max_delay": 0.032338150980233696, "running_time": 3152.599811553955}}, "70": {"num_user": 200, "num_service": 250, "min_max_greedy": {"max_delay": 0.037528560301655634, "running_time": 53.04384231567383}, "min_max_equal_weight": {"max_delay": 0.035443986233359856, "running_time": 49.04055595397949}, "min_max_surrogate_relaxation": {"max_delay": 0.0330440127555011, "running_time": 4277.527093887329}}, "80": {"num_user": 200, "num_service": 250, "min_max_greedy": {"max_delay": 0.03682163434237557, "running_time": 55.045366287231445}, "min_max_equal_weight": {"max_delay": 0.035443986233359856, "running_time": 53.04408073425293}, "min_max_surrogate_relaxation": {"max_delay": 0.035508765352990565, "running_time": 4925.061225891113}}, "90": {"num_user": 200, "num_service": 250, "min_max_greedy": {"max_delay": 0.034362904184557744, "running_time": 60.04953384399414}, "min_max_equal_weight": {"max_delay": 0.035443986233359856, "running_time": 56.0457706451416}, "min_max_surrogate_relaxation": {"max_delay": 0.0314086910857976, "running_time": 7634.296417236328}}, "100": {"num_user": 200, "num_service": 250, "min_max_greedy": {"max_delay": 0.03133580345092199, "running_time": 68.05562973022461}, "min_max_equal_weight": {"max_delay": 0.023907054751440844, "running_time": 61.0499382019043}, "min_max_surrogate_relaxation": {"max_delay": 0.023907054751440844, "running_time": 6926.712512969971}}}