{"entropy": 288967805389962181554596111325801858419, "10": {"num_user": 100, "num_service": 41, "min_max_greedy": {"max_delay": 0.23650305758274937, "running_time": 40.03262519836426}, "min_max_surrogate_relaxation": {"max_delay": 0.23650305758274937, "lower_bound": 0.23665459025631497, "running_time": 482.39684104919434}, "min_max_equal_weight": {"max_delay": 0.23650305758274937, "running_time": 40.03334045410156}, "min_max_pulp": {"max_delay": 0.23650305758274937, "running_time": 3223.6533164978027}}, "20": {"num_user": 100, "num_service": 41, "min_max_greedy": {"max_delay": 0.16080543282828358, "running_time": 43.035030364990234}, "min_max_surrogate_relaxation": {"max_delay": 0.16080543282828358, "lower_bound": 0.09284611731154788, "running_time": 377.31003761291504}, "min_max_equal_weight": {"max_delay": 0.2351656248631964, "running_time": 40.03310203552246}, "min_max_pulp": {"max_delay": 0.16080543282828358, "running_time": 6351.226091384888}}, "30": {"num_user": 100, "num_service": 41, "min_max_greedy": {"max_delay": 0.1446088956284982, "running_time": 72.06010818481445}, "min_max_surrogate_relaxation": {"max_delay": 0.1446088956284982, "lower_bound": 0.11002618930896037, "running_time": 599.4935035705566}, "min_max_equal_weight": {"max_delay": 0.14327146290894527, "running_time": 39.031982421875}, "min_max_pulp": {"max_delay": 0.13127316080079982, "running_time": 10046.271085739136}}, "40": {"num_user": 100, "num_service": 41, "min_max_greedy": {"max_delay": 0.12729401836975257, "running_time": 108.06035995483398}, "min_max_surrogate_relaxation": {"max_delay": 0.12729401836975257, "lower_bound": 0.07625690484926499, "running_time": 565.4768943786621}, "min_max_equal_weight": {"max_delay": 0.1320155354760058, "running_time": 46.035051345825195}, "min_max_pulp": {"max_delay": 0.12327148903795714, "running_time": 14335.80470085144}}, "50": {"num_user": 100, "num_service": 41, "min_max_greedy": {"max_delay": 0.05373320611925528, "running_time": 80.09600639343262}, "min_max_surrogate_relaxation": {"max_delay": 0.0612933560578556, "lower_bound": 0.04193030123123726, "running_time": 623.5136985778809}, "min_max_equal_weight": {"max_delay": 0.1199603048159774, "running_time": 41.033267974853516}, "min_max_pulp": {"max_delay": 0.05003742862491617, "running_time": 18315.07182121277}}, "60": {"num_user": 100, "num_service": 41, "min_max_greedy": {"max_delay": 0.03919663395485962, "running_time": 105.0872802734375}, "min_max_surrogate_relaxation": {"max_delay": 0.059955923338302644, "lower_bound": 0.01642458892336078, "running_time": 529.4356346130371}, "min_max_equal_weight": {"max_delay": 0.11605963238715358, "running_time": 42.03438758850098}, "min_max_pulp": {"max_delay": 0.03856259713458194, "running_time": 23174.067974090576}}, "70": {"num_user": 100, "num_service": 41, "min_max_greedy": {"max_delay": 0.028954043540123705, "running_time": 129.105806350708}, "min_max_surrogate_relaxation": {"max_delay": 0.03499827051821747, "lower_bound": 0.017317627898665297, "running_time": 664.5464897155762}, "min_max_equal_weight": {"max_delay": 0.02978450998449436, "running_time": 41.03422164916992}, "min_max_pulp": {"max_delay": 0.028295899638541455, "running_time": 28197.20482826233}}, "80": {"num_user": 100, "num_service": 41, "min_max_greedy": {"max_delay": 0.02558972444223686, "running_time": 161.1330509185791}, "min_max_surrogate_relaxation": {"max_delay": 0.028295899638541455, "lower_bound": 0.01474177258902759, "running_time": 952.8179168701172}, "min_max_equal_weight": {"max_delay": 0.029315715769113317, "running_time": 44.0676212310791}, "min_max_pulp": {"max_delay": 0.024004710322308692, "running_time": 35264.01972770691}}, "90": {"num_user": 100, "num_service": 41, "min_max_greedy": {"max_delay": 0.02230576575375717, "running_time": 192.15822219848633}, "min_max_surrogate_relaxation": {"max_delay": 0.021398186761608005, "lower_bound": 0.013918675026421507, "running_time": 1764.4519805908203}, "min_max_equal_weight": {"max_delay": 0.02512093022685582, "running_time": 43.03550720214844}, "min_max_pulp": {"max_delay": 0.020929392546226964, "running_time": 41378.05151939392}}, "100": {"num_user": 100, "num_service": 41, "min_max_greedy": {"max_delay": 0.020047730789870263, "running_time": 210.1736068725586}, "min_max_surrogate_relaxation": {"max_delay": 0.019510594696084002, "lower_bound": 0.01160831529159746, "running_time": 2426.997423171997}, "min_max_equal_weight": {"max_delay": 0.021367171851374493, "running_time": 44.036149978637695}, "min_max_pulp": {"max_delay": 0.018662752351868546, "running_time": 48597.501039505005}}}