{"entropy": 228331409556930194923003044059997298405, "10": {"num_user": 100, "num_service": 41, "min_max_greedy": {"max_delay": 0.062331719045315225, "running_time": 57.047367095947266}, "min_max_surrogate_relaxation": {"max_delay": 0.062331719045315225, "lower_bound": 0.03953089011167203, "running_time": 591.4585590362549}, "min_max_equal_weight": {"max_delay": 0.10059789073297812, "running_time": 39.012908935546875}, "min_max_pulp": {"max_delay": 0.062331719045315225, "running_time": 3175.6134033203125}}, "20": {"num_user": 100, "num_service": 41, "min_max_greedy": {"max_delay": 0.03545568719728584, "running_time": 89.07341957092285}, "min_max_surrogate_relaxation": {"max_delay": 0.038948351843026356, "lower_bound": 0.023431601600862953, "running_time": 513.4429931640625}, "min_max_equal_weight": {"max_delay": 0.038948351843026356, "running_time": 41.03350639343262}, "min_max_pulp": {"max_delay": 0.035148343855961474, "running_time": 6154.064893722534}}, "30": {"num_user": 100, "num_service": 41, "min_max_greedy": {"max_delay": 0.030759417136095965, "running_time": 114.09401893615723}, "min_max_surrogate_relaxation": {"max_delay": 0.02895932060165943, "lower_bound": 0.02414067243230895, "running_time": 1286.057949066162}, "min_max_equal_weight": {"max_delay": 0.03247037916985442, "running_time": 41.03374481201172}, "min_max_pulp": {"max_delay": 0.02895932060165943, "running_time": 9815.07658958435}}, "40": {"num_user": 100, "num_service": 41, "min_max_greedy": {"max_delay": 0.026394820611271165, "running_time": 159.13081169128418}, "min_max_surrogate_relaxation": {"max_delay": 0.027581915132171918, "lower_bound": 0.019219346662652174, "running_time": 967.7963256835938}, "min_max_equal_weight": {"max_delay": 0.0319362770926918, "running_time": 42.03462600708008}, "min_max_pulp": {"max_delay": 0.024235645685727294, "running_time": 13810.364961624146}}, "50": {"num_user": 100, "num_service": 41, "min_max_greedy": {"max_delay": 0.02457931278722607, "running_time": 181.14924430847168}, "min_max_surrogate_relaxation": {"max_delay": 0.022695940496510095, "lower_bound": 0.019052034424765604, "running_time": 1582.3149681091309}, "min_max_equal_weight": {"max_delay": 0.027047813055009296, "running_time": 43.03574562072754}, "min_max_pulp": {"max_delay": 0.022138357536082953, "running_time": 18166.94974899292}}, "60": {"num_user": 100, "num_service": 41, "min_max_greedy": {"max_delay": 0.02191292104046935, "running_time": 203.16696166992188}, "min_max_surrogate_relaxation": {"max_delay": 0.022695940496510095, "lower_bound": 0.01726826653091771, "running_time": 1656.3630104064941}, "min_max_equal_weight": {"max_delay": 0.0252323052309642, "running_time": 44.0363883972168}, "min_max_pulp": {"max_delay": 0.020757390972340833, "running_time": 23474.31755065918}}, "70": {"num_user": 100, "num_service": 41, "min_max_greedy": {"max_delay": 0.02171364988167285, "running_time": 229.1886806488037}, "min_max_surrogate_relaxation": {"max_delay": 0.02464152716531251, "lower_bound": 0.014550670959534627, "running_time": 628.5169124603271}, "min_max_equal_weight": {"max_delay": 0.022138357536082953, "running_time": 45.02415657043457}, "min_max_pulp": {"max_delay": 0.02027208611017086, "running_time": 31947.290658950806}}, "80": {"num_user": 100, "num_service": 41, "min_max_greedy": {"max_delay": 0.020970739502234197, "running_time": 254.2092800140381}, "min_max_surrogate_relaxation": {"max_delay": 0.024107425088149892, "lower_bound": 0.012452683501169695, "running_time": 781.6438674926758}, "min_max_equal_weight": {"max_delay": 0.021378818963306727, "running_time": 46.037912368774414}, "min_max_pulp": {"max_delay": 0.01965647798948234, "running_time": 38405.60531616211}}, "90": {"num_user": 100, "num_service": 41, "min_max_greedy": {"max_delay": 0.019878063848601066, "running_time": 267.22002029418945}, "min_max_surrogate_relaxation": {"max_delay": 0.021409803825051126, "lower_bound": 0.013347008643415112, "running_time": 1293.0636405944824}, "min_max_equal_weight": {"max_delay": 0.02115190725406161, "running_time": 46.03743553161621}, "min_max_pulp": {"max_delay": 0.018896894146570226, "running_time": 50753.767013549805}}, "100": {"num_user": 100, "num_service": 41, "min_max_greedy": {"max_delay": 0.02102888235878855, "running_time": 237.19549179077148}, "min_max_surrogate_relaxation": {"max_delay": 0.020752676852615445, "lower_bound": 0.012494701730852738, "running_time": 2092.7298069000244}, "min_max_equal_weight": {"max_delay": 0.02115190725406161, "running_time": 49.04031753540039}, "min_max_pulp": {"max_delay": 0.018314282563125128, "running_time": 56010.09225845337}}}