{"10": {"min_max_greedy": {"max delay": [0.0535957807679424], "running time": [78.0644416809082]}, "min_max_pulp": {"max delay": [0.04841695057969882], "running time": [3534.9185466766357]}}, "20": {"min_max_greedy": {"max delay": [0.03075889026739957], "running time": [111.09185218811035]}, "min_max_pulp": {"max delay": [0.02989367018372714], "running time": [7097.859621047974]}}, "30": {"min_max_greedy": {"max delay": [0.026533709653843215], "running time": [197.16286659240723]}, "min_max_pulp": {"max delay": [0.02555780714804466], "running time": [11428.435325622559]}}, "40": {"min_max_greedy": {"max delay": [0.024314909227757215], "running time": [231.19068145751953]}, "min_max_pulp": {"max delay": [0.023524305751320116], "running time": [16277.438640594482]}}, "50": {"min_max_greedy": {"max delay": [0.02509728976577283], "running time": [183.14337730407715]}, "min_max_pulp": {"max delay": [0.02037878449521077], "running time": [20816.187620162964]}}, "60": {"min_max_greedy": {"max delay": [0.01808146374600259], "running time": [234.1930866241455]}, "min_max_pulp": {"max delay": [0.017897906403337875], "running time": [28184.333562850952]}}, "70": {"min_max_greedy": {"max delay": [0.016262364552042084], "running time": [291.2406921386719]}, "min_max_pulp": {"max delay": [0.01593227845787682], "running time": [33878.684520721436]}}, "80": {"min_max_greedy": {"max delay": [0.01743738902106604], "running time": [264.2180919647217]}, "min_max_pulp": {"max delay": [0.014778635984252586], "running time": [41353.22546958923]}}, "90": {"min_max_greedy": {"max delay": [0.015839491550244583], "running time": [310.255765914917]}, "min_max_pulp": {"max delay": [0.014041129912964249], "running time": [48762.810468673706]}}, "100": {"min_max_greedy": {"max delay": [0.015839491550244583], "running time": [312.2577667236328]}, "min_max_pulp": {"max delay": [0.013478333115083773], "running time": [58702.77500152588]}}}