{"entropy": 124251329478652019983338242937195829635, "10": {"num_user": 500, "num_service": 41, "min_max_greedy": {"max_delay": 0.01670415483348046, "running_time": 13.010740280151367}, "min_max_equal_weight": {"max_delay": 0.029156947620638158, "running_time": 520.4286575317383}, "min_max_surrogate_relaxation": {"max_delay": 0.016313809776959537, "lower_bound": 0.013437529873292988, "running_time": 131.10804557800293, "none_zero_ratio": 0.0012, "max_weight": 0.5, "min_weight": 0.015625}, "min_max_pulp": {"max_delay": 0.016313809776959537, "running_time": 119424.48902130127}}, "20": {"num_user": 500, "num_service": 41, "min_max_greedy": {"max_delay": 0.011928517162138795, "running_time": 20.01643180847168}, "min_max_equal_weight": {"max_delay": 0.01518255062331184, "running_time": 526.4339447021484}, "min_max_surrogate_relaxation": {"max_delay": 0.010642333590069653, "lower_bound": 0.00809365618798794, "running_time": 267.22049713134766, "none_zero_ratio": 0.0024, "max_weight": 0.300537109375, "min_weight": 0.020350255072116852}, "min_max_pulp": {"max_delay": 0.010642333590069653, "running_time": 219816.28131866455}}, "30": {"num_user": 500, "num_service": 41, "min_max_greedy": {"max_delay": 0.010216808765198237, "running_time": 28.02300453186035}, "min_max_equal_weight": {"max_delay": 0.010561842781753704, "running_time": 528.435468673706}, "min_max_surrogate_relaxation": {"max_delay": 0.009063125909565685, "lower_bound": 0.005989490574938527, "running_time": 349.2882251739502, "none_zero_ratio": 0.0016, "max_weight": 0.3984375, "min_weight": 0.032958984375}, "min_max_pulp": {"max_delay": 0.008812726787443317, "running_time": 339639.0988826752}}, "40": {"num_user": 500, "num_service": 41, "min_max_greedy": {"max_delay": 0.006932225123132187, "running_time": 32.02652931213379}, "min_max_equal_weight": {"max_delay": 0.00730988473328796, "running_time": 521.4300155639648}, "min_max_surrogate_relaxation": {"max_delay": 0.007376206597180341, "lower_bound": 0.004492547403740728, "running_time": 441.3642883300781, "none_zero_ratio": 0.0016, "max_weight": 0.403564453125, "min_weight": 0.041748046875}, "min_max_pulp": {"max_delay": 0.006932225123132187, "running_time": 456837.7525806427}}, "50": {"num_user": 500, "num_service": 41, "min_max_greedy": {"max_delay": 0.006480259528842656, "running_time": 38.031578063964844}, "min_max_equal_weight": {"max_delay": 0.0063923777511869905, "running_time": 529.4365882873535}, "min_max_surrogate_relaxation": {"max_delay": 0.0063939327231296, "lower_bound": 0.003970802140370535, "running_time": 635.523796081543, "none_zero_ratio": 0.002, "max_weight": 0.336181640625, "min_weight": 0.00926971435546875}, "min_max_pulp": {"max_delay": 0.006016273112973827, "running_time": 591015.408039093}}, "60": {"num_user": 500, "num_service": 41, "min_max_greedy": {"max_delay": 0.005163466804199672, "running_time": 47.039031982421875}, "min_max_equal_weight": {"max_delay": 0.006295161981505306, "running_time": 528.4357070922852}, "min_max_surrogate_relaxation": {"max_delay": 0.005574275276487493, "lower_bound": 0.00348976233263886, "running_time": 1228.0125617980957, "none_zero_ratio": 0.004, "max_weight": 0.3323080949485302, "min_weight": 0.001832666626455648}, "min_max_pulp": {"max_delay": 0.005163466804199672, "running_time": 778722.208738327}}, "70": {"num_user": 500, "num_service": 41, "min_max_greedy": {"max_delay": 0.004495800215359408, "running_time": 55.045127868652344}, "min_max_equal_weight": {"max_delay": 0.005379209971346947, "running_time": 532.4394702911377}, "min_max_surrogate_relaxation": {"max_delay": 0.004818790290777083, "lower_bound": 0.0028516128423737514, "running_time": 667.5503253936768, "none_zero_ratio": 0.004, "max_weight": 0.25, "min_weight": 0.005721980329553844}, "min_max_pulp": {"max_delay": 0.004254579498423901, "running_time": 965664.379119873}}, "80": {"num_user": 500, "num_service": 41, "min_max_greedy": {"max_delay": 0.0042591795026816325, "running_time": 65.05346298217773}, "min_max_equal_weight": {"max_delay": 0.004345300897134597, "running_time": 531.4383506774902}, "min_max_surrogate_relaxation": {"max_delay": 0.004154554916172486, "lower_bound": 0.0023483037739586254, "running_time": 546.4506149291992, "none_zero_ratio": 0.0032, "max_weight": 0.22999191284179688, "min_weight": 0.026732042315416038}, "min_max_pulp": {"max_delay": 0.003857524810581317, "running_time": 1429047.5296974182}}, "90": {"num_user": 500, "num_service": 41, "min_max_greedy": {"max_delay": 0.003973160941064738, "running_time": 75.06203651428223}, "min_max_equal_weight": {"max_delay": 0.004345300897134597, "running_time": 535.4413986206055}, "min_max_surrogate_relaxation": {"max_delay": 0.0040207106920160905, "lower_bound": 0.0023993026465248843, "running_time": 1012.8355026245117, "none_zero_ratio": 0.0048, "max_weight": 0.1740427017211914, "min_weight": 0.0060032394875488004}, "min_max_pulp": {"max_delay": 0.003671367974067043, "running_time": 1936425.9622097015}}, "100": {"num_user": 500, "num_service": 41, "min_max_greedy": {"max_delay": 0.003784054994349369, "running_time": 79.06532287597656}, "min_max_equal_weight": {"max_delay": 0.004033550643174538, "running_time": 541.4464473724365}, "min_max_surrogate_relaxation": {"max_delay": 0.003719725759633425, "lower_bound": 0.0019950592089560924, "running_time": 736.607551574707, "none_zero_ratio": 0.0032, "max_weight": 0.19140625, "min_weight": 0.005486872396431863}, "min_max_pulp": {"max_delay": 0.0031705151282536356, "running_time": 1801637.8388404846}}}