{"entropy": 94940731567011850663042800852480982507, "10": {"num_user": 500, "num_service": 41, "min_max_greedy": {"max_delay": 0.023772626305264593, "running_time": 11.009693145751953}, "min_max_equal_weight": {"max_delay": 0.023961976573565365, "running_time": 525.4335403442383}, "min_max_surrogate_relaxation": {"max_delay": 0.023961976573565365, "lower_bound": 0.017091816085699797, "running_time": 92.07606315612793, "none_zero_ratio": 0.0016, "max_weight": 0.5, "min_weight": 0.09521484375}, "min_max_pulp": {"max_delay": 0.023522228812786927, "running_time": 126126.01566314697}}, "20": {"num_user": 500, "num_service": 41, "min_max_greedy": {"max_delay": 0.017231327481386168, "running_time": 23.018836975097656}, "min_max_equal_weight": {"max_delay": 0.022004988305157794, "running_time": 528.4357070922852}, "min_max_surrogate_relaxation": {"max_delay": 0.018214066737084554, "lower_bound": 0.013332142291824833, "running_time": 178.1468391418457, "none_zero_ratio": 0.0016, "max_weight": 0.320068359375, "min_weight": 0.2109375}, "min_max_pulp": {"max_delay": 0.017231327481386168, "running_time": 235999.6280670166}}, "30": {"num_user": 500, "num_service": 41, "min_max_greedy": {"max_delay": 0.016797169918098827, "running_time": 22.017955780029297}, "min_max_equal_weight": {"max_delay": 0.017815004480562432, "running_time": 523.4313011169434}, "min_max_surrogate_relaxation": {"max_delay": 0.016236957399130954, "lower_bound": 0.008290800857182572, "running_time": 147.12142944335938, "none_zero_ratio": 0.0016, "max_weight": 0.3896484375, "min_weight": 0.058319091796875}, "min_max_pulp": {"max_delay": 0.014316471633514329, "running_time": 364609.6920967102}}, "40": {"num_user": 500, "num_service": 41, "min_max_greedy": {"max_delay": 0.01227929363783955, "running_time": 33.02717208862305}, "min_max_equal_weight": {"max_delay": 0.014866350845038864, "running_time": 528.4359455108643}, "min_max_surrogate_relaxation": {"max_delay": 0.012163594132597592, "lower_bound": 0.0073536692524297795, "running_time": 360.29720306396484, "none_zero_ratio": 0.0028, "max_weight": 0.3309288024902344, "min_weight": 0.08126841858029366}, "min_max_pulp": {"max_delay": 0.011739180977064284, "running_time": 503229.0110588074}}, "50": {"num_user": 500, "num_service": 41, "min_max_greedy": {"max_delay": 0.010086468481488604, "running_time": 38.03133964538574}, "min_max_equal_weight": {"max_delay": 0.012285931612730913, "running_time": 526.4344215393066}, "min_max_surrogate_relaxation": {"max_delay": 0.011994215418045184, "lower_bound": 0.004210134560288813, "running_time": 173.142671585083, "none_zero_ratio": 0.002, "max_weight": 0.5, "min_weight": 0.0514984130859375}, "min_max_pulp": {"max_delay": 0.010093106456379966, "running_time": 646814.4249916077}}, "60": {"num_user": 500, "num_service": 41, "min_max_greedy": {"max_delay": 0.00888667844524869, "running_time": 40.03310203552246}, "min_max_equal_weight": {"max_delay": 0.011713462210041818, "running_time": 531.4381122589111}, "min_max_surrogate_relaxation": {"max_delay": 0.009801390261694236, "lower_bound": 0.004674701866045241, "running_time": 502.4142265319824, "none_zero_ratio": 0.002, "max_weight": 0.3046875, "min_weight": 0.05175018310546875}, "min_max_pulp": {"max_delay": 0.008711652608467587, "running_time": 834437.1569156647}}, "70": {"num_user": 500, "num_service": 41, "min_max_greedy": {"max_delay": 0.007386250764862351, "running_time": 47.03927040100098}, "min_max_equal_weight": {"max_delay": 0.008605925237245328, "running_time": 538.4438037872314}, "min_max_surrogate_relaxation": {"max_delay": 0.007256828131246774, "lower_bound": 0.0045089325846732545, "running_time": 748.6169338226318, "none_zero_ratio": 0.004, "max_weight": 0.32993316650390625, "min_weight": 0.022705078125}, "min_max_pulp": {"max_delay": 0.006846138104087083, "running_time": 1006600.1386642456}}, "80": {"num_user": 500, "num_service": 41, "min_max_greedy": {"max_delay": 0.006710828613608354, "running_time": 52.04272270202637}, "min_max_equal_weight": {"max_delay": 0.006692138790689037, "running_time": 533.4398746490479}, "min_max_surrogate_relaxation": {"max_delay": 0.0065937832697220075, "lower_bound": 0.00374372066197465, "running_time": 881.7272186279297, "none_zero_ratio": 0.0036, "max_weight": 0.2913818359375, "min_weight": 0.02734375}, "min_max_pulp": {"max_delay": 0.0064847310686270195, "running_time": 1355650.9997844696}}, "90": {"num_user": 500, "num_service": 41, "min_max_greedy": {"max_delay": 0.004831446235281063, "running_time": 52.04296112060547}, "min_max_equal_weight": {"max_delay": 0.006655184821177339, "running_time": 537.4431610107422}, "min_max_surrogate_relaxation": {"max_delay": 0.005880146002334177, "lower_bound": 0.003205821571416045, "running_time": 927.7651309967041, "none_zero_ratio": 0.0028, "max_weight": 0.5, "min_weight": 0.020368024706840515}, "min_max_pulp": {"max_delay": 0.004831446235281063, "running_time": 1450733.4139347076}}, "100": {"num_user": 500, "num_service": 41, "min_max_greedy": {"max_delay": 0.004421672017829327, "running_time": 57.04689025878906}, "min_max_equal_weight": {"max_delay": 0.004677446921883018, "running_time": 540.4455661773682}, "min_max_surrogate_relaxation": {"max_delay": 0.004440438241146065, "lower_bound": 0.0029163778249143464, "running_time": 912.752628326416, "none_zero_ratio": 0.004, "max_weight": 0.22247314453125, "min_weight": 0.02992968074977398}, "min_max_pulp": {"max_delay": 0.004366028225398313, "running_time": 1711247.0123767853}}}