{"entropy": 278019534236106827572378997709322123157, "10": {"num_user": 500, "num_service": 41, "min_max_greedy": {"max_delay": 0.022399516488333274, "running_time": 14.011383056640625}, "min_max_equal_weight": {"max_delay": 0.023329111585524497, "running_time": 535.4418754577637}, "min_max_surrogate_relaxation": {"max_delay": 0.022399516488333274, "lower_bound": 0.01754480864038401, "running_time": 160.13169288635254, "none_zero_ratio": 0.0016, "max_weight": 0.5, "min_weight": 0.140625}, "min_max_pulp": {"max_delay": 0.022399516488333274, "running_time": 139518.05996894836}}, "20": {"num_user": 500, "num_service": 41, "min_max_greedy": {"max_delay": 0.011212872996845378, "running_time": 18.014907836914062}, "min_max_equal_weight": {"max_delay": 0.020710448992322508, "running_time": 526.4339447021484}, "min_max_surrogate_relaxation": {"max_delay": 0.011147620058796678, "lower_bound": 0.008534755245503088, "running_time": 301.24855041503906, "none_zero_ratio": 0.0016, "max_weight": 0.625, "min_weight": 0.0845947265625}, "min_max_pulp": {"max_delay": 0.01089330035782369, "running_time": 262275.2974033356}}, "30": {"num_user": 500, "num_service": 41, "min_max_greedy": {"max_delay": 0.010252553706761206, "running_time": 25.020837783813477}, "min_max_equal_weight": {"max_delay": 0.01062208589753192, "running_time": 533.440113067627}, "min_max_surrogate_relaxation": {"max_delay": 0.01019033884501927, "lower_bound": 0.005825862926133527, "running_time": 242.19965934753418, "none_zero_ratio": 0.0016, "max_weight": 0.384521484375, "min_weight": 0.1640625}, "min_max_pulp": {"max_delay": 0.009955496052744385, "running_time": 415378.56101989746}}, "40": {"num_user": 500, "num_service": 41, "min_max_greedy": {"max_delay": 0.009376778617168877, "running_time": 33.02741050720215}, "min_max_equal_weight": {"max_delay": 0.010343238023270598, "running_time": 538.4440422058105}, "min_max_surrogate_relaxation": {"max_delay": 0.008881271172027598, "lower_bound": 0.005408347828183121, "running_time": 385.3178024291992, "none_zero_ratio": 0.0024, "max_weight": 0.25005340576171875, "min_weight": 0.05881190299987793}, "min_max_pulp": {"max_delay": 0.008553205349729214, "running_time": 572878.4503936768}}, "50": {"num_user": 500, "num_service": 41, "min_max_greedy": {"max_delay": 0.008298553534291136, "running_time": 41.03374481201172}, "min_max_equal_weight": {"max_delay": 0.009678344556476544, "running_time": 524.4324207305908}, "min_max_surrogate_relaxation": {"max_delay": 0.008104020897011673, "lower_bound": 0.004900883850969473, "running_time": 723.5965728759766, "none_zero_ratio": 0.0052, "max_weight": 0.19864542650793737, "min_weight": 0.005881458631885406}, "min_max_pulp": {"max_delay": 0.007346797207358435, "running_time": 728039.4110679626}}, "60": {"num_user": 500, "num_service": 41, "min_max_greedy": {"max_delay": 0.007683696028644934, "running_time": 51.04207992553711}, "min_max_equal_weight": {"max_delay": 0.009341877158136074, "running_time": 521.4297771453857}, "min_max_surrogate_relaxation": {"max_delay": 0.00681471100765326, "lower_bound": 0.0047204252875428275, "running_time": 1520.2536582946777, "none_zero_ratio": 0.0068, "max_weight": 0.17069078697654755, "min_weight": 0.005391832636964281}, "min_max_pulp": {"max_delay": 0.0062343745081218736, "running_time": 947612.4920845032}}, "70": {"num_user": 500, "num_service": 41, "min_max_greedy": {"max_delay": 0.006678602127078145, "running_time": 57.04617500305176}, "min_max_equal_weight": {"max_delay": 0.006927766662356555, "running_time": 526.4339447021484}, "min_max_surrogate_relaxation": {"max_delay": 0.006925582698697107, "lower_bound": 0.003581946418529478, "running_time": 498.4109401702881, "none_zero_ratio": 0.0036, "max_weight": 0.276123046875, "min_weight": 0.016047993187385146}, "min_max_pulp": {"max_delay": 0.005605655698896619, "running_time": 1146835.7906341553}}, "80": {"num_user": 500, "num_service": 41, "min_max_greedy": {"max_delay": 0.006030489321894843, "running_time": 66.0543441772461}, "min_max_equal_weight": {"max_delay": 0.006003844589682157, "running_time": 527.4348258972168}, "min_max_surrogate_relaxation": {"max_delay": 0.005905323017601131, "lower_bound": 0.003563264103006083, "running_time": 728.6009788513184, "none_zero_ratio": 0.0044, "max_weight": 0.2068900465965271, "min_weight": 0.019414901733398438}, "min_max_pulp": {"max_delay": 0.005254474115618776, "running_time": 1660000.477552414}}, "90": {"num_user": 500, "num_service": 41, "min_max_greedy": {"max_delay": 0.004783653304175385, "running_time": 75.06155967712402}, "min_max_equal_weight": {"max_delay": 0.005922672760789768, "running_time": 531.4383506774902}, "min_max_surrogate_relaxation": {"max_delay": 0.00579048203168491, "lower_bound": 0.0029521882811420637, "running_time": 696.5742111206055, "none_zero_ratio": 0.0036, "max_weight": 0.2384033203125, "min_weight": 0.02734375}, "min_max_pulp": {"max_delay": 0.004618511037200465, "running_time": 1707337.0337486267}}, "100": {"num_user": 500, "num_service": 41, "min_max_greedy": {"max_delay": 0.004412923071216883, "running_time": 85.06989479064941}, "min_max_equal_weight": {"max_delay": 0.005202418214624152, "running_time": 524.4321823120117}, "min_max_surrogate_relaxation": {"max_delay": 0.005468870700052556, "lower_bound": 0.0026230968424866743, "running_time": 737.6084327697754, "none_zero_ratio": 0.0036, "max_weight": 0.1989327371120453, "min_weight": 0.03125}, "min_max_pulp": {"max_delay": 0.004225103961449233, "running_time": 2386865.4375076294}}}