{"entropy": 272169210350184151707702956214721499757, "10": {"num_user": 400, "num_service": 41, "min_max_greedy": {"max_delay": 2.0162245101553258, "running_time": 1109.3604564666748}, "min_max_surrogate_relaxation": {"max_delay": 2.0162245101553258, "lower_bound": 2.009065243910099, "running_time": 10728.156805038452}, "min_max_equal_weight": {"max_delay": 2.021973131486347, "running_time": 614.5055294036865}, "min_max_pulp": {"max_delay": 2.0162245101553258, "running_time": 114629.47845458984}}, "20": {"num_user": 400, "num_service": 41, "min_max_greedy": {"max_delay": 2.0123946207546033, "running_time": 1693.9270496368408}, "min_max_surrogate_relaxation": {"max_delay": 2.013400221912646, "lower_bound": 2.0075278630666675, "running_time": 23676.26667022705}, "min_max_equal_weight": {"max_delay": 2.015821606266592, "running_time": 635.547399520874}, "min_max_pulp": {"max_delay": 2.0119965601271805, "running_time": 233171.3728904724}}, "30": {"num_user": 400, "num_service": 41, "min_max_greedy": {"max_delay": 2.008595512892484, "running_time": 2346.9314575195312}, "min_max_surrogate_relaxation": {"max_delay": 2.008595512892484, "lower_bound": 2.005686321735876, "running_time": 23489.15934562683}, "min_max_equal_weight": {"max_delay": 2.0100654371795392, "running_time": 634.9086761474609}, "min_max_pulp": {"max_delay": 2.008595512892484, "running_time": 362269.6623802185}}, "40": {"num_user": 400, "num_service": 41, "min_max_greedy": {"max_delay": 2.007820212340806, "running_time": 2901.050329208374}, "min_max_surrogate_relaxation": {"max_delay": 2.007820212340806, "lower_bound": 2.0042519849553244, "running_time": 23668.527841567993}, "min_max_equal_weight": {"max_delay": 2.0083975142074797, "running_time": 632.5209140777588}, "min_max_pulp": {"max_delay": 2.0073870427764624, "running_time": 520990.26465415955}}, "50": {"num_user": 400, "num_service": 41, "min_max_greedy": {"max_delay": 2.005752020712748, "running_time": 3359.92431640625}, "min_max_surrogate_relaxation": {"max_delay": 2.005875761091578, "lower_bound": 2.0035271391787965, "running_time": 27338.658571243286}, "min_max_equal_weight": {"max_delay": 2.0077501313802633, "running_time": 657.541036605835}, "min_max_pulp": {"max_delay": 2.0057164615920637, "running_time": 703291.5189266205}}, "60": {"num_user": 400, "num_service": 41, "min_max_greedy": {"max_delay": 2.0054608881239324, "running_time": 3932.4898719787598}, "min_max_surrogate_relaxation": {"max_delay": 2.005243476742787, "lower_bound": 2.002997655959426, "running_time": 31854.790687561035}, "min_max_equal_weight": {"max_delay": 2.0059954842042633, "running_time": 672.8692054748535}, "min_max_pulp": {"max_delay": 2.0044219914633645, "running_time": 874034.3766212463}}, "70": {"num_user": 400, "num_service": 41, "min_max_greedy": {"max_delay": 2.004416607748409, "running_time": 4374.275684356689}, "min_max_surrogate_relaxation": {"max_delay": 2.0047569020480815, "lower_bound": 2.0025281124515733, "running_time": 31047.433376312256}, "min_max_equal_weight": {"max_delay": 2.005769827622105, "running_time": 677.5574684143066}, "min_max_pulp": {"max_delay": 2.0039680302911513, "running_time": 1083464.3256664276}}, "80": {"num_user": 400, "num_service": 41, "min_max_greedy": {"max_delay": 2.0029258282745728, "running_time": 5039.5612716674805}, "min_max_surrogate_relaxation": {"max_delay": 2.0041518162911736, "lower_bound": 2.0020535570272493, "running_time": 28632.105588912964}, "min_max_equal_weight": {"max_delay": 2.005322624699512, "running_time": 647.5331783294678}, "min_max_pulp": {"max_delay": 2.00276049694833, "running_time": 1286149.9819755554}}, "90": {"num_user": 400, "num_service": 41, "min_max_greedy": {"max_delay": 2.002544249242164, "running_time": 5403.303623199463}, "min_max_surrogate_relaxation": {"max_delay": 2.0028138767318944, "lower_bound": 2.001705870571879, "running_time": 27266.865968704224}, "min_max_equal_weight": {"max_delay": 2.0035764366070827, "running_time": 652.7225971221924}, "min_max_pulp": {"max_delay": 2.0023971275978782, "running_time": 1506910.4826450348}}, "100": {"num_user": 400, "num_service": 41, "min_max_greedy": {"max_delay": 2.002277620554756, "running_time": 5916.61262512207}, "min_max_surrogate_relaxation": {"max_delay": 2.0022780680932812, "lower_bound": 2.0014289489398807, "running_time": 30368.577003479004}, "min_max_equal_weight": {"max_delay": 2.0025713564831906, "running_time": 652.5368690490723}, "min_max_pulp": {"max_delay": 2.0020570627951844, "running_time": 1749514.5473480225}}}