{"entropy": 157279369582561477109071426281215739242, "10": {"num_user": 100, "num_service": 181, "min_max_surrogate_relaxation": {"max_delay": 0.07154757189343301, "running_time": 136.11268997192383}, "min_max_greedy": {"max_delay": 0.069811763152614, "running_time": 85.07084846496582}, "min_max_equal_weight": {"max_delay": 0.07065854463339162, "running_time": 18.01466941833496}}, "20": {"num_user": 100, "num_service": 181, "min_max_surrogate_relaxation": {"max_delay": 0.06886914943656887, "running_time": 145.12085914611816}, "min_max_greedy": {"max_delay": 0.06903616426556393, "running_time": 111.09232902526855}, "min_max_equal_weight": {"max_delay": 0.07065854463339162, "running_time": 21.01755142211914}}, "30": {"num_user": 100, "num_service": 181, "min_max_surrogate_relaxation": {"max_delay": 0.0687107052137718, "running_time": 155.12895584106445}, "min_max_greedy": {"max_delay": 0.06855428430411377, "running_time": 188.1563663482666}, "min_max_equal_weight": {"max_delay": 0.07065854463339162, "running_time": 25.021076202392578}}, "40": {"num_user": 100, "num_service": 181, "min_max_surrogate_relaxation": {"max_delay": 0.06866654415403388, "running_time": 256.2124729156494}, "min_max_greedy": {"max_delay": 0.0683811605515672, "running_time": 224.18594360351562}, "min_max_equal_weight": {"max_delay": 0.07051477649047548, "running_time": 28.023242950439453}}, "50": {"num_user": 100, "num_service": 181, "min_max_surrogate_relaxation": {"max_delay": 0.06833840408766584, "running_time": 273.2269763946533}, "min_max_greedy": {"max_delay": 0.06833840408766584, "running_time": 282.23443031311035}, "min_max_equal_weight": {"max_delay": 0.07050018489663269, "running_time": 34.02829170227051}}, "60": {"num_user": 100, "num_service": 181, "min_max_surrogate_relaxation": {"max_delay": 0.06832176939034867, "running_time": 290.2412414550781}, "min_max_greedy": {"max_delay": 0.06832176939034867, "running_time": 317.2636032104492}, "min_max_equal_weight": {"max_delay": 0.07047515504390399, "running_time": 37.030696868896484}}, "70": {"num_user": 100, "num_service": 181, "min_max_surrogate_relaxation": {"max_delay": 0.06831885388126582, "running_time": 310.2576732635498}, "min_max_greedy": {"max_delay": 0.06831823673821133, "running_time": 394.32740211486816}, "min_max_equal_weight": {"max_delay": 0.06961632639569601, "running_time": 45.037031173706055}}, "80": {"num_user": 100, "num_service": 181, "min_max_surrogate_relaxation": {"max_delay": 0.06862715689087698, "running_time": 327.2716999053955}, "min_max_greedy": {"max_delay": 0.06831658317455225, "running_time": 432.358980178833}, "min_max_equal_weight": {"max_delay": 0.06938446535820221, "running_time": 50.04167556762695}}, "90": {"num_user": 100, "num_service": 181, "min_max_surrogate_relaxation": {"max_delay": 0.06831624418985076, "running_time": 348.28901290893555}, "min_max_greedy": {"max_delay": 0.06831624418985076, "running_time": 469.3899154663086}, "min_max_equal_weight": {"max_delay": 0.06938446535820221, "running_time": 51.042795181274414}}, "100": {"num_user": 100, "num_service": 181, "min_max_surrogate_relaxation": {"max_delay": 0.06831616208099452, "running_time": 364.3016815185547}, "min_max_greedy": {"max_delay": 0.06831616208099452, "running_time": 525.4361629486084}, "min_max_equal_weight": {"max_delay": 0.06938446535820221, "running_time": 60.050249099731445}}}