{"entropy": 59429171037135702546188701980589827084, "10": {"num_user": 100, "num_service": 177, "min_max_surrogate_relaxation": {"max_delay": 0.06980469724502936, "running_time": 250.20790100097656}, "min_max_greedy": {"max_delay": 0.06980469724502936, "running_time": 56.046247482299805}, "min_max_equal_weight": {"max_delay": 0.07075503203658073, "running_time": 16.012907028198242}}, "20": {"num_user": 100, "num_service": 177, "min_max_surrogate_relaxation": {"max_delay": 0.06886975167273619, "running_time": 197.16429710388184}, "min_max_greedy": {"max_delay": 0.06886975167273619, "running_time": 83.0690860748291}, "min_max_equal_weight": {"max_delay": 0.07063796794379205, "running_time": 19.016504287719727}}, "30": {"num_user": 100, "num_service": 177, "min_max_surrogate_relaxation": {"max_delay": 0.0683413061566178, "running_time": 210.174560546875}, "min_max_greedy": {"max_delay": 0.0683413061566178, "running_time": 119.09890174865723}, "min_max_equal_weight": {"max_delay": 0.07043326319000395, "running_time": 22.0181941986084}}, "40": {"num_user": 100, "num_service": 177, "min_max_surrogate_relaxation": {"max_delay": 0.06817803624417043, "running_time": 226.18770599365234}, "min_max_greedy": {"max_delay": 0.06817803624417043, "running_time": 165.13705253601074}, "min_max_equal_weight": {"max_delay": 0.07038144377902018, "running_time": 25.020599365234375}}, "50": {"num_user": 100, "num_service": 177, "min_max_surrogate_relaxation": {"max_delay": 0.06807701682324874, "running_time": 233.19363594055176}, "min_max_greedy": {"max_delay": 0.06807701682324874, "running_time": 183.1521987915039}, "min_max_equal_weight": {"max_delay": 0.07038144377902018, "running_time": 29.024124145507812}}, "60": {"num_user": 100, "num_service": 177, "min_max_surrogate_relaxation": {"max_delay": 0.06803795466626097, "running_time": 245.20373344421387}, "min_max_greedy": {"max_delay": 0.06803795466626097, "running_time": 211.17544174194336}, "min_max_equal_weight": {"max_delay": 0.07038144377902018, "running_time": 30.025005340576172}}, "70": {"num_user": 100, "num_service": 177, "min_max_surrogate_relaxation": {"max_delay": 0.06802060898004594, "running_time": 258.21447372436523}, "min_max_greedy": {"max_delay": 0.06802060898004594, "running_time": 247.20501899719238}, "min_max_equal_weight": {"max_delay": 0.07038144377902018, "running_time": 32.02676773071289}}, "80": {"num_user": 100, "num_service": 177, "min_max_surrogate_relaxation": {"max_delay": 0.06801196544083243, "running_time": 270.22433280944824}, "min_max_greedy": {"max_delay": 0.06801196544083243, "running_time": 275.22897720336914}, "min_max_equal_weight": {"max_delay": 0.07038144377902018, "running_time": 40.033578872680664}}, "90": {"num_user": 100, "num_service": 177, "min_max_surrogate_relaxation": {"max_delay": 0.06800819242786818, "running_time": 284.23595428466797}, "min_max_greedy": {"max_delay": 0.06800819242786818, "running_time": 314.26215171813965}, "min_max_equal_weight": {"max_delay": 0.07038144377902018, "running_time": 45.03774642944336}}, "100": {"num_user": 100, "num_service": 177, "min_max_surrogate_relaxation": {"max_delay": 0.06800684238918978, "running_time": 404.33573722839355}, "min_max_greedy": {"max_delay": 0.06800684238918978, "running_time": 340.282678604126}, "min_max_equal_weight": {"max_delay": 0.07035713113948966, "running_time": 47.03879356384277}}}