{"entropy": 156765350595092199415635352104794824734, "10": {"num_user": 100, "num_service": 41, "min_max_greedy": {"max_delay": 0.2296276580066415, "running_time": 64.05353546142578}, "min_max_surrogate_relaxation": {"max_delay": 0.2296276580066415, "lower_bound": 0.20317326639524996, "running_time": 288.2370948791504}, "min_max_equal_weight": {"max_delay": 0.3204678668598374, "running_time": 38.03110122680664}, "min_max_pulp": {"max_delay": 0.2296276580066415, "running_time": 4107.380151748657}}, "20": {"num_user": 100, "num_service": 41, "min_max_greedy": {"max_delay": 0.21136025649699627, "running_time": 83.0683708190918}, "min_max_surrogate_relaxation": {"max_delay": 0.2092399394882876, "lower_bound": 0.17915370239504513, "running_time": 299.24583435058594}, "min_max_equal_weight": {"max_delay": 0.20951532806158116, "running_time": 40.03310203552246}, "min_max_pulp": {"max_delay": 0.20903059361760074, "running_time": 8574.056148529053}}, "30": {"num_user": 100, "num_service": 41, "min_max_greedy": {"max_delay": 0.19719808754319346, "running_time": 127.10428237915039}, "min_max_surrogate_relaxation": {"max_delay": 0.20910233093139036, "lower_bound": 0.17696416851562288, "running_time": 317.2612190246582}, "min_max_equal_weight": {"max_delay": 0.1976949929327238, "running_time": 42.03438758850098}, "min_max_pulp": {"max_delay": 0.197183783572395, "running_time": 13903.441429138184}}, "40": {"num_user": 100, "num_service": 41, "min_max_greedy": {"max_delay": 0.1937310095717874, "running_time": 143.11718940734863}, "min_max_surrogate_relaxation": {"max_delay": 0.07091399229088696, "lower_bound": 0.04524252310519741, "running_time": 454.3743133544922}, "min_max_equal_weight": {"max_delay": 0.1976949929327238, "running_time": 43.03550720214844}, "min_max_pulp": {"max_delay": 0.060152096556053004, "running_time": 19206.80570602417}}, "50": {"num_user": 100, "num_service": 41, "min_max_greedy": {"max_delay": 0.03607137715286859, "running_time": 117.07639694213867}, "min_max_surrogate_relaxation": {"max_delay": 0.03634676572616217, "lower_bound": 0.03044697075336643, "running_time": 542.4466133117676}, "min_max_equal_weight": {"max_delay": 0.03807967764491811, "running_time": 41.03398323059082}, "min_max_pulp": {"max_delay": 0.03607137715286859, "running_time": 25909.321784973145}}, "60": {"num_user": 100, "num_service": 41, "min_max_greedy": {"max_delay": 0.032063574474715466, "running_time": 126.10363960266113}, "min_max_surrogate_relaxation": {"max_delay": 0.032024376893292274, "lower_bound": 0.024443038452654713, "running_time": 1366.124153137207}, "min_max_equal_weight": {"max_delay": 0.033831891600580644, "running_time": 44.0366268157959}, "min_max_pulp": {"max_delay": 0.03047110238095467, "running_time": 32833.019971847534}}, "70": {"num_user": 100, "num_service": 41, "min_max_greedy": {"max_delay": 0.0267378897217241, "running_time": 173.1858253479004}, "min_max_surrogate_relaxation": {"max_delay": 0.02953944013036125, "lower_bound": 0.017219087957447525, "running_time": 709.5842361450195}, "min_max_equal_weight": {"max_delay": 0.033831891600580644, "running_time": 43.03479194641113}, "min_max_pulp": {"max_delay": 0.0267378897217241, "running_time": 41426.09095573425}}, "80": {"num_user": 100, "num_service": 41, "min_max_greedy": {"max_delay": 0.025925150509274915, "running_time": 177.14571952819824}, "min_max_surrogate_relaxation": {"max_delay": 0.027285642565224318, "lower_bound": 0.015858330461941315, "running_time": 1024.843454360962}, "min_max_equal_weight": {"max_delay": 0.025832857038031683, "running_time": 44.036865234375}, "min_max_pulp": {"max_delay": 0.024993488258681494, "running_time": 51056.015491485596}}, "90": {"num_user": 100, "num_service": 41, "min_max_greedy": {"max_delay": 0.02414480169926165, "running_time": 197.16262817382812}, "min_max_surrogate_relaxation": {"max_delay": 0.02596847654394048, "lower_bound": 0.014401154612877677, "running_time": 1777.4624824523926}, "min_max_equal_weight": {"max_delay": 0.025385488545109584, "running_time": 46.03767395019531}, "min_max_pulp": {"max_delay": 0.02369337765685272, "running_time": 62433.37845802307}}, "100": {"num_user": 100, "num_service": 41, "min_max_greedy": {"max_delay": 0.02230751940912322, "running_time": 204.16784286499023}, "min_max_surrogate_relaxation": {"max_delay": 0.024954195348014116, "lower_bound": 0.01314340785746481, "running_time": 1634.3443393707275}, "min_max_equal_weight": {"max_delay": 0.02531079118300724, "running_time": 45.037031173706055}, "min_max_pulp": {"max_delay": 0.021521546331199667, "running_time": 72536.03863716125}}}