{"entropy": 155652715706391416772726142973920055432, "10": {"num_user": 100, "num_service": 41, "min_max_greedy": {"max_delay": 0.273003677821101, "running_time": 47.03855514526367}, "min_max_surrogate_relaxation": {"max_delay": 0.20459307028022156, "lower_bound": 0.19004144527708422, "running_time": 460.37888526916504}, "min_max_equal_weight": {"max_delay": 0.20459307028022156, "running_time": 37.030935287475586}, "min_max_pulp": {"max_delay": 0.20459307028022156, "running_time": 3336.7462158203125}}, "20": {"num_user": 100, "num_service": 41, "min_max_greedy": {"max_delay": 0.16843767659765013, "running_time": 78.0646800994873}, "min_max_surrogate_relaxation": {"max_delay": 0.17140836075470467, "lower_bound": 0.158019207336343, "running_time": 396.32606506347656}, "min_max_equal_weight": {"max_delay": 0.17675853353048757, "running_time": 39.0324592590332}, "min_max_pulp": {"max_delay": 0.16640622960017032, "running_time": 6559.398651123047}}, "30": {"num_user": 100, "num_service": 41, "min_max_greedy": {"max_delay": 0.1613482980582634, "running_time": 111.09113693237305}, "min_max_surrogate_relaxation": {"max_delay": 0.16640622960017032, "lower_bound": 0.14263428291659336, "running_time": 303.2495975494385}, "min_max_equal_weight": {"max_delay": 0.17140836075470467, "running_time": 40.03286361694336}, "min_max_pulp": {"max_delay": 0.1602677605649206, "running_time": 10991.044759750366}}, "40": {"num_user": 100, "num_service": 41, "min_max_greedy": {"max_delay": 0.07235037258144442, "running_time": 82.06772804260254}, "min_max_surrogate_relaxation": {"max_delay": 0.08406102868494793, "lower_bound": 0.028700309958529735, "running_time": 308.25328826904297}, "min_max_equal_weight": {"max_delay": 0.1619296530852232, "running_time": 42.03510284423828}, "min_max_pulp": {"max_delay": 0.05542803584214444, "running_time": 14641.043663024902}}, "50": {"num_user": 100, "num_service": 41, "min_max_greedy": {"max_delay": 0.04349212864963236, "running_time": 117.0961856842041}, "min_max_surrogate_relaxation": {"max_delay": 0.05147169071122406, "lower_bound": 0.025476416236990283, "running_time": 429.3532371520996}, "min_max_equal_weight": {"max_delay": 0.05542803584214444, "running_time": 41.033267974853516}, "min_max_pulp": {"max_delay": 0.04105992637795208, "running_time": 19880.36036491394}}, "60": {"num_user": 100, "num_service": 41, "min_max_greedy": {"max_delay": 0.03404795818880339, "running_time": 143.11790466308594}, "min_max_surrogate_relaxation": {"max_delay": 0.05031383997458002, "lower_bound": 0.01861635670832965, "running_time": 462.37969398498535}, "min_max_equal_weight": {"max_delay": 0.04177953259181482, "running_time": 42.03462600708008}, "min_max_pulp": {"max_delay": 0.03225812065517355, "running_time": 25211.747884750366}}, "70": {"num_user": 100, "num_service": 41, "min_max_greedy": {"max_delay": 0.029252530734193996, "running_time": 167.13762283325195}, "min_max_surrogate_relaxation": {"max_delay": 0.030897092102917724, "lower_bound": 0.020606969053474773, "running_time": 1452.1946907043457}, "min_max_equal_weight": {"max_delay": 0.030897092102917724, "running_time": 42.03438758850098}, "min_max_pulp": {"max_delay": 0.029252530734193996, "running_time": 31737.117290496826}}, "80": {"num_user": 100, "num_service": 41, "min_max_greedy": {"max_delay": 0.028356542462848022, "running_time": 188.1544589996338}, "min_max_surrogate_relaxation": {"max_delay": 0.029566205842340217, "lower_bound": 0.016316613780967895, "running_time": 747.6155757904053}, "min_max_equal_weight": {"max_delay": 0.029962998111299828, "running_time": 44.03519630432129}, "min_max_pulp": {"max_delay": 0.026286241148563, "running_time": 37568.91679763794}}, "90": {"num_user": 100, "num_service": 41, "min_max_greedy": {"max_delay": 0.026581052245520407, "running_time": 234.1930866241455}, "min_max_surrogate_relaxation": {"max_delay": 0.028652509952862035, "lower_bound": 0.015030562836657997, "running_time": 782.6437950134277}, "min_max_equal_weight": {"max_delay": 0.027003367457603837, "running_time": 45.03750801086426}, "min_max_pulp": {"max_delay": 0.024748950562378264, "running_time": 45270.254611968994}}, "100": {"num_user": 100, "num_service": 41, "min_max_greedy": {"max_delay": 0.025042924967050066, "running_time": 268.2204246520996}, "min_max_surrogate_relaxation": {"max_delay": 0.028652509952862035, "lower_bound": 0.012972790484642654, "running_time": 635.5228424072266}, "min_max_equal_weight": {"max_delay": 0.02674957625296456, "running_time": 46.03767395019531}, "min_max_pulp": {"max_delay": 0.02291854890439746, "running_time": 52397.11904525757}}}