{"entropy": 223910326912409236534612440304306492268, "10": {"num_user": 100, "num_service": 41, "min_max_greedy": {"max_delay": 0.13490507754373138, "running_time": 40.03310203552246}, "min_max_surrogate_relaxation": {"max_delay": 0.12791273432934944, "lower_bound": 0.10129358658280674, "running_time": 571.4702606201172}, "min_max_equal_weight": {"max_delay": 0.24040091018537377, "running_time": 39.032697677612305}, "min_max_pulp": {"max_delay": 0.12791273432934944, "running_time": 3412.808656692505}}, "20": {"num_user": 100, "num_service": 41, "min_max_greedy": {"max_delay": 0.09286260588341404, "running_time": 63.05193901062012}, "min_max_surrogate_relaxation": {"max_delay": 0.08774818587352373, "lower_bound": 0.049392319803850664, "running_time": 605.4978370666504}, "min_max_equal_weight": {"max_delay": 0.08774818587352373, "running_time": 39.0315055847168}, "min_max_pulp": {"max_delay": 0.08774818587352373, "running_time": 6709.521532058716}}, "30": {"num_user": 100, "num_service": 41, "min_max_greedy": {"max_delay": 0.06965283075026524, "running_time": 94.07687187194824}, "min_max_surrogate_relaxation": {"max_delay": 0.06824883135370087, "lower_bound": 0.04356493883900639, "running_time": 1691.392183303833}, "min_max_equal_weight": {"max_delay": 0.06824883135370087, "running_time": 40.03286361694336}, "min_max_pulp": {"max_delay": 0.06406584979780955, "running_time": 11043.087720870972}}, "40": {"num_user": 100, "num_service": 41, "min_max_greedy": {"max_delay": 0.04386662840947244, "running_time": 134.1097354888916}, "min_max_surrogate_relaxation": {"max_delay": 0.07587792627613967, "lower_bound": 0.027493371002809516, "running_time": 547.4505424499512}, "min_max_equal_weight": {"max_delay": 0.04433918935203782, "running_time": 43.035268783569336}, "min_max_pulp": {"max_delay": 0.043366545642978205, "running_time": 15324.61142539978}}, "50": {"num_user": 100, "num_service": 41, "min_max_greedy": {"max_delay": 0.04016932051765627, "running_time": 167.13738441467285}, "min_max_surrogate_relaxation": {"max_delay": 0.06129093833223547, "lower_bound": 0.022449961981558058, "running_time": 709.5837593078613}, "min_max_equal_weight": {"max_delay": 0.043113599359953174, "running_time": 44.03567314147949}, "min_max_pulp": {"max_delay": 0.03909811083866321, "running_time": 20574.931859970093}}, "60": {"num_user": 100, "num_service": 41, "min_max_greedy": {"max_delay": 0.03717315911711368, "running_time": 206.17008209228516}, "min_max_surrogate_relaxation": {"max_delay": 0.06454747494485025, "lower_bound": 0.017488149633594758, "running_time": 609.5020771026611}, "min_max_equal_weight": {"max_delay": 0.0414410887823793, "running_time": 45.037031173706055}, "min_max_pulp": {"max_delay": 0.03608661543635932, "running_time": 27278.448343276978}}, "70": {"num_user": 100, "num_service": 41, "min_max_greedy": {"max_delay": 0.030251385834217846, "running_time": 166.1362648010254}, "min_max_surrogate_relaxation": {"max_delay": 0.05730513578938319, "lower_bound": 0.01230318803290253, "running_time": 637.5243663787842}, "min_max_equal_weight": {"max_delay": 0.041000981909357304, "running_time": 47.01638221740723}, "min_max_pulp": {"max_delay": 0.02830937699205335, "running_time": 32418.678522109985}}, "80": {"num_user": 100, "num_service": 41, "min_max_greedy": {"max_delay": 0.02573970209915236, "running_time": 198.16088676452637}, "min_max_surrogate_relaxation": {"max_delay": 0.02836325957856976, "lower_bound": 0.01453774619964187, "running_time": 1126.927375793457}, "min_max_equal_weight": {"max_delay": 0.041000981909357304, "running_time": 47.059059143066406}, "min_max_pulp": {"max_delay": 0.02381424735492673, "running_time": 39256.04748725891}}, "90": {"num_user": 100, "num_service": 41, "min_max_greedy": {"max_delay": 0.022595238896044922, "running_time": 233.19244384765625}, "min_max_surrogate_relaxation": {"max_delay": 0.02413918797180566, "lower_bound": 0.012579027372367687, "running_time": 1163.9580726623535}, "min_max_equal_weight": {"max_delay": 0.041000981909357304, "running_time": 49.04031753540039}, "min_max_pulp": {"max_delay": 0.02059377154213199, "running_time": 47112.770557403564}}, "100": {"num_user": 100, "num_service": 41, "min_max_greedy": {"max_delay": 0.02029966818350733, "running_time": 253.20863723754883}, "min_max_surrogate_relaxation": {"max_delay": 0.02327473396548546, "lower_bound": 0.010466164906034563, "running_time": 1026.8332958221436}, "min_max_equal_weight": {"max_delay": 0.02166967088569542, "running_time": 47.039031982421875}, "min_max_pulp": {"max_delay": 0.018948559965361142, "running_time": 55137.37416267395}}}