{"entropy": 31128129473568228204072040232214336180, "10": {"num_user": 100, "num_service": 41, "min_max_greedy": {"max_delay": 0.14202231665161358, "running_time": 39.0322208404541}, "min_max_surrogate_relaxation": {"max_delay": 0.1255988826933939, "lower_bound": 0.10861656172056972, "running_time": 566.4663314819336}, "min_max_equal_weight": {"max_delay": 0.1255988826933939, "running_time": 38.03086280822754}, "min_max_pulp": {"max_delay": 0.1135562143089135, "running_time": 3102.553367614746}}, "20": {"num_user": 100, "num_service": 41, "min_max_greedy": {"max_delay": 0.10129854820491577, "running_time": 56.046485900878906}, "min_max_surrogate_relaxation": {"max_delay": 0.09008313245595127, "lower_bound": 0.08079754664783916, "running_time": 808.6657524108887}, "min_max_equal_weight": {"max_delay": 0.10251445807706357, "running_time": 39.0315055847168}, "min_max_pulp": {"max_delay": 0.09008313245595127, "running_time": 5951.897621154785}}, "30": {"num_user": 100, "num_service": 41, "min_max_greedy": {"max_delay": 0.08622718622460052, "running_time": 87.07189559936523}, "min_max_surrogate_relaxation": {"max_delay": 0.08457177938142081, "lower_bound": 0.07736614483576658, "running_time": 744.6126937866211}, "min_max_equal_weight": {"max_delay": 0.09008313245595127, "running_time": 40.03334045410156}, "min_max_pulp": {"max_delay": 0.0828706608329945, "running_time": 9376.716375350952}}, "40": {"num_user": 100, "num_service": 41, "min_max_greedy": {"max_delay": 0.0840098318885866, "running_time": 118.09730529785156}, "min_max_surrogate_relaxation": {"max_delay": 0.09079385145958503, "lower_bound": 0.06894066434627863, "running_time": 433.35652351379395}, "min_max_equal_weight": {"max_delay": 0.08964363548491938, "running_time": 41.03398323059082}, "min_max_pulp": {"max_delay": 0.08070087090882616, "running_time": 13382.012367248535}}, "50": {"num_user": 100, "num_service": 41, "min_max_greedy": {"max_delay": 0.0794932148731374, "running_time": 144.1185474395752}, "min_max_surrogate_relaxation": {"max_delay": 0.08375148064391702, "lower_bound": 0.03882561013980321, "running_time": 654.538631439209}, "min_max_equal_weight": {"max_delay": 0.08964363548491938, "running_time": 42.03438758850098}, "min_max_pulp": {"max_delay": 0.07909672009938573, "running_time": 18046.85115814209}}, "60": {"num_user": 100, "num_service": 41, "min_max_greedy": {"max_delay": 0.07889452736594017, "running_time": 178.1461238861084}, "min_max_surrogate_relaxation": {"max_delay": 0.08160888064125321, "lower_bound": 0.022732253722266546, "running_time": 563.4636878967285}, "min_max_equal_weight": {"max_delay": 0.08964363548491938, "running_time": 44.0363883972168}, "min_max_pulp": {"max_delay": 0.07320111462074891, "running_time": 21396.608591079712}}, "70": {"num_user": 100, "num_service": 41, "min_max_greedy": {"max_delay": 0.06665980069785209, "running_time": 124.10235404968262}, "min_max_surrogate_relaxation": {"max_delay": 0.08351159691559969, "lower_bound": 0.023775975720938314, "running_time": 701.5771865844727}, "min_max_equal_weight": {"max_delay": 0.08964363548491938, "running_time": 42.03438758850098}, "min_max_pulp": {"max_delay": 0.06544389082570427, "running_time": 25671.125650405884}}, "80": {"num_user": 100, "num_service": 41, "min_max_greedy": {"max_delay": 0.06249082281321772, "running_time": 149.122953414917}, "min_max_surrogate_relaxation": {"max_delay": 0.078252169106657, "lower_bound": 0.017958117714069126, "running_time": 465.38305282592773}, "min_max_equal_weight": {"max_delay": 0.08294142547259709, "running_time": 43.03550720214844}, "min_max_pulp": {"max_delay": 0.06203100326523236, "running_time": 30853.387355804443}}, "90": {"num_user": 100, "num_service": 41, "min_max_greedy": {"max_delay": 0.060475367571377954, "running_time": 174.14331436157227}, "min_max_surrogate_relaxation": {"max_delay": 0.061977926230984644, "lower_bound": 0.02351280471808963, "running_time": 1127.9280185699463}, "min_max_equal_weight": {"max_delay": 0.08964363548491938, "running_time": 43.03622245788574}, "min_max_pulp": {"max_delay": 0.05934893479085524, "running_time": 36010.63418388367}}, "100": {"num_user": 100, "num_service": 41, "min_max_greedy": {"max_delay": 0.05410049463994882, "running_time": 144.1187858581543}, "min_max_surrogate_relaxation": {"max_delay": 0.06006678310888388, "lower_bound": 0.014376452785085604, "running_time": 607.5003147125244}, "min_max_equal_weight": {"max_delay": 0.08294142547259709, "running_time": 44.0363883972168}, "min_max_pulp": {"max_delay": 0.05336457309656158, "running_time": 41194.90075111389}}}