{"entropy": 309590419503715813439748677674482978833, "10": {"num_user": 400, "num_service": 41, "min_max_greedy": {"max_delay": 0.03677081318544213, "running_time": 681.5612316131592}, "min_max_surrogate_relaxation": {"max_delay": 0.03677081318544213, "lower_bound": 0.03580526753725067, "running_time": 7367.880821228027}, "min_max_equal_weight": {"max_delay": 0.03677081318544213, "running_time": 604.4979095458984}, "min_max_pulp": {"max_delay": 0.03677081318544213, "running_time": 59869.558334350586}}, "20": {"num_user": 400, "num_service": 41, "min_max_greedy": {"max_delay": 0.028319844840523856, "running_time": 1070.45316696167}, "min_max_surrogate_relaxation": {"max_delay": 0.03192162208447737, "lower_bound": 0.016876344039955353, "running_time": 7485.494613647461}, "min_max_equal_weight": {"max_delay": 0.03192162208447737, "running_time": 605.9255599975586}, "min_max_pulp": {"max_delay": 0.028319844840523856, "running_time": 113165.2283668518}}, "30": {"num_user": 400, "num_service": 41, "min_max_greedy": {"max_delay": 0.019625642380690693, "running_time": 1622.6346492767334}, "min_max_surrogate_relaxation": {"max_delay": 0.01928406974641003, "lower_bound": 0.01614062325899155, "running_time": 10771.384239196777}, "min_max_equal_weight": {"max_delay": 0.020317197418271978, "running_time": 626.0454654693604}, "min_max_pulp": {"max_delay": 0.018849414211564407, "running_time": 168492.4807548523}}, "40": {"num_user": 400, "num_service": 41, "min_max_greedy": {"max_delay": 0.017044945753690664, "running_time": 1859.7888946533203}, "min_max_surrogate_relaxation": {"max_delay": 0.017258943016893548, "lower_bound": 0.013633236617602197, "running_time": 10621.248960494995}, "min_max_equal_weight": {"max_delay": 0.018806511972031627, "running_time": 613.5199069976807}, "min_max_pulp": {"max_delay": 0.016696404169632213, "running_time": 235275.92182159424}}, "50": {"num_user": 400, "num_service": 41, "min_max_greedy": {"max_delay": 0.016033473010152344, "running_time": 2397.711992263794}, "min_max_surrogate_relaxation": {"max_delay": 0.01522213368586322, "lower_bound": 0.012341431508080276, "running_time": 13925.98295211792}, "min_max_equal_weight": {"max_delay": 0.018538099181578657, "running_time": 656.1484336853027}, "min_max_pulp": {"max_delay": 0.01522213368586322, "running_time": 296287.7149581909}}, "60": {"num_user": 400, "num_service": 41, "min_max_greedy": {"max_delay": 0.015244040713112231, "running_time": 2917.8285598754883}, "min_max_surrogate_relaxation": {"max_delay": 0.014501967347217617, "lower_bound": 0.01174412138451309, "running_time": 17582.544088363647}, "min_max_equal_weight": {"max_delay": 0.017504971509716707, "running_time": 620.1307773590088}, "min_max_pulp": {"max_delay": 0.014412615051461679, "running_time": 383008.9066028595}}, "70": {"num_user": 400, "num_service": 41, "min_max_greedy": {"max_delay": 0.014083095066949422, "running_time": 3470.9081649780273}, "min_max_surrogate_relaxation": {"max_delay": 0.013704743965807557, "lower_bound": 0.011735058995270286, "running_time": 25900.911569595337}, "min_max_equal_weight": {"max_delay": 0.015856954349598534, "running_time": 639.6932601928711}, "min_max_pulp": {"max_delay": 0.013325137648718545, "running_time": 449270.4737186432}}, "80": {"num_user": 400, "num_service": 41, "min_max_greedy": {"max_delay": 0.013278121764191495, "running_time": 3960.969924926758}, "min_max_surrogate_relaxation": {"max_delay": 0.012745084616079918, "lower_bound": 0.011063310719061718, "running_time": 26767.863273620605}, "min_max_equal_weight": {"max_delay": 0.014156497514000194, "running_time": 641.5276527404785}, "min_max_pulp": {"max_delay": 0.012709458607289895, "running_time": 539458.3332538605}}, "90": {"num_user": 400, "num_service": 41, "min_max_greedy": {"max_delay": 0.012664484225602079, "running_time": 4132.777452468872}, "min_max_surrogate_relaxation": {"max_delay": 0.01263818601007904, "lower_bound": 0.0109211204791295, "running_time": 30212.19539642334}, "min_max_equal_weight": {"max_delay": 0.012930818900956792, "running_time": 634.5224380493164}, "min_max_pulp": {"max_delay": 0.012063840411138768, "running_time": 625217.1995639801}}, "100": {"num_user": 400, "num_service": 41, "min_max_greedy": {"max_delay": 0.011779819994568645, "running_time": 4694.383382797241}, "min_max_surrogate_relaxation": {"max_delay": 0.01205712433883616, "lower_bound": 0.010466485346264891, "running_time": 24764.578819274902}, "min_max_equal_weight": {"max_delay": 0.012553613495258631, "running_time": 625.6916522979736}, "min_max_pulp": {"max_delay": 0.011518123276418286, "running_time": 728763.3581161499}}}