{"entropy": 41177199279087156845194727157569440232, "10": {"num_user": 400, "num_service": 41, "min_max_greedy": {"max_delay": 0.11250620810462608, "running_time": 1073.8835334777832}, "min_max_surrogate_relaxation": {"max_delay": 0.11250620810462608, "lower_bound": 0.10613095526977184, "running_time": 7406.599998474121}, "min_max_equal_weight": {"max_delay": 0.11701108825836355, "running_time": 603.4963130950928}, "min_max_pulp": {"max_delay": 0.11250620810462608, "running_time": 69624.60899353027}}, "20": {"num_user": 400, "num_service": 41, "min_max_greedy": {"max_delay": 0.10048154225360462, "running_time": 1454.3237686157227}, "min_max_surrogate_relaxation": {"max_delay": 0.10048154225360462, "lower_bound": 0.09395284678655455, "running_time": 13486.09447479248}, "min_max_equal_weight": {"max_delay": 0.10826419326113858, "running_time": 648.5340595245361}, "min_max_pulp": {"max_delay": 0.10037480790458586, "running_time": 130127.59232521057}}, "30": {"num_user": 400, "num_service": 41, "min_max_greedy": {"max_delay": 0.09481630913119259, "running_time": 1964.6942615509033}, "min_max_surrogate_relaxation": {"max_delay": 0.09427209592321492, "lower_bound": 0.08817006263607498, "running_time": 20066.45917892456}, "min_max_equal_weight": {"max_delay": 0.09744814328013691, "running_time": 614.5281791687012}, "min_max_pulp": {"max_delay": 0.09250020133374705, "running_time": 206187.1681213379}}, "40": {"num_user": 400, "num_service": 41, "min_max_greedy": {"max_delay": 0.08862396759863156, "running_time": 2240.520477294922}, "min_max_surrogate_relaxation": {"max_delay": 0.08862396759863156, "lower_bound": 0.08506890751464041, "running_time": 13912.845134735107}, "min_max_equal_weight": {"max_delay": 0.09373530506680396, "running_time": 613.5051250457764}, "min_max_pulp": {"max_delay": 0.08862396759863156, "running_time": 284249.91369247437}}, "50": {"num_user": 400, "num_service": 41, "min_max_greedy": {"max_delay": 0.08656182639497362, "running_time": 3009.476900100708}, "min_max_surrogate_relaxation": {"max_delay": 0.0871157972557416, "lower_bound": 0.08394599306972374, "running_time": 17752.609491348267}, "min_max_equal_weight": {"max_delay": 0.0880871767422206, "running_time": 695.5728530883789}, "min_max_pulp": {"max_delay": 0.08619042955443744, "running_time": 371964.94460105896}}, "60": {"num_user": 400, "num_service": 41, "min_max_greedy": {"max_delay": 0.08510050047972066, "running_time": 3685.018539428711}, "min_max_surrogate_relaxation": {"max_delay": 0.15779272425706078, "lower_bound": 0.05887030082949701, "running_time": 3256.582021713257}, "min_max_equal_weight": {"max_delay": 0.08742357758442768, "running_time": 627.5160312652588}, "min_max_pulp": {"max_delay": 0.06429131232405871, "running_time": 475849.43532943726}}, "70": {"num_user": 400, "num_service": 41, "min_max_greedy": {"max_delay": 0.08469988500295814, "running_time": 4141.407489776611}, "min_max_surrogate_relaxation": {"max_delay": 0.055189788890129834, "lower_bound": 0.053658122116875887, "running_time": 4517.717361450195}, "min_max_equal_weight": {"max_delay": 0.08690198333909385, "running_time": 630.5503845214844}, "min_max_pulp": {"max_delay": 0.055189788890129834, "running_time": 584263.0414962769}}, "80": {"num_user": 400, "num_service": 41, "min_max_greedy": {"max_delay": 0.05084000052741482, "running_time": 1955.6093215942383}, "min_max_surrogate_relaxation": {"max_delay": 0.05488931744553527, "lower_bound": 0.029016690964703204, "running_time": 6507.354736328125}, "min_max_equal_weight": {"max_delay": 0.08408659366706095, "running_time": 638.5250091552734}, "min_max_pulp": {"max_delay": 0.04612314032042773, "running_time": 698450.3848552704}}, "90": {"num_user": 400, "num_service": 41, "min_max_greedy": {"max_delay": 0.044490436767015744, "running_time": 2514.068603515625}, "min_max_surrogate_relaxation": {"max_delay": 0.0543525265891243, "lower_bound": 0.01985776681522064, "running_time": 4710.876941680908}, "min_max_equal_weight": {"max_delay": 0.08359548964384099, "running_time": 646.5320587158203}, "min_max_pulp": {"max_delay": 0.04220246601872151, "running_time": 831233.6935997009}}, "100": {"num_user": 400, "num_service": 41, "min_max_greedy": {"max_delay": 0.038987304103513226, "running_time": 2749.978542327881}, "min_max_surrogate_relaxation": {"max_delay": 0.05347509604284413, "lower_bound": 0.013556471673589601, "running_time": 6591.424465179443}, "min_max_equal_weight": {"max_delay": 0.04219648819044703, "running_time": 617.5081729888916}, "min_max_pulp": {"max_delay": 0.03845051324710227, "running_time": 950102.2090911865}}}