{"entropy": 30240706201772002035121836076834965240, "10": {"num_user": 400, "num_service": 41, "min_max_greedy": {"max_delay": 0.5229357776041037, "running_time": 948.6544132232666}, "min_max_surrogate_relaxation": {"max_delay": 0.5229357776041037, "lower_bound": 0.5162572277094176, "running_time": 14983.303546905518}, "min_max_equal_weight": {"max_delay": 0.5231431217973308, "running_time": 608.985185623169}, "min_max_pulp": {"max_delay": 0.5229357776041037, "running_time": 73689.47291374207}}, "20": {"num_user": 400, "num_service": 41, "min_max_greedy": {"max_delay": 0.5189372850235646, "running_time": 1589.967966079712}, "min_max_surrogate_relaxation": {"max_delay": 0.5148180010251696, "lower_bound": 0.509182842112883, "running_time": 15249.429702758789}, "min_max_equal_weight": {"max_delay": 0.5148180010251696, "running_time": 615.037202835083}, "min_max_pulp": {"max_delay": 0.5144099999841717, "running_time": 136269.8142528534}}, "30": {"num_user": 400, "num_service": 41, "min_max_greedy": {"max_delay": 0.5120881507377367, "running_time": 1934.3054294586182}, "min_max_surrogate_relaxation": {"max_delay": 0.5120246567319015, "lower_bound": 0.5078672117597913, "running_time": 21491.894721984863}, "min_max_equal_weight": {"max_delay": 0.513835243409799, "running_time": 617.7072525024414}, "min_max_pulp": {"max_delay": 0.5108799051252484, "running_time": 211903.90491485596}}, "40": {"num_user": 400, "num_service": 41, "min_max_greedy": {"max_delay": 0.5102362229151217, "running_time": 2542.835474014282}, "min_max_surrogate_relaxation": {"max_delay": 0.5088764001080832, "lower_bound": 0.5057622063685449, "running_time": 23071.396112442017}, "min_max_equal_weight": {"max_delay": 0.5117394749687304, "running_time": 635.8978748321533}, "min_max_pulp": {"max_delay": 0.5083882878043263, "running_time": 296362.6654148102}}, "50": {"num_user": 400, "num_service": 41, "min_max_greedy": {"max_delay": 0.5082875849213168, "running_time": 2912.8663539886475}, "min_max_surrogate_relaxation": {"max_delay": 0.5083503195956889, "lower_bound": 0.5040614306741664, "running_time": 17755.629539489746}, "min_max_equal_weight": {"max_delay": 0.5114572377518548, "running_time": 618.50905418396}, "min_max_pulp": {"max_delay": 0.5073508518234104, "running_time": 392995.83435058594}}, "60": {"num_user": 400, "num_service": 41, "min_max_greedy": {"max_delay": 0.5054989240007954, "running_time": 3488.8710975646973}, "min_max_surrogate_relaxation": {"max_delay": 0.142829566458335, "lower_bound": 0.4975413787796538, "running_time": 4574.013233184814}, "min_max_equal_weight": {"max_delay": 0.5077796654950688, "running_time": 622.5125789642334}, "min_max_pulp": {"max_delay": 0.142829566458335, "running_time": 486706.5260410309}}, "70": {"num_user": 400, "num_service": 41, "min_max_greedy": {"max_delay": 0.04954412328443376, "running_time": 1059.8719120025635}, "min_max_surrogate_relaxation": {"max_delay": 0.05033880460296263, "lower_bound": 0.051349114966075984, "running_time": 4471.6174602508545}, "min_max_equal_weight": {"max_delay": 0.05033880460296263, "running_time": 606.499195098877}, "min_max_pulp": {"max_delay": 0.04954412328443376, "running_time": 595417.1023368835}}, "80": {"num_user": 400, "num_service": 41, "min_max_greedy": {"max_delay": 0.04241520702129274, "running_time": 1733.5777282714844}, "min_max_surrogate_relaxation": {"max_delay": 0.042289879200960744, "lower_bound": 0.027850860851313934, "running_time": 6029.212951660156}, "min_max_equal_weight": {"max_delay": 0.04142634670549966, "running_time": 637.5248432159424}, "min_max_pulp": {"max_delay": 0.038957356947017636, "running_time": 715020.094871521}}, "90": {"num_user": 400, "num_service": 41, "min_max_greedy": {"max_delay": 0.03972554528497768, "running_time": 2486.6812229156494}, "min_max_surrogate_relaxation": {"max_delay": 0.03927414423579225, "lower_bound": 0.01533257863961181, "running_time": 6064.87250328064}, "min_max_equal_weight": {"max_delay": 0.038778020862713765, "running_time": 613.5063171386719}, "min_max_pulp": {"max_delay": 0.03542726208809428, "running_time": 845295.4149246216}}, "100": {"num_user": 400, "num_service": 41, "min_max_greedy": {"max_delay": 0.03423345162984021, "running_time": 2815.3164386749268}, "min_max_surrogate_relaxation": {"max_delay": 0.03864323124991026, "lower_bound": 0.02323793109756462, "running_time": 6278.963088989258}, "min_max_equal_weight": {"max_delay": 0.03668225242164514, "running_time": 661.7348194122314}, "min_max_pulp": {"max_delay": 0.0328664850317859, "running_time": 988402.3134708405}}}