{"entropy": 152980624127776674467040007743348791905, "10": {"num_user": 400, "num_service": 41, "min_max_equal_weight": {"max_delay": 0.1079476921546208, "running_time": 53.04384231567383}}, "20": {"num_user": 400, "num_service": 41, "min_max_equal_weight": {"max_delay": 0.08032191840080205, "running_time": 59.04865264892578}}, "30": {"num_user": 400, "num_service": 41, "min_max_equal_weight": {"max_delay": 0.05174097685496801, "running_time": 60.04953384399414}}, "40": {"num_user": 400, "num_service": 41, "min_max_equal_weight": {"max_delay": 0.03646538868704134, "running_time": 62.05129623413086}}, "50": {"num_user": 400, "num_service": 41, "min_max_equal_weight": {"max_delay": 0.0331810029515267, "running_time": 73.0600357055664}}, "60": {"num_user": 400, "num_service": 41, "min_max_equal_weight": {"max_delay": 0.030374393464506988, "running_time": 70.05763053894043}}, "70": {"num_user": 400, "num_service": 41, "min_max_equal_weight": {"max_delay": 0.03012058242792131, "running_time": 71.05827331542969}}, "80": {"num_user": 400, "num_service": 41, "min_max_equal_weight": {"max_delay": 0.029687018269602634, "running_time": 85.07037162780762}}, "90": {"num_user": 400, "num_service": 41, "min_max_equal_weight": {"max_delay": 0.03021591155558568, "running_time": 72.05939292907715}}, "100": {"num_user": 400, "num_service": 41, "min_max_equal_weight": {"max_delay": 0.029962100519, "running_time": 73.06027412414551}}}