{"entropy": 67166329242003540779744838060567311940, "10": {"num_user": 400, "num_service": 41, "min_max_equal_weight": {"max_delay": 0.04262465886833316, "running_time": 37.030696868896484}}, "20": {"num_user": 400, "num_service": 41, "min_max_equal_weight": {"max_delay": 0.028212455522758147, "running_time": 41.03398323059082}}, "30": {"num_user": 400, "num_service": 41, "min_max_equal_weight": {"max_delay": 0.022437408254855087, "running_time": 43.03550720214844}}, "40": {"num_user": 400, "num_service": 41, "min_max_equal_weight": {"max_delay": 0.020472444657370886, "running_time": 46.038150787353516}}, "50": {"num_user": 400, "num_service": 41, "min_max_equal_weight": {"max_delay": 0.020197695686064627, "running_time": 49.040794372558594}}, "60": {"num_user": 400, "num_service": 41, "min_max_equal_weight": {"max_delay": 0.014705096723197215, "running_time": 51.04207992553711}}, "70": {"num_user": 400, "num_service": 41, "min_max_equal_weight": {"max_delay": 0.01421938595070895, "running_time": 55.045127868652344}}, "80": {"num_user": 400, "num_service": 41, "min_max_equal_weight": {"max_delay": 0.014104467329116105, "running_time": 56.0460090637207}}, "90": {"num_user": 400, "num_service": 41, "min_max_equal_weight": {"max_delay": 0.013162442840848694, "running_time": 57.04689025878906}}, "100": {"num_user": 400, "num_service": 41, "min_max_equal_weight": {"max_delay": 0.012282416489603779, "running_time": 66.0545825958252}}}