{"entropy": 120796481785910950460308808792876007709, "10": {"num_user": 400, "num_service": 41, "min_max_equal_weight": {"max_delay": 0.042404281899765965, "running_time": 38.03133964538574}}, "20": {"num_user": 400, "num_service": 41, "min_max_equal_weight": {"max_delay": 0.03677339989400403, "running_time": 39.0322208404541}}, "30": {"num_user": 400, "num_service": 41, "min_max_equal_weight": {"max_delay": 0.03531419304452223, "running_time": 42.03462600708008}}, "40": {"num_user": 400, "num_service": 41, "min_max_equal_weight": {"max_delay": 0.0266817264430935, "running_time": 44.0366268157959}}, "50": {"num_user": 400, "num_service": 41, "min_max_equal_weight": {"max_delay": 0.023382983034248392, "running_time": 46.038150787353516}}, "60": {"num_user": 400, "num_service": 41, "min_max_equal_weight": {"max_delay": 0.022260592941808533, "running_time": 48.03895950317383}}, "70": {"num_user": 400, "num_service": 41, "min_max_equal_weight": {"max_delay": 0.021211395111758728, "running_time": 49.040794372558594}}, "80": {"num_user": 400, "num_service": 41, "min_max_equal_weight": {"max_delay": 0.021099350077699724, "running_time": 54.044246673583984}}, "90": {"num_user": 400, "num_service": 41, "min_max_equal_weight": {"max_delay": 0.02086717271120655, "running_time": 56.04672431945801}}, "100": {"num_user": 400, "num_service": 41, "min_max_equal_weight": {"max_delay": 0.020654504526414926, "running_time": 57.047128677368164}}}