{"entropy": 237899545331913555393156180521206067151, "10": {"num_user": 400, "num_service": 41, "min_max_equal_weight": {"max_delay": 0.05726688519297175, "running_time": 37.03045845031738}}, "20": {"num_user": 400, "num_service": 41, "min_max_equal_weight": {"max_delay": 0.02817651161579618, "running_time": 38.03133964538574}}, "30": {"num_user": 400, "num_service": 41, "min_max_equal_weight": {"max_delay": 0.024982263709684725, "running_time": 42.03510284423828}}, "40": {"num_user": 400, "num_service": 41, "min_max_equal_weight": {"max_delay": 0.02430979909826457, "running_time": 44.0363883972168}}, "50": {"num_user": 400, "num_service": 41, "min_max_equal_weight": {"max_delay": 0.021867034389738974, "running_time": 48.03967475891113}}, "60": {"num_user": 400, "num_service": 41, "min_max_equal_weight": {"max_delay": 0.02089226483409424, "running_time": 50.04119873046875}}, "70": {"num_user": 400, "num_service": 41, "min_max_equal_weight": {"max_delay": 0.01977334833521688, "running_time": 52.04296112060547}}, "80": {"num_user": 400, "num_service": 41, "min_max_equal_weight": {"max_delay": 0.0197327955592549, "running_time": 53.04431915283203}}, "90": {"num_user": 400, "num_service": 41, "min_max_equal_weight": {"max_delay": 0.0197327955592549, "running_time": 57.047128677368164}}, "100": {"num_user": 400, "num_service": 41, "min_max_equal_weight": {"max_delay": 0.0183136444174268, "running_time": 59.04865264892578}}}