{"entropy": 199229570355405450496364020249550195549, "10": {"num_user": 400, "num_service": 41, "min_max_equal_weight": {"max_delay": 0.04761926420159606, "running_time": 59.04865264892578}}, "20": {"num_user": 400, "num_service": 41, "min_max_equal_weight": {"max_delay": 0.03472706461719541, "running_time": 58.04729461669922}}, "30": {"num_user": 400, "num_service": 41, "min_max_equal_weight": {"max_delay": 0.03472706461719541, "running_time": 63.05217742919922}}, "40": {"num_user": 400, "num_service": 41, "min_max_equal_weight": {"max_delay": 0.03375675175411999, "running_time": 66.0545825958252}}, "50": {"num_user": 400, "num_service": 41, "min_max_equal_weight": {"max_delay": 0.030505032868253314, "running_time": 68.05610656738281}}, "60": {"num_user": 400, "num_service": 41, "min_max_equal_weight": {"max_delay": 0.030505032868253314, "running_time": 74.06067848205566}}, "70": {"num_user": 400, "num_service": 41, "min_max_equal_weight": {"max_delay": 0.02797425424991166, "running_time": 75.06203651428223}}, "80": {"num_user": 400, "num_service": 41, "min_max_equal_weight": {"max_delay": 0.027079799290322705, "running_time": 77.06332206726074}}, "90": {"num_user": 400, "num_service": 41, "min_max_equal_weight": {"max_delay": 0.027079799290322705, "running_time": 92.07582473754883}}, "100": {"num_user": 400, "num_service": 41, "min_max_equal_weight": {"max_delay": 0.024179057314426496, "running_time": 81.06684684753418}}}