{"10": {"min_max_greedy": {"max delay": [0.051800695902539044], "running time": [978.8084030151367]}, "min_max_pulp": {"max delay": [0.05055006272401631], "running time": [45107.24711418152]}}, "20": {"min_max_greedy": {"max delay": [0.03965748297350292], "running time": [1691.3959980010986]}, "min_max_pulp": {"max delay": [0.03926689474368556], "running time": [87886.62528991699]}}, "30": {"min_max_greedy": {"max delay": [0.03146896169364559], "running time": [2284.886121749878]}, "min_max_pulp": {"max delay": [0.03146896169364559], "running time": [137027.8491973877]}}, "40": {"min_max_greedy": {"max delay": [0.028599925936741672], "running time": [2914.4058227539062]}, "min_max_pulp": {"max delay": [0.0281071299340987], "running time": [193030.70402145386]}}, "50": {"min_max_greedy": {"max delay": [0.027283463320502063], "running time": [3380.790948867798]}, "min_max_pulp": {"max delay": [0.026793866607982258], "running time": [253955.0700187683]}}, "60": {"min_max_greedy": {"max delay": [0.026645458273130872], "running time": [3750.105619430542]}, "min_max_pulp": {"max delay": [0.026144385183459202], "running time": [324966.6633605957]}}, "70": {"min_max_greedy": {"max delay": [0.026232695876018768], "running time": [4459.68222618103]}, "min_max_pulp": {"max delay": [0.025224606690076697], "running time": [402383.25119018555]}}, "80": {"min_max_greedy": {"max delay": [0.025203549702543196], "running time": [5092.212200164795]}, "min_max_pulp": {"max delay": [0.024855634694481647], "running time": [498211.727142334]}}, "90": {"min_max_greedy": {"max delay": [0.024517694790593996], "running time": [5676.694631576538]}, "min_max_pulp": {"max delay": [0.024271598151281652], "running time": [577133.882522583]}}, "100": {"min_max_greedy": {"max delay": [0.024106282876575007], "running time": [6478.353261947632]}, "min_max_pulp": {"max delay": [0.023950367398685377], "running time": [692500.9715557098]}}}