{"10": {"min_max_greedy": {"max delay": [0.0411339222323357], "running time": [875.7226467132568]}, "min_max_pulp": {"max delay": [0.0411339222323357], "running time": [31932.3627948761]}}, "20": {"min_max_greedy": {"max delay": [0.03250569837419299], "running time": [1199.9907493591309]}, "min_max_pulp": {"max delay": [0.03248000459402726], "running time": [60795.28498649597]}}, "30": {"min_max_greedy": {"max delay": [0.028461965367042423], "running time": [1563.2908344268799]}, "min_max_pulp": {"max delay": [0.02726694162095138], "running time": [92538.40613365173]}}, "40": {"min_max_greedy": {"max delay": [0.024220438379457646], "running time": [1926.5904426574707]}, "min_max_pulp": {"max delay": [0.023025414633366607], "running time": [124777.87137031555]}}, "50": {"min_max_greedy": {"max delay": [0.020724208784458475], "running time": [2512.0739936828613]}, "min_max_pulp": {"max delay": [0.020123588025218908], "running time": [162954.73313331604]}}, "60": {"min_max_greedy": {"max delay": [0.019102187665022932], "running time": [3046.5147495269775]}, "min_max_pulp": {"max delay": [0.01875843189986866], "running time": [208437.71958351135]}}, "70": {"min_max_greedy": {"max delay": [0.018529415420768], "running time": [3480.8735847473145]}, "min_max_pulp": {"max delay": [0.01795182343904074], "running time": [255031.26287460327]}}, "80": {"min_max_greedy": {"max delay": [0.018052627405235177], "running time": [3864.1903400421143]}, "min_max_pulp": {"max delay": [0.017293703230521387], "running time": [302082.51667022705]}}, "90": {"min_max_greedy": {"max delay": [0.017284766809504786], "running time": [4525.750398635864]}, "min_max_pulp": {"max delay": [0.016812189782982403], "running time": [358456.9516181946]}}, "100": {"min_max_greedy": {"max delay": [0.016362349289227873], "running time": [4807.981967926025]}, "min_max_pulp": {"max delay": [0.01449119113781172], "running time": [403345.57056427]}}}