{"10": {"min_max_greedy": {"max delay": [0.055522651490155776], "running time": [343.28317642211914]}, "min_max_pulp": {"max delay": [0.05520598801888371], "running time": [13998.55637550354]}}, "20": {"min_max_greedy": {"max delay": [0.02963042168797455], "running time": [439.3625259399414]}, "min_max_pulp": {"max delay": [0.028948229996705294], "running time": [27346.57645225525]}}, "30": {"min_max_greedy": {"max delay": [0.024685110576108834], "running time": [633.5229873657227]}, "min_max_pulp": {"max delay": [0.02415217939510625], "running time": [42458.05287361145]}}, "40": {"min_max_greedy": {"max delay": [0.0227590389539018], "running time": [873.7213611602783]}, "min_max_pulp": {"max delay": [0.02204066620018796], "running time": [62672.74045944214]}}, "50": {"min_max_greedy": {"max delay": [0.020883244436968693], "running time": [975.8055210113525]}, "min_max_pulp": {"max delay": [0.01986300816487715], "running time": [81497.28202819824]}}, "60": {"min_max_greedy": {"max delay": [0.02045392841950058], "running time": [1070.8839893341064]}, "min_max_pulp": {"max delay": [0.01814440901912996], "running time": [102683.77304077148]}}, "70": {"min_max_greedy": {"max delay": [0.02036525527885643], "running time": [1077.8899192810059]}, "min_max_pulp": {"max delay": [0.017029102682949892], "running time": [127572.32093811035]}}, "80": {"min_max_greedy": {"max delay": [0.01810770599575301], "running time": [1220.0069427490234]}, "min_max_pulp": {"max delay": [0.016057361607650728], "running time": [153797.97172546387]}}, "90": {"min_max_greedy": {"max delay": [0.01763120546809034], "running time": [1471.215009689331]}, "min_max_pulp": {"max delay": [0.015206614433913856], "running time": [182230.44562339783]}}, "100": {"min_max_greedy": {"max delay": [0.015442704737866388], "running time": [1562.2897148132324]}, "min_max_pulp": {"max delay": [0.014340852022232294], "running time": [210468.7578678131]}}}