{"10": {"min_max_greedy": {"max delay": [0.0701259429458675], "running time": [340.28100967407227]}, "min_max_pulp": {"max delay": [0.0701259429458675], "running time": [14987.372636795044]}}, "20": {"min_max_greedy": {"max delay": [0.06404878206256995], "running time": [487.40267753601074]}, "min_max_pulp": {"max delay": [0.06404878206256995], "running time": [27508.711099624634]}}, "30": {"min_max_greedy": {"max delay": [0.06267191419641523], "running time": [724.597692489624]}, "min_max_pulp": {"max delay": [0.0612819264608125], "running time": [43612.00451850891]}}, "40": {"min_max_greedy": {"max delay": [0.059642335115849945], "running time": [1008.8329315185547]}, "min_max_pulp": {"max delay": [0.054683505563107124], "running time": [61018.399477005005]}}, "50": {"min_max_greedy": {"max delay": [0.057948144751919325], "running time": [1122.926950454712]}, "min_max_pulp": {"max delay": [0.03250246992784661], "running time": [79266.95895195007]}}, "60": {"min_max_greedy": {"max delay": [0.029534358338395888], "running time": [637.526273727417]}, "min_max_pulp": {"max delay": [0.027628998748802487], "running time": [101578.40394973755]}}, "70": {"min_max_greedy": {"max delay": [0.024930609342992075], "running time": [878.725528717041]}, "min_max_pulp": {"max delay": [0.023825446501985592], "running time": [123343.86014938354]}}, "80": {"min_max_greedy": {"max delay": [0.02160093979701487], "running time": [1117.9227828979492]}, "min_max_pulp": {"max delay": [0.02126183777062405], "running time": [148799.85785484314]}}, "90": {"min_max_greedy": {"max delay": [0.020306695743067094], "running time": [1453.1962871551514]}, "min_max_pulp": {"max delay": [0.01994580332681999], "running time": [203019.34695243835]}}, "100": {"min_max_greedy": {"max delay": [0.018888517324005174], "running time": [1621.3388442993164]}, "min_max_pulp": {"max delay": [0.018888517324005174], "running time": [221699.31077957153]}}}