{"10": {"min_max_greedy": {"max delay": [0.03547433722655607], "running time": [327.2702693939209]}, "min_max_pulp": {"max delay": [0.03547433722655607], "running time": [19960.47878265381]}}, "20": {"min_max_greedy": {"max delay": [0.025742914536222815], "running time": [559.462308883667]}, "min_max_pulp": {"max delay": [0.025168338357308244], "running time": [40925.787687301636]}}, "30": {"min_max_greedy": {"max delay": [0.020360778267234304], "running time": [792.654275894165]}, "min_max_pulp": {"max delay": [0.020190853121161607], "running time": [64559.298515319824]}}, "40": {"min_max_greedy": {"max delay": [0.01842628182630952], "running time": [981.8105697631836]}, "min_max_pulp": {"max delay": [0.018256356680236823], "running time": [92511.37495040894]}}, "50": {"min_max_greedy": {"max delay": [0.01753927278063731], "running time": [1158.9570045471191]}, "min_max_pulp": {"max delay": [0.01735406660551486], "running time": [124089.44511413574]}}, "60": {"min_max_greedy": {"max delay": [0.016678751908888893], "running time": [1350.1145839691162]}, "min_max_pulp": {"max delay": [0.016409506437954278], "running time": [163929.33583259583]}}, "70": {"min_max_greedy": {"max delay": [0.015532441505407182], "running time": [1494.2336082458496]}, "min_max_pulp": {"max delay": [0.015482151161980916], "running time": [197992.4578666687]}}, "80": {"min_max_greedy": {"max delay": [0.015029559455277921], "running time": [1774.4650840759277]}, "min_max_pulp": {"max delay": [0.014338748984339596], "running time": [240017.15230941772]}}, "90": {"min_max_greedy": {"max delay": [0.01465275300842988], "running time": [1917.5829887390137]}, "min_max_pulp": {"max delay": [0.013422394527670866], "running time": [284191.6220188141]}}, "100": {"min_max_greedy": {"max delay": [0.013479144021129827], "running time": [1544.2748069763184]}, "min_max_pulp": {"max delay": [0.012539004169673088], "running time": [333016.9303417206]}}}