{"10": {"min_max_greedy": {"max delay": [0.059203936873581046], "running time": [325.2687454223633]}, "min_max_pulp": {"max delay": [0.056927120803798845], "running time": [14293.801546096802]}}, "20": {"min_max_greedy": {"max delay": [0.03934822609708353], "running time": [506.41798973083496]}, "min_max_pulp": {"max delay": [0.037915983896837854], "running time": [27505.70797920227]}}, "30": {"min_max_greedy": {"max delay": [0.032619390821406906], "running time": [688.5688304901123]}, "min_max_pulp": {"max delay": [0.032619390821406906], "running time": [44035.35437583923]}}, "40": {"min_max_greedy": {"max delay": [0.030860339269976757], "running time": [898.7421989440918]}, "min_max_pulp": {"max delay": [0.030860339269976757], "running time": [62495.59426307678]}}, "50": {"min_max_greedy": {"max delay": [0.029818975878046432], "running time": [1133.936882019043]}, "min_max_pulp": {"max delay": [0.02893184528216901], "running time": [81555.32932281494]}}, "60": {"min_max_greedy": {"max delay": [0.02854644697737883], "running time": [1207.9975605010986]}, "min_max_pulp": {"max delay": [0.027082866379426817], "running time": [103815.70768356323]}}, "70": {"min_max_greedy": {"max delay": [0.03054765025575871], "running time": [932.7700138092041]}, "min_max_pulp": {"max delay": [0.02310156282306685], "running time": [127003.85117530823]}}, "80": {"min_max_greedy": {"max delay": [0.02215224203464509], "running time": [1248.030185699463]}, "min_max_pulp": {"max delay": [0.02078850994311763], "running time": [153682.87706375122]}}, "90": {"min_max_greedy": {"max delay": [0.020062485247735892], "running time": [1357.1207523345947]}, "min_max_pulp": {"max delay": [0.016321720548662055], "running time": [179753.399848938]}}, "100": {"min_max_greedy": {"max delay": [0.019584673845962786], "running time": [1519.254446029663]}, "min_max_pulp": {"max delay": [0.013429378210519061], "running time": [212513.44513893127]}}}