{"10": {"min_max_greedy": {"max delay": [0.05147338979296064], "running time": [286.2370014190674]}, "min_max_pulp": {"max delay": [0.05105143695458166], "running time": [14398.887395858765]}}, "20": {"min_max_greedy": {"max delay": [0.039292944823544416], "running time": [514.4248008728027]}, "min_max_pulp": {"max delay": [0.03842480812196108], "running time": [27071.349382400513]}}, "30": {"min_max_greedy": {"max delay": [0.03618921287228683], "running time": [709.5861434936523]}, "min_max_pulp": {"max delay": [0.03406167487237692], "running time": [44059.385776519775]}}, "40": {"min_max_greedy": {"max delay": [0.03704920220547537], "running time": [611.5047931671143]}, "min_max_pulp": {"max delay": [0.031651499665195273], "running time": [62072.269678115845]}}, "50": {"min_max_greedy": {"max delay": [0.031755184650776105], "running time": [848.20556640625]}, "min_max_pulp": {"max delay": [0.029053336632085806], "running time": [79386.53945922852]}}, "60": {"min_max_greedy": {"max delay": [0.029053336632085806], "running time": [991.8184280395508]}, "min_max_pulp": {"max delay": [0.02765652147327684], "running time": [103313.86756896973]}}, "70": {"min_max_greedy": {"max delay": [0.027358451790611384], "running time": [1185.9793663024902]}, "min_max_pulp": {"max delay": [0.026401745541614084], "running time": [126114.11690711975]}}, "80": {"min_max_greedy": {"max delay": [0.026946473848201608], "running time": [1367.128849029541]}, "min_max_pulp": {"max delay": [0.025677631726686637], "running time": [157458.00590515137]}}, "90": {"min_max_greedy": {"max delay": [0.026030834425907652], "running time": [1570.2965259552002]}, "min_max_pulp": {"max delay": [0.02514838149478398], "running time": [197491.78624153137]}}, "100": {"min_max_greedy": {"max delay": [0.025214495546170054], "running time": [2024.6715545654297]}, "min_max_pulp": {"max delay": [0.023163040309838137], "running time": [207111.26732826233]}}}