{"10": {"min_max_greedy": {"max delay": [0.8461065950021298], "running time": [391.3233280181885]}, "min_max_pulp": {"max delay": [0.8461065950021298], "running time": [12690.476894378662]}}, "20": {"min_max_greedy": {"max delay": [0.8413708562651983], "running time": [633.5229873657227]}, "min_max_pulp": {"max delay": [0.8413708562651983], "running time": [24704.39600944519]}}, "30": {"min_max_greedy": {"max delay": [0.8391477967826716], "running time": [775.6407260894775]}, "min_max_pulp": {"max delay": [0.8391477967826716], "running time": [37662.09316253662]}}, "40": {"min_max_greedy": {"max delay": [0.8387723534037638], "running time": [1016.8390274047852]}, "min_max_pulp": {"max delay": [0.8378642732976355], "running time": [53278.98573875427]}}, "50": {"min_max_greedy": {"max delay": [0.8376154645649958], "running time": [1216.003656387329]}, "min_max_pulp": {"max delay": [0.8371615543169395], "running time": [70018.80526542664]}}, "60": {"min_max_greedy": {"max delay": [0.8368000661410345], "running time": [1369.1303730010986]}, "min_max_pulp": {"max delay": [0.8361714529679162], "running time": [88279.88171577454]}}, "70": {"min_max_greedy": {"max delay": [0.8365002761705842], "running time": [1514.2498016357422]}, "min_max_pulp": {"max delay": [0.08106648204864744], "running time": [108607.66434669495]}}, "80": {"min_max_greedy": {"max delay": [0.04912790764143353], "running time": [532.4394702911377]}, "min_max_pulp": {"max delay": [0.04912790764143353], "running time": [130150.44903755188]}}, "90": {"min_max_greedy": {"max delay": [0.04417471614288878], "running time": [825.6816864013672]}, "min_max_pulp": {"max delay": [0.04275914769378633], "running time": [153910.06422042847]}}, "100": {"min_max_greedy": {"max delay": [0.040040493118637506], "running time": [933.7711334228516]}, "min_max_pulp": {"max delay": [0.039931264229463685], "running time": [180493.01028251648]}}}