{"10": {"min_max_greedy": {"max delay": [0.0664545918398855], "running time": [278.2294750213623]}, "min_max_pulp": {"max delay": [0.0664545918398855], "running time": [13524.164199829102]}}, "20": {"min_max_greedy": {"max delay": [0.047994219862623595], "running time": [463.3829593658447]}, "min_max_pulp": {"max delay": [0.04664339976420925], "running time": [25755.263328552246]}}, "30": {"min_max_greedy": {"max delay": [0.04381392008022047], "running time": [703.5810947418213]}, "min_max_pulp": {"max delay": [0.04205184437081744], "running time": [41037.87970542908]}}, "40": {"min_max_greedy": {"max delay": [0.039728299932840896], "running time": [842.6954746246338]}, "min_max_pulp": {"max delay": [0.03862359997680308], "running time": [57940.834283828735]}}, "50": {"min_max_greedy": {"max delay": [0.037971098012503396], "running time": [1073.8866329193115]}, "min_max_pulp": {"max delay": [0.035990444566875605], "running time": [76439.10551071167]}}, "60": {"min_max_greedy": {"max delay": [0.03404773644281348], "running time": [1260.0409984588623]}, "min_max_pulp": {"max delay": [0.030186303866618445], "running time": [94614.11094665527]}}, "70": {"min_max_greedy": {"max delay": [0.03324958505251349], "running time": [1442.190408706665]}, "min_max_pulp": {"max delay": [0.02575803411265323], "running time": [114725.71396827698]}}, "80": {"min_max_greedy": {"max delay": [0.026066679831816833], "running time": [1026.8480777740479]}, "min_max_pulp": {"max delay": [0.02228229643825558], "running time": [136488.68203163147]}}, "90": {"min_max_greedy": {"max delay": [0.022710758199294342], "running time": [1213.0014896392822]}, "min_max_pulp": {"max delay": [0.018885167313949885], "running time": [160694.6656703949]}}, "100": {"min_max_greedy": {"max delay": [0.021332523035934425], "running time": [1309.0808391571045]}, "min_max_pulp": {"max delay": [0.015133033664637974], "running time": [187768.01657676697]}}}