{"10": {"min_max_greedy": {"max delay": [0.03247063116732703], "running time": [343.28365325927734]}, "min_max_pulp": {"max delay": [0.0314691988183302], "running time": [14631.078958511353]}}, "20": {"min_max_greedy": {"max delay": [0.029393120045404255], "running time": [536.4425182342529]}, "min_max_pulp": {"max delay": [0.025734970501617535], "running time": [28217.29564666748]}}, "30": {"min_max_greedy": {"max delay": [0.027660486242513722], "running time": [732.60498046875]}, "min_max_pulp": {"max delay": [0.023601849981248136], "running time": [45742.76423454285]}}, "40": {"min_max_greedy": {"max delay": [0.02218277167406428], "running time": [923.7625598907471]}, "min_max_pulp": {"max delay": [0.02139522855219293], "running time": [63323.277711868286]}}, "50": {"min_max_greedy": {"max delay": [0.02053863194397096], "running time": [1126.9302368164062]}, "min_max_pulp": {"max delay": [0.019643122861715174], "running time": [83492.93041229248]}}, "60": {"min_max_greedy": {"max delay": [0.018639985479845526], "running time": [1365.1268482208252]}, "min_max_pulp": {"max delay": [0.018639985479845526], "running time": [109441.35236740112]}}, "70": {"min_max_greedy": {"max delay": [0.01759062662946676], "running time": [1666.3756370544434]}, "min_max_pulp": {"max delay": [0.01725762548248939], "running time": [131826.8325328827]}}, "80": {"min_max_greedy": {"max delay": [0.017287665610366997], "running time": [1906.57377243042]}, "min_max_pulp": {"max delay": [0.016727390898241584], "running time": [167856.1568260193]}}, "90": {"min_max_greedy": {"max delay": [0.016934906922034358], "running time": [2204.820156097412]}, "min_max_pulp": {"max delay": [0.016340736692571387], "running time": [212157.48810768127]}}, "100": {"min_max_greedy": {"max delay": [0.016310669734637618], "running time": [2363.9519214630127]}, "min_max_pulp": {"max delay": [0.016010916283668592], "running time": [229902.14729309082]}}}