{"10": {"min_max_greedy": {"max delay": [0.037048515645481124], "running time": [342.2825336456299]}, "min_max_pulp": {"max delay": [0.03531928977710608], "running time": [14315.818071365356]}}, "20": {"min_max_greedy": {"max delay": [0.02687736393079465], "running time": [490.4048442840576]}, "min_max_pulp": {"max delay": [0.026129661554256334], "running time": [28314.37611579895]}}, "30": {"min_max_greedy": {"max delay": [0.023253425873389424], "running time": [772.637128829956]}, "min_max_pulp": {"max delay": [0.022932274031613277], "running time": [44317.58785247803]}}, "40": {"min_max_greedy": {"max delay": [0.022167934546148883], "running time": [973.8037586212158]}, "min_max_pulp": {"max delay": [0.021676467207007853], "running time": [63175.15587806702]}}, "50": {"min_max_greedy": {"max delay": [0.02147826118044495], "running time": [1271.0492610931396]}, "min_max_pulp": {"max delay": [0.020491418959778487], "running time": [83166.66030883789]}}, "60": {"min_max_greedy": {"max delay": [0.020851466680648217], "running time": [1580.3043842315674]}, "min_max_pulp": {"max delay": [0.019954442814846023], "running time": [115859.65037345886]}}, "70": {"min_max_greedy": {"max delay": [0.02010136354677195], "running time": [1724.4236469268799]}, "min_max_pulp": {"max delay": [0.01922626309774944], "running time": [134148.74982833862]}}, "80": {"min_max_greedy": {"max delay": [0.019092014436204785], "running time": [1804.4898509979248]}, "min_max_pulp": {"max delay": [0.01872627533207002], "running time": [161928.68494987488]}}, "90": {"min_max_greedy": {"max delay": [0.018606428174102994], "running time": [2153.778314590454]}, "min_max_pulp": {"max delay": [0.018412364481590504], "running time": [194475.55351257324]}}, "100": {"min_max_greedy": {"max delay": [0.01839015621884572], "running time": [2342.9341316223145]}, "min_max_pulp": {"max delay": [0.0180351198713908], "running time": [222176.42426490784]}}}