{"10": {"min_max_greedy": {"max delay": [0.09714141890659671], "running time": [238.19661140441895]}, "min_max_pulp": {"max delay": [0.09561233372270149], "running time": [11777.723550796509]}}, "20": {"min_max_greedy": {"max delay": [0.08602632141830692], "running time": [426.35202407836914]}, "min_max_pulp": {"max delay": [0.08436795973709738], "running time": [21423.686504364014]}}, "30": {"min_max_greedy": {"max delay": [0.08432682458526447], "running time": [617.5098419189453]}, "min_max_pulp": {"max delay": [0.08206071626139902], "running time": [33378.55672836304]}}, "40": {"min_max_greedy": {"max delay": [0.08050892144737819], "running time": [805.6650161743164]}, "min_max_pulp": {"max delay": [0.04663033373774919], "running time": [45915.90714454651]}}, "50": {"min_max_greedy": {"max delay": [0.0790065598432997], "running time": [966.7983055114746]}, "min_max_pulp": {"max delay": [0.02957222158587736], "running time": [58608.38556289673]}}, "60": {"min_max_greedy": {"max delay": [0.027078403579771513], "running time": [616.508960723877]}, "min_max_pulp": {"max delay": [0.025348481099719707], "running time": [75112.01095581055]}}, "70": {"min_max_greedy": {"max delay": [0.02591006546904045], "running time": [807.666540145874]}, "min_max_pulp": {"max delay": [0.023361343433640738], "running time": [89663.02371025085]}}, "80": {"min_max_greedy": {"max delay": [0.02201000076740312], "running time": [945.7807540893555]}, "min_max_pulp": {"max delay": [0.021486134065742263], "running time": [106990.32831192017]}}, "90": {"min_max_greedy": {"max delay": [0.021544141085740733], "running time": [1047.8651523590088]}, "min_max_pulp": {"max delay": [0.020346654293489815], "running time": [127549.3016242981]}}, "100": {"min_max_greedy": {"max delay": [0.020493302510385718], "running time": [1235.0201606750488]}, "min_max_pulp": {"max delay": [0.019393668503177787], "running time": [148706.76851272583]}}}