{"10": {"min_max_greedy": {"max delay": [0.03230011290264095], "running time": [281.2321186065674]}, "min_max_pulp": {"max delay": [0.03230011290264095], "running time": [15561.867237091064]}}, "20": {"min_max_greedy": {"max delay": [0.028071825435359864], "running time": [470.38769721984863]}, "min_max_pulp": {"max delay": [0.026566176684748474], "running time": [30463.188886642456]}}, "30": {"min_max_greedy": {"max delay": [0.02466134302071471], "running time": [716.5920734405518]}, "min_max_pulp": {"max delay": [0.022269363893573327], "running time": [47773.46396446228]}}, "40": {"min_max_greedy": {"max delay": [0.02189864678000536], "running time": [891.7367458343506]}, "min_max_pulp": {"max delay": [0.020358515113430058], "running time": [68482.59258270264]}}, "50": {"min_max_greedy": {"max delay": [0.01979156261845723], "running time": [1077.8899192810059]}, "min_max_pulp": {"max delay": [0.01917999207621834], "running time": [91613.64912986755]}}, "60": {"min_max_greedy": {"max delay": [0.01851902369557785], "running time": [1312.0837211608887]}, "min_max_pulp": {"max delay": [0.018038531327112344], "running time": [115197.19576835632]}}, "70": {"min_max_greedy": {"max delay": [0.016726022249246873], "running time": [1553.2824993133545]}, "min_max_pulp": {"max delay": [0.016584727245391433], "running time": [136592.79561042786]}}, "80": {"min_max_greedy": {"max delay": [0.016438862072121304], "running time": [1684.3905448913574]}, "min_max_pulp": {"max delay": [0.016064036844796684], "running time": [166193.24493408203]}}, "90": {"min_max_greedy": {"max delay": [0.016022497619139413], "running time": [1986.6399765014648]}, "min_max_pulp": {"max delay": [0.015688001367920975], "running time": [194728.80005836487]}}, "100": {"min_max_greedy": {"max delay": [0.015689987273571255], "running time": [2200.817346572876]}, "min_max_pulp": {"max delay": [0.015477427539144727], "running time": [260393.9745426178]}}}