{"10": {"min_max_greedy": {"max delay": [0.03502485759395702], "running time": [329.2717933654785]}, "min_max_pulp": {"max delay": [0.0342092524055806], "running time": [15665.93313217163]}}, "20": {"min_max_greedy": {"max delay": [0.03198481889026344], "running time": [515.425443649292]}, "min_max_pulp": {"max delay": [0.030346823240524068], "running time": [30754.390239715576]}}, "30": {"min_max_greedy": {"max delay": [0.027950014384953956], "running time": [795.6569194793701]}, "min_max_pulp": {"max delay": [0.02762460084764383], "running time": [48195.788621902466]}}, "40": {"min_max_greedy": {"max delay": [0.025792878798158718], "running time": [984.8132133483887]}, "min_max_pulp": {"max delay": [0.025792878798158718], "running time": [67136.42644882202]}}, "50": {"min_max_greedy": {"max delay": [0.02525453118918321], "running time": [1126.9302368164062]}, "min_max_pulp": {"max delay": [0.02482932906433411], "running time": [92358.24942588806]}}, "60": {"min_max_greedy": {"max delay": [0.02413038111770688], "running time": [1314.084768295288]}, "min_max_pulp": {"max delay": [0.023784288094936826], "running time": [112237.65993118286]}}, "70": {"min_max_greedy": {"max delay": [0.02388321009258925], "running time": [1545.2759265899658]}, "min_max_pulp": {"max delay": [0.02219368618200942], "running time": [138480.32593727112]}}, "80": {"min_max_greedy": {"max delay": [0.023435521516319145], "running time": [1721.4210033416748]}, "min_max_pulp": {"max delay": [0.02040925559817811], "running time": [164836.08484268188]}}, "90": {"min_max_greedy": {"max delay": [0.02070462312954434], "running time": [1173.9692687988281]}, "min_max_pulp": {"max delay": [0.015656174089604978], "running time": [193331.60948753357]}}, "100": {"min_max_greedy": {"max delay": [0.01833213086253854], "running time": [1303.0755519866943]}, "min_max_pulp": {"max delay": [0.012745883717692334], "running time": [224690.49882888794]}}}