{"10": {"min_max_greedy": {"max delay": [0.08945479138453372], "running time": [79.06556129455566]}, "min_max_pulp": {"max delay": [0.08737941857497294], "running time": [4021.320104598999]}}, "20": {"min_max_greedy": {"max delay": [0.08239721332538104], "running time": [112.09273338317871]}, "min_max_pulp": {"max delay": [0.07934433585147814], "running time": [8571.075677871704]}}, "30": {"min_max_greedy": {"max delay": [0.0658154650153116], "running time": [112.09249496459961]}, "min_max_pulp": {"max delay": [0.06434093359868473], "running time": [12753.528833389282]}}, "40": {"min_max_greedy": {"max delay": [0.0587692402221133], "running time": [146.12078666687012]}, "min_max_pulp": {"max delay": [0.05845287411926648], "running time": [17911.787748336792]}}, "50": {"min_max_greedy": {"max delay": [0.0471251469754091], "running time": [134.110689163208]}, "min_max_pulp": {"max delay": [0.04565061555878223], "running time": [23632.5101852417]}}, "60": {"min_max_greedy": {"max delay": [0.04579885572171764], "running time": [149.1227149963379]}, "min_max_pulp": {"max delay": [0.038860756700318334], "running time": [30082.37910270691]}}, "70": {"min_max_greedy": {"max delay": [0.04045484033799155], "running time": [167.13786125183105]}, "min_max_pulp": {"max delay": [0.03519671191788295], "running time": [37644.078493118286]}}}