{"10": {"min_max_greedy": {"max delay": [0.06369533617798444], "running time": [79.06508445739746]}, "min_max_pulp": {"max delay": [0.06369533617798444], "running time": [3506.894826889038]}}, "20": {"min_max_greedy": {"max delay": [0.060107310860703346], "running time": [101.08375549316406]}, "min_max_pulp": {"max delay": [0.060024492878390893], "running time": [7723.376750946045]}}, "30": {"min_max_greedy": {"max delay": [0.04037436140045368], "running time": [113.09337615966797]}, "min_max_pulp": {"max delay": [0.039659405939287955], "running time": [11119.179487228394]}}, "40": {"min_max_greedy": {"max delay": [0.03171609803189151], "running time": [123.10147285461426]}, "min_max_pulp": {"max delay": [0.030853494951538055], "running time": [15365.684986114502]}}, "50": {"min_max_greedy": {"max delay": [0.029246041153865913], "running time": [145.11990547180176]}, "min_max_pulp": {"max delay": [0.024387347656922555], "running time": [19929.453134536743]}}, "60": {"min_max_greedy": {"max delay": [0.02579346633316291], "running time": [207.17120170593262]}, "min_max_pulp": {"max delay": [0.02224081071666971], "running time": [26245.3453540802]}}, "70": {"min_max_greedy": {"max delay": [0.022445595664984334], "running time": [246.20342254638672]}, "min_max_pulp": {"max delay": [0.01851591328668084], "running time": [33791.898012161255]}}}