{"entropy": 251193398526502900330146019379613683448, "10": {"num_user": 100, "num_service": 41, "min_max_greedy": {"max_delay": 0.06367120554315929, "running_time": 48.03943634033203}, "min_max_surrogate_relaxation": {"max_delay": 0.06367120554315929, "lower_bound": 0.05512324927854928, "running_time": 662.5449657440186}, "min_max_equal_weight": {"max_delay": 0.06412370418253815, "running_time": 38.01703453063965}, "min_max_pulp": {"max_delay": 0.06367120554315929, "running_time": 3131.5770149230957}}, "20": {"num_user": 100, "num_service": 41, "min_max_greedy": {"max_delay": 0.051574773413679165, "running_time": 78.06396484375}, "min_max_surrogate_relaxation": {"max_delay": 0.04706245214095209, "lower_bound": 0.025830603257111187, "running_time": 495.4075813293457}, "min_max_equal_weight": {"max_delay": 0.061047719185664893, "running_time": 40.03310203552246}, "min_max_pulp": {"max_delay": 0.039719519159462174, "running_time": 6150.062084197998}}, "30": {"num_user": 100, "num_service": 41, "min_max_greedy": {"max_delay": 0.03317679386084644, "running_time": 110.09049415588379}, "min_max_surrogate_relaxation": {"max_delay": 0.03486339964163909, "lower_bound": 0.02028986021422627, "running_time": 985.8112335205078}, "min_max_equal_weight": {"max_delay": 0.03317679386084644, "running_time": 39.0322208404541}, "min_max_pulp": {"max_delay": 0.03301338370143038, "running_time": 10100.311756134033}}, "40": {"num_user": 100, "num_service": 41, "min_max_greedy": {"max_delay": 0.03017331233327171, "running_time": 135.11133193969727}, "min_max_surrogate_relaxation": {"max_delay": 0.027914550721800657, "lower_bound": 0.020445372629982826, "running_time": 1308.0761432647705}, "min_max_equal_weight": {"max_delay": 0.028128793360810492, "running_time": 41.03374481201172}, "min_max_pulp": {"max_delay": 0.026543161872113197, "running_time": 13864.409685134888}}, "50": {"num_user": 100, "num_service": 41, "min_max_greedy": {"max_delay": 0.025066466126307137, "running_time": 159.13033485412598}, "min_max_surrogate_relaxation": {"max_delay": 0.02311163372434482, "lower_bound": 0.01796978141490459, "running_time": 2302.8950691223145}, "min_max_equal_weight": {"max_delay": 0.026938690794496997, "running_time": 42.0379638671875}, "min_max_pulp": {"max_delay": 0.02311163372434482, "running_time": 18171.95415496826}}, "60": {"num_user": 100, "num_service": 41, "min_max_greedy": {"max_delay": 0.0214173390395272, "running_time": 180.14836311340332}, "min_max_surrogate_relaxation": {"max_delay": 0.021951344240204014, "lower_bound": 0.01620798259141423, "running_time": 2159.7774028778076}, "min_max_equal_weight": {"max_delay": 0.026567268837105924, "running_time": 43.035268783569336}, "min_max_pulp": {"max_delay": 0.0214173390395272, "running_time": 24927.51431465149}}, "70": {"num_user": 100, "num_service": 41, "min_max_greedy": {"max_delay": 0.02040812270066524, "running_time": 204.16808128356934}, "min_max_surrogate_relaxation": {"max_delay": 0.02311163372434482, "lower_bound": 0.013965419568750321, "running_time": 1887.5596523284912}, "min_max_equal_weight": {"max_delay": 0.023648616087429703, "running_time": 49.028635025024414}, "min_max_pulp": {"max_delay": 0.019513876893649224, "running_time": 29357.15651512146}}, "80": {"num_user": 100, "num_service": 41, "min_max_greedy": {"max_delay": 0.01989282174703993, "running_time": 222.1829891204834}, "min_max_surrogate_relaxation": {"max_delay": 0.026711961331376377, "lower_bound": 0.010997605593579776, "running_time": 658.5414409637451}, "min_max_equal_weight": {"max_delay": 0.02316300398042916, "running_time": 46.03838920593262}, "min_max_pulp": {"max_delay": 0.017949109551274142, "running_time": 35342.08416938782}}, "90": {"num_user": 100, "num_service": 41, "min_max_greedy": {"max_delay": 0.01716693046025425, "running_time": 250.20456314086914}, "min_max_surrogate_relaxation": {"max_delay": 0.01850466055478726, "lower_bound": 0.012840962198604568, "running_time": 2112.7378940582275}, "min_max_equal_weight": {"max_delay": 0.021145969571536492, "running_time": 46.038150787353516}, "min_max_pulp": {"max_delay": 0.01604564740539617, "running_time": 40469.303369522095}}, "100": {"num_user": 100, "num_service": 41, "min_max_greedy": {"max_delay": 0.01628939851034485, "running_time": 291.23973846435547}, "min_max_surrogate_relaxation": {"max_delay": 0.019513876893649224, "lower_bound": 0.011402145923852181, "running_time": 1849.5287895202637}, "min_max_equal_weight": {"max_delay": 0.017471710300165876, "running_time": 47.03855514526367}, "min_max_pulp": {"max_delay": 0.014852507957154256, "running_time": 46757.47847557068}}}