{"entropy": 45706318501580196009979372228658141217, "10": {"num_user": 100, "num_service": 41, "min_max_greedy": {"max_delay": 0.07842816055694099, "running_time": 72.05939292907715}, "min_max_surrogate_relaxation": {"max_delay": 0.07350498666746465, "lower_bound": 0.05429238365478509, "running_time": 804.6619892120361}, "min_max_equal_weight": {"max_delay": 0.08039470063633569, "running_time": 39.0322208404541}, "min_max_pulp": {"max_delay": 0.07350498666746465, "running_time": 4230.481386184692}}, "20": {"num_user": 100, "num_service": 41, "min_max_greedy": {"max_delay": 0.053353823507988035, "running_time": 110.08930206298828}, "min_max_surrogate_relaxation": {"max_delay": 0.053141555064315005, "lower_bound": 0.03882056468605781, "running_time": 1271.0461616516113}, "min_max_equal_weight": {"max_delay": 0.054341416692678876, "running_time": 42.03462600708008}, "min_max_pulp": {"max_delay": 0.053141555064315005, "running_time": 8991.399049758911}}, "30": {"num_user": 100, "num_service": 41, "min_max_greedy": {"max_delay": 0.044482200899448196, "running_time": 139.1143798828125}, "min_max_surrogate_relaxation": {"max_delay": 0.05030365573261408, "lower_bound": 0.036046019635497306, "running_time": 1388.1421089172363}, "min_max_equal_weight": {"max_delay": 0.05009458863073307, "running_time": 42.01483726501465}, "min_max_pulp": {"max_delay": 0.044482200899448196, "running_time": 14347.80764579773}}, "40": {"num_user": 100, "num_service": 41, "min_max_greedy": {"max_delay": 0.038783602875866595, "running_time": 167.13786125183105}, "min_max_surrogate_relaxation": {"max_delay": 0.05009458863073307, "lower_bound": 0.030169518030469585, "running_time": 1025.843858718872}, "min_max_equal_weight": {"max_delay": 0.04001760219266364, "running_time": 46.037912368774414}, "min_max_pulp": {"max_delay": 0.03712182899191225, "running_time": 20883.185863494873}}, "50": {"num_user": 100, "num_service": 41, "min_max_greedy": {"max_delay": 0.03560969551971807, "running_time": 187.15453147888184}, "min_max_surrogate_relaxation": {"max_delay": 0.04291591492734746, "lower_bound": 0.024622175778049996, "running_time": 474.39050674438477}, "min_max_equal_weight": {"max_delay": 0.037392007167604664, "running_time": 46.03719711303711}, "min_max_pulp": {"max_delay": 0.03453586325746081, "running_time": 27383.535146713257}}, "60": {"num_user": 100, "num_service": 41, "min_max_greedy": {"max_delay": 0.0338336478790383, "running_time": 229.1884422302246}, "min_max_surrogate_relaxation": {"max_delay": 0.04197654356305408, "lower_bound": 0.016020948181794684, "running_time": 642.5290107727051}, "min_max_equal_weight": {"max_delay": 0.0359489407489266, "running_time": 53.023576736450195}, "min_max_pulp": {"max_delay": 0.026405256752712318, "running_time": 35153.92589569092}}, "70": {"num_user": 100, "num_service": 41, "min_max_greedy": {"max_delay": 0.032087248954160034, "running_time": 272.22394943237305}, "min_max_surrogate_relaxation": {"max_delay": 0.02669953438145686, "lower_bound": 0.012409734664242163, "running_time": 969.7978496551514}, "min_max_equal_weight": {"max_delay": 0.0359489407489266, "running_time": 48.03967475891113}, "min_max_pulp": {"max_delay": 0.017263455968480057, "running_time": 42986.396074295044}}, "80": {"num_user": 100, "num_service": 41, "min_max_greedy": {"max_delay": 0.016877427293487325, "running_time": 193.1593418121338}, "min_max_surrogate_relaxation": {"max_delay": 0.024203849434907145, "lower_bound": 0.009643887371806737, "running_time": 818.6736106872559}, "min_max_equal_weight": {"max_delay": 0.01753363414417248, "running_time": 45.03750801086426}, "min_max_pulp": {"max_delay": 0.015180236908875438, "running_time": 53281.84771537781}}, "90": {"num_user": 100, "num_service": 41, "min_max_greedy": {"max_delay": 0.015601113414793161, "running_time": 220.18170356750488}, "min_max_surrogate_relaxation": {"max_delay": 0.016098557136827066, "lower_bound": 0.009760553125568922, "running_time": 1229.0120124816895}, "min_max_equal_weight": {"max_delay": 0.01597948825337172, "running_time": 46.03767395019531}, "min_max_pulp": {"max_delay": 0.014430458861941723, "running_time": 65729.09092903137}}, "100": {"num_user": 100, "num_service": 41, "min_max_greedy": {"max_delay": 0.01449532277517064, "running_time": 255.21016120910645}, "min_max_surrogate_relaxation": {"max_delay": 0.014430458861941723, "lower_bound": 0.009468338412142856, "running_time": 2140.761613845825}, "min_max_equal_weight": {"max_delay": 0.01597948825337172, "running_time": 47.03855514526367}, "min_max_pulp": {"max_delay": 0.012506562438007063, "running_time": 73990.89002609253}}}