{"entropy": 305776138835373972248455342498318212375, "10": {"num_user": 100, "num_service": 41, "min_max_greedy": {"max_delay": 0.14398600416170934, "running_time": 38.031578063964844}, "min_max_surrogate_relaxation": {"max_delay": 0.14398600416170934, "lower_bound": 0.12888205483933526, "running_time": 561.4619255065918}, "min_max_equal_weight": {"max_delay": 0.22670225208444528, "running_time": 38.03133964538574}, "min_max_pulp": {"max_delay": 0.14398600416170934, "running_time": 4291.532039642334}}, "20": {"num_user": 100, "num_service": 41, "min_max_greedy": {"max_delay": 0.06155977853853208, "running_time": 84.06901359558105}, "min_max_surrogate_relaxation": {"max_delay": 0.062272255725349814, "lower_bound": 0.05048158181949195, "running_time": 1383.1381797790527}, "min_max_equal_weight": {"max_delay": 0.06501125068615038, "running_time": 38.03110122680664}, "min_max_pulp": {"max_delay": 0.061389774520171414, "running_time": 9013.41724395752}}, "30": {"num_user": 100, "num_service": 41, "min_max_greedy": {"max_delay": 0.04182362234090591, "running_time": 115.09418487548828}, "min_max_surrogate_relaxation": {"max_delay": 0.04581859846437743, "lower_bound": 0.035952340941077354, "running_time": 812.6685619354248}, "min_max_equal_weight": {"max_delay": 0.048185414289798126, "running_time": 43.02048683166504}, "min_max_pulp": {"max_delay": 0.041356090161474506, "running_time": 14442.885398864746}}, "40": {"num_user": 100, "num_service": 41, "min_max_greedy": {"max_delay": 0.03588779738685458, "running_time": 163.13481330871582}, "min_max_surrogate_relaxation": {"max_delay": 0.04082051614031634, "lower_bound": 0.028779157284494906, "running_time": 915.7536029815674}, "min_max_equal_weight": {"max_delay": 0.04074127840934379, "running_time": 42.03486442565918}, "min_max_pulp": {"max_delay": 0.035832428918929314, "running_time": 21740.891456604004}}, "50": {"num_user": 100, "num_service": 41, "min_max_greedy": {"max_delay": 0.034054744054192995, "running_time": 178.1468391418457}, "min_max_surrogate_relaxation": {"max_delay": 0.039891850911083195, "lower_bound": 0.019379250772820503, "running_time": 592.4882888793945}, "min_max_equal_weight": {"max_delay": 0.039939009754108766, "running_time": 44.035911560058594}, "min_max_pulp": {"max_delay": 0.029602494805472186, "running_time": 28060.091495513916}}, "60": {"num_user": 100, "num_service": 41, "min_max_greedy": {"max_delay": 0.027657911758566977, "running_time": 162.13345527648926}, "min_max_surrogate_relaxation": {"max_delay": 0.03348675662796882, "lower_bound": 0.01374757954337131, "running_time": 471.3876247406006}, "min_max_equal_weight": {"max_delay": 0.039939009754108766, "running_time": 43.03550720214844}, "min_max_pulp": {"max_delay": 0.025887476954070756, "running_time": 36680.185079574585}}, "70": {"num_user": 100, "num_service": 41, "min_max_greedy": {"max_delay": 0.025239868638199946, "running_time": 185.1520538330078}, "min_max_surrogate_relaxation": {"max_delay": 0.03220634708751607, "lower_bound": 0.013619985246094108, "running_time": 621.511697769165}, "min_max_equal_weight": {"max_delay": 0.03656618633250058, "running_time": 43.035030364990234}, "min_max_pulp": {"max_delay": 0.02311762600908358, "running_time": 45457.40842819214}}, "80": {"num_user": 100, "num_service": 41, "min_max_greedy": {"max_delay": 0.021719617057978775, "running_time": 216.17841720581055}, "min_max_surrogate_relaxation": {"max_delay": 0.025120535590026787, "lower_bound": 0.01266987755489244, "running_time": 767.6315307617188}, "min_max_equal_weight": {"max_delay": 0.03646778736057091, "running_time": 46.0200309753418}, "min_max_pulp": {"max_delay": 0.021250235408037735, "running_time": 55059.30948257446}}, "90": {"num_user": 100, "num_service": 41, "min_max_greedy": {"max_delay": 0.0192126922781996, "running_time": 259.2136859893799}, "min_max_surrogate_relaxation": {"max_delay": 0.029703961317114783, "lower_bound": 0.01087787447060631, "running_time": 657.541036605835}, "min_max_equal_weight": {"max_delay": 0.03554252777190213, "running_time": 46.038150787353516}, "min_max_pulp": {"max_delay": 0.019158916941028427, "running_time": 65909.747838974}}, "100": {"num_user": 100, "num_service": 41, "min_max_greedy": {"max_delay": 0.01743573955137061, "running_time": 290.2388572692871}, "min_max_surrogate_relaxation": {"max_delay": 0.023840126049574032, "lower_bound": 0.011834877262308722, "running_time": 1547.2736358642578}, "min_max_equal_weight": {"max_delay": 0.03512081132562302, "running_time": 48.039913177490234}, "min_max_pulp": {"max_delay": 0.01734383037372526, "running_time": 76571.0129737854}}}