{"entropy": 205592788374584492729601668149625950477, "10": {"num_user": 100, "num_service": 41, "min_max_greedy": {"max_delay": 0.07947538482625893, "running_time": 38.03133964538574}, "min_max_surrogate_relaxation": {"max_delay": 0.07947538482625893, "lower_bound": 0.07786740291309184, "running_time": 458.3778381347656}, "min_max_equal_weight": {"max_delay": 0.08415012475367073, "running_time": 37.030696868896484}, "min_max_pulp": {"max_delay": 0.07947538482625893, "running_time": 2952.430009841919}}, "20": {"num_user": 100, "num_service": 41, "min_max_greedy": {"max_delay": 0.07006400184776501, "running_time": 72.05891609191895}, "min_max_surrogate_relaxation": {"max_delay": 0.07006400184776501, "lower_bound": 0.05672377297352735, "running_time": 798.6574172973633}, "min_max_equal_weight": {"max_delay": 0.07784752025300085, "running_time": 39.0317440032959}, "min_max_pulp": {"max_delay": 0.07006400184776501, "running_time": 5863.826274871826}}, "30": {"num_user": 100, "num_service": 41, "min_max_greedy": {"max_delay": 0.06208588268905474, "running_time": 100.0823974609375}, "min_max_surrogate_relaxation": {"max_delay": 0.06139773190463738, "lower_bound": 0.05300783508348529, "running_time": 717.5910472869873}, "min_max_equal_weight": {"max_delay": 0.07139217576711951, "running_time": 40.032386779785156}, "min_max_pulp": {"max_delay": 0.05255158252709352, "running_time": 8982.392072677612}}, "40": {"num_user": 100, "num_service": 41, "min_max_greedy": {"max_delay": 0.05815083703722238, "running_time": 123.10123443603516}, "min_max_surrogate_relaxation": {"max_delay": 0.04634454337646418, "lower_bound": 0.01918099302128933, "running_time": 297.2440719604492}, "min_max_equal_weight": {"max_delay": 0.06396488678147672, "running_time": 41.03374481201172}, "min_max_pulp": {"max_delay": 0.040499168420248546, "running_time": 12502.288579940796}}, "50": {"num_user": 100, "num_service": 41, "min_max_greedy": {"max_delay": 0.029024079464890454, "running_time": 109.08985137939453}, "min_max_surrogate_relaxation": {"max_delay": 0.038871303846990474, "lower_bound": 0.017464550948595586, "running_time": 543.4472560882568}, "min_max_equal_weight": {"max_delay": 0.06396488678147672, "running_time": 42.03438758850098}, "min_max_pulp": {"max_delay": 0.029024079464890454, "running_time": 16499.577045440674}}, "60": {"num_user": 100, "num_service": 41, "min_max_greedy": {"max_delay": 0.028083764771236138, "running_time": 133.10909271240234}, "min_max_surrogate_relaxation": {"max_delay": 0.02712010812494767, "lower_bound": 0.01834197402436133, "running_time": 1457.1998119354248}, "min_max_equal_weight": {"max_delay": 0.02689968091734143, "running_time": 42.03510284423828}, "min_max_pulp": {"max_delay": 0.025626215115038296, "running_time": 21112.37382888794}}, "70": {"num_user": 100, "num_service": 41, "min_max_greedy": {"max_delay": 0.024796416727202484, "running_time": 146.12054824829102}, "min_max_surrogate_relaxation": {"max_delay": 0.02328611069716663, "lower_bound": 0.016137642783527292, "running_time": 1421.1697578430176}, "min_max_equal_weight": {"max_delay": 0.02689968091734143, "running_time": 42.03438758850098}, "min_max_pulp": {"max_delay": 0.022789576722875668, "running_time": 26795.050382614136}}, "80": {"num_user": 100, "num_service": 41, "min_max_greedy": {"max_delay": 0.021685445113706618, "running_time": 163.13481330871582}, "min_max_surrogate_relaxation": {"max_delay": 0.02485357437406262, "lower_bound": 0.01105955981135403, "running_time": 742.6104545593262}, "min_max_equal_weight": {"max_delay": 0.026623574150656713, "running_time": 44.036149978637695}, "min_max_pulp": {"max_delay": 0.01966738076267912, "running_time": 31127.615451812744}}, "90": {"num_user": 100, "num_service": 41, "min_max_greedy": {"max_delay": 0.020667170630182394, "running_time": 200.1645565032959}, "min_max_surrogate_relaxation": {"max_delay": 0.019170846788388166, "lower_bound": 0.013398674833249998, "running_time": 1983.6323261260986}, "min_max_equal_weight": {"max_delay": 0.026623574150656713, "running_time": 46.038150787353516}, "min_max_pulp": {"max_delay": 0.01798403600002787, "running_time": 37233.641386032104}}, "100": {"num_user": 100, "num_service": 41, "min_max_greedy": {"max_delay": 0.017299381679204768, "running_time": 209.17272567749023}, "min_max_surrogate_relaxation": {"max_delay": 0.018181305435301682, "lower_bound": 0.012013841241421111, "running_time": 2042.6805019378662}, "min_max_equal_weight": {"max_delay": 0.02085561004973282, "running_time": 45.03774642944336}, "min_max_pulp": {"max_delay": 0.016061716883716135, "running_time": 42246.76704406738}}}