{"entropy": 232687662497524052578743504161203685974, "10": {"num_user": 100, "num_service": 41, "min_max_greedy": {"max_delay": 0.35796732767944084, "running_time": 40.03310203552246}, "min_max_surrogate_relaxation": {"max_delay": 0.35796732767944084, "lower_bound": 0.33792191231435503, "running_time": 455.37519454956055}, "min_max_equal_weight": {"max_delay": 0.35796732767944084, "running_time": 37.03022003173828}, "min_max_pulp": {"max_delay": 0.35796732767944084, "running_time": 2920.403480529785}}, "20": {"num_user": 100, "num_service": 41, "min_max_greedy": {"max_delay": 0.28237800570671234, "running_time": 61.0499382019043}, "min_max_surrogate_relaxation": {"max_delay": 0.28237800570671234, "lower_bound": 0.27314544612794267, "running_time": 383.3153247833252}, "min_max_equal_weight": {"max_delay": 0.3363932989544729, "running_time": 43.03264617919922}, "min_max_pulp": {"max_delay": 0.28237800570671234, "running_time": 5848.823070526123}}, "30": {"num_user": 100, "num_service": 41, "min_max_greedy": {"max_delay": 0.2676404463550816, "running_time": 78.0642032623291}, "min_max_surrogate_relaxation": {"max_delay": 0.26747788271222606, "lower_bound": 0.25147981206751663, "running_time": 291.23926162719727}, "min_max_equal_weight": {"max_delay": 0.2781390539782891, "running_time": 40.03334045410156}, "min_max_pulp": {"max_delay": 0.23532012580942296, "running_time": 9060.456275939941}}, "40": {"num_user": 100, "num_service": 41, "min_max_greedy": {"max_delay": 0.10317798598120753, "running_time": 54.04496192932129}, "min_max_surrogate_relaxation": {"max_delay": 0.12233316560478175, "lower_bound": 0.05452038361102228, "running_time": 293.2412624359131}, "min_max_equal_weight": {"max_delay": 0.13077241598065462, "running_time": 38.03110122680664}, "min_max_pulp": {"max_delay": 0.10317798598120753, "running_time": 12660.418510437012}}, "50": {"num_user": 100, "num_service": 41, "min_max_greedy": {"max_delay": 0.056822090667154386, "running_time": 77.06284523010254}, "min_max_surrogate_relaxation": {"max_delay": 0.061061042395577636, "lower_bound": 0.03221518579465078, "running_time": 408.33592414855957}, "min_max_equal_weight": {"max_delay": 0.061061042395577636, "running_time": 39.0317440032959}, "min_max_pulp": {"max_delay": 0.056822090667154386, "running_time": 16668.75410079956}}, "60": {"num_user": 100, "num_service": 41, "min_max_greedy": {"max_delay": 0.050286399627304974, "running_time": 103.08480262756348}, "min_max_surrogate_relaxation": {"max_delay": 0.055048594201611734, "lower_bound": 0.03194598376141365, "running_time": 990.8151626586914}, "min_max_equal_weight": {"max_delay": 0.051706393351933444, "running_time": 41.03350639343262}, "min_max_pulp": {"max_delay": 0.046323483043946886, "running_time": 21309.53621864319}}, "70": {"num_user": 100, "num_service": 41, "min_max_greedy": {"max_delay": 0.03752539554010097, "running_time": 141.11685752868652}, "min_max_surrogate_relaxation": {"max_delay": 0.042964920414893734, "lower_bound": 0.025836001955070936, "running_time": 699.5761394500732}, "min_max_equal_weight": {"max_delay": 0.04501894327516949, "running_time": 41.03350639343262}, "min_max_pulp": {"max_delay": 0.03752539554010097, "running_time": 26203.563690185547}}, "80": {"num_user": 100, "num_service": 41, "min_max_greedy": {"max_delay": 0.03572158949337018, "running_time": 162.11676597595215}, "min_max_surrogate_relaxation": {"max_delay": 0.05265450680701263, "lower_bound": 0.010918388659430685, "running_time": 324.2666721343994}, "min_max_equal_weight": {"max_delay": 0.03594032937659046, "running_time": 42.03438758850098}, "min_max_pulp": {"max_delay": 0.034136523329859676, "running_time": 32097.413778305054}}, "90": {"num_user": 100, "num_service": 41, "min_max_greedy": {"max_delay": 0.03087682781209537, "running_time": 202.16631889343262}, "min_max_surrogate_relaxation": {"max_delay": 0.034136523329859676, "lower_bound": 0.01678917567758045, "running_time": 828.6817073822021}, "min_max_equal_weight": {"max_delay": 0.034358141381768355, "running_time": 44.0363883972168}, "min_max_pulp": {"max_delay": 0.03087682781209537, "running_time": 39021.11196517944}}, "100": {"num_user": 100, "num_service": 41, "min_max_greedy": {"max_delay": 0.028575412722152346, "running_time": 225.18539428710938}, "min_max_surrogate_relaxation": {"max_delay": 0.0336081247039726, "lower_bound": 0.013724094774029024, "running_time": 876.7216205596924}, "min_max_equal_weight": {"max_delay": 0.03385758781597208, "running_time": 44.036865234375}, "min_max_pulp": {"max_delay": 0.025448725149838973, "running_time": 42553.01904678345}}}