{"entropy": 154644365459417830559285547975899160318, "10": {"num_user": 100, "num_service": 41, "min_max_greedy": {"max_delay": 0.527630653765248, "running_time": 39.0322208404541}, "min_max_surrogate_relaxation": {"max_delay": 0.5280963183178038, "lower_bound": 0.36743233675619313, "running_time": 280.2307605743408}, "min_max_equal_weight": {"max_delay": 0.5280963183178038, "running_time": 39.031982421875}, "min_max_pulp": {"max_delay": 0.527630653765248, "running_time": 2947.425365447998}}, "20": {"num_user": 100, "num_service": 41, "min_max_greedy": {"max_delay": 0.4060684530423522, "running_time": 55.045127868652344}, "min_max_surrogate_relaxation": {"max_delay": 0.5249687793291303, "lower_bound": 0.37146124248838697, "running_time": 385.3168487548828}, "min_max_equal_weight": {"max_delay": 0.4060684530423522, "running_time": 41.033267974853516}, "min_max_pulp": {"max_delay": 0.4060684530423522, "running_time": 5927.878379821777}}, "30": {"num_user": 100, "num_service": 41, "min_max_greedy": {"max_delay": 0.3837260266175415, "running_time": 100.10910034179688}, "min_max_surrogate_relaxation": {"max_delay": 0.4010460555277541, "lower_bound": 0.37103278068710643, "running_time": 503.4141540527344}, "min_max_equal_weight": {"max_delay": 0.4034424744013429, "running_time": 40.03286361694336}, "min_max_pulp": {"max_delay": 0.3837260266175415, "running_time": 8989.397764205933}}, "40": {"num_user": 100, "num_service": 41, "min_max_greedy": {"max_delay": 0.38024789397900843, "running_time": 118.09778213500977}, "min_max_surrogate_relaxation": {"max_delay": 0.3962755369410931, "lower_bound": 0.36792917668961495, "running_time": 635.5252265930176}, "min_max_equal_weight": {"max_delay": 0.4060684530423522, "running_time": 40.03310203552246}, "min_max_pulp": {"max_delay": 0.37810106335234345, "running_time": 13374.006032943726}}, "50": {"num_user": 100, "num_service": 41, "min_max_greedy": {"max_delay": 0.3756135037469767, "running_time": 159.13105010986328}, "min_max_surrogate_relaxation": {"max_delay": 0.285148818559151, "lower_bound": 0.2279208436963011, "running_time": 742.6114082336426}, "min_max_equal_weight": {"max_delay": 0.4034424744013429, "running_time": 42.03462600708008}, "min_max_pulp": {"max_delay": 0.2557898454150178, "running_time": 16623.679876327515}}, "60": {"num_user": 100, "num_service": 41, "min_max_greedy": {"max_delay": 0.15148369699985503, "running_time": 81.06684684753418}, "min_max_surrogate_relaxation": {"max_delay": 0.17073203744179893, "lower_bound": 0.17764545899915396, "running_time": 524.4314670562744}, "min_max_equal_weight": {"max_delay": 0.37812347568566324, "running_time": 42.03462600708008}, "min_max_pulp": {"max_delay": 0.15148369699985503, "running_time": 21820.95742225647}}, "70": {"num_user": 100, "num_service": 41, "min_max_greedy": {"max_delay": 0.10431502314611565, "running_time": 87.07141876220703}, "min_max_surrogate_relaxation": {"max_delay": 0.15098408071743286, "lower_bound": 0.06245434334890578, "running_time": 419.344425201416}, "min_max_equal_weight": {"max_delay": 0.37812347568566324, "running_time": 44.036149978637695}, "min_max_pulp": {"max_delay": 0.10431502314611565, "running_time": 26052.438497543335}}, "80": {"num_user": 100, "num_service": 41, "min_max_greedy": {"max_delay": 0.07721740573613524, "running_time": 118.05915832519531}, "min_max_surrogate_relaxation": {"max_delay": 0.1062394600105323, "lower_bound": 0.053774007180935376, "running_time": 539.4270420074463}, "min_max_equal_weight": {"max_delay": 0.1062394600105323, "running_time": 41.03398323059082}, "min_max_pulp": {"max_delay": 0.0734555123355499, "running_time": 31046.54812812805}}, "90": {"num_user": 100, "num_service": 41, "min_max_greedy": {"max_delay": 0.0699083723626389, "running_time": 142.11750030517578}, "min_max_surrogate_relaxation": {"max_delay": 0.08321358769386647, "lower_bound": 0.04095932062823576, "running_time": 551.4540672302246}, "min_max_equal_weight": {"max_delay": 0.06942693366728128, "running_time": 41.03350639343262}, "min_max_pulp": {"max_delay": 0.06805226273999437, "running_time": 36557.08384513855}}, "100": {"num_user": 100, "num_service": 41, "min_max_greedy": {"max_delay": 0.067334033854963, "running_time": 188.154935836792}, "min_max_surrogate_relaxation": {"max_delay": 0.08252024207130473, "lower_bound": 0.0338275685899273, "running_time": 685.5640411376953}, "min_max_equal_weight": {"max_delay": 0.06942693366728128, "running_time": 42.03438758850098}, "min_max_pulp": {"max_delay": 0.06534204062347257, "running_time": 42918.31874847412}}}