{"entropy": 274148318279681144461518640624249566725, "10": {"num_user": 100, "num_service": 41, "min_max_greedy": {"max_delay": 0.08145032911532522, "running_time": 48.03943634033203}, "min_max_surrogate_relaxation": {"max_delay": 0.08145032911532522, "lower_bound": 0.07022657174850858, "running_time": 482.39731788635254}, "min_max_equal_weight": {"max_delay": 0.08145032911532522, "running_time": 39.031982421875}, "min_max_pulp": {"max_delay": 0.08145032911532522, "running_time": 2992.462635040283}}, "20": {"num_user": 100, "num_service": 41, "min_max_greedy": {"max_delay": 0.05868187254541418, "running_time": 87.03970909118652}, "min_max_surrogate_relaxation": {"max_delay": 0.05964457668380656, "lower_bound": 0.04769263521583578, "running_time": 918.7562465667725}, "min_max_equal_weight": {"max_delay": 0.07478480961302325, "running_time": 39.0322208404541}, "min_max_pulp": {"max_delay": 0.0579555021303661, "running_time": 6031.964063644409}}, "30": {"num_user": 100, "num_service": 41, "min_max_greedy": {"max_delay": 0.05009664561566941, "running_time": 126.10387802124023}, "min_max_surrogate_relaxation": {"max_delay": 0.047589972559680636, "lower_bound": 0.03963249606248832, "running_time": 1394.1476345062256}, "min_max_equal_weight": {"max_delay": 0.050324827686074054, "running_time": 40.03286361694336}, "min_max_pulp": {"max_delay": 0.047589972559680636, "running_time": 9249.61233139038}}, "40": {"num_user": 100, "num_service": 41, "min_max_greedy": {"max_delay": 0.04300361972181161, "running_time": 152.12130546569824}, "min_max_surrogate_relaxation": {"max_delay": 0.04467250463358785, "lower_bound": 0.03475744566972617, "running_time": 651.5359878540039}, "min_max_equal_weight": {"max_delay": 0.04415511083432573, "running_time": 42.03462600708008}, "min_max_pulp": {"max_delay": 0.04242637157610242, "running_time": 13567.164897918701}}, "50": {"num_user": 100, "num_service": 41, "min_max_greedy": {"max_delay": 0.038814429112024644, "running_time": 183.1507682800293}, "min_max_surrogate_relaxation": {"max_delay": 0.04677870373155305, "lower_bound": 0.02468648384419212, "running_time": 557.4584007263184}, "min_max_equal_weight": {"max_delay": 0.04315035629706071, "running_time": 43.03550720214844}, "min_max_pulp": {"max_delay": 0.038628656460107796, "running_time": 17328.259706497192}}, "60": {"num_user": 100, "num_service": 41, "min_max_greedy": {"max_delay": 0.03775394516820525, "running_time": 150.12359619140625}, "min_max_surrogate_relaxation": {"max_delay": 0.03827133896746738, "lower_bound": 0.01943462948304371, "running_time": 974.8020172119141}, "min_max_equal_weight": {"max_delay": 0.04315035629706071, "running_time": 43.03550720214844}, "min_max_pulp": {"max_delay": 0.03320904878857424, "running_time": 21743.893146514893}}, "70": {"num_user": 100, "num_service": 41, "min_max_greedy": {"max_delay": 0.030372952566016076, "running_time": 177.14595794677734}, "min_max_surrogate_relaxation": {"max_delay": 0.030372952566016076, "lower_bound": 0.017350511190450186, "running_time": 731.6019535064697}, "min_max_equal_weight": {"max_delay": 0.04315035629706071, "running_time": 44.05403137207031}, "min_max_pulp": {"max_delay": 0.02936819802875107, "running_time": 27496.628046035767}}, "80": {"num_user": 100, "num_service": 41, "min_max_greedy": {"max_delay": 0.0253845620338281, "running_time": 190.1562213897705}, "min_max_surrogate_relaxation": {"max_delay": 0.03272727641526779, "lower_bound": 0.01404675548968371, "running_time": 743.61252784729}, "min_max_equal_weight": {"max_delay": 0.02936819802875107, "running_time": 43.03550720214844}, "min_max_pulp": {"max_delay": 0.025252301965787427, "running_time": 32594.822883605957}}, "90": {"num_user": 100, "num_service": 41, "min_max_greedy": {"max_delay": 0.024476124388671423, "running_time": 215.1772975921631}, "min_max_surrogate_relaxation": {"max_delay": 0.027811786011290952, "lower_bound": 0.013399460891085879, "running_time": 1075.88529586792}, "min_max_equal_weight": {"max_delay": 0.02557523098946048, "running_time": 44.0363883972168}, "min_max_pulp": {"max_delay": 0.021586846917833476, "running_time": 38412.623167037964}}, "100": {"num_user": 100, "num_service": 41, "min_max_greedy": {"max_delay": 0.020833444487230235, "running_time": 255.21016120910645}, "min_max_surrogate_relaxation": {"max_delay": 0.025714662016013527, "lower_bound": 0.012202046428910717, "running_time": 1077.8672695159912}, "min_max_equal_weight": {"max_delay": 0.02043394493956406, "running_time": 45.037031173706055}, "min_max_pulp": {"max_delay": 0.02004246944577172, "running_time": 44352.49948501587}}}