{"entropy": 291964238004061991679025524929357240093, "10": {"num_user": 100, "num_service": 41, "min_max_greedy": {"max_delay": 0.10290025641095545, "running_time": 40.03262519836426}, "min_max_surrogate_relaxation": {"max_delay": 0.10290025641095545, "lower_bound": 0.09641455468493812, "running_time": 565.4652118682861}, "min_max_equal_weight": {"max_delay": 0.11100323694443492, "running_time": 39.031982421875}, "min_max_pulp": {"max_delay": 0.10290025641095545, "running_time": 4172.433614730835}}, "20": {"num_user": 100, "num_service": 41, "min_max_greedy": {"max_delay": 0.08924947607797303, "running_time": 88.03772926330566}, "min_max_surrogate_relaxation": {"max_delay": 0.08924947607797303, "lower_bound": 0.08244766181222371, "running_time": 824.6786594390869}, "min_max_equal_weight": {"max_delay": 0.09733955847565388, "running_time": 41.03374481201172}, "min_max_pulp": {"max_delay": 0.08924947607797303, "running_time": 8652.120113372803}}, "30": {"num_user": 100, "num_service": 41, "min_max_greedy": {"max_delay": 0.08274735613073037, "running_time": 101.08327865600586}, "min_max_surrogate_relaxation": {"max_delay": 0.08274735613073037, "lower_bound": 0.07516327455213657, "running_time": 984.8103523254395}, "min_max_equal_weight": {"max_delay": 0.08924947607797303, "running_time": 41.03422164916992}, "min_max_pulp": {"max_delay": 0.08158368251449072, "running_time": 14401.851415634155}}, "40": {"num_user": 100, "num_service": 41, "min_max_greedy": {"max_delay": 0.07702309352194871, "running_time": 150.12383460998535}, "min_max_surrogate_relaxation": {"max_delay": 0.08193600958847921, "lower_bound": 0.03648874584283941, "running_time": 313.25769424438477}, "min_max_equal_weight": {"max_delay": 0.08314524690571334, "running_time": 42.03462600708008}, "min_max_pulp": {"max_delay": 0.04025306014908772, "running_time": 20205.62767982483}}, "50": {"num_user": 100, "num_service": 41, "min_max_greedy": {"max_delay": 0.03677725023317506, "running_time": 106.08673095703125}, "min_max_surrogate_relaxation": {"max_delay": 0.04286635411264737, "lower_bound": 0.017482961392662394, "running_time": 331.2723636627197}, "min_max_equal_weight": {"max_delay": 0.07729158231843435, "running_time": 43.035030364990234}, "min_max_pulp": {"max_delay": 0.03408708585608401, "running_time": 26576.871633529663}}, "60": {"num_user": 100, "num_service": 41, "min_max_greedy": {"max_delay": 0.03188349596896603, "running_time": 130.10692596435547}, "min_max_surrogate_relaxation": {"max_delay": 0.03520897654312133, "lower_bound": 0.017165216110186562, "running_time": 466.3832187652588}, "min_max_equal_weight": {"max_delay": 0.035337316602270276, "running_time": 41.03350639343262}, "min_max_pulp": {"max_delay": 0.029069390047040587, "running_time": 34102.06389427185}}, "70": {"num_user": 100, "num_service": 41, "min_max_greedy": {"max_delay": 0.02622543948158681, "running_time": 158.12969207763672}, "min_max_surrogate_relaxation": {"max_delay": 0.03243645548391201, "lower_bound": 0.015085954721398776, "running_time": 617.5079345703125}, "min_max_equal_weight": {"max_delay": 0.02729646863923486, "running_time": 42.03438758850098}, "min_max_pulp": {"max_delay": 0.025068500874232923, "running_time": 42244.79579925537}}, "80": {"num_user": 100, "num_service": 41, "min_max_greedy": {"max_delay": 0.02282348886451296, "running_time": 182.15203285217285}, "min_max_surrogate_relaxation": {"max_delay": 0.03343218928491422, "lower_bound": 0.013304937417412102, "running_time": 638.5254859924316}, "min_max_equal_weight": {"max_delay": 0.027098879083823788, "running_time": 43.06507110595703}, "min_max_pulp": {"max_delay": 0.022078407225327553, "running_time": 51649.5041847229}}, "90": {"num_user": 100, "num_service": 41, "min_max_greedy": {"max_delay": 0.0214009892473246, "running_time": 211.17377281188965}, "min_max_surrogate_relaxation": {"max_delay": 0.027945115987632135, "lower_bound": 0.013763611317697424, "running_time": 643.5291767120361}, "min_max_equal_weight": {"max_delay": 0.025250521446955578, "running_time": 45.03750801086426}, "min_max_pulp": {"max_delay": 0.020693809025376094, "running_time": 62552.47712135315}}, "100": {"num_user": 100, "num_service": 41, "min_max_greedy": {"max_delay": 0.020777221435137452, "running_time": 250.15926361083984}, "min_max_surrogate_relaxation": {"max_delay": 0.020815495403924508, "lower_bound": 0.013803729095675354, "running_time": 1195.984125137329}, "min_max_equal_weight": {"max_delay": 0.025179622205881026, "running_time": 47.03855514526367}, "min_max_pulp": {"max_delay": 0.01946260068478847, "running_time": 75091.79544448853}}}