{"entropy": 275799823282606628593525744301850763174, "10": {"num_user": 300, "num_service": 41, "min_max_greedy": {"max_delay": 0.23030564050749439, "running_time": 397.88126945495605}, "min_max_surrogate_relaxation": {"max_delay": 0.22561962283343318, "lower_bound": 0.20091139642983266, "running_time": 6451.653003692627}, "min_max_equal_weight": {"max_delay": 0.22853428104282034, "running_time": 360.86368560791016}, "min_max_pulp": {"max_delay": 0.22561962283343318, "running_time": 41690.99831581116}}, "20": {"num_user": 300, "num_service": 41, "min_max_greedy": {"max_delay": 0.202323603974314, "running_time": 633.3577632904053}, "min_max_surrogate_relaxation": {"max_delay": 0.20579705057169273, "lower_bound": 0.18123659569402567, "running_time": 6487.490892410278}, "min_max_equal_weight": {"max_delay": 0.21260454061112294, "running_time": 372.2825050354004}, "min_max_pulp": {"max_delay": 0.20061021380169317, "running_time": 84778.16557884216}}, "30": {"num_user": 300, "num_service": 41, "min_max_greedy": {"max_delay": 0.1782715037378903, "running_time": 1187.9775524139404}, "min_max_surrogate_relaxation": {"max_delay": 0.1750992276074872, "lower_bound": 0.17139655272208948, "running_time": 15693.253755569458}, "min_max_equal_weight": {"max_delay": 0.18720378442109079, "running_time": 365.30065536499023}, "min_max_pulp": {"max_delay": 0.1750992276074872, "running_time": 126781.45480155945}}, "40": {"num_user": 300, "num_service": 41, "min_max_greedy": {"max_delay": 0.1722517211812559, "running_time": 1610.4776859283447}, "min_max_surrogate_relaxation": {"max_delay": 0.172059814808678, "lower_bound": 0.168695990869845, "running_time": 18032.431602478027}, "min_max_equal_weight": {"max_delay": 0.17308805852118933, "running_time": 371.3052272796631}, "min_max_pulp": {"max_delay": 0.17142097372542012, "running_time": 177007.1415901184}}, "50": {"num_user": 300, "num_service": 41, "min_max_greedy": {"max_delay": 0.1707125558562788, "running_time": 2035.6113910675049}, "min_max_surrogate_relaxation": {"max_delay": 0.11225664054535903, "lower_bound": 0.16222487578255218, "running_time": 3741.107940673828}, "min_max_equal_weight": {"max_delay": 0.17152139939984307, "running_time": 386.3177299499512}, "min_max_pulp": {"max_delay": 0.108363808715316, "running_time": 232892.51947402954}}, "60": {"num_user": 300, "num_service": 41, "min_max_greedy": {"max_delay": 0.1702956121252193, "running_time": 2276.873826980591}, "min_max_surrogate_relaxation": {"max_delay": 0.0862562641726369, "lower_bound": 0.08098185389827274, "running_time": 2758.108615875244}, "min_max_equal_weight": {"max_delay": 0.16977056392644763, "running_time": 377.31051445007324}, "min_max_pulp": {"max_delay": 0.074520869159343, "running_time": 291858.45828056335}}, "70": {"num_user": 300, "num_service": 41, "min_max_greedy": {"max_delay": 0.1679772437431051, "running_time": 2698.558807373047}, "min_max_surrogate_relaxation": {"max_delay": 0.05469829689760255, "lower_bound": 0.04141531123479421, "running_time": 3978.4669876098633}, "min_max_equal_weight": {"max_delay": 0.16977056392644763, "running_time": 396.32558822631836}, "min_max_pulp": {"max_delay": 0.05469829689760255, "running_time": 357216.1726951599}}, "80": {"num_user": 300, "num_service": 41, "min_max_greedy": {"max_delay": 0.03890775409850434, "running_time": 1522.6154327392578}, "min_max_surrogate_relaxation": {"max_delay": 0.06702839563510474, "lower_bound": 0.02939390291335913, "running_time": 4741.513729095459}, "min_max_equal_weight": {"max_delay": 0.16909821042969736, "running_time": 386.5211009979248}, "min_max_pulp": {"max_delay": 0.03800586260967109, "running_time": 427175.9901046753}}, "90": {"num_user": 300, "num_service": 41, "min_max_greedy": {"max_delay": 0.03728539620602543, "running_time": 1841.5157794952393}, "min_max_surrogate_relaxation": {"max_delay": 0.05732365612213941, "lower_bound": 0.027029276728374435, "running_time": 4901.073217391968}, "min_max_equal_weight": {"max_delay": 0.03761714071184642, "running_time": 382.31396675109863}, "min_max_pulp": {"max_delay": 0.03605239854528106, "running_time": 509292.0515537262}}, "100": {"num_user": 300, "num_service": 41, "min_max_greedy": {"max_delay": 0.0353285635428876, "running_time": 2160.778284072876}, "min_max_surrogate_relaxation": {"max_delay": 0.03723941805097314, "lower_bound": 0.024938801662817697, "running_time": 7283.013343811035}, "min_max_equal_weight": {"max_delay": 0.03740766408038592, "running_time": 393.83792877197266}, "min_max_pulp": {"max_delay": 0.03372430888180339, "running_time": 593709.5844745636}}}