{"entropy": 78831303826351032088833454923877357355, "10": {"num_user": 16, "num_service": 21, "min_max_greedy": {"max_delay": 0.14762083538815657, "running_time": 1.0006427764892578}, "min_max_nn": {"max_delay": 0.17341035665960008, "running_time": 17.0137882232666}}, "20": {"num_user": 16, "num_service": 21, "min_max_greedy": {"max_delay": 0.06237334000824846, "running_time": 2.0012855529785156}, "min_max_nn": {"max_delay": 0.06814189991459275, "running_time": 32.026052474975586}}, "30": {"num_user": 16, "num_service": 21, "min_max_greedy": {"max_delay": 0.053949031562415366, "running_time": 1.001119613647461}, "min_max_nn": {"max_delay": 0.06814189991459275, "running_time": 45.03750801086426}}, "40": {"num_user": 16, "num_service": 21, "min_max_greedy": {"max_delay": 0.04047117046956614, "running_time": 2.0017623901367188}, "min_max_nn": {"max_delay": 0.05438451020050031, "running_time": 55.045366287231445}}, "50": {"num_user": 16, "num_service": 21, "min_max_greedy": {"max_delay": 0.03297608983070726, "running_time": 2.0017623901367188}, "min_max_nn": {"max_delay": 0.05966760429938388, "running_time": 63.05193901062012}}, "60": {"num_user": 16, "num_service": 21, "min_max_greedy": {"max_delay": 0.022590310510964946, "running_time": 2.001523971557617}, "min_max_nn": {"max_delay": 0.03869580602788296, "running_time": 78.06873321533203}}, "70": {"num_user": 16, "num_service": 21, "min_max_greedy": {"max_delay": 0.017070744788818315, "running_time": 2.001523971557617}, "min_max_nn": {"max_delay": 0.04397890012676653, "running_time": 80.06668090820312}}, "80": {"num_user": 16, "num_service": 21, "min_max_greedy": {"max_delay": 0.013368737309817844, "running_time": 3.0024051666259766}, "min_max_nn": {"max_delay": 0.0384593344046199, "running_time": 89.07365798950195}}, "90": {"num_user": 16, "num_service": 21, "min_max_greedy": {"max_delay": 0.009564197222065439, "running_time": 3.0024051666259766}, "min_max_nn": {"max_delay": 0.020987128968986545, "running_time": 102.08463668823242}}, "100": {"num_user": 16, "num_service": 21, "min_max_greedy": {"max_delay": 0.009111257332932226, "running_time": 4.003286361694336}, "min_max_nn": {"max_delay": 0.015558838823421635, "running_time": 112.09273338317871}}}