{"entropy": 139831373888919987753939650174238699492, "10": {"num_user": 16, "num_service": 21, "min_max_greedy": {"max_delay": 0.049167797665960807, "running_time": 1.0008811950683594}, "min_max_nn": {"max_delay": 0.08044064652110859, "running_time": 21.01755142211914}}, "20": {"num_user": 16, "num_service": 21, "min_max_greedy": {"max_delay": 0.04193337582492248, "running_time": 2.0012855529785156}, "min_max_nn": {"max_delay": 0.10552767938757973, "running_time": 27.022361755371094}}, "30": {"num_user": 16, "num_service": 21, "min_max_greedy": {"max_delay": 0.039926311361486645, "running_time": 1.0006427764892578}, "min_max_nn": {"max_delay": 0.093416018378631, "running_time": 38.031578063964844}}, "40": {"num_user": 16, "num_service": 21, "min_max_greedy": {"max_delay": 0.028456240891999655, "running_time": 2.0017623901367188}, "min_max_nn": {"max_delay": 0.04604362909908941, "running_time": 59.04841423034668}}, "50": {"num_user": 16, "num_service": 21, "min_max_greedy": {"max_delay": 0.017060995739363663, "running_time": 2.0017623901367188}, "min_max_nn": {"max_delay": 0.03704122724747383, "running_time": 69.05674934387207}}, "60": {"num_user": 16, "num_service": 21, "min_max_greedy": {"max_delay": 0.013495233930469988, "running_time": 2.0012855529785156}, "min_max_nn": {"max_delay": 0.027583137899691496, "running_time": 76.06267929077148}}, "70": {"num_user": 16, "num_service": 21, "min_max_greedy": {"max_delay": 0.008945943503166982, "running_time": 3.0019283294677734}, "min_max_nn": {"max_delay": 0.027583137899691496, "running_time": 82.06796646118164}}, "80": {"num_user": 16, "num_service": 21, "min_max_greedy": {"max_delay": 0.007615353948504513, "running_time": 3.0024051666259766}, "min_max_nn": {"max_delay": 0.02493525378852078, "running_time": 102.08439826965332}}, "90": {"num_user": 16, "num_service": 21, "min_max_greedy": {"max_delay": 0.005587713492064811, "running_time": 5.004644393920898}, "min_max_nn": {"max_delay": 0.02493525378852078, "running_time": 121.09994888305664}}, "100": {"num_user": 16, "num_service": 21, "min_max_greedy": {"max_delay": 0.004600966872147358, "running_time": 4.0035247802734375}, "min_max_nn": {"max_delay": 0.02517426195204425, "running_time": 127.1049976348877}}}