{"entropy": 317883249586984064620923111861066221304, "10": {"num_user": 16, "num_service": 21, "min_max_greedy": {"max_delay": 0.09894168159429921, "running_time": 1.0008811950683594}, "min_max_nn": {"max_delay": 0.10156027365404348, "running_time": 26.02410316467285}}, "20": {"num_user": 16, "num_service": 21, "min_max_greedy": {"max_delay": 0.05724522007398341, "running_time": 1.0008811950683594}, "min_max_nn": {"max_delay": 0.1894961018241463, "running_time": 16.013383865356445}}, "30": {"num_user": 16, "num_service": 21, "min_max_greedy": {"max_delay": 0.04707383539912108, "running_time": 2.001523971557617}, "min_max_nn": {"max_delay": 0.06215691914933882, "running_time": 36.03196144104004}}, "40": {"num_user": 16, "num_service": 21, "min_max_greedy": {"max_delay": 0.04032262246121646, "running_time": 2.0017623901367188}, "min_max_nn": {"max_delay": 0.10100263954156193, "running_time": 28.02443504333496}}, "50": {"num_user": 16, "num_service": 21, "min_max_greedy": {"max_delay": 0.032031209161892615, "running_time": 3.0024051666259766}, "min_max_nn": {"max_delay": 0.18711179439949963, "running_time": 24.02019500732422}}, "60": {"num_user": 16, "num_service": 21, "min_max_greedy": {"max_delay": 0.02016189107301869, "running_time": 2.001523971557617}, "min_max_nn": {"max_delay": 0.07391897974766655, "running_time": 38.03300857543945}}, "70": {"num_user": 16, "num_service": 21, "min_max_greedy": {"max_delay": 0.014114720596563093, "running_time": 3.002166748046875}, "min_max_nn": {"max_delay": 0.05737408857777597, "running_time": 46.041011810302734}}, "80": {"num_user": 16, "num_service": 21, "min_max_greedy": {"max_delay": 0.012086923715441648, "running_time": 3.001689910888672}, "min_max_nn": {"max_delay": 0.04492782149525065, "running_time": 62.05630302429199}}, "90": {"num_user": 16, "num_service": 21, "min_max_greedy": {"max_delay": 0.007798359790200269, "running_time": 4.003763198852539}, "min_max_nn": {"max_delay": 0.037338333054141304, "running_time": 72.05963134765625}}, "100": {"num_user": 16, "num_service": 21, "min_max_greedy": {"max_delay": 0.006893835782668423, "running_time": 5.002498626708984}, "min_max_nn": {"max_delay": 0.023116090482832294, "running_time": 91.07518196105957}}}