{"entropy": 162637151714768163629857437640784526764, "10": {"num_user": 16, "num_service": 21, "min_max_greedy": {"max_delay": 0.42312840181833244, "running_time": 1.0004043579101562}, "min_max_nn": {"max_delay": 0.42312840181833244, "running_time": 14.011383056640625}}, "20": {"num_user": 16, "num_service": 21, "min_max_greedy": {"max_delay": 0.07525978180964188, "running_time": 1.0001659393310547}, "min_max_nn": {"max_delay": 0.1013580194990698, "running_time": 25.020599365234375}}, "30": {"num_user": 16, "num_service": 21, "min_max_greedy": {"max_delay": 0.059301035946656984, "running_time": 2.0020008087158203}, "min_max_nn": {"max_delay": 0.08257696850809282, "running_time": 35.02917289733887}}, "40": {"num_user": 16, "num_service": 21, "min_max_greedy": {"max_delay": 0.048612244621765645, "running_time": 1.0006427764892578}, "min_max_nn": {"max_delay": 0.07931838518152624, "running_time": 43.03717613220215}}, "50": {"num_user": 16, "num_service": 21, "min_max_greedy": {"max_delay": 0.04540761559465442, "running_time": 2.0017623901367188}, "min_max_nn": {"max_delay": 0.045091936214914925, "running_time": 53.045034408569336}}, "60": {"num_user": 16, "num_service": 21, "min_max_greedy": {"max_delay": 0.032669937480340194, "running_time": 2.0017623901367188}, "min_max_nn": {"max_delay": 0.032307726696204485, "running_time": 56.046485900878906}}, "70": {"num_user": 16, "num_service": 21, "min_max_greedy": {"max_delay": 0.02109094149349731, "running_time": 2.0017623901367188}, "min_max_nn": {"max_delay": 0.029181556067115172, "running_time": 74.06115531921387}}, "80": {"num_user": 16, "num_service": 21, "min_max_greedy": {"max_delay": 0.016244797747079945, "running_time": 3.0014514923095703}, "min_max_nn": {"max_delay": 0.028044057959600098, "running_time": 84.06949043273926}}, "90": {"num_user": 16, "num_service": 21, "min_max_greedy": {"max_delay": 0.0148521768349727, "running_time": 3.002643585205078}, "min_max_nn": {"max_delay": 0.02068683524185765, "running_time": 89.07580375671387}}, "100": {"num_user": 16, "num_service": 21, "min_max_greedy": {"max_delay": 0.009857030515495574, "running_time": 3.0024051666259766}, "min_max_nn": {"max_delay": 0.01896160829769688, "running_time": 97.07498550415039}}}