{"entropy": 41498766766684290630806014920302208651, "10": {"num_user": 16, "num_service": 21, "min_max_greedy": {"max_delay": 0.06871195748018011, "running_time": 1.0008811950683594}, "min_max_nn": {"max_delay": 0.08127530906265602, "running_time": 17.014026641845703}}, "20": {"num_user": 16, "num_service": 21, "min_max_greedy": {"max_delay": 0.06430132795963364, "running_time": 1.0006427764892578}, "min_max_nn": {"max_delay": 0.07508862009685123, "running_time": 21.017074584960938}}, "30": {"num_user": 16, "num_service": 21, "min_max_greedy": {"max_delay": 0.051140370164771645, "running_time": 2.0017623901367188}, "min_max_nn": {"max_delay": 0.06871195748018011, "running_time": 32.02652931213379}}, "40": {"num_user": 16, "num_service": 21, "min_max_greedy": {"max_delay": 0.03577798736025836, "running_time": 2.0020008087158203}, "min_max_nn": {"max_delay": 0.056338864028756465, "running_time": 38.03133964538574}}, "50": {"num_user": 16, "num_service": 21, "min_max_greedy": {"max_delay": 0.031723774477650325, "running_time": 1.9998550415039062}, "min_max_nn": {"max_delay": 0.056338864028756465, "running_time": 46.03767395019531}}, "60": {"num_user": 16, "num_service": 21, "min_max_greedy": {"max_delay": 0.02704313111676238, "running_time": 2.001523971557617}, "min_max_nn": {"max_delay": 0.056338864028756465, "running_time": 58.04777145385742}}, "70": {"num_user": 16, "num_service": 21, "min_max_greedy": {"max_delay": 0.015038591059309136, "running_time": 2.001523971557617}, "min_max_nn": {"max_delay": 0.056338864028756465, "running_time": 66.0548210144043}}, "80": {"num_user": 16, "num_service": 21, "min_max_greedy": {"max_delay": 0.011452043410688239, "running_time": 2.0017623901367188}, "min_max_nn": {"max_delay": 0.05318928616687826, "running_time": 79.06556129455566}}, "90": {"num_user": 16, "num_service": 21, "min_max_greedy": {"max_delay": 0.00985318519247214, "running_time": 3.002643585205078}, "min_max_nn": {"max_delay": 0.03681367110318097, "running_time": 79.06508445739746}}, "100": {"num_user": 16, "num_service": 21, "min_max_greedy": {"max_delay": 0.008045637351159653, "running_time": 3.002166748046875}, "min_max_nn": {"max_delay": 0.025019185501858658, "running_time": 85.07013320922852}}}