{"entropy": 213033303540269747024781740231103135543, "10": {"num_user": 16, "num_service": 21, "min_max_greedy": {"max_delay": 0.12242468659672062, "running_time": 1.0006427764892578}, "min_max_nn": {"max_delay": 0.15135297872915052, "running_time": 17.014265060424805}}, "20": {"num_user": 16, "num_service": 21, "min_max_greedy": {"max_delay": 0.06973552593144922, "running_time": 1.0046958923339844}, "min_max_nn": {"max_delay": 0.10570689297301816, "running_time": 24.019718170166016}}, "30": {"num_user": 16, "num_service": 21, "min_max_greedy": {"max_delay": 0.04720868906385804, "running_time": 2.0020008087158203}, "min_max_nn": {"max_delay": 0.06123475599578655, "running_time": 38.031578063964844}}, "40": {"num_user": 16, "num_service": 21, "min_max_greedy": {"max_delay": 0.04437370275566399, "running_time": 2.0020008087158203}, "min_max_nn": {"max_delay": 0.062126654205418894, "running_time": 42.03486442565918}}, "50": {"num_user": 16, "num_service": 21, "min_max_greedy": {"max_delay": 0.03604000350683307, "running_time": 2.0012855529785156}, "min_max_nn": {"max_delay": 0.0402463626115774, "running_time": 53.04384231567383}}, "60": {"num_user": 16, "num_service": 21, "min_max_greedy": {"max_delay": 0.025923225725704106, "running_time": 2.0012855529785156}, "min_max_nn": {"max_delay": 0.03604000350683307, "running_time": 67.05546379089355}}, "70": {"num_user": 16, "num_service": 21, "min_max_greedy": {"max_delay": 0.017516809332100623, "running_time": 2.0017623901367188}, "min_max_nn": {"max_delay": 0.029348384088340576, "running_time": 68.05920600891113}}, "80": {"num_user": 16, "num_service": 21, "min_max_greedy": {"max_delay": 0.013284893199311917, "running_time": 2.001523971557617}, "min_max_nn": {"max_delay": 0.0212334264960302, "running_time": 78.0642032623291}}, "90": {"num_user": 16, "num_service": 21, "min_max_greedy": {"max_delay": 0.010672199806368661, "running_time": 3.002643585205078}, "min_max_nn": {"max_delay": 0.01947924729618218, "running_time": 11508.501768112183}}, "100": {"num_user": 16, "num_service": 21, "min_max_greedy": {"max_delay": 0.0081118323837558, "running_time": 4.003286361694336}, "min_max_nn": {"max_delay": 0.018790216127442614, "running_time": 103.08527946472168}}}