{"entropy": 321695769946302366248906363828512971962, "10": {"num_user": 16, "num_service": 21, "min_max_greedy": {"max_delay": 0.08268884812912629, "running_time": 0.0}, "min_max_nn": {"max_delay": 0.08446107012473823, "running_time": 18.014192581176758}}, "20": {"num_user": 16, "num_service": 21, "min_max_greedy": {"max_delay": 0.04941447224599067, "running_time": 1.0006427764892578}, "min_max_nn": {"max_delay": 0.05345834417219273, "running_time": 38.03086280822754}}, "30": {"num_user": 16, "num_service": 21, "min_max_greedy": {"max_delay": 0.04177120304537844, "running_time": 1.001119613647461}, "min_max_nn": {"max_delay": 0.04941447224599067, "running_time": 41.03398323059082}}, "40": {"num_user": 16, "num_service": 21, "min_max_greedy": {"max_delay": 0.03048086877589037, "running_time": 3.002643585205078}, "min_max_nn": {"max_delay": 0.047423193640428345, "running_time": 48.03943634033203}}, "50": {"num_user": 16, "num_service": 21, "min_max_greedy": {"max_delay": 0.023953743952940056, "running_time": 2.0012855529785156}, "min_max_nn": {"max_delay": 0.04013593114350959, "running_time": 44.04163360595703}}, "60": {"num_user": 16, "num_service": 21, "min_max_greedy": {"max_delay": 0.01968369711721726, "running_time": 2.001523971557617}, "min_max_nn": {"max_delay": 0.04398875665708629, "running_time": 45.037269592285156}}, "70": {"num_user": 16, "num_service": 21, "min_max_greedy": {"max_delay": 0.021532501713814965, "running_time": 2.0017623901367188}, "min_max_nn": {"max_delay": 0.03814465253794726, "running_time": 54.044246673583984}}, "80": {"num_user": 16, "num_service": 21, "min_max_greedy": {"max_delay": 0.019410967527064952, "running_time": 2.001523971557617}, "min_max_nn": {"max_delay": 0.03320999500395763, "running_time": 61.0506534576416}}, "90": {"num_user": 16, "num_service": 21, "min_max_greedy": {"max_delay": 0.016301906792379545, "running_time": 3.002643585205078}, "min_max_nn": {"max_delay": 0.027037165093690616, "running_time": 78.0642032623291}}, "100": {"num_user": 16, "num_service": 21, "min_max_greedy": {"max_delay": 0.013222201252733585, "running_time": 3.002643585205078}, "min_max_nn": {"max_delay": 0.020016205079463962, "running_time": 90.07406234741211}}}