{"entropy": 84121066029661344375292682955478919306, "10": {"num_user": 16, "num_service": 21, "min_max_greedy": {"max_delay": 0.07840449401123151, "running_time": 1.0030269622802734}, "min_max_nn": {"max_delay": 0.09174438898829396, "running_time": 14.011621475219727}}, "20": {"num_user": 16, "num_service": 21, "min_max_greedy": {"max_delay": 0.04650566564812465, "running_time": 1.0008811950683594}, "min_max_nn": {"max_delay": 0.06661632311782312, "running_time": 24.019718170166016}}, "30": {"num_user": 16, "num_service": 21, "min_max_greedy": {"max_delay": 0.043410745045454474, "running_time": 1.001119613647461}, "min_max_nn": {"max_delay": 0.05061363074834417, "running_time": 31.028032302856445}}, "40": {"num_user": 16, "num_service": 21, "min_max_greedy": {"max_delay": 0.03546184757549008, "running_time": 1.0006427764892578}, "min_max_nn": {"max_delay": 0.04589614235010796, "running_time": 42.03462600708008}}, "50": {"num_user": 16, "num_service": 21, "min_max_greedy": {"max_delay": 0.028010391395497845, "running_time": 2.0017623901367188}, "min_max_nn": {"max_delay": 0.046480475649092856, "running_time": 38.031578063964844}}, "60": {"num_user": 16, "num_service": 21, "min_max_greedy": {"max_delay": 0.027375362814867202, "running_time": 2.001523971557617}, "min_max_nn": {"max_delay": 0.032627115503479534, "running_time": 63.05193901062012}}, "70": {"num_user": 16, "num_service": 21, "min_max_greedy": {"max_delay": 0.020955655957373358, "running_time": 3.0024051666259766}, "min_max_nn": {"max_delay": 0.029402162317905503, "running_time": 71.05827331542969}}, "80": {"num_user": 16, "num_service": 21, "min_max_greedy": {"max_delay": 0.017817865616436692, "running_time": 2.0017623901367188}, "min_max_nn": {"max_delay": 0.029402162317905503, "running_time": 83.0683708190918}}, "90": {"num_user": 16, "num_service": 21, "min_max_greedy": {"max_delay": 0.015092567120500174, "running_time": 3.0024051666259766}, "min_max_nn": {"max_delay": 0.029402162317905503, "running_time": 87.07165718078613}}, "100": {"num_user": 16, "num_service": 21, "min_max_greedy": {"max_delay": 0.011289257796482849, "running_time": 3.002643585205078}, "min_max_nn": {"max_delay": 0.029467539709842644, "running_time": 99.08199310302734}}}