{"entropy": 69184541721306421841588258540855368872, "10": {"num_user": 16, "num_service": 21, "min_max_greedy": {"max_delay": 0.17407987856059798, "running_time": 1.0006427764892578}, "min_max_nn": {"max_delay": 0.17407987856059798, "running_time": 18.01466941833496}}, "20": {"num_user": 16, "num_service": 21, "min_max_greedy": {"max_delay": 0.06031829639698076, "running_time": 2.0017623901367188}, "min_max_nn": {"max_delay": 0.06812494521498923, "running_time": 33.02741050720215}}, "30": {"num_user": 16, "num_service": 21, "min_max_greedy": {"max_delay": 0.047202515841162127, "running_time": 1.0008811950683594}, "min_max_nn": {"max_delay": 0.06031829639698076, "running_time": 27.022361755371094}}, "40": {"num_user": 16, "num_service": 21, "min_max_greedy": {"max_delay": 0.0402717559866665, "running_time": 3.002166748046875}, "min_max_nn": {"max_delay": 0.04860324263281954, "running_time": 38.03420066833496}}, "50": {"num_user": 16, "num_service": 21, "min_max_greedy": {"max_delay": 0.033779746918994734, "running_time": 2.001523971557617}, "min_max_nn": {"max_delay": 0.043990362041444755, "running_time": 39.0322208404541}}, "60": {"num_user": 16, "num_service": 21, "min_max_greedy": {"max_delay": 0.031229863280479647, "running_time": 2.0012855529785156}, "min_max_nn": {"max_delay": 0.043990362041444755, "running_time": 46.0362434387207}}, "70": {"num_user": 16, "num_service": 21, "min_max_greedy": {"max_delay": 0.029186382054326884, "running_time": 2.001523971557617}, "min_max_nn": {"max_delay": 0.042046132568651376, "running_time": 52.04272270202637}}, "80": {"num_user": 16, "num_service": 21, "min_max_greedy": {"max_delay": 0.017109831778425087, "running_time": 2.001523971557617}, "min_max_nn": {"max_delay": 0.04167089978687511, "running_time": 53.041934967041016}}, "90": {"num_user": 16, "num_service": 21, "min_max_greedy": {"max_delay": 0.014295560369468167, "running_time": 3.0024051666259766}, "min_max_nn": {"max_delay": 0.04167089978687511, "running_time": 62.05129623413086}}, "100": {"num_user": 16, "num_service": 21, "min_max_greedy": {"max_delay": 0.009501055956718074, "running_time": 3.0024051666259766}, "min_max_nn": {"max_delay": 0.04167089978687511, "running_time": 74.06115531921387}}}