{"entropy": 210782161256930994269471639366947915433, "10": {"num_user": 16, "num_service": 21, "min_max_greedy": {"max_delay": 0.29900846849937207, "running_time": 0.0}, "min_max_nn": {"max_delay": 0.29900846849937207, "running_time": 10.00833511352539}}, "20": {"num_user": 16, "num_service": 21, "min_max_greedy": {"max_delay": 0.13149070145818909, "running_time": 0.0}, "min_max_nn": {"max_delay": 0.13149070145818909, "running_time": 17.014026641845703}}, "30": {"num_user": 16, "num_service": 21, "min_max_greedy": {"max_delay": 0.06908524373491179, "running_time": 2.0017623901367188}, "min_max_nn": {"max_delay": 0.0721695323772609, "running_time": 29.02388572692871}}, "40": {"num_user": 16, "num_service": 21, "min_max_greedy": {"max_delay": 0.05436242461009439, "running_time": 2.001523971557617}, "min_max_nn": {"max_delay": 0.06602839138478603, "running_time": 40.03262519836426}}, "50": {"num_user": 16, "num_service": 21, "min_max_greedy": {"max_delay": 0.0491067039083894, "running_time": 2.0017623901367188}, "min_max_nn": {"max_delay": 0.06118508351914181, "running_time": 39.0322208404541}}, "60": {"num_user": 16, "num_service": 21, "min_max_greedy": {"max_delay": 0.04326823733986784, "running_time": 2.001047134399414}, "min_max_nn": {"max_delay": 0.05123108414347888, "running_time": 46.03838920593262}}, "70": {"num_user": 16, "num_service": 21, "min_max_greedy": {"max_delay": 0.03593723566804577, "running_time": 2.0020008087158203}, "min_max_nn": {"max_delay": 0.047540088920061764, "running_time": 54.044485092163086}}, "80": {"num_user": 16, "num_service": 21, "min_max_greedy": {"max_delay": 0.030650063724443295, "running_time": 2.0012855529785156}, "min_max_nn": {"max_delay": 0.03456739979920024, "running_time": 67.05546379089355}}, "90": {"num_user": 16, "num_service": 21, "min_max_greedy": {"max_delay": 0.019501322592771965, "running_time": 3.002643585205078}, "min_max_nn": {"max_delay": 0.03672446314158981, "running_time": 75.06179809570312}}, "100": {"num_user": 16, "num_service": 21, "min_max_greedy": {"max_delay": 0.01679487928328814, "running_time": 3.0024051666259766}, "min_max_nn": {"max_delay": 0.032589158904371036, "running_time": 86.07101440429688}}}