{"entropy": 225033044342828266330924979244274774865, "10": {"num_user": 16, "num_service": 21, "min_max_greedy": {"max_delay": 0.09707123953808908, "running_time": 0.0}, "min_max_nn": {"max_delay": 0.09707123953808908, "running_time": 17.01521873474121}}, "20": {"num_user": 16, "num_service": 21, "min_max_greedy": {"max_delay": 0.0819459063825693, "running_time": 0.9996891021728516}, "min_max_nn": {"max_delay": 0.09707123953808908, "running_time": 22.0181941986084}}, "30": {"num_user": 16, "num_service": 21, "min_max_greedy": {"max_delay": 0.06487384593255, "running_time": 2.002239227294922}, "min_max_nn": {"max_delay": 0.0828187471368612, "running_time": 30.024290084838867}}, "40": {"num_user": 16, "num_service": 21, "min_max_greedy": {"max_delay": 0.0444321662291527, "running_time": 2.0012855529785156}, "min_max_nn": {"max_delay": 0.07967163146224618, "running_time": 34.0266227722168}}, "50": {"num_user": 16, "num_service": 21, "min_max_greedy": {"max_delay": 0.03457484823772942, "running_time": 2.0012855529785156}, "min_max_nn": {"max_delay": 0.06436329277384159, "running_time": 39.031982421875}}, "60": {"num_user": 16, "num_service": 21, "min_max_greedy": {"max_delay": 0.030434502124993774, "running_time": 2.001047134399414}, "min_max_nn": {"max_delay": 0.0543255958054133, "running_time": 49.04031753540039}}, "70": {"num_user": 16, "num_service": 21, "min_max_greedy": {"max_delay": 0.019990388839463344, "running_time": 2.001523971557617}, "min_max_nn": {"max_delay": 0.0367396919677384, "running_time": 55.045366287231445}}, "80": {"num_user": 16, "num_service": 21, "min_max_greedy": {"max_delay": 0.015470420484973149, "running_time": 2.001523971557617}, "min_max_nn": {"max_delay": 0.0367396919677384, "running_time": 67.05498695373535}}, "90": {"num_user": 16, "num_service": 21, "min_max_greedy": {"max_delay": 0.012469218918253736, "running_time": 2.0017623901367188}, "min_max_nn": {"max_delay": 0.03577128550415008, "running_time": 75.06179809570312}}, "100": {"num_user": 16, "num_service": 21, "min_max_greedy": {"max_delay": 0.0095243317824733, "running_time": 3.0024051666259766}, "min_max_nn": {"max_delay": 0.03577128550415008, "running_time": 79.06508445739746}}}