{"entropy": 284308632324317571270403718908759149758, "10": {"num_user": 16, "num_service": 21, "min_max_greedy": {"max_delay": 0.091559864199061, "running_time": 1.0008811950683594}, "min_max_nn": {"max_delay": 0.091559864199061, "running_time": 12.01009750366211}}, "20": {"num_user": 16, "num_service": 21, "min_max_greedy": {"max_delay": 0.060904561843495075, "running_time": 6.005048751831055}, "min_max_nn": {"max_delay": 0.091559864199061, "running_time": 22.0184326171875}}, "30": {"num_user": 16, "num_service": 21, "min_max_greedy": {"max_delay": 0.06235433312811957, "running_time": 2.0017623901367188}, "min_max_nn": {"max_delay": 0.07662702204519847, "running_time": 28.023481369018555}}, "40": {"num_user": 16, "num_service": 21, "min_max_greedy": {"max_delay": 0.05125200007188183, "running_time": 1.0006427764892578}, "min_max_nn": {"max_delay": 0.06235433312811957, "running_time": 37.03045845031738}}, "50": {"num_user": 16, "num_service": 21, "min_max_greedy": {"max_delay": 0.04550463401426764, "running_time": 1.0008811950683594}, "min_max_nn": {"max_delay": 0.05213223063506839, "running_time": 47.03879356384277}}, "60": {"num_user": 16, "num_service": 21, "min_max_greedy": {"max_delay": 0.031273794836160086, "running_time": 1.0006427764892578}, "min_max_nn": {"max_delay": 0.05213223063506839, "running_time": 53.04360389709473}}, "70": {"num_user": 16, "num_service": 21, "min_max_greedy": {"max_delay": 0.02438310318236746, "running_time": 2.0020008087158203}, "min_max_nn": {"max_delay": 0.057512032833894486, "running_time": 67.05546379089355}}, "80": {"num_user": 16, "num_service": 21, "min_max_greedy": {"max_delay": 0.01848755504096594, "running_time": 3.002643585205078}, "min_max_nn": {"max_delay": 0.051949058931287526, "running_time": 81.06708526611328}}, "90": {"num_user": 16, "num_service": 21, "min_max_greedy": {"max_delay": 0.013215715373939145, "running_time": 3.0024051666259766}, "min_max_nn": {"max_delay": 0.046768830301780515, "running_time": 91.07518196105957}}, "100": {"num_user": 16, "num_service": 21, "min_max_greedy": {"max_delay": 0.010566026263413374, "running_time": 3.0024051666259766}, "min_max_nn": {"max_delay": 0.046768830301780515, "running_time": 97.08118438720703}}}