{"entropy": 106169242957082410976170897399978113453, "10": {"num_user": 16, "num_service": 21, "min_max_greedy": {"max_delay": 0.08233690319195222, "running_time": 0.0}, "min_max_nn": {"max_delay": 0.08233690319195222, "running_time": 12.01009750366211}}, "20": {"num_user": 16, "num_service": 21, "min_max_greedy": {"max_delay": 0.056300733568221566, "running_time": 0.0}, "min_max_nn": {"max_delay": 0.08233690319195222, "running_time": 20.015716552734375}}, "30": {"num_user": 16, "num_service": 21, "min_max_greedy": {"max_delay": 0.0457379020145194, "running_time": 1.0006427764892578}, "min_max_nn": {"max_delay": 0.08233690319195222, "running_time": 25.021076202392578}}, "40": {"num_user": 16, "num_service": 21, "min_max_greedy": {"max_delay": 0.03613779561127962, "running_time": 3.002643585205078}, "min_max_nn": {"max_delay": 0.07517619516880825, "running_time": 37.030696868896484}}, "50": {"num_user": 16, "num_service": 21, "min_max_greedy": {"max_delay": 0.02383941911840957, "running_time": 1.0008811950683594}, "min_max_nn": {"max_delay": 0.07517619516880825, "running_time": 45.03679275512695}}, "60": {"num_user": 16, "num_service": 21, "min_max_greedy": {"max_delay": 0.018614578663016614, "running_time": 2.0017623901367188}, "min_max_nn": {"max_delay": 0.07517619516880825, "running_time": 53.04384231567383}}, "70": {"num_user": 16, "num_service": 21, "min_max_greedy": {"max_delay": 0.013962818961259503, "running_time": 2.001523971557617}, "min_max_nn": {"max_delay": 0.07517619516880825, "running_time": 60.04953384399414}}, "80": {"num_user": 16, "num_service": 21, "min_max_greedy": {"max_delay": 0.013081719984668613, "running_time": 2.001523971557617}, "min_max_nn": {"max_delay": 0.07517619516880825, "running_time": 63.051700592041016}}, "90": {"num_user": 16, "num_service": 21, "min_max_greedy": {"max_delay": 0.010469043122584403, "running_time": 2.0017623901367188}, "min_max_nn": {"max_delay": 0.07517619516880825, "running_time": 71.05875015258789}}, "100": {"num_user": 16, "num_service": 21, "min_max_greedy": {"max_delay": 0.00778368733251579, "running_time": 3.0024051666259766}, "min_max_nn": {"max_delay": 0.07517619516880825, "running_time": 76.06315612792969}}}