{"entropy": 152921628817998582186030325810824579524, "10": {"num_user": 16, "num_service": 21, "min_max_greedy": {"max_delay": 0.06428756458607997, "running_time": 0.0}, "min_max_nn": {"max_delay": 0.06557073918286097, "running_time": 13.010978698730469}}, "20": {"num_user": 16, "num_service": 21, "min_max_greedy": {"max_delay": 0.05073609729514843, "running_time": 2.0017623901367188}, "min_max_nn": {"max_delay": 0.0742706089800047, "running_time": 19.01555061340332}}, "30": {"num_user": 16, "num_service": 21, "min_max_greedy": {"max_delay": 0.038084975432043866, "running_time": 1.0006427764892578}, "min_max_nn": {"max_delay": 0.0742706089800047, "running_time": 30.02476692199707}}, "40": {"num_user": 16, "num_service": 21, "min_max_greedy": {"max_delay": 0.036213496016886164, "running_time": 1.0008811950683594}, "min_max_nn": {"max_delay": 0.0742706089800047, "running_time": 39.0322208404541}}, "50": {"num_user": 16, "num_service": 21, "min_max_greedy": {"max_delay": 0.028426136694583888, "running_time": 2.001523971557617}, "min_max_nn": {"max_delay": 0.0742706089800047, "running_time": 45.037031173706055}}, "60": {"num_user": 16, "num_service": 21, "min_max_greedy": {"max_delay": 0.01587915289449636, "running_time": 2.0017623901367188}, "min_max_nn": {"max_delay": 0.0742706089800047, "running_time": 53.043365478515625}}, "70": {"num_user": 16, "num_service": 21, "min_max_greedy": {"max_delay": 0.01098968555070413, "running_time": 2.0020008087158203}, "min_max_nn": {"max_delay": 0.0742706089800047, "running_time": 55.04560470581055}}, "80": {"num_user": 16, "num_service": 21, "min_max_greedy": {"max_delay": 0.00799663150284179, "running_time": 2.0017623901367188}, "min_max_nn": {"max_delay": 0.0742706089800047, "running_time": 61.0504150390625}}, "90": {"num_user": 16, "num_service": 21, "min_max_greedy": {"max_delay": 0.007139503064994023, "running_time": 3.002166748046875}, "min_max_nn": {"max_delay": 0.0742706089800047, "running_time": 70.05810737609863}}, "100": {"num_user": 16, "num_service": 21, "min_max_greedy": {"max_delay": 0.006013637220657128, "running_time": 3.0024051666259766}, "min_max_nn": {"max_delay": 0.0742706089800047, "running_time": 77.06356048583984}}}