{"50": {"min_max_greedy": {"max delay": [0.05951782426108672], "running time": [165.13729095458984]}, "min_max_nn": {"max delay": [0.16224956398020318], "running time": [2187.82114982605]}}}