{"50": {"min_max_greedy": {"max delay": [0.03729449626122387], "running time": [99.08270835876465]}, "min_max_nn": {"max delay": [0.0462971706177129], "running time": [1281.0659408569336]}}}