{"50": {"min_max_greedy": {"max delay": [0.0407430493155434], "running time": [228.19018363952637]}, "min_max_nn": {"max delay": [0.0937103410288006], "running time": [2548.121213912964]}}}