{"50": {"min_max_greedy": {"max delay": [0.03683635810901545], "running time": [244.2035675048828]}, "min_max_nn": {"max delay": [0.09708147023233685], "running time": [3495.9099292755127]}}}