{"50": {"min_max_greedy": {"max delay": [0.04959026661589003], "running time": [164.13640975952148]}, "min_max_nn": {"max delay": [0.29020083181332074], "running time": [3282.7324867248535]}}}