{"50": {"min_max_greedy": {"max delay": [0.019203117976309227], "running time": [207.17215538024902]}, "min_max_nn": {"max delay": [0.07356781900200926], "running time": [4207.502365112305]}}}