{"50": {"min_max_greedy": {"max delay": [0.09056983518714778], "running time": [265.22064208984375]}, "min_max_nn": {"max delay": [0.16108022400383534], "running time": [3302.7491569519043]}}}