{"50": {"min_max_greedy": {"max delay": [0.07303363454102225], "running time": [283.2362651824951]}, "min_max_nn": {"max delay": [0.15324014261516478], "running time": [9333.769798278809]}}}