{"50": {"min_max_greedy": {"max delay": [0.047974038850810065], "running time": [186.15484237670898]}, "min_max_nn": {"max delay": [0.19653153558492212], "running time": [2014.676809310913]}}}