{"50": {"min_max_greedy": {"max delay": [0.046869576842734094], "running time": [132.1101188659668]}, "min_max_nn": {"max delay": [0.2040639376357978], "running time": [9344.778776168823]}}}