{"50": {"min_max_greedy": {"max delay": [0.0836042003157874], "running time": [98.08135032653809]}, "min_max_nn": {"max delay": [0.10857662328120216], "running time": [2925.4350662231445]}}}