{"50": {"min_max_greedy": {"max delay": [0.02506135282140492], "running time": [199.16558265686035]}, "min_max_nn": {"max delay": [0.10279405718794132], "running time": [1994.6599006652832]}}}