{"50": {"min_max_greedy": {"max delay": [0.04675664931080556], "running time": [131.10899925231934]}, "min_max_nn": {"max delay": [0.11137398526767488], "running time": [4819.011449813843]}}}