{"50": {"min_max_greedy": {"max delay": [0.018953409282728203], "running time": [260.21599769592285]}, "min_max_nn": {"max delay": [0.19734165871577247], "running time": [2583.1503868103027]}}}