{"50": {"min_max_greedy": {"max delay": [0.025487588462888868], "running time": [220.1831340789795]}, "min_max_nn": {"max delay": [0.15525884845200502], "running time": [2175.8110523223877]}}}