{"entropy": 195907662772777708179502335384680673600, "10": {"num_user": 300, "num_service": 41, "min_max_greedy": {"max_delay": 0.12126296965647415, "running_time": 601.4950275421143}, "min_max_surrogate_relaxation": {"max_delay": 0.12106487171832167, "lower_bound": 0.0988733776286406, "running_time": 3371.774911880493}, "min_max_equal_weight": {"max_delay": 0.12179443694460113, "running_time": 341.2802219390869}, "min_max_pulp": {"max_delay": 0.11285680189820912, "running_time": 54424.78799819946}}, "20": {"num_user": 300, "num_service": 41, "min_max_greedy": {"max_delay": 0.09133684769303327, "running_time": 1068.8681602478027}, "min_max_surrogate_relaxation": {"max_delay": 0.09133684769303327, "lower_bound": 0.08451410352966228, "running_time": 9468.769311904907}, "min_max_equal_weight": {"max_delay": 0.09951331480683895, "running_time": 342.2815799713135}, "min_max_pulp": {"max_delay": 0.09133684769303327, "running_time": 110522.96328544617}}, "30": {"num_user": 300, "num_service": 41, "min_max_greedy": {"max_delay": 0.08548871763616255, "running_time": 1269.0443992614746}, "min_max_surrogate_relaxation": {"max_delay": 0.08421979573081675, "lower_bound": 0.07705420510710312, "running_time": 10201.394319534302}, "min_max_equal_weight": {"max_delay": 0.08566174886089213, "running_time": 348.28686714172363}, "min_max_pulp": {"max_delay": 0.08388702339297813, "running_time": 179699.9011039734}}, "40": {"num_user": 300, "num_service": 41, "min_max_greedy": {"max_delay": 0.076978049568257, "running_time": 1622.3349571228027}, "min_max_surrogate_relaxation": {"max_delay": 0.07848938272717239, "lower_bound": 0.0738781762212225, "running_time": 11562.515258789062}, "min_max_equal_weight": {"max_delay": 0.08424224111820362, "running_time": 359.295129776001}, "min_max_pulp": {"max_delay": 0.07661288102135748, "running_time": 247511.68084144592}}, "50": {"num_user": 300, "num_service": 41, "min_max_greedy": {"max_delay": 0.07495908958239493, "running_time": 2238.3549213409424}, "min_max_surrogate_relaxation": {"max_delay": 0.07546573386624353, "lower_bound": 0.07226081491454601, "running_time": 13751.763343811035}, "min_max_equal_weight": {"max_delay": 0.07546573386624353, "running_time": 371.3054656982422}, "min_max_pulp": {"max_delay": 0.0747171176399596, "running_time": 339943.91918182373}}, "60": {"num_user": 300, "num_service": 41, "min_max_greedy": {"max_delay": 0.07430294281553898, "running_time": 2297.8909015655518}, "min_max_surrogate_relaxation": {"max_delay": 0.07416616824890891, "lower_bound": 0.07146325788441883, "running_time": 13781.340599060059}, "min_max_equal_weight": {"max_delay": 0.07539204150683536, "running_time": 370.3045845031738}, "min_max_pulp": {"max_delay": 0.07372170759913488, "running_time": 433904.58631515503}}, "70": {"num_user": 300, "num_service": 41, "min_max_greedy": {"max_delay": 0.07342546839649368, "running_time": 2789.295434951782}, "min_max_surrogate_relaxation": {"max_delay": 0.07316862637470575, "lower_bound": 0.07124969144591765, "running_time": 18280.043363571167}, "min_max_equal_weight": {"max_delay": 0.07539204150683536, "running_time": 396.32606506347656}, "min_max_pulp": {"max_delay": 0.07270114339134268, "running_time": 544374.5379447937}}, "80": {"num_user": 300, "num_service": 41, "min_max_greedy": {"max_delay": 0.07368277368119315, "running_time": 2681.206464767456}, "min_max_surrogate_relaxation": {"max_delay": 0.13284365346849383, "lower_bound": 0.059409876103912025, "running_time": 1885.5516910552979}, "min_max_equal_weight": {"max_delay": 0.07425555453251152, "running_time": 377.31051445007324}, "min_max_pulp": {"max_delay": 0.07177015561530732, "running_time": 664025.7389545441}}, "90": {"num_user": 300, "num_service": 41, "min_max_greedy": {"max_delay": 0.07284820289513869, "running_time": 3113.5623455047607}, "min_max_surrogate_relaxation": {"max_delay": 0.06835455172294906, "lower_bound": 0.028285521018769893, "running_time": 2653.1834602355957}, "min_max_equal_weight": {"max_delay": 0.07304488759664589, "running_time": 388.319730758667}, "min_max_pulp": {"max_delay": 0.05547946004869781, "running_time": 760139.4548416138}}, "100": {"num_user": 300, "num_service": 41, "min_max_greedy": {"max_delay": 0.07112661770494708, "running_time": 3300.7161617279053}, "min_max_surrogate_relaxation": {"max_delay": 0.06817041276910822, "lower_bound": 0.02741146124875646, "running_time": 2616.152763366699}, "min_max_equal_weight": {"max_delay": 0.07292919221265805, "running_time": 378.3113956451416}, "min_max_pulp": {"max_delay": 0.04835971428903664, "running_time": 889712.1758460999}}}