{"entropy": 32971660031837228078094782112956743331, "10": {"num_user": 300, "num_service": 41, "min_max_greedy": {"max_delay": 0.17420733321595738, "running_time": 673.5546588897705}, "min_max_surrogate_relaxation": {"max_delay": 0.1676679318125865, "lower_bound": 0.1302828778926321, "running_time": 7213.089227676392}, "min_max_equal_weight": {"max_delay": 0.17420733321595738, "running_time": 366.3015365600586}, "min_max_pulp": {"max_delay": 0.1658439243070478, "running_time": 33638.264179229736}}, "20": {"num_user": 300, "num_service": 41, "min_max_greedy": {"max_delay": 0.1244389618362112, "running_time": 823.6780166625977}, "min_max_surrogate_relaxation": {"max_delay": 0.13329572103545806, "lower_bound": 0.0737612180057696, "running_time": 6994.579553604126}, "min_max_equal_weight": {"max_delay": 0.1244389618362112, "running_time": 353.2910346984863}, "min_max_pulp": {"max_delay": 0.11602437479594667, "running_time": 66177.11925506592}}, "30": {"num_user": 300, "num_service": 41, "min_max_greedy": {"max_delay": 0.09299229297662058, "running_time": 1003.7498474121094}, "min_max_surrogate_relaxation": {"max_delay": 0.09227637068330895, "lower_bound": 0.07414587200600814, "running_time": 11600.793600082397}, "min_max_equal_weight": {"max_delay": 0.09593538178218614, "running_time": 353.29127311706543}, "min_max_pulp": {"max_delay": 0.09220382981778799, "running_time": 101359.4822883606}}, "40": {"num_user": 300, "num_service": 41, "min_max_greedy": {"max_delay": 0.08167317329941506, "running_time": 1321.624994277954}, "min_max_surrogate_relaxation": {"max_delay": 0.09831756729074842, "lower_bound": 0.043736649104450145, "running_time": 3844.2375659942627}, "min_max_equal_weight": {"max_delay": 0.0910113032222658, "running_time": 353.2907962799072}, "min_max_pulp": {"max_delay": 0.07966205853719763, "running_time": 144344.91300582886}}, "50": {"num_user": 300, "num_service": 41, "min_max_greedy": {"max_delay": 0.07480828033009292, "running_time": 1425.1728057861328}, "min_max_surrogate_relaxation": {"max_delay": 0.09831756729074842, "lower_bound": 0.02482521659732751, "running_time": 2717.3078060150146}, "min_max_equal_weight": {"max_delay": 0.07969218354506027, "running_time": 384.33265686035156}, "min_max_pulp": {"max_delay": 0.049698282704980605, "running_time": 183295.38488388062}}, "60": {"num_user": 300, "num_service": 41, "min_max_greedy": {"max_delay": 0.06770442687967378, "running_time": 1856.4200401306152}, "min_max_surrogate_relaxation": {"max_delay": 0.03949118667916824, "lower_bound": 0.021049091011796466, "running_time": 5400.390863418579}, "min_max_equal_weight": {"max_delay": 0.07849741643683275, "running_time": 360.302209854126}, "min_max_pulp": {"max_delay": 0.03909508532108672, "running_time": 232087.95046806335}}, "70": {"num_user": 300, "num_service": 41, "min_max_greedy": {"max_delay": 0.03559122922201528, "running_time": 1530.259132385254}, "min_max_surrogate_relaxation": {"max_delay": 0.035926767729954456, "lower_bound": 0.020625611426306645, "running_time": 6442.865371704102}, "min_max_equal_weight": {"max_delay": 0.06321864995302043, "running_time": 362.29753494262695}, "min_max_pulp": {"max_delay": 0.02998427493519002, "running_time": 282643.05686950684}}, "80": {"num_user": 300, "num_service": 41, "min_max_greedy": {"max_delay": 0.028226705654707262, "running_time": 1858.271598815918}, "min_max_surrogate_relaxation": {"max_delay": 0.03629160462551391, "lower_bound": 0.01305510876923639, "running_time": 4611.039638519287}, "min_max_equal_weight": {"max_delay": 0.033610239467660494, "running_time": 357.50317573547363}, "min_max_pulp": {"max_delay": 0.024580099423014607, "running_time": 335347.6929664612}}, "90": {"num_user": 300, "num_service": 41, "min_max_greedy": {"max_delay": 0.0202873397966048, "running_time": 2218.6052799224854}, "min_max_surrogate_relaxation": {"max_delay": 0.028362734140953666, "lower_bound": 0.015003183505533544, "running_time": 8026.275396347046}, "min_max_equal_weight": {"max_delay": 0.025841221293470752, "running_time": 376.309871673584}, "min_max_pulp": {"max_delay": 0.01860216495340179, "running_time": 393382.1563720703}}, "100": {"num_user": 300, "num_service": 41, "min_max_greedy": {"max_delay": 0.01976668133385491, "running_time": 2465.0285243988037}, "min_max_surrogate_relaxation": {"max_delay": 0.02836554301445141, "lower_bound": 0.01428703552015647, "running_time": 10207.170486450195}, "min_max_equal_weight": {"max_delay": 0.01796296741075395, "running_time": 393.37968826293945}, "min_max_pulp": {"max_delay": 0.01743848916554443, "running_time": 461308.29668045044}}}