{"10": {"min_max_greedy": {"max delay": [0.4317294471400864], "running time": [241.19901657104492]}, "min_max_pulp": {"max delay": [0.4317294471400864], "running time": [13860.442876815796]}}, "20": {"min_max_greedy": {"max delay": [0.03912111964662816], "running time": [332.2739601135254]}, "min_max_pulp": {"max delay": [0.03912111964662816], "running time": [27037.60290145874]}}, "30": {"min_max_greedy": {"max delay": [0.027927380245103803], "running time": [467.38553047180176]}, "min_max_pulp": {"max delay": [0.027915235558999402], "running time": [42548.126459121704]}}, "40": {"min_max_greedy": {"max delay": [0.027077072870815], "running time": [564.4657611846924]}, "min_max_pulp": {"max delay": [0.025542962646220066], "running time": [59951.50899887085]}}, "50": {"min_max_greedy": {"max delay": [0.024416399138272152], "running time": [862.7123832702637]}, "min_max_pulp": {"max delay": [0.023546959031325296], "running time": [79256.51240348816]}}, "60": {"min_max_greedy": {"max delay": [0.02305277393045128], "running time": [1040.8592224121094]}, "min_max_pulp": {"max delay": [0.019626670995929723], "running time": [99744.38452720642]}}, "70": {"min_max_greedy": {"max delay": [0.020867227716241325], "running time": [1273.0507850646973]}, "min_max_pulp": {"max delay": [0.017080884337615482], "running time": [121903.08284759521]}}, "80": {"min_max_greedy": {"max delay": [0.019752589167627465], "running time": [1458.2033157348633]}, "min_max_pulp": {"max delay": [0.014644851601213461], "running time": [147625.14448165894]}}, "90": {"min_max_greedy": {"max delay": [0.019286298297280055], "running time": [1555.2833080291748]}, "min_max_pulp": {"max delay": [0.013206591810328069], "running time": [173805.61685562134]}}, "100": {"min_max_greedy": {"max delay": [0.015906060313167485], "running time": [1274.0516662597656]}, "min_max_pulp": {"max delay": [0.01096720257332154], "running time": [201324.39374923706]}}}