{"10": {"min_max_greedy": {"max delay": [0.11075189974820375], "running time": [291.2402153015137]}, "min_max_pulp": {"max delay": [0.11075189974820375], "running time": [14574.04112815857]}}, "20": {"min_max_greedy": {"max delay": [0.09760571036655677], "running time": [420.3474521636963]}, "min_max_pulp": {"max delay": [0.09760571036655677], "running time": [28018.19157600403]}}, "30": {"min_max_greedy": {"max delay": [0.09458885126417198], "running time": [620.5196380615234]}, "min_max_pulp": {"max delay": [0.09432444603203148], "running time": [43536.13758087158]}}, "40": {"min_max_greedy": {"max delay": [0.09124724070123595], "running time": [784.6477031707764]}, "min_max_pulp": {"max delay": [0.0903826608145416], "running time": [60692.81506538391]}}, "50": {"min_max_greedy": {"max delay": [0.09019949293585969], "running time": [1037.8575325012207]}, "min_max_pulp": {"max delay": [0.05101360330221814], "running time": [78972.20778465271]}}, "60": {"min_max_greedy": {"max delay": [0.08787078573360589], "running time": [1167.9644584655762]}, "min_max_pulp": {"max delay": [0.035528264266769166], "running time": [100606.09698295593]}}, "70": {"min_max_greedy": {"max delay": [0.023631110799911835], "running time": [612.5056743621826]}, "min_max_pulp": {"max delay": [0.023238717863974922], "running time": [121370.57209014893]}}, "80": {"min_max_greedy": {"max delay": [0.020633068452305205], "running time": [800.6610870361328]}, "min_max_pulp": {"max delay": [0.019894387555111002], "running time": [146218.30344200134]}}, "90": {"min_max_greedy": {"max delay": [0.01846033406133307], "running time": [1068.8824653625488]}, "min_max_pulp": {"max delay": [0.018410321622954053], "running time": [172987.27822303772]}}, "100": {"min_max_greedy": {"max delay": [0.017292011330896022], "running time": [1255.0363540649414]}, "min_max_pulp": {"max delay": [0.016017104420927394], "running time": [197503.23915481567]}}}