{"10": {"min_max_greedy": {"max delay": [0.03001857550697877], "running time": [328.27091217041016]}, "min_max_pulp": {"max delay": [0.028410207537981937], "running time": [16450.581550598145]}}, "20": {"min_max_greedy": {"max delay": [0.0246525693293941], "running time": [605.5002212524414]}, "min_max_pulp": {"max delay": [0.024353892552886145], "running time": [32672.97410964966]}}, "30": {"min_max_greedy": {"max delay": [0.022066513212191604], "running time": [743.6139583587646]}, "min_max_pulp": {"max delay": [0.022066513212191604], "running time": [51628.62300872803]}}, "40": {"min_max_greedy": {"max delay": [0.021490781577767435], "running time": [1032.8524112701416]}, "min_max_pulp": {"max delay": [0.02103510964361157], "running time": [74863.80505561829]}}, "50": {"min_max_greedy": {"max delay": [0.02068466151710395], "running time": [1210.9997272491455]}, "min_max_pulp": {"max delay": [0.020120593343842478], "running time": [100222.74160385132]}}, "60": {"min_max_greedy": {"max delay": [0.019408609534972206], "running time": [1307.0790767669678]}, "min_max_pulp": {"max delay": [0.018869920168112266], "running time": [124733.97779464722]}}, "70": {"min_max_greedy": {"max delay": [0.01804866496593901], "running time": [1637.3517513275146]}, "min_max_pulp": {"max delay": [0.017955403868343173], "running time": [150025.85697174072]}}, "80": {"min_max_greedy": {"max delay": [0.017504491506409356], "running time": [1677.384853363037]}, "min_max_pulp": {"max delay": [0.017248546169675284], "running time": [185638.25869560242]}}, "90": {"min_max_greedy": {"max delay": [0.01707101896345891], "running time": [1916.5818691253662]}, "min_max_pulp": {"max delay": [0.01406830202756773], "running time": [213104.93421554565]}}, "100": {"min_max_greedy": {"max delay": [0.016695010742807232], "running time": [2114.745855331421]}, "min_max_pulp": {"max delay": [0.01236314416539537], "running time": [250315.6542778015]}}}