{"entropy": 301639481545804746320166143384580251408, "10": {"num_user": 300, "num_service": 367, "min_max_pulp": {"pulp_solution_status": "Optimal", "max_delay": 0.24857155233128586, "running_time": 37529.15716171265}}, "20": {"num_user": 300, "num_service": 367, "min_max_pulp": {"pulp_solution_status": "Optimal", "max_delay": 0.22487261101472367, "running_time": 74642.96960830688}}, "30": {"num_user": 300, "num_service": 367, "min_max_pulp": {"pulp_solution_status": "Optimal", "max_delay": 0.2201325420269348, "running_time": 122060.3358745575}}, "40": {"num_user": 300, "num_service": 367, "min_max_pulp": {"pulp_solution_status": "Optimal", "max_delay": 0.2166750565222457, "running_time": 210777.99010276794}}, "50": {"num_user": 300, "num_service": 367, "min_max_pulp": {"pulp_solution_status": "Optimal", "max_delay": 0.21445849943180487, "running_time": 565183.2208633423}}, "60": {"num_user": 300, "num_service": 367, "min_max_pulp": {"pulp_solution_status": "Optimal", "max_delay": 0.10738436673292101, "running_time": 407608.4005832672}}, "70": {"num_user": 300, "num_service": 367, "min_max_pulp": {"pulp_solution_status": "Optimal", "max_delay": 0.09467796746187034, "running_time": 302069.7810649872}}, "80": {"num_user": 300, "num_service": 367, "min_max_pulp": {"pulp_solution_status": "Optimal", "max_delay": 0.09122048195718122, "running_time": 361473.0987548828}}, "90": {"num_user": 300, "num_service": 367, "min_max_pulp": {"pulp_solution_status": "Optimal", "max_delay": 0.08994844921041412, "running_time": 479346.95863723755}}, "100": {"num_user": 300, "num_service": 367, "min_max_pulp": {"pulp_solution_status": "Optimal", "max_delay": 0.08894844921041412, "running_time": 3356474.5848178864}}}