{"entropy": 117745025544549484747104890896203093700, "10": {"num_user": 300, "num_service": 378, "min_max_pulp": {"pulp_solution_status": "Optimal", "max_delay": 0.43913073746768727, "running_time": 41165.175676345825}}, "20": {"num_user": 300, "num_service": 378, "min_max_pulp": {"pulp_solution_status": "Optimal", "max_delay": 0.43157943101843604, "running_time": 225172.94049263}}, "30": {"num_user": 300, "num_service": 378, "min_max_pulp": {"pulp_solution_status": "Optimal", "max_delay": 0.42656462835755815, "running_time": 10747831.966400146}}, "40": {"num_user": 300, "num_service": 378, "min_max_pulp": {"pulp_solution_status": "Optimal", "max_delay": 0.4241760157244178, "running_time": 8496278.698444366}}, "50": {"num_user": 300, "num_service": 378, "min_max_pulp": {"pulp_solution_status": "Optimal", "max_delay": 0.19463926419406494, "running_time": 217224.34163093567}}, "60": {"num_user": 300, "num_service": 378, "min_max_pulp": {"pulp_solution_status": "Optimal", "max_delay": 0.18827911413243187, "running_time": 1009121.782541275}}, "70": {"num_user": 300, "num_service": 378, "min_max_pulp": {"pulp_solution_status": "Optimal", "max_delay": 0.09052732500574014, "running_time": 333630.9835910797}}, "80": {"num_user": 300, "num_service": 378, "min_max_pulp": {"pulp_solution_status": "Optimal", "max_delay": 0.08372452357711557, "running_time": 399261.4710330963}}, "90": {"num_user": 300, "num_service": 378, "min_max_pulp": {"pulp_solution_status": "Optimal", "max_delay": 0.07974464938321844, "running_time": 487287.5509262085}}, "100": {"num_user": 300, "num_service": 378, "min_max_pulp": {"pulp_solution_status": "Optimal", "max_delay": 0.07791103533867769, "running_time": 1528917.3228740692}}}