{"entropy": 5612822906546406611668460533894213584, "10": {"num_user": 400, "num_service": 41, "min_max_greedy": {"max_delay": 0.04033088216223818, "running_time": 9.007692337036133}, "min_max_equal_weight": {"max_delay": 0.04150838036040082, "running_time": 337.2781276702881}, "min_max_surrogate_relaxation": {"max_delay": 0.04033088216223818, "lower_bound": 0.036646465330596095, "running_time": 104.08592224121094, "none_zero_ratio": 0.00125, "max_weight": 0.5, "min_weight": 0.5}, "min_max_pulp": {"max_delay": 0.04033088216223818, "running_time": 65246.80852890015}}, "20": {"num_user": 400, "num_service": 41, "min_max_greedy": {"max_delay": 0.019157313954574325, "running_time": 21.013736724853516}, "min_max_equal_weight": {"max_delay": 0.015833905019938296, "running_time": 397.8698253631592}, "min_max_surrogate_relaxation": {"max_delay": 0.015833905019938296, "lower_bound": 0.012464323710788145, "running_time": 146.1200714111328, "none_zero_ratio": 0.0025, "max_weight": 0.5, "min_weight": 0.05908203125}, "min_max_pulp": {"max_delay": 0.015833905019938296, "running_time": 126624.49288368225}}, "30": {"num_user": 400, "num_service": 41, "min_max_greedy": {"max_delay": 0.011552345093393063, "running_time": 22.0181941986084}, "min_max_equal_weight": {"max_delay": 0.013642538385592502, "running_time": 338.27900886535645}, "min_max_surrogate_relaxation": {"max_delay": 0.01399143895037892, "lower_bound": 0.005929500318700112, "running_time": 132.1089267730713, "none_zero_ratio": 0.001875, "max_weight": 0.5, "min_weight": 0.109375}, "min_max_pulp": {"max_delay": 0.010910423418585023, "running_time": 189167.00530052185}}, "40": {"num_user": 400, "num_service": 41, "min_max_greedy": {"max_delay": 0.007104942559006578, "running_time": 29.02388572692871}, "min_max_equal_weight": {"max_delay": 0.009107231956902712, "running_time": 338.27900886535645}, "min_max_surrogate_relaxation": {"max_delay": 0.007104942559006578, "lower_bound": 0.004191936965131406, "running_time": 188.1551742553711, "none_zero_ratio": 0.003125, "max_weight": 0.2685546875, "min_weight": 0.112152099609375}, "min_max_pulp": {"max_delay": 0.007104942559006578, "running_time": 262292.31119155884}}, "50": {"num_user": 400, "num_service": 41, "min_max_greedy": {"max_delay": 0.006842066814735856, "running_time": 32.02676773071289}, "min_max_equal_weight": {"max_delay": 0.007617739615373495, "running_time": 338.27924728393555}, "min_max_surrogate_relaxation": {"max_delay": 0.006824173880979444, "lower_bound": 0.003289246948317726, "running_time": 308.2537651062012, "none_zero_ratio": 0.004375, "max_weight": 0.375, "min_weight": 0.03782333806157112}, "min_max_pulp": {"max_delay": 0.005803339793818415, "running_time": 350344.92802619934}}, "60": {"num_user": 400, "num_service": 41, "min_max_greedy": {"max_delay": 0.005042494783066144, "running_time": 38.03229331970215}, "min_max_equal_weight": {"max_delay": 0.004860090050753742, "running_time": 341.2816524505615}, "min_max_surrogate_relaxation": {"max_delay": 0.004860090050753742, "lower_bound": 0.002483387604322039, "running_time": 230.18980026245117, "none_zero_ratio": 0.00375, "max_weight": 0.3064155578613281, "min_weight": 0.042244791984558105}, "min_max_pulp": {"max_delay": 0.004748004689373152, "running_time": 440316.1265850067}}, "70": {"num_user": 400, "num_service": 41, "min_max_greedy": {"max_delay": 0.004776957326717247, "running_time": 44.0363883972168}, "min_max_equal_weight": {"max_delay": 0.0046775819985104715, "running_time": 343.28341484069824}, "min_max_surrogate_relaxation": {"max_delay": 0.004263394380564908, "lower_bound": 0.002672125498231726, "running_time": 852.703332901001, "none_zero_ratio": 0.00875, "max_weight": 0.14957045723997453, "min_weight": 0.0264892578125}, "min_max_pulp": {"max_delay": 0.004064964530789052, "running_time": 557809.023141861}}, "80": {"num_user": 400, "num_service": 41, "min_max_greedy": {"max_delay": 0.0037787404268231142, "running_time": 49.04055595397949}, "min_max_equal_weight": {"max_delay": 0.0045613658451368255, "running_time": 346.285343170166}, "min_max_surrogate_relaxation": {"max_delay": 0.003767817577299661, "lower_bound": 0.0024873124859465696, "running_time": 1755.4476261138916, "none_zero_ratio": 0.0075, "max_weight": 0.2230224609375, "min_weight": 0.048423171043395996}, "min_max_pulp": {"max_delay": 0.0034083134873863176, "running_time": 646664.3013954163}}, "90": {"num_user": 400, "num_service": 41, "min_max_greedy": {"max_delay": 0.0035497762126702028, "running_time": 57.047128677368164}, "min_max_equal_weight": {"max_delay": 0.004295669147657626, "running_time": 346.2858200073242}, "min_max_surrogate_relaxation": {"max_delay": 0.0031838397920703793, "lower_bound": 0.002198432832881583, "running_time": 1509.2442035675049, "none_zero_ratio": 0.006875, "max_weight": 0.19140625, "min_weight": 0.031520723531297534}, "min_max_pulp": {"max_delay": 0.0031931771224236257, "running_time": 830568.966627121}}, "100": {"num_user": 400, "num_service": 41, "min_max_greedy": {"max_delay": 0.0032216959339135885, "running_time": 64.05282020568848}, "min_max_equal_weight": {"max_delay": 0.004295669147657626, "running_time": 347.2862243652344}, "min_max_surrogate_relaxation": {"max_delay": 0.0030482703466480398, "lower_bound": 0.0019690647527420067, "running_time": 1217.003583908081, "none_zero_ratio": 0.006875, "max_weight": 0.13671875, "min_weight": 0.039319869188592094}, "min_max_pulp": {"max_delay": 0.002886497407804009, "running_time": 1036807.0504665375}}}