{"entropy": 50493315927843923669947110995971794251, "10": {"num_user": 400, "num_service": 41, "min_max_greedy": {"max_delay": 0.15430881837624139, "running_time": 9.007453918457031}, "min_max_equal_weight": {"max_delay": 0.15430881837624139, "running_time": 337.2781276702881}, "min_max_surrogate_relaxation": {"max_delay": 0.15430881837624139, "lower_bound": 0.1539423229593247, "running_time": 169.13914680480957, "none_zero_ratio": 0.00125, "max_weight": 0.5, "min_weight": 0.5}, "min_max_pulp": {"max_delay": 0.15430881837624139, "running_time": 63226.142168045044}}, "20": {"num_user": 400, "num_service": 41, "min_max_greedy": {"max_delay": 0.02858331235090037, "running_time": 9.007453918457031}, "min_max_equal_weight": {"max_delay": 0.02858331235090037, "running_time": 337.2783660888672}, "min_max_surrogate_relaxation": {"max_delay": 0.02858331235090037, "lower_bound": 0.0222414481579268, "running_time": 139.1148567199707, "none_zero_ratio": 0.00125, "max_weight": 0.5, "min_weight": 0.5}, "min_max_pulp": {"max_delay": 0.02858331235090037, "running_time": 124622.77579307556}}, "30": {"num_user": 400, "num_service": 41, "min_max_greedy": {"max_delay": 0.017562225833453304, "running_time": 15.012264251708984}, "min_max_equal_weight": {"max_delay": 0.01842771903393086, "running_time": 338.27924728393555}, "min_max_surrogate_relaxation": {"max_delay": 0.016017540174922344, "lower_bound": 0.013971316889583703, "running_time": 191.15781784057617, "none_zero_ratio": 0.00375, "max_weight": 0.5, "min_weight": 0.016042962670326233}, "min_max_pulp": {"max_delay": 0.016017540174922344, "running_time": 185500.98180770874}}, "40": {"num_user": 400, "num_service": 41, "min_max_greedy": {"max_delay": 0.013499849534906953, "running_time": 22.0181941986084}, "min_max_equal_weight": {"max_delay": 0.017623655546743246, "running_time": 338.27900886535645}, "min_max_surrogate_relaxation": {"max_delay": 0.01495190255438818, "lower_bound": 0.010505341581169017, "running_time": 169.13938522338867, "none_zero_ratio": 0.001875, "max_weight": 0.5, "min_weight": 0.203125}, "min_max_pulp": {"max_delay": 0.013401480249231906, "running_time": 260605.95655441284}}, "50": {"num_user": 400, "num_service": 41, "min_max_greedy": {"max_delay": 0.013328449125877231, "running_time": 28.023242950439453}, "min_max_equal_weight": {"max_delay": 0.013705683279053145, "running_time": 343.28317642211914}, "min_max_surrogate_relaxation": {"max_delay": 0.012766322598637917, "lower_bound": 0.008872040916412175, "running_time": 180.14883995056152, "none_zero_ratio": 0.003125, "max_weight": 0.71685791015625, "min_weight": 0.03733634948730469}, "min_max_pulp": {"max_delay": 0.012193954422955663, "running_time": 332265.017747879}}, "60": {"num_user": 400, "num_service": 41, "min_max_greedy": {"max_delay": 0.012088528652645633, "running_time": 34.02829170227051}, "min_max_equal_weight": {"max_delay": 0.012856496322954743, "running_time": 340.28029441833496}, "min_max_surrogate_relaxation": {"max_delay": 0.012304745902708844, "lower_bound": 0.0055407062397731955, "running_time": 189.15581703186035, "none_zero_ratio": 0.0025, "max_weight": 0.3409423828125, "min_weight": 0.125}, "min_max_pulp": {"max_delay": 0.01140968540988751, "running_time": 424731.2743663788}}, "70": {"num_user": 400, "num_service": 41, "min_max_greedy": {"max_delay": 0.01086831420637173, "running_time": 32.02629089355469}, "min_max_equal_weight": {"max_delay": 0.012856496322954743, "running_time": 346.2855815887451}, "min_max_surrogate_relaxation": {"max_delay": 0.010404836910480372, "lower_bound": 0.004087808790778683, "running_time": 223.18387031555176, "none_zero_ratio": 0.00375, "max_weight": 0.2660214900970459, "min_weight": 0.0703125}, "min_max_pulp": {"max_delay": 0.00970241867523368, "running_time": 508030.9708118439}}, "80": {"num_user": 400, "num_service": 41, "min_max_greedy": {"max_delay": 0.009266437141174463, "running_time": 37.03045845031738}, "min_max_equal_weight": {"max_delay": 0.008860183173577937, "running_time": 342.2822952270508}, "min_max_surrogate_relaxation": {"max_delay": 0.008824487708108395, "lower_bound": 0.0035388317704781592, "running_time": 223.18410873413086, "none_zero_ratio": 0.00375, "max_weight": 0.2947998046875, "min_weight": 0.07210695743560791}, "min_max_pulp": {"max_delay": 0.008598609040231391, "running_time": 779721.0328578949}}, "90": {"num_user": 400, "num_service": 41, "min_max_greedy": {"max_delay": 0.007882407723970383, "running_time": 44.04020309448242}, "min_max_equal_weight": {"max_delay": 0.008860183173577937, "running_time": 358.2940101623535}, "min_max_surrogate_relaxation": {"max_delay": 0.008003398506912415, "lower_bound": 0.00388107010123568, "running_time": 587.48459815979, "none_zero_ratio": 0.005, "max_weight": 0.230987548828125, "min_weight": 0.05534076690673828}, "min_max_pulp": {"max_delay": 0.006327816633296204, "running_time": 723555.7136535645}}, "100": {"num_user": 400, "num_service": 41, "min_max_greedy": {"max_delay": 0.005668988675992485, "running_time": 45.037031173706055}, "min_max_equal_weight": {"max_delay": 0.007535774223803462, "running_time": 347.2859859466553}, "min_max_surrogate_relaxation": {"max_delay": 0.005855863830373715, "lower_bound": 0.003300796874853241, "running_time": 708.5847854614258, "none_zero_ratio": 0.006875, "max_weight": 0.15853159638027137, "min_weight": 0.04784449003636837}, "min_max_pulp": {"max_delay": 0.00525680702560723, "running_time": 853926.2290000916}}}