{"entropy": 244810262145619225523120598644936893777, "10": {"num_user": 400, "num_service": 41, "min_max_greedy": {"max_delay": 0.05417197830289422, "running_time": 13.010740280151367}, "min_max_equal_weight": {"max_delay": 0.06665971164418026, "running_time": 336.2772464752197}, "min_max_surrogate_relaxation": {"max_delay": 0.05096971079938402, "lower_bound": 0.051371329537018104, "running_time": 82.06748962402344, "none_zero_ratio": 0.0025, "max_weight": 0.75, "min_weight": 0.005126953125}, "min_max_pulp": {"max_delay": 0.05096971079938402, "running_time": 59986.4706993103}}, "20": {"num_user": 400, "num_service": 41, "min_max_greedy": {"max_delay": 0.02298707140739583, "running_time": 15.012264251708984}, "min_max_equal_weight": {"max_delay": 0.05235478690493683, "running_time": 336.2772464752197}, "min_max_surrogate_relaxation": {"max_delay": 0.02298707140739583, "lower_bound": 0.018134267485747233, "running_time": 120.09906768798828, "none_zero_ratio": 0.0025, "max_weight": 0.4921875, "min_weight": 0.008056640625}, "min_max_pulp": {"max_delay": 0.02298707140739583, "running_time": 115109.93027687073}}, "30": {"num_user": 400, "num_service": 41, "min_max_greedy": {"max_delay": 0.01839094310474571, "running_time": 20.01643180847168}, "min_max_equal_weight": {"max_delay": 0.02095751726417953, "running_time": 332.2737216949463}, "min_max_surrogate_relaxation": {"max_delay": 0.016573751706788313, "lower_bound": 0.01175014103947557, "running_time": 237.1957302093506, "none_zero_ratio": 0.0025, "max_weight": 0.5, "min_weight": 0.03076171875}, "min_max_pulp": {"max_delay": 0.015854808394303213, "running_time": 168581.02774620056}}, "40": {"num_user": 400, "num_service": 41, "min_max_greedy": {"max_delay": 0.011758224643575801, "running_time": 24.019956588745117}, "min_max_equal_weight": {"max_delay": 0.01805462607635551, "running_time": 332.2741985321045}, "min_max_surrogate_relaxation": {"max_delay": 0.013327055163496452, "lower_bound": 0.006513569291042901, "running_time": 224.18498992919922, "none_zero_ratio": 0.003125, "max_weight": 0.3153085708618164, "min_weight": 0.122833251953125}, "min_max_pulp": {"max_delay": 0.011758224643575801, "running_time": 233877.87795066833}}, "50": {"num_user": 400, "num_service": 41, "min_max_greedy": {"max_delay": 0.010879793107063933, "running_time": 30.02476692199707}, "min_max_equal_weight": {"max_delay": 0.009728670500359502, "running_time": 334.2759609222412}, "min_max_surrogate_relaxation": {"max_delay": 0.009158168554528726, "lower_bound": 0.006047997420539377, "running_time": 517.4267292022705, "none_zero_ratio": 0.0075, "max_weight": 0.2834710478782654, "min_weight": 0.009108660596099938}, "min_max_pulp": {"max_delay": 0.00889360382157005, "running_time": 297067.9907798767}}, "60": {"num_user": 400, "num_service": 41, "min_max_greedy": {"max_delay": 0.008790961338069858, "running_time": 37.03045845031738}, "min_max_equal_weight": {"max_delay": 0.008761478694949486, "running_time": 337.2783660888672}, "min_max_surrogate_relaxation": {"max_delay": 0.008725439010194045, "lower_bound": 0.005422932419971506, "running_time": 712.5875949859619, "none_zero_ratio": 0.005625, "max_weight": 0.34515380859375, "min_weight": 0.017411476001143456}, "min_max_pulp": {"max_delay": 0.007955894659280406, "running_time": 377270.13325691223}}, "70": {"num_user": 400, "num_service": 41, "min_max_greedy": {"max_delay": 0.0081301844623929, "running_time": 46.03767395019531}, "min_max_equal_weight": {"max_delay": 0.00846526337827094, "running_time": 337.2786045074463}, "min_max_surrogate_relaxation": {"max_delay": 0.008293848015245978, "lower_bound": 0.004038119918305717, "running_time": 426.35178565979004, "none_zero_ratio": 0.004375, "max_weight": 0.34332275390625, "min_weight": 0.06079673767089844}, "min_max_pulp": {"max_delay": 0.007298542553273681, "running_time": 485168.11633110046}}, "80": {"num_user": 400, "num_service": 41, "min_max_greedy": {"max_delay": 0.007407488577178313, "running_time": 49.039602279663086}, "min_max_equal_weight": {"max_delay": 0.007870008830469793, "running_time": 340.28029441833496}, "min_max_surrogate_relaxation": {"max_delay": 0.008029195620553528, "lower_bound": 0.0038598344078524804, "running_time": 611.504077911377, "none_zero_ratio": 0.00625, "max_weight": 0.2076416015625, "min_weight": 0.024594622600147886}, "min_max_pulp": {"max_delay": 0.006449704795230846, "running_time": 596970.3190326691}}, "90": {"num_user": 400, "num_service": 41, "min_max_greedy": {"max_delay": 0.006473407287656757, "running_time": 58.046817779541016}, "min_max_equal_weight": {"max_delay": 0.007870008830469793, "running_time": 340.28053283691406}, "min_max_surrogate_relaxation": {"max_delay": 0.006471905127637971, "lower_bound": 0.0033658620815810447, "running_time": 583.4813117980957, "none_zero_ratio": 0.00625, "max_weight": 0.23577213287353516, "min_weight": 0.03125}, "min_max_pulp": {"max_delay": 0.00588344464751842, "running_time": 756076.5328407288}}, "100": {"num_user": 400, "num_service": 41, "min_max_greedy": {"max_delay": 0.005951911508756326, "running_time": 61.0506534576416}, "min_max_equal_weight": {"max_delay": 0.005765689978531555, "running_time": 351.2899875640869}, "min_max_surrogate_relaxation": {"max_delay": 0.005765689978531555, "lower_bound": 0.0029141088483350653, "running_time": 919.7587966918945, "none_zero_ratio": 0.005, "max_weight": 0.17519760131835938, "min_weight": 0.08263714984059334}, "min_max_pulp": {"max_delay": 0.005198803954962898, "running_time": 851695.3897476196}}}