{"10": {"min_max_greedy": {"max delay": [0.5105424656948714], "running time": [69.05698776245117]}, "min_max_pulp": {"max delay": [0.4165810800179601], "running time": [3010.4856491088867]}}, "20": {"min_max_greedy": {"max delay": [0.17727016515723798], "running time": [113.09337615966797]}, "min_max_pulp": {"max delay": [0.1754275058645455], "running time": [6125.056505203247]}}, "30": {"min_max_greedy": {"max delay": [0.1127462047518762], "running time": [114.09425735473633]}, "min_max_pulp": {"max delay": [0.10345516242624028], "running time": [9326.699495315552]}}, "40": {"min_max_greedy": {"max delay": [0.07456982296066705], "running time": [136.11197471618652]}, "min_max_pulp": {"max delay": [0.07337139256368926], "running time": [13155.861854553223]}}, "50": {"min_max_greedy": {"max delay": [0.06900183504089591], "running time": [159.1317653656006]}, "min_max_pulp": {"max delay": [0.0659897064377495], "running time": [17803.374767303467]}}, "60": {"min_max_greedy": {"max delay": [0.052341967136622175], "running time": [204.16808128356934]}, "min_max_pulp": {"max delay": [0.051406479994650846], "running time": [22144.28162574768]}}, "70": {"min_max_greedy": {"max delay": [0.04795481180829038], "running time": [237.1959686279297]}, "min_max_pulp": {"max delay": [0.04709642027403795], "running time": [27569.761276245117]}}}