{"10": {"min_max_greedy": {"max delay": [1.0327191398503834], "running time": [68.05634498596191]}, "min_max_pulp": {"max delay": [1.0324790782116182], "running time": [3495.8860874176025]}}, "20": {"min_max_greedy": {"max delay": [0.13218713814448962], "running time": [57.04689025878906]}, "min_max_pulp": {"max delay": [0.13218713814448962], "running time": [7374.087810516357]}}, "30": {"min_max_greedy": {"max delay": [0.07770439711611524], "running time": [91.07494354248047]}, "min_max_pulp": {"max delay": [0.07770439711611524], "running time": [11215.327024459839]}}, "40": {"min_max_greedy": {"max delay": [0.048252413674494454], "running time": [124.10211563110352]}, "min_max_pulp": {"max delay": [0.048252413674494454], "running time": [16344.492673873901]}}, "50": {"min_max_greedy": {"max delay": [0.03846375754247139], "running time": [158.13064575195312]}, "min_max_pulp": {"max delay": [0.0353765800300166], "running time": [21320.60194015503]}}, "60": {"min_max_greedy": {"max delay": [0.029590788581233183], "running time": [224.18498992919922]}, "min_max_pulp": {"max delay": [0.029208209813039954], "running time": [28245.31888961792]}}, "70": {"min_max_greedy": {"max delay": [0.027623615703423744], "running time": [269.2224979400635]}, "min_max_pulp": {"max delay": [0.026235396201264673], "running time": [36535.325050354004]}}}