{"10": {"min_max_greedy": {"max delay": [0.32658702809686163], "running time": [93.07646751403809]}, "min_max_pulp": {"max delay": [0.24007525279780545], "running time": [3984.2891693115234]}}, "20": {"min_max_greedy": {"max delay": [0.09905715693331334], "running time": [91.07518196105957]}, "min_max_pulp": {"max delay": [0.0977937491491336], "running time": [8019.621133804321]}}, "30": {"min_max_greedy": {"max delay": [0.0698531376521095], "running time": [121.09899520874023]}, "min_max_pulp": {"max delay": [0.06858972986792977], "running time": [12262.132167816162]}}, "40": {"min_max_greedy": {"max delay": [0.052773511696487335], "running time": [158.13088417053223]}, "min_max_pulp": {"max delay": [0.05016079712899988], "running time": [17205.204010009766]}}, "50": {"min_max_greedy": {"max delay": [0.04391199827985676], "running time": [192.15917587280273]}, "min_max_pulp": {"max delay": [0.04391199827985676], "running time": [22370.468616485596]}}, "60": {"min_max_greedy": {"max delay": [0.04301893240119884], "running time": [225.18587112426758]}, "min_max_pulp": {"max delay": [0.041257436539424874], "running time": [30210.941076278687]}}, "70": {"min_max_greedy": {"max delay": [0.037054998128938386], "running time": [282.23299980163574]}, "min_max_pulp": {"max delay": [0.037054998128938386], "running time": [35874.62592124939]}}}