{"10": {"min_max_greedy": {"max delay": [0.10820390078519672], "running time": [1136.9385719299316]}, "min_max_pulp": {"max delay": [0.10393049461702689], "running time": [33379.55737113953]}}, "20": {"min_max_greedy": {"max delay": [0.09227362811927382], "running time": [1624.3410110473633]}, "min_max_pulp": {"max delay": [0.09227390331762933], "running time": [63735.618352890015]}}, "30": {"min_max_greedy": {"max delay": [0.08997083229530473], "running time": [1720.4203605651855]}, "min_max_pulp": {"max delay": [0.08778675809451375], "running time": [97849.78222846985]}}, "40": {"min_max_greedy": {"max delay": [0.09361705533002324], "running time": [1235.0194454193115]}, "min_max_pulp": {"max delay": [0.08367911376990754], "running time": [133556.26034736633]}}, "50": {"min_max_greedy": {"max delay": [0.08971861152151166], "running time": [1774.4650840759277]}, "min_max_pulp": {"max delay": [0.08265507752898409], "running time": [173992.6438331604]}}, "60": {"min_max_greedy": {"max delay": [0.08846004246853892], "running time": [2254.8611164093018]}, "min_max_pulp": {"max delay": [0.04252257092386253], "running time": [219805.4654598236]}}, "70": {"min_max_greedy": {"max delay": [0.027565083701028354], "running time": [1484.224796295166]}, "min_max_pulp": {"max delay": [0.026393853622824346], "running time": [261551.9313812256]}}, "80": {"min_max_greedy": {"max delay": [0.023091395910118283], "running time": [1971.6272354125977]}, "min_max_pulp": {"max delay": [0.021906708399708763], "running time": [315467.44203567505]}}, "90": {"min_max_greedy": {"max delay": [0.019835739094394306], "running time": [2372.9586601257324]}, "min_max_pulp": {"max delay": [0.018859876169286992], "running time": [369533.0774784088]}}, "100": {"min_max_greedy": {"max delay": [0.019148356807305478], "running time": [3128.5829544067383]}, "min_max_pulp": {"max delay": [0.01682235457491515], "running time": [428693.91918182373]}}}