{"10": {"min_max_greedy": {"max delay": [0.07702135291721054], "running time": [989.8169040679932]}, "min_max_pulp": {"max delay": [0.07702135291721054], "running time": [56351.52196884155]}}, "20": {"min_max_greedy": {"max delay": [0.05314827416964967], "running time": [1591.3140773773193]}, "min_max_pulp": {"max delay": [0.05137100096632046], "running time": [112079.53000068665]}}, "30": {"min_max_greedy": {"max delay": [0.048888255029905514], "running time": [2078.716039657593]}, "min_max_pulp": {"max delay": [0.04811224999998353], "running time": [180436.96451187134]}}, "40": {"min_max_greedy": {"max delay": [0.04665802809913583], "running time": [2445.0182914733887]}, "min_max_pulp": {"max delay": [0.04473383824424849], "running time": [251415.5626296997]}}, "50": {"min_max_greedy": {"max delay": [0.04414635632775572], "running time": [3091.552257537842]}, "min_max_pulp": {"max delay": [0.043532583638800644], "running time": [343928.9393424988]}}, "60": {"min_max_greedy": {"max delay": [0.04210422204849861], "running time": [3954.2646408081055]}, "min_max_pulp": {"max delay": [0.04210422204849861], "running time": [431128.9293766022]}}, "70": {"min_max_greedy": {"max delay": [0.041349138255991465], "running time": [4586.786508560181]}, "min_max_pulp": {"max delay": [0.041067760075436534], "running time": [537019.3500518799]}}, "80": {"min_max_greedy": {"max delay": [0.040520331662210834], "running time": [5211.301565170288]}, "min_max_pulp": {"max delay": [0.040458745510704205], "running time": [650667.1752929688]}}, "90": {"min_max_greedy": {"max delay": [0.040294115659894505], "running time": [5674.685001373291]}, "min_max_pulp": {"max delay": [0.04007465851505921], "running time": [764996.5617656708]}}, "100": {"min_max_greedy": {"max delay": [0.04011958259628398], "running time": [6267.174243927002]}, "min_max_pulp": {"max delay": [0.039876930179806404], "running time": [894856.7712306976]}}}