{"entropy": 45821452721121722621564916078462239513, "10": {"num_user": 100, "num_service": 41, "min_max_equal_weight": {"max_delay": 0.06027404430207983, "running_time": 10.009050369262695}}, "20": {"num_user": 100, "num_service": 41, "min_max_equal_weight": {"max_delay": 0.05293346987782065, "running_time": 11.008739471435547}}, "30": {"num_user": 100, "num_service": 41, "min_max_equal_weight": {"max_delay": 0.04962526967436618, "running_time": 12.01009750366211}}, "40": {"num_user": 100, "num_service": 41, "min_max_equal_weight": {"max_delay": 0.0484889700066885, "running_time": 12.009859085083008}}, "50": {"num_user": 100, "num_service": 41, "min_max_equal_weight": {"max_delay": 0.03724776315852957, "running_time": 12.01009750366211}}, "60": {"num_user": 100, "num_service": 41, "min_max_equal_weight": {"max_delay": 0.03371666300509174, "running_time": 13.010501861572266}}, "70": {"num_user": 100, "num_service": 41, "min_max_equal_weight": {"max_delay": 0.02436837820229892, "running_time": 14.011859893798828}}, "80": {"num_user": 100, "num_service": 41, "min_max_equal_weight": {"max_delay": 0.02436837820229892, "running_time": 13.010263442993164}}, "90": {"num_user": 100, "num_service": 41, "min_max_equal_weight": {"max_delay": 0.023247123098460238, "running_time": 15.012502670288086}}, "100": {"num_user": 100, "num_service": 41, "min_max_equal_weight": {"max_delay": 0.02187791699624297, "running_time": 16.013383865356445}}}