{"entropy": 295993712058438644563114828767322657188, "10": {"num_user": 100, "num_service": 41, "min_max_equal_weight": {"max_delay": 0.1088999307222016, "running_time": 11.00921630859375}}, "20": {"num_user": 100, "num_service": 41, "min_max_equal_weight": {"max_delay": 0.10430446438386945, "running_time": 11.009693145751953}}, "30": {"num_user": 100, "num_service": 41, "min_max_equal_weight": {"max_delay": 0.09871708649231743, "running_time": 12.009859085083008}}, "40": {"num_user": 100, "num_service": 41, "min_max_equal_weight": {"max_delay": 0.0475699110586574, "running_time": 12.009620666503906}}, "50": {"num_user": 100, "num_service": 41, "min_max_equal_weight": {"max_delay": 0.037027612910277515, "running_time": 13.010263442993164}}, "60": {"num_user": 100, "num_service": 41, "min_max_equal_weight": {"max_delay": 0.035454074976608865, "running_time": 13.010740280151367}}, "70": {"num_user": 100, "num_service": 41, "min_max_equal_weight": {"max_delay": 0.035454074976608865, "running_time": 14.011621475219727}}, "80": {"num_user": 100, "num_service": 41, "min_max_equal_weight": {"max_delay": 0.03351872769763347, "running_time": 15.012025833129883}}, "90": {"num_user": 100, "num_service": 41, "min_max_equal_weight": {"max_delay": 0.035454074976608865, "running_time": 14.011621475219727}}, "100": {"num_user": 100, "num_service": 41, "min_max_equal_weight": {"max_delay": 0.03351872769763347, "running_time": 15.012264251708984}}}