{"entropy": 330548246373482494173234727706994835193, "10": {"num_user": 100, "num_service": 41, "min_max_equal_weight": {"max_delay": 0.26946490915452836, "running_time": 11.008977890014648}}, "20": {"num_user": 100, "num_service": 41, "min_max_equal_weight": {"max_delay": 0.25922515461209195, "running_time": 12.009859085083008}}, "30": {"num_user": 100, "num_service": 41, "min_max_equal_weight": {"max_delay": 0.24741340419469254, "running_time": 13.010740280151367}}, "40": {"num_user": 100, "num_service": 41, "min_max_equal_weight": {"max_delay": 0.08124986265820587, "running_time": 11.00921630859375}}, "50": {"num_user": 100, "num_service": 41, "min_max_equal_weight": {"max_delay": 0.07401372737591522, "running_time": 12.009620666503906}}, "60": {"num_user": 100, "num_service": 41, "min_max_equal_weight": {"max_delay": 0.06234727777613111, "running_time": 13.010263442993164}}, "70": {"num_user": 100, "num_service": 41, "min_max_equal_weight": {"max_delay": 0.054284838221209906, "running_time": 13.010501861572266}}, "80": {"num_user": 100, "num_service": 41, "min_max_equal_weight": {"max_delay": 0.047886437184442326, "running_time": 15.012025833129883}}, "90": {"num_user": 100, "num_service": 41, "min_max_equal_weight": {"max_delay": 0.047886437184442326, "running_time": 15.011787414550781}}, "100": {"num_user": 100, "num_service": 41, "min_max_equal_weight": {"max_delay": 0.04245811229246393, "running_time": 14.011383056640625}}}