{"entropy": 255164466193251626710845400997592735575, "10": {"num_user": 100, "num_service": 41, "min_max_equal_weight": {"max_delay": 0.05787169704772306, "running_time": 10.008811950683594}}, "20": {"num_user": 100, "num_service": 41, "min_max_equal_weight": {"max_delay": 0.04742518580602986, "running_time": 11.00921630859375}}, "30": {"num_user": 100, "num_service": 41, "min_max_equal_weight": {"max_delay": 0.0459088384391913, "running_time": 11.008739471435547}}, "40": {"num_user": 100, "num_service": 41, "min_max_equal_weight": {"max_delay": 0.03200088882900924, "running_time": 13.010740280151367}}, "50": {"num_user": 100, "num_service": 41, "min_max_equal_weight": {"max_delay": 0.02526020304691369, "running_time": 13.010978698730469}}, "60": {"num_user": 100, "num_service": 41, "min_max_equal_weight": {"max_delay": 0.02420397342440218, "running_time": 13.010501861572266}}, "70": {"num_user": 100, "num_service": 41, "min_max_equal_weight": {"max_delay": 0.022605360504186524, "running_time": 14.011621475219727}}, "80": {"num_user": 100, "num_service": 41, "min_max_equal_weight": {"max_delay": 0.017175245364344085, "running_time": 14.011621475219727}}, "90": {"num_user": 100, "num_service": 41, "min_max_equal_weight": {"max_delay": 0.01684666101457873, "running_time": 15.012264251708984}}, "100": {"num_user": 100, "num_service": 41, "min_max_equal_weight": {"max_delay": 0.015812148945118915, "running_time": 16.013145446777344}}}