{"entropy": 185131053117280433407300230251735741617, "10": {"num_user": 100, "num_service": 41, "min_max_equal_weight": {"max_delay": 0.08430841212431449, "running_time": 11.008977890014648}}, "20": {"num_user": 100, "num_service": 41, "min_max_equal_weight": {"max_delay": 0.07587751250452165, "running_time": 11.00921630859375}}, "30": {"num_user": 100, "num_service": 41, "min_max_equal_weight": {"max_delay": 0.07587751250452165, "running_time": 13.010740280151367}}, "40": {"num_user": 100, "num_service": 41, "min_max_equal_weight": {"max_delay": 0.049396118027809036, "running_time": 12.009859085083008}}, "50": {"num_user": 100, "num_service": 41, "min_max_equal_weight": {"max_delay": 0.0424537599817891, "running_time": 13.010501861572266}}, "60": {"num_user": 100, "num_service": 41, "min_max_equal_weight": {"max_delay": 0.04572141303097433, "running_time": 13.010740280151367}}, "70": {"num_user": 100, "num_service": 41, "min_max_equal_weight": {"max_delay": 0.03956764141174916, "running_time": 13.010263442993164}}, "80": {"num_user": 100, "num_service": 41, "min_max_equal_weight": {"max_delay": 0.03956764141174916, "running_time": 15.012502670288086}}, "90": {"num_user": 100, "num_service": 41, "min_max_equal_weight": {"max_delay": 0.037554668764052536, "running_time": 16.013383865356445}}, "100": {"num_user": 100, "num_service": 41, "min_max_equal_weight": {"max_delay": 0.03840489971705985, "running_time": 15.012502670288086}}}