{"entropy": 30181869728634335116727032200292746484, "10": {"num_user": 100, "num_service": 41, "min_max_equal_weight": {"max_delay": 0.11827436343279774, "running_time": 10.00833511352539}}, "20": {"num_user": 100, "num_service": 41, "min_max_equal_weight": {"max_delay": 0.11786113871349212, "running_time": 11.008262634277344}}, "30": {"num_user": 100, "num_service": 41, "min_max_equal_weight": {"max_delay": 0.05934678973213647, "running_time": 11.008977890014648}}, "40": {"num_user": 100, "num_service": 41, "min_max_equal_weight": {"max_delay": 0.037235392751239785, "running_time": 12.01009750366211}}, "50": {"num_user": 100, "num_service": 41, "min_max_equal_weight": {"max_delay": 0.03716108348052547, "running_time": 12.010335922241211}}, "60": {"num_user": 100, "num_service": 41, "min_max_equal_weight": {"max_delay": 0.03025343680273774, "running_time": 13.010978698730469}}, "70": {"num_user": 100, "num_service": 41, "min_max_equal_weight": {"max_delay": 0.02733485191194645, "running_time": 14.011383056640625}}, "80": {"num_user": 100, "num_service": 41, "min_max_equal_weight": {"max_delay": 0.02599083799289999, "running_time": 15.012025833129883}}, "90": {"num_user": 100, "num_service": 41, "min_max_equal_weight": {"max_delay": 0.013624368439034227, "running_time": 14.011383056640625}}, "100": {"num_user": 100, "num_service": 41, "min_max_equal_weight": {"max_delay": 0.00943756570032869, "running_time": 15.012502670288086}}}