{"entropy": 253420325301957922288795068498094999593, "10": {"num_user": 100, "num_service": 41, "min_max_equal_weight": {"max_delay": 0.3114229019984849, "running_time": 11.008977890014648}}, "20": {"num_user": 100, "num_service": 41, "min_max_equal_weight": {"max_delay": 0.26707334873851074, "running_time": 12.010335922241211}}, "30": {"num_user": 100, "num_service": 41, "min_max_equal_weight": {"max_delay": 0.2618392817471875, "running_time": 12.009620666503906}}, "40": {"num_user": 100, "num_service": 41, "min_max_equal_weight": {"max_delay": 0.18601298293693058, "running_time": 11.00921630859375}}, "50": {"num_user": 100, "num_service": 41, "min_max_equal_weight": {"max_delay": 0.18601298293693058, "running_time": 12.009382247924805}}, "60": {"num_user": 100, "num_service": 41, "min_max_equal_weight": {"max_delay": 0.18077891594560738, "running_time": 13.010740280151367}}, "70": {"num_user": 100, "num_service": 41, "min_max_equal_weight": {"max_delay": 0.16702984770720328, "running_time": 13.010740280151367}}, "80": {"num_user": 100, "num_service": 41, "min_max_equal_weight": {"max_delay": 0.039828469098474165, "running_time": 12.009859085083008}}, "90": {"num_user": 100, "num_service": 41, "min_max_equal_weight": {"max_delay": 0.030589438540178263, "running_time": 13.010740280151367}}, "100": {"num_user": 100, "num_service": 41, "min_max_equal_weight": {"max_delay": 0.020968293590129104, "running_time": 13.010501861572266}}}