{"entropy": 192601967523800513706134180122750194937, "10": {"num_user": 100, "num_service": 41, "min_max_equal_weight": {"max_delay": 0.07752314727823018, "running_time": 10.008096694946289}}, "20": {"num_user": 100, "num_service": 41, "min_max_equal_weight": {"max_delay": 0.06546182464968708, "running_time": 11.009693145751953}}, "30": {"num_user": 100, "num_service": 41, "min_max_equal_weight": {"max_delay": 0.058234461123500225, "running_time": 12.009859085083008}}, "40": {"num_user": 100, "num_service": 41, "min_max_equal_weight": {"max_delay": 0.057839523096028765, "running_time": 13.010740280151367}}, "50": {"num_user": 100, "num_service": 41, "min_max_equal_weight": {"max_delay": 0.056482981336752086, "running_time": 15.012502670288086}}, "60": {"num_user": 100, "num_service": 41, "min_max_equal_weight": {"max_delay": 0.038716104368110356, "running_time": 12.009859085083008}}, "70": {"num_user": 100, "num_service": 41, "min_max_equal_weight": {"max_delay": 0.03849217471198208, "running_time": 14.01209831237793}}, "80": {"num_user": 100, "num_service": 41, "min_max_equal_weight": {"max_delay": 0.037135632952705395, "running_time": 14.011621475219727}}, "90": {"num_user": 100, "num_service": 41, "min_max_equal_weight": {"max_delay": 0.03849217471198208, "running_time": 14.011383056640625}}, "100": {"num_user": 100, "num_service": 41, "min_max_equal_weight": {"max_delay": 0.037135632952705395, "running_time": 15.012025833129883}}}