{"entropy": 94457873433665534658452275950839330511, "10": {"num_user": 100, "num_service": 41, "min_max_equal_weight": {"max_delay": 0.26250904590576984, "running_time": 11.008977890014648}}, "20": {"num_user": 100, "num_service": 41, "min_max_equal_weight": {"max_delay": 0.09607713432801275, "running_time": 11.008977890014648}}, "30": {"num_user": 100, "num_service": 41, "min_max_equal_weight": {"max_delay": 0.045274885394218034, "running_time": 11.008977890014648}}, "40": {"num_user": 100, "num_service": 41, "min_max_equal_weight": {"max_delay": 0.04336179470891831, "running_time": 12.009382247924805}}, "50": {"num_user": 100, "num_service": 41, "min_max_equal_weight": {"max_delay": 0.03313596219657108, "running_time": 13.010740280151367}}, "60": {"num_user": 100, "num_service": 41, "min_max_equal_weight": {"max_delay": 0.030629334954474965, "running_time": 13.010740280151367}}, "70": {"num_user": 100, "num_service": 41, "min_max_equal_weight": {"max_delay": 0.010308214864230215, "running_time": 14.011383056640625}}, "80": {"num_user": 100, "num_service": 41, "min_max_equal_weight": {"max_delay": 0.009588191494094626, "running_time": 15.012502670288086}}, "90": {"num_user": 100, "num_service": 41, "min_max_equal_weight": {"max_delay": 0.009212464776897144, "running_time": 16.013145446777344}}, "100": {"num_user": 100, "num_service": 41, "min_max_equal_weight": {"max_delay": 0.0073669086249012194, "running_time": 16.012907028198242}}}