{"entropy": 69843946365457405837724309714051232742, "10": {"num_user": 100, "num_service": 41, "min_max_equal_weight": {"max_delay": 0.5292854402127369, "running_time": 11.009454727172852}}, "20": {"num_user": 100, "num_service": 41, "min_max_equal_weight": {"max_delay": 0.5187567377465303, "running_time": 11.008739471435547}}, "30": {"num_user": 100, "num_service": 41, "min_max_equal_weight": {"max_delay": 0.5064266008851057, "running_time": 12.009620666503906}}, "40": {"num_user": 100, "num_service": 41, "min_max_equal_weight": {"max_delay": 0.20263637727772218, "running_time": 10.008096694946289}}, "50": {"num_user": 100, "num_service": 41, "min_max_equal_weight": {"max_delay": 0.1974837231065088, "running_time": 11.008977890014648}}, "60": {"num_user": 100, "num_service": 41, "min_max_equal_weight": {"max_delay": 0.18800682943542607, "running_time": 12.01009750366211}}, "70": {"num_user": 100, "num_service": 41, "min_max_equal_weight": {"max_delay": 0.17197159471246165, "running_time": 12.009620666503906}}, "80": {"num_user": 100, "num_service": 41, "min_max_equal_weight": {"max_delay": 0.17156425310222978, "running_time": 14.011859893798828}}, "90": {"num_user": 100, "num_service": 41, "min_max_equal_weight": {"max_delay": 0.057257433982008235, "running_time": 11.009454727172852}}, "100": {"num_user": 100, "num_service": 41, "min_max_equal_weight": {"max_delay": 0.04912232024795846, "running_time": 12.01009750366211}}}