{"entropy": 34665148710946036084855133826317892389, "10": {"num_user": 100, "num_service": 41, "min_max_equal_weight": {"max_delay": 0.05111971339833245, "running_time": 10.00833511352539}}, "20": {"num_user": 100, "num_service": 41, "min_max_equal_weight": {"max_delay": 0.05030479326294876, "running_time": 11.00921630859375}}, "30": {"num_user": 100, "num_service": 41, "min_max_equal_weight": {"max_delay": 0.041718456079554184, "running_time": 12.010335922241211}}, "40": {"num_user": 100, "num_service": 41, "min_max_equal_weight": {"max_delay": 0.04151180627550848, "running_time": 13.010740280151367}}, "50": {"num_user": 100, "num_service": 41, "min_max_equal_weight": {"max_delay": 0.03607182264012771, "running_time": 14.011383056640625}}, "60": {"num_user": 100, "num_service": 41, "min_max_equal_weight": {"max_delay": 0.03878550213873672, "running_time": 13.010978698730469}}, "70": {"num_user": 100, "num_service": 41, "min_max_equal_weight": {"max_delay": 0.03514263798313502, "running_time": 15.012502670288086}}, "80": {"num_user": 100, "num_service": 41, "min_max_equal_weight": {"max_delay": 0.033148267611573266, "running_time": 15.012025833129883}}, "90": {"num_user": 100, "num_service": 41, "min_max_equal_weight": {"max_delay": 0.03514263798313502, "running_time": 14.011621475219727}}, "100": {"num_user": 100, "num_service": 41, "min_max_equal_weight": {"max_delay": 0.03514263798313502, "running_time": 15.012502670288086}}}