{"entropy": 131354799357392105933350882161709207040, "10": {"num_user": 100, "num_service": 41, "min_max_equal_weight": {"max_delay": 0.11066334851498331, "running_time": 10.007619857788086}}, "20": {"num_user": 100, "num_service": 41, "min_max_equal_weight": {"max_delay": 0.09777051644648516, "running_time": 11.009454727172852}}, "30": {"num_user": 100, "num_service": 41, "min_max_equal_weight": {"max_delay": 0.08704456284500475, "running_time": 12.009859085083008}}, "40": {"num_user": 100, "num_service": 41, "min_max_equal_weight": {"max_delay": 0.08308839011749214, "running_time": 13.010501861572266}}, "50": {"num_user": 100, "num_service": 41, "min_max_equal_weight": {"max_delay": 0.08193813978077731, "running_time": 14.011621475219727}}, "60": {"num_user": 100, "num_service": 41, "min_max_equal_weight": {"max_delay": 0.07982338047851176, "running_time": 14.011621475219727}}, "70": {"num_user": 100, "num_service": 41, "min_max_equal_weight": {"max_delay": 0.07888334282741237, "running_time": 15.012264251708984}}, "80": {"num_user": 100, "num_service": 41, "min_max_equal_weight": {"max_delay": 0.07873246367290918, "running_time": 16.013145446777344}}, "90": {"num_user": 100, "num_service": 41, "min_max_equal_weight": {"max_delay": 0.02222755819303744, "running_time": 12.009620666503906}}, "100": {"num_user": 100, "num_service": 41, "min_max_equal_weight": {"max_delay": 0.02032790702394632, "running_time": 13.010263442993164}}}