{"entropy": 89827140032008434688197978250290486130, "10": {"num_user": 100, "num_service": 41, "min_max_equal_weight": {"max_delay": 0.06965837111273301, "running_time": 10.008573532104492}}, "20": {"num_user": 100, "num_service": 41, "min_max_equal_weight": {"max_delay": 0.06480548391522849, "running_time": 11.00921630859375}}, "30": {"num_user": 100, "num_service": 41, "min_max_equal_weight": {"max_delay": 0.06480548391522849, "running_time": 12.009859085083008}}, "40": {"num_user": 100, "num_service": 41, "min_max_equal_weight": {"max_delay": 0.04251230237242953, "running_time": 13.010740280151367}}, "50": {"num_user": 100, "num_service": 41, "min_max_equal_weight": {"max_delay": 0.04251230237242953, "running_time": 13.010501861572266}}, "60": {"num_user": 100, "num_service": 41, "min_max_equal_weight": {"max_delay": 0.04251230237242953, "running_time": 13.010740280151367}}, "70": {"num_user": 100, "num_service": 41, "min_max_equal_weight": {"max_delay": 0.02936747719382359, "running_time": 14.011621475219727}}, "80": {"num_user": 100, "num_service": 41, "min_max_equal_weight": {"max_delay": 0.02894392976959019, "running_time": 14.011859893798828}}, "90": {"num_user": 100, "num_service": 41, "min_max_equal_weight": {"max_delay": 0.02894392976959019, "running_time": 14.011621475219727}}, "100": {"num_user": 100, "num_service": 41, "min_max_equal_weight": {"max_delay": 0.02894392976959019, "running_time": 15.012741088867188}}}