{"entropy": 104620586694369006500930781771661641066, "10": {"num_user": 300, "num_service": 41, "min_max_greedy": {"max_delay": 0.14838024715736342, "running_time": 409.33680534362793}, "min_max_surrogate_relaxation": {"max_delay": 0.14838024715736342, "lower_bound": 0.1479402798686001, "running_time": 4270.514726638794}, "min_max_equal_weight": {"max_delay": 0.14838024715736342, "running_time": 342.2818183898926}, "min_max_pulp": {"max_delay": 0.14838024715736342, "running_time": 32865.04578590393}}, "20": {"num_user": 300, "num_service": 41, "min_max_greedy": {"max_delay": 0.10935729136035369, "running_time": 672.553300857544}, "min_max_surrogate_relaxation": {"max_delay": 0.10935729136035369, "lower_bound": 0.09283567519373816, "running_time": 4303.541898727417}, "min_max_equal_weight": {"max_delay": 0.11189957106520333, "running_time": 347.2857475280762}, "min_max_pulp": {"max_delay": 0.10935729136035369, "running_time": 63142.96269416809}}, "30": {"num_user": 300, "num_service": 41, "min_max_greedy": {"max_delay": 0.09484709432890369, "running_time": 907.7467918395996}, "min_max_surrogate_relaxation": {"max_delay": 0.09484709432890369, "lower_bound": 0.08297277991994227, "running_time": 9982.214450836182}, "min_max_equal_weight": {"max_delay": 0.10894117151357055, "running_time": 350.28815269470215}, "min_max_pulp": {"max_delay": 0.09484709432890369, "running_time": 98245.85008621216}}, "40": {"num_user": 300, "num_service": 41, "min_max_greedy": {"max_delay": 0.08450100534003012, "running_time": 1323.0884075164795}, "min_max_surrogate_relaxation": {"max_delay": 0.08861538140533727, "lower_bound": 0.0783638944884511, "running_time": 9640.933513641357}, "min_max_equal_weight": {"max_delay": 0.09308835215653855, "running_time": 354.2912006378174}, "min_max_pulp": {"max_delay": 0.08450100534003012, "running_time": 136456.29477500916}}, "50": {"num_user": 300, "num_service": 41, "min_max_greedy": {"max_delay": 0.08381564059736908, "running_time": 1510.246992111206}, "min_max_surrogate_relaxation": {"max_delay": 0.08256642516573347, "lower_bound": 0.07561309360440516, "running_time": 10450.600147247314}, "min_max_equal_weight": {"max_delay": 0.08274226316766498, "running_time": 356.2929630279541}, "min_max_pulp": {"max_delay": 0.08006903648454847, "running_time": 177159.79099273682}}, "60": {"num_user": 300, "num_service": 41, "min_max_greedy": {"max_delay": 0.07975962546512001, "running_time": 1757.446527481079}, "min_max_surrogate_relaxation": {"max_delay": 0.0811250533992699, "lower_bound": 0.07187433002401064, "running_time": 7473.150014877319}, "min_max_equal_weight": {"max_delay": 0.08256642516573347, "running_time": 359.2956066131592}, "min_max_pulp": {"max_delay": 0.07817516098678468, "running_time": 226671.53596878052}}, "70": {"num_user": 300, "num_service": 41, "min_max_greedy": {"max_delay": 0.07636618517450428, "running_time": 2147.7673053741455}, "min_max_surrogate_relaxation": {"max_delay": 0.08044386746284125, "lower_bound": 0.04230956329226296, "running_time": 2734.25030708313}, "min_max_equal_weight": {"max_delay": 0.07976970496115175, "running_time": 368.3030605316162}, "min_max_pulp": {"max_delay": 0.06628800520705413, "running_time": 277693.52412223816}}, "80": {"num_user": 300, "num_service": 41, "min_max_greedy": {"max_delay": 0.0749041853790095, "running_time": 2342.928171157837}, "min_max_surrogate_relaxation": {"max_delay": 0.11605464433986297, "lower_bound": 0.012281896052945385, "running_time": 1726.4204025268555}, "min_max_equal_weight": {"max_delay": 0.07741266939950789, "running_time": 364.2995357513428}, "min_max_pulp": {"max_delay": 0.05054198766298972, "running_time": 331763.01980018616}}, "90": {"num_user": 300, "num_service": 41, "min_max_greedy": {"max_delay": 0.07386880629601411, "running_time": 2720.23868560791}, "min_max_surrogate_relaxation": {"max_delay": 0.06399909025709459, "lower_bound": 0.028800550518401507, "running_time": 3589.954137802124}, "min_max_equal_weight": {"max_delay": 0.07426702954944611, "running_time": 372.30610847473145}, "min_max_pulp": {"max_delay": 0.045249793074697134, "running_time": 390094.02203559875}}, "100": {"num_user": 300, "num_service": 41, "min_max_greedy": {"max_delay": 0.07265285322595098, "running_time": 3152.611017227173}, "min_max_surrogate_relaxation": {"max_delay": 0.06417492825902611, "lower_bound": 0.01033516119872326, "running_time": 2831.3300609588623}, "min_max_equal_weight": {"max_delay": 0.07255722931339738, "running_time": 387.31861114501953}, "min_max_pulp": {"max_delay": 0.04290283700908501, "running_time": 456954.0617465973}}}