{"10": {"min_max_greedy": {"max delay": [0.047346995833382824], "running time": [864.7139072418213]}, "min_max_pulp": {"max delay": [0.046957205546441345], "running time": [49805.11784553528]}}, "20": {"min_max_greedy": {"max delay": [0.04159395265926147], "running time": [1344.1097736358643]}, "min_max_pulp": {"max delay": [0.04059086352273992], "running time": [98057.95407295227]}}, "30": {"min_max_greedy": {"max delay": [0.03925765844884853], "running time": [1805.4907321929932]}, "min_max_pulp": {"max delay": [0.03800247959071795], "running time": [156278.49626541138]}}, "40": {"min_max_greedy": {"max delay": [0.03755357897107955], "running time": [2163.7864112854004]}, "min_max_pulp": {"max delay": [0.03606317224290325], "running time": [217013.263463974]}}, "50": {"min_max_greedy": {"max delay": [0.036546462466953325], "running time": [2656.2013626098633]}, "min_max_pulp": {"max delay": [0.03541393253409348], "running time": [290112.3125553131]}}, "60": {"min_max_greedy": {"max delay": [0.03443033487103442], "running time": [3044.513463973999]}, "min_max_pulp": {"max delay": [0.03378672250836475], "running time": [364485.6255054474]}}, "70": {"min_max_greedy": {"max delay": [0.03301678941304005], "running time": [3787.1267795562744]}, "min_max_pulp": {"max delay": [0.032852429045067806], "running time": [449308.90440940857]}}, "80": {"min_max_greedy": {"max delay": [0.03235646350311475], "running time": [4164.438009262085]}, "min_max_pulp": {"max delay": [0.03213075162984229], "running time": [547617.8147792816]}}, "90": {"min_max_greedy": {"max delay": [0.03181416285927821], "running time": [4507.721900939941]}, "min_max_pulp": {"max delay": [0.031673827847682044], "running time": [655792.1495437622]}}, "100": {"min_max_greedy": {"max delay": [0.031548608074575456], "running time": [5404.461622238159]}, "min_max_pulp": {"max delay": [0.03125334201826069], "running time": [760396.8052864075]}}}