{"10": {"min_max_greedy": {"max delay": [0.034783128913283445], "running time": [976.8064022064209]}, "min_max_pulp": {"max delay": [0.034783128913283445], "running time": [53559.32974815369]}}, "20": {"min_max_greedy": {"max delay": [0.03005227995518999], "running time": [1711.4129066467285]}, "min_max_pulp": {"max delay": [0.02946003559561173], "running time": [106091.073513031]}}, "30": {"min_max_greedy": {"max delay": [0.026613525363089915], "running time": [2483.0498695373535]}, "min_max_pulp": {"max delay": [0.02592349532638091], "running time": [169254.82273101807]}}, "40": {"min_max_greedy": {"max delay": [0.025423725082061224], "running time": [2805.326223373413]}, "min_max_pulp": {"max delay": [0.024560857050003347], "running time": [241471.14372253418]}}, "50": {"min_max_greedy": {"max delay": [0.024104971659525732], "running time": [3607.9790592193604]}, "min_max_pulp": {"max delay": [0.023844005385894027], "running time": [317410.6488227844]}}, "60": {"min_max_greedy": {"max delay": [0.02326261554372078], "running time": [4014.3134593963623]}, "min_max_pulp": {"max delay": [0.023037752821299946], "running time": [404533.9734554291]}}, "70": {"min_max_greedy": {"max delay": [0.022708304035752237], "running time": [4501.716136932373]}, "min_max_pulp": {"max delay": [0.02255236584970615], "running time": [494333.10890197754]}}, "80": {"min_max_greedy": {"max delay": [0.022335368138670368], "running time": [4982.113361358643]}, "min_max_pulp": {"max delay": [0.022099741971673092], "running time": [602334.2726230621]}}, "90": {"min_max_greedy": {"max delay": [0.021917341761891366], "running time": [5578.605890274048]}, "min_max_pulp": {"max delay": [0.021734683665000816], "running time": [728108.8094711304]}}, "100": {"min_max_greedy": {"max delay": [0.02146907868885843], "running time": [6390.275716781616]}, "min_max_pulp": {"max delay": [0.02139065384234874], "running time": [881081.7098617554]}}}