{"10": {"min_max_greedy": {"max delay": [0.138784116540764], "running time": [705.5823802947998]}, "min_max_pulp": {"max delay": [0.138784116540764], "running time": [49716.0439491272]}}, "20": {"min_max_greedy": {"max delay": [0.08001257298196189], "running time": [1070.8839893341064]}, "min_max_pulp": {"max delay": [0.08001257298196189], "running time": [99046.82087898254]}}, "30": {"min_max_greedy": {"max delay": [0.0731243205742662], "running time": [1781.470775604248]}, "min_max_pulp": {"max delay": [0.0731243205742662], "running time": [156256.00910186768]}}, "40": {"min_max_greedy": {"max delay": [0.069001490605483], "running time": [2171.793222427368]}, "min_max_pulp": {"max delay": [0.05853051663318729], "running time": [218191.6308403015]}}, "50": {"min_max_greedy": {"max delay": [0.06600991307593458], "running time": [2532.090425491333]}, "min_max_pulp": {"max delay": [0.03497802613192322], "running time": [288730.8466434479]}}, "60": {"min_max_greedy": {"max delay": [0.03228277812870826], "running time": [1927.5918006896973]}, "min_max_pulp": {"max delay": [0.030710620767179946], "running time": [371672.8436946869]}}, "70": {"min_max_greedy": {"max delay": [0.029261985389326887], "running time": [2417.9961681365967]}, "min_max_pulp": {"max delay": [0.02705155496645148], "running time": [455079.0617465973]}}, "80": {"min_max_greedy": {"max delay": [0.02565748575715764], "running time": [3040.5101776123047]}, "min_max_pulp": {"max delay": [0.024405324817169966], "running time": [547290.8675670624]}}, "90": {"min_max_greedy": {"max delay": [0.023807449848472263], "running time": [3759.103298187256]}, "min_max_pulp": {"max delay": [0.023110815886588355], "running time": [656144.0360546112]}}, "100": {"min_max_greedy": {"max delay": [0.022712676277185467], "running time": [3953.263521194458]}, "min_max_pulp": {"max delay": [0.022245823291062228], "running time": [764902.8437137604]}}}