{"10": {"min_max_greedy": {"max delay": [0.01941930286270269], "running time": [902.7454853057861]}, "min_max_pulp": {"max delay": [0.01941930286270269], "running time": [49012.47596740723]}}, "20": {"min_max_greedy": {"max delay": [0.016509723210170735], "running time": [1452.1992206573486]}, "min_max_pulp": {"max delay": [0.015701248428759054], "running time": [95031.51202201843]}}, "30": {"min_max_greedy": {"max delay": [0.014218338281696545], "running time": [2075.7133960723877]}, "min_max_pulp": {"max delay": [0.014052180209645902], "running time": [149992.75422096252]}}, "40": {"min_max_greedy": {"max delay": [0.013740951136983977], "running time": [2427.0036220550537]}, "min_max_pulp": {"max delay": [0.013075665702367645], "running time": [212064.772605896]}}, "50": {"min_max_greedy": {"max delay": [0.012925119025345912], "running time": [2992.4705028533936]}, "min_max_pulp": {"max delay": [0.011842642837219242], "running time": [278397.96781539917]}}, "60": {"min_max_greedy": {"max delay": [0.011319086671431604], "running time": [3328.754186630249]}, "min_max_pulp": {"max delay": [0.010535164236984026], "running time": [354064.0821456909]}}, "70": {"min_max_greedy": {"max delay": [0.010763881332765684], "running time": [3787.1267795562744]}, "min_max_pulp": {"max delay": [0.01017098764260084], "running time": [443051.1837005615]}}, "80": {"min_max_greedy": {"max delay": [0.009547524530543156], "running time": [4416.646480560303]}, "min_max_pulp": {"max delay": [0.00950964990976204], "running time": [519482.87200927734]}}, "90": {"min_max_greedy": {"max delay": [0.00880456258129493], "running time": [4819.979429244995]}, "min_max_pulp": {"max delay": [0.008738955725454215], "running time": [614734.5099449158]}}, "100": {"min_max_greedy": {"max delay": [0.008730179076998319], "running time": [5232.318639755249]}, "min_max_pulp": {"max delay": [0.008476480231366818], "running time": [728164.3075942993]}}}