{"10": {"min_max_greedy": {"max delay": [0.15615271688690413], "running time": [637.5257968902588]}, "min_max_pulp": {"max delay": [0.14127017420749738], "running time": [37647.33576774597]}}, "20": {"min_max_greedy": {"max delay": [0.0890852229437661], "running time": [1448.195457458496]}, "min_max_pulp": {"max delay": [0.08834967549309952], "running time": [71943.98593902588]}}, "30": {"min_max_greedy": {"max delay": [0.07813070110579952], "running time": [1773.4644412994385]}, "min_max_pulp": {"max delay": [0.07813070110579952], "running time": [110333.12773704529]}}, "40": {"min_max_greedy": {"max delay": [0.07537274454242071], "running time": [1821.5038776397705]}, "min_max_pulp": {"max delay": [0.07422293053543833], "running time": [152357.96356201172]}}, "50": {"min_max_greedy": {"max delay": [0.07384289578257446], "running time": [2475.043535232544]}, "min_max_pulp": {"max delay": [0.07251262267414005], "running time": [198161.24415397644]}}, "60": {"min_max_greedy": {"max delay": [0.07190872553024677], "running time": [2941.4281845092773]}, "min_max_pulp": {"max delay": [0.0709501631093609], "running time": [249525.7649421692]}}, "70": {"min_max_greedy": {"max delay": [0.07084544702824327], "running time": [3165.6134128570557]}, "min_max_pulp": {"max delay": [0.06989536978113224], "running time": [304796.2007522583]}}, "80": {"min_max_greedy": {"max delay": [0.06970160069928581], "running time": [3822.155714035034]}, "min_max_pulp": {"max delay": [0.06925509291715855], "running time": [364767.2905921936]}}, "90": {"min_max_greedy": {"max delay": [0.06884997741287484], "running time": [4209.47527885437]}, "min_max_pulp": {"max delay": [0.05342607806134496], "running time": [424078.22370529175]}}, "100": {"min_max_greedy": {"max delay": [0.06880529113796131], "running time": [4527.737855911255]}, "min_max_pulp": {"max delay": [0.04308879028726722], "running time": [489634.07135009766]}}}