{"10": {"min_max_greedy": {"max delay": [0.1060715671456172], "running time": [844.6972370147705]}, "min_max_pulp": {"max delay": [0.1060715671456172], "running time": [35980.70549964905]}}, "20": {"min_max_greedy": {"max delay": [0.08962245884179339], "running time": [1311.082363128662]}, "min_max_pulp": {"max delay": [0.07153725364347188], "running time": [67537.757396698]}}, "30": {"min_max_greedy": {"max delay": [0.06032255367648931], "running time": [1922.5871562957764]}, "min_max_pulp": {"max delay": [0.059948869520855916], "running time": [107169.47650909424]}}, "40": {"min_max_greedy": {"max delay": [0.05704428627052481], "running time": [2519.0796852111816]}, "min_max_pulp": {"max delay": [0.05458527686065078], "running time": [152667.03844070435]}}, "50": {"min_max_greedy": {"max delay": [0.05121294483126486], "running time": [2901.395320892334]}, "min_max_pulp": {"max delay": [0.050880812572826846], "running time": [192334.78689193726]}}, "60": {"min_max_greedy": {"max delay": [0.04924831800988215], "running time": [3394.8028087615967]}, "min_max_pulp": {"max delay": [0.048724450876650144], "running time": [247959.70916748047]}}, "70": {"min_max_greedy": {"max delay": [0.04881428753573526], "running time": [3861.187696456909]}, "min_max_pulp": {"max delay": [0.04837216051440788], "running time": [308611.93442344666]}}, "80": {"min_max_greedy": {"max delay": [0.04808464944208559], "running time": [4643.833637237549]}, "min_max_pulp": {"max delay": [0.04751929316390556], "running time": [376340.60430526733]}}, "90": {"min_max_greedy": {"max delay": [0.04768872949721223], "running time": [5209.300756454468]}, "min_max_pulp": {"max delay": [0.04650049708088107], "running time": [428089.3323421478]}}, "100": {"min_max_greedy": {"max delay": [0.047125692098652014], "running time": [5633.6510181427]}, "min_max_pulp": {"max delay": [0.037314979834609], "running time": [497023.31733703613]}}}