{"10": {"min_max_greedy": {"max delay": [0.02521553531863098], "running time": [1189.9824142456055]}, "min_max_pulp": {"max delay": [0.02521553531863098], "running time": [57639.58549499512]}}, "20": {"min_max_greedy": {"max delay": [0.0203893518605918], "running time": [1817.5005912780762]}, "min_max_pulp": {"max delay": [0.019917109845134916], "running time": [115278.17034721375]}}, "30": {"min_max_greedy": {"max delay": [0.018647979680019015], "running time": [2313.910961151123]}, "min_max_pulp": {"max delay": [0.01769605119742525], "running time": [183919.83938217163]}}, "40": {"min_max_greedy": {"max delay": [0.016082145917945656], "running time": [3032.503366470337]}, "min_max_pulp": {"max delay": [0.015935575501483223], "running time": [264563.4174346924]}}, "50": {"min_max_greedy": {"max delay": [0.015500428508580903], "running time": [3698.0533599853516]}, "min_max_pulp": {"max delay": [0.015168740286896042], "running time": [366095.23940086365]}}, "60": {"min_max_greedy": {"max delay": [0.0152514962819492], "running time": [4053.346633911133]}, "min_max_pulp": {"max delay": [0.014618623226680042], "running time": [459648.47469329834]}}, "70": {"min_max_greedy": {"max delay": [0.014637865511387939], "running time": [6136.06595993042]}, "min_max_pulp": {"max delay": [0.014059382484276031], "running time": [574092.9570198059]}}, "80": {"min_max_greedy": {"max delay": [0.013583530967047243], "running time": [5180.27663230896]}, "min_max_pulp": {"max delay": [0.01344979692078301], "running time": [680063.4434223175]}}, "90": {"min_max_greedy": {"max delay": [0.01325845195766233], "running time": [5673.683404922485]}, "min_max_pulp": {"max delay": [0.013001444385641386], "running time": [834784.1773033142]}}, "100": {"min_max_greedy": {"max delay": [0.012925338847467521], "running time": [6575.427770614624]}, "min_max_pulp": {"max delay": [0.01170717067214128], "running time": [940568.5102939606]}}}