{"10": {"min_max_greedy": {"max delay": [0.0528380586815333], "running time": [742.6130771636963]}, "min_max_pulp": {"max delay": [0.0528380586815333], "running time": [49399.36017990112]}}, "20": {"min_max_greedy": {"max delay": [0.041240020360452316], "running time": [1228.0139923095703]}, "min_max_pulp": {"max delay": [0.041240020360452316], "running time": [97399.81150627136]}}, "30": {"min_max_greedy": {"max delay": [0.03760139237267165], "running time": [1597.3188877105713]}, "min_max_pulp": {"max delay": [0.03627668943913488], "running time": [152119.81391906738]}}, "40": {"min_max_greedy": {"max delay": [0.03453804168788008], "running time": [2111.743450164795]}, "min_max_pulp": {"max delay": [0.03408817494524838], "running time": [215150.59518814087]}}, "50": {"min_max_greedy": {"max delay": [0.032476730490282976], "running time": [2568.1192874908447]}, "min_max_pulp": {"max delay": [0.031929212113242164], "running time": [284346.38690948486]}}, "60": {"min_max_greedy": {"max delay": [0.03147920543026231], "running time": [3172.624111175537]}, "min_max_pulp": {"max delay": [0.03093312506772952], "running time": [365868.29376220703]}}, "70": {"min_max_greedy": {"max delay": [0.03019017027156268], "running time": [3567.9454803466797]}, "min_max_pulp": {"max delay": [0.026833715982363584], "running time": [444129.84824180603]}}, "80": {"min_max_greedy": {"max delay": [0.02396925465477195], "running time": [2209.824562072754]}, "min_max_pulp": {"max delay": [0.023735912260351353], "running time": [530423.4201908112]}}, "90": {"min_max_greedy": {"max delay": [0.022221500016916904], "running time": [2718.2493209838867]}, "min_max_pulp": {"max delay": [0.02189829984823833], "running time": [634679.5275211334]}}, "100": {"min_max_greedy": {"max delay": [0.021632696718105967], "running time": [3166.614294052124]}, "min_max_pulp": {"max delay": [0.020810362301441385], "running time": [730441.4591789246]}}}