{"10": {"min_max_greedy": {"max delay": [0.032317502268657955], "running time": [974.8044013977051]}, "min_max_pulp": {"max delay": [0.032317502268657955], "running time": [38797.02973365784]}}, "20": {"min_max_greedy": {"max delay": [0.025541366334671214], "running time": [1703.406572341919]}, "min_max_pulp": {"max delay": [0.025541366334671214], "running time": [73349.55549240112]}}, "30": {"min_max_greedy": {"max delay": [0.02323026942849681], "running time": [2177.797794342041]}, "min_max_pulp": {"max delay": [0.0226805542440773], "running time": [116733.3722114563]}}, "40": {"min_max_greedy": {"max delay": [0.020407957620238344], "running time": [2674.2076873779297]}, "min_max_pulp": {"max delay": [0.01796508417211507], "running time": [161281.14986419678]}}, "50": {"min_max_greedy": {"max delay": [0.018441464884100374], "running time": [3500.8902549743652]}, "min_max_pulp": {"max delay": [0.015653987265940666], "running time": [213681.4103126526]}}, "60": {"min_max_greedy": {"max delay": [0.017232799297255352], "running time": [4204.470872879028]}, "min_max_pulp": {"max delay": [0.012366966831728169], "running time": [270034.9338054657]}}, "70": {"min_max_greedy": {"max delay": [0.01501612692731162], "running time": [4623.817443847656]}, "min_max_pulp": {"max delay": [0.009341342245544728], "running time": [328768.42308044434]}}, "80": {"min_max_greedy": {"max delay": [0.009206783682470476], "running time": [5707.712173461914]}, "min_max_pulp": {"max delay": [0.008007450647456026], "running time": [395766.7350769043]}}, "90": {"min_max_greedy": {"max delay": [0.007423031421169976], "running time": [4900.045156478882]}, "min_max_pulp": {"max delay": [0.006988138915161087], "running time": [467422.89328575134]}}, "100": {"min_max_greedy": {"max delay": [0.006888209555309757], "running time": [5487.53023147583]}, "min_max_pulp": {"max delay": [0.006529078222647219], "running time": [570982.3985099792]}}}