{"10": {"min_max_greedy": {"max delay": [0.04624121751965751], "running time": [859.7102165222168]}, "min_max_pulp": {"max delay": [0.04624121751965751], "running time": [34518.497943878174]}}, "20": {"min_max_greedy": {"max delay": [0.034091076327215156], "running time": [1445.1935291290283]}, "min_max_pulp": {"max delay": [0.034091076327215156], "running time": [65172.87015914917]}}, "30": {"min_max_greedy": {"max delay": [0.025478873435193457], "running time": [1940.6018257141113]}, "min_max_pulp": {"max delay": [0.025478873435193457], "running time": [101272.49598503113]}}, "40": {"min_max_greedy": {"max delay": [0.02451424651030925], "running time": [2539.0963554382324]}, "min_max_pulp": {"max delay": [0.02297633647730368], "running time": [140756.82616233826]}}, "50": {"min_max_greedy": {"max delay": [0.022811706051073355], "running time": [2768.2857513427734]}, "min_max_pulp": {"max delay": [0.02189581761880576], "running time": [183583.6796760559]}}, "60": {"min_max_greedy": {"max delay": [0.0213661094940279], "running time": [3293.7192916870117]}, "min_max_pulp": {"max delay": [0.02081852631344384], "running time": [232256.9739818573]}}, "70": {"min_max_greedy": {"max delay": [0.020072133587247083], "running time": [3503.9031505584717]}, "min_max_pulp": {"max delay": [0.02006330392414142], "running time": [284191.3013458252]}}, "80": {"min_max_greedy": {"max delay": [0.01963428368175399], "running time": [4026.3314247131348]}, "min_max_pulp": {"max delay": [0.01931326501565262], "running time": [334712.17679977417]}}, "90": {"min_max_greedy": {"max delay": [0.019281250144244415], "running time": [4739.927053451538]}, "min_max_pulp": {"max delay": [0.018809252538441557], "running time": [410210.2482318878]}}, "100": {"min_max_greedy": {"max delay": [0.0199592823401817], "running time": [3663.024425506592]}, "min_max_pulp": {"max delay": [0.018326019523558303], "running time": [499636.4870071411]}}}