{"10": {"min_max_greedy": {"max delay": [0.04656622893349422], "running time": [1093.9037799835205]}, "min_max_pulp": {"max delay": [0.04656622893349422], "running time": [33641.77346229553]}}, "20": {"min_max_greedy": {"max delay": [0.034010020648189664], "running time": [1458.2035541534424]}, "min_max_pulp": {"max delay": [0.034010020648189664], "running time": [63793.70403289795]}}, "30": {"min_max_greedy": {"max delay": [0.03198871509580891], "running time": [1811.5034103393555]}, "min_max_pulp": {"max delay": [0.03126133719516801], "running time": [98395.32208442688]}}, "40": {"min_max_greedy": {"max delay": [0.029819608777998784], "running time": [2299.898624420166]}, "min_max_pulp": {"max delay": [0.02952422161630681], "running time": [137320.05143165588]}}, "50": {"min_max_greedy": {"max delay": [0.029510656158973858], "running time": [2790.3168201446533]}, "min_max_pulp": {"max delay": [0.028251996240833084], "running time": [180291.56017303467]}}, "60": {"min_max_greedy": {"max delay": [0.028363547068373147], "running time": [3286.7133617401123]}, "min_max_pulp": {"max delay": [0.027732928885136576], "running time": [229528.15628051758]}}, "70": {"min_max_greedy": {"max delay": [0.028042711445942368], "running time": [3933.2354068756104]}, "min_max_pulp": {"max delay": [0.027177638622042536], "running time": [278971.5495109558]}}, "80": {"min_max_greedy": {"max delay": [0.027307359493974868], "running time": [4476.696491241455]}, "min_max_pulp": {"max delay": [0.02681386089477901], "running time": [345334.5000743866]}}, "90": {"min_max_greedy": {"max delay": [0.026489061496808082], "running time": [4768.937349319458]}, "min_max_pulp": {"max delay": [0.02478151430421014], "running time": [387398.95367622375]}}, "100": {"min_max_greedy": {"max delay": [0.02611030095441644], "running time": [5354.420185089111]}, "min_max_pulp": {"max delay": [0.01949317716383988], "running time": [452586.4865779877]}}}