{"50": {"min_max_greedy": {"max delay": [0.022352416960686527], "running time": [169.14010047912598]}, "min_max_nn": {"max delay": [0.11720909352055546], "running time": [1490.234136581421]}}}