{"50": {"min_max_greedy": {"max delay": [0.06472489821777648], "running time": [150.12454986572266]}, "min_max_nn": {"max delay": [0.10811394537278125], "running time": [1468.2178497314453]}}}