{"50": {"min_max_greedy": {"max delay": [0.03776009024586915], "running time": [190.15812873840332]}, "min_max_nn": {"max delay": [0.06824296371994554], "running time": [2265.8798694610596]}}}