{"50": {"min_max_greedy": {"max delay": [0.0338532460280901], "running time": [287.23907470703125]}, "min_max_nn": {"max delay": [0.06367614107521093], "running time": [2614.168643951416]}}}