{"50": {"min_max_greedy": {"max delay": [0.05424645345102366], "running time": [128.10611724853516]}, "min_max_nn": {"max delay": [0.05778635823563054], "running time": [2103.7464141845703]}}}