{"50": {"min_max_greedy": {"max delay": [0.01828614184060995], "running time": [212.17584609985352]}, "min_max_nn": {"max delay": [0.017417609743444213], "running time": [2578.138828277588]}}}