{"50": {"min_max_greedy": {"max delay": [0.09318722367686522], "running time": [127.1052360534668]}, "min_max_nn": {"max delay": [0.17288525811458183], "running time": [1477.2253036499023]}}}