{"50": {"min_max_greedy": {"max delay": [0.027929599851200172], "running time": [128.10587882995605]}, "min_max_nn": {"max delay": [0.029493215431966178], "running time": [1834.5222473144531]}}}