{"50": {"min_max_greedy": {"max delay": [0.03457008393605211], "running time": [151.13377571105957]}, "min_max_nn": {"max delay": [0.034957545462221754], "running time": [1656.374216079712]}}}