{"50": {"min_max_greedy": {"max delay": [0.017904006175811404], "running time": [254.2107105255127]}, "min_max_nn": {"max delay": [0.02331221144948336], "running time": [2221.8432426452637]}}}