{"50": {"min_max_greedy": {"max delay": [0.02266608286915428], "running time": [194.16093826293945]}, "min_max_nn": {"max delay": [0.02922042439289022], "running time": [2411.0000133514404]}}}