{"50": {"min_max_greedy": {"max delay": [0.04541301042973597], "running time": [161.1335277557373]}, "min_max_nn": {"max delay": [0.09218946020503788], "running time": [1091.9058322906494]}}}