{"50": {"min_max_greedy": {"max delay": [0.08740671978639568], "running time": [169.14033889770508]}, "min_max_nn": {"max delay": [0.1404412176841412], "running time": [2041.6936874389648]}}}