{"50": {"min_max_greedy": {"max delay": [0.027207305525304197], "running time": [191.15853309631348]}, "min_max_nn": {"max delay": [0.03584285657193686], "running time": [2600.1572608947754]}}}