{"50": {"min_max_greedy": {"max delay": [0.03418222383612251], "running time": [159.1317653656006]}, "min_max_nn": {"max delay": [0.05494568539840999], "running time": [1647.3665237426758]}}}