{"entropy": 192881847708998033238948631963712504922, "10": {"num_user": 100, "num_service": 138, "min_max_surrogate_relaxation": {"max_delay": 0.1021625735045545, "running_time": 58681.72764778137}}, "20": {"num_user": 100, "num_service": 138, "min_max_surrogate_relaxation": {"max_delay": 0.09637759016102024, "running_time": 113247.0190525055}}, "30": {"num_user": 100, "num_service": 138, "min_max_surrogate_relaxation": {"max_delay": 0.09318182096604188, "running_time": 81089.32089805603}}, "40": {"num_user": 100, "num_service": 138, "min_max_surrogate_relaxation": {"max_delay": 0.08438236331895985, "running_time": 133137.53247261047}}, "50": {"num_user": 100, "num_service": 138, "min_max_surrogate_relaxation": {"max_delay": 0.0816359779673545, "running_time": 110180.47332763672}}, "60": {"num_user": 100, "num_service": 138, "min_max_surrogate_relaxation": {"max_delay": 0.07731584205606097, "running_time": 148220.05343437195}}, "70": {"num_user": 100, "num_service": 138, "min_max_surrogate_relaxation": {"max_delay": 0.0752118323312134, "running_time": 122137.3999118805}}, "80": {"num_user": 100, "num_service": 138, "min_max_surrogate_relaxation": {"max_delay": 0.0752118323312134, "running_time": 143400.05254745483}}, "90": {"num_user": 100, "num_service": 138, "min_max_surrogate_relaxation": {"max_delay": 0.07495432736667758, "running_time": 146813.88592720032}}, "100": {"num_user": 100, "num_service": 138, "min_max_surrogate_relaxation": {"max_delay": 0.07297675686972402, "running_time": 150150.94232559204}}}