{"10": {"min_max_greedy": {"max delay": [0.06742719747990703], "running time": [1886.5573406219482]}, "min_max_pulp": {"max delay": [0.06742719747990703], "running time": [108391.48569107056]}}, "20": {"min_max_greedy": {"max delay": [0.06189709733778387], "running time": [2818.326711654663]}, "min_max_pulp": {"max delay": [0.060408488974972904], "running time": [214146.79431915283]}}, "30": {"min_max_greedy": {"max delay": [0.05892539194679387], "running time": [3782.1226119995117]}, "min_max_pulp": {"max delay": [0.05792637807910421], "running time": [334047.78146743774]}}, "40": {"min_max_greedy": {"max delay": [0.056262004824052386], "running time": [4999.127388000488]}, "min_max_pulp": {"max delay": [0.05593917472802276], "running time": [473137.61043548584]}}, "50": {"min_max_greedy": {"max delay": [0.05536029037621591], "running time": [5953.9148807525635]}, "min_max_pulp": {"max delay": [0.05503746028018629], "running time": [626634.3336105347]}}, "60": {"min_max_greedy": {"max delay": [0.05406667864555836], "running time": [6871.673107147217]}, "min_max_pulp": {"max delay": [0.053788602184900426], "running time": [781677.33335495]}}, "70": {"min_max_greedy": {"max delay": [0.053344025404402085], "running time": [8091.680526733398]}, "min_max_pulp": {"max delay": [0.05315991676337254], "running time": [943770.1532840729]}}, "80": {"min_max_greedy": {"max delay": [0.05283986419512911], "running time": [8508.024454116821]}, "min_max_pulp": {"max delay": [0.052582127428641615], "running time": [1129182.2247505188]}}, "90": {"min_max_greedy": {"max delay": [0.05211756930982885], "running time": [9717.021703720093]}, "min_max_pulp": {"max delay": [0.05200105594586169], "running time": [1321575.0596523285]}}, "100": {"min_max_greedy": {"max delay": [0.051543216678852546], "running time": [10842.951536178589]}, "min_max_pulp": {"max delay": [0.0514669748584353], "running time": [1567295.9206104279]}}}