{"10": {"min_max_greedy": {"max delay": [0.05334681441628601], "running time": [1913.5797023773193]}, "min_max_pulp": {"max delay": [0.05334681441628601], "running time": [118472.87273406982]}}, "20": {"min_max_greedy": {"max delay": [0.03917261384663758], "running time": [2830.336332321167]}, "min_max_pulp": {"max delay": [0.03917261384663758], "running time": [240994.2762851715]}}, "30": {"min_max_greedy": {"max delay": [0.0356673819350129], "running time": [4042.337656021118]}, "min_max_pulp": {"max delay": [0.03392973765597397], "running time": [383134.88388061523]}}, "40": {"min_max_greedy": {"max delay": [0.032464773352227305], "running time": [5017.141819000244]}, "min_max_pulp": {"max delay": [0.031972249563539876], "running time": [537537.8341674805]}}, "50": {"min_max_greedy": {"max delay": [0.0309007102524301], "running time": [6775.590181350708]}, "min_max_pulp": {"max delay": [0.030428672626217197], "running time": [697757.6808929443]}}, "60": {"min_max_greedy": {"max delay": [0.02941712530215772], "running time": [7414.130449295044]}, "min_max_pulp": {"max delay": [0.029025552872561748], "running time": [905898.5831737518]}}, "70": {"min_max_greedy": {"max delay": [0.028348875909090982], "running time": [8212.780475616455]}, "min_max_pulp": {"max delay": [0.020887023509312836], "running time": [1118822.4141597748]}}, "80": {"min_max_greedy": {"max delay": [0.027498392851185924], "running time": [9621.042013168335]}, "min_max_pulp": {"max delay": [0.016749790557018106], "running time": [1295151.7295837402]}}, "90": {"min_max_greedy": {"max delay": [0.027032535323666774], "running time": [10511.678218841553]}, "min_max_pulp": {"max delay": [0.014860099021034178], "running time": [1552178.082227707]}}, "100": {"min_max_greedy": {"max delay": [0.02662360496238037], "running time": [11803.745031356812]}, "min_max_pulp": {"max delay": [0.013093019184951132], "running time": [1808148.762702942]}}}