{"10": {"min_max_greedy": {"max delay": [0.1323375522910532], "running time": [1681.3881397247314]}, "min_max_pulp": {"max delay": [0.12970351775314956], "running time": [69339.24460411072]}}, "20": {"min_max_greedy": {"max delay": [0.1064267691344205], "running time": [2359.9483966827393]}, "min_max_pulp": {"max delay": [0.10351684095850194], "running time": [135374.76205825806]}}, "30": {"min_max_greedy": {"max delay": [0.09534458738796972], "running time": [3491.8830394744873]}, "min_max_pulp": {"max delay": [0.0939636149096451], "running time": [202062.81781196594]}}, "40": {"min_max_greedy": {"max delay": [0.09062077347985942], "running time": [4407.639026641846]}, "min_max_pulp": {"max delay": [0.08950839690991579], "running time": [287174.0839481354]}}, "50": {"min_max_greedy": {"max delay": [0.08733787707677985], "running time": [5204.296350479126]}, "min_max_pulp": {"max delay": [0.08652060338375325], "running time": [365387.65478134155]}}, "60": {"min_max_greedy": {"max delay": [0.08623600537706697], "running time": [5901.872158050537]}, "min_max_pulp": {"max delay": [0.0850612029333362], "running time": [472565.1378631592]}}, "70": {"min_max_greedy": {"max delay": [0.08594275187778921], "running time": [9682.99388885498]}, "min_max_pulp": {"max delay": [0.08366747543321776], "running time": [582642.0147418976]}}, "80": {"min_max_greedy": {"max delay": [0.0836384859205935], "running time": [8102.689266204834]}, "min_max_pulp": {"max delay": [0.08295937194477847], "running time": [684262.9106044769]}}, "90": {"min_max_greedy": {"max delay": [0.08331779930209113], "running time": [9226.617574691772]}, "min_max_pulp": {"max delay": [0.07661026270723414], "running time": [805809.2563152313]}}, "100": {"min_max_greedy": {"max delay": [0.08225613799067687], "running time": [10018.270254135132]}, "min_max_pulp": {"max delay": [0.04220269306023771], "running time": [959310.9836578369]}}}