{"10": {"min_max_greedy": {"max delay": [0.032617890188753974], "running time": [1596.318006515503]}, "min_max_pulp": {"max delay": [0.029823162651438542], "running time": [85484.5860004425]}}, "20": {"min_max_greedy": {"max delay": [0.023557648711215497], "running time": [2973.4537601470947]}, "min_max_pulp": {"max delay": [0.023557648711215497], "running time": [160613.67344856262]}}, "30": {"min_max_greedy": {"max delay": [0.020850096733717807], "running time": [4084.37180519104]}, "min_max_pulp": {"max delay": [0.020299855991161325], "running time": [242895.13611793518]}}, "40": {"min_max_greedy": {"max delay": [0.019237360415486265], "running time": [5147.249221801758]}, "min_max_pulp": {"max delay": [0.01863113315123897], "running time": [333740.5285835266]}}, "50": {"min_max_greedy": {"max delay": [0.018680594274095918], "running time": [5854.833602905273]}, "min_max_pulp": {"max delay": [0.017856597191126332], "running time": [436598.0980396271]}}, "60": {"min_max_greedy": {"max delay": [0.018384529004925876], "running time": [6838.645219802856]}, "min_max_pulp": {"max delay": [0.017117706899638003], "running time": [568881.2866210938]}}, "70": {"min_max_greedy": {"max delay": [0.017078808789762694], "running time": [7448.1518268585205]}, "min_max_pulp": {"max delay": [0.01656737095059759], "running time": [677312.2625350952]}}, "80": {"min_max_greedy": {"max delay": [0.0160731152507533], "running time": [8617.124557495117]}, "min_max_pulp": {"max delay": [0.01586468724238922], "running time": [860025.7930755615]}}, "90": {"min_max_greedy": {"max delay": [0.015832792881517233], "running time": [11668.633222579956]}, "min_max_pulp": {"max delay": [0.015480833538439834], "running time": [963036.0586643219]}}, "100": {"min_max_greedy": {"max delay": [0.01543774222050487], "running time": [10340.537071228027]}, "min_max_pulp": {"max delay": [0.015139976642133726], "running time": [1231927.0820617676]}}}