{"10": {"min_max_greedy": {"max delay": [0.061700732875370784], "running time": [1403.1586647033691]}, "min_max_pulp": {"max delay": [0.05738529045167628], "running time": [70746.40655517578]}}, "20": {"min_max_greedy": {"max delay": [0.04032970462405431], "running time": [2321.9168186187744]}, "min_max_pulp": {"max delay": [0.04032970462405431], "running time": [131021.16775512695]}}, "30": {"min_max_greedy": {"max delay": [0.026951237467013226], "running time": [3274.70326423645]}, "min_max_pulp": {"max delay": [0.026951237467013226], "running time": [203622.1055984497]}}, "40": {"min_max_greedy": {"max delay": [0.01756091702074589], "running time": [4221.485614776611]}, "min_max_pulp": {"max delay": [0.0168001498856506], "running time": [278081.57753944397]}}, "50": {"min_max_greedy": {"max delay": [0.014554099912643283], "running time": [4924.065113067627]}, "min_max_pulp": {"max delay": [0.01361428521783205], "running time": [354060.3036880493]}}, "60": {"min_max_greedy": {"max delay": [0.013262485764831859], "running time": [8023.623704910278]}, "min_max_pulp": {"max delay": [0.012299144926163776], "running time": [460270.9882259369]}}, "70": {"min_max_greedy": {"max delay": [0.012070663156430385], "running time": [9081.497430801392]}, "min_max_pulp": {"max delay": [0.011556028889093599], "running time": [550635.5912685394]}}, "80": {"min_max_greedy": {"max delay": [0.011212664916180557], "running time": [8050.6463050842285]}, "min_max_pulp": {"max delay": [0.01079484944116178], "running time": [661238.9023303986]}}, "90": {"min_max_greedy": {"max delay": [0.010106306010093696], "running time": [8708.189249038696]}, "min_max_pulp": {"max delay": [0.009957104841236412], "running time": [767577.6929855347]}}, "100": {"min_max_greedy": {"max delay": [0.00995376093341588], "running time": [9929.197072982788]}, "min_max_pulp": {"max delay": [0.009548586256357195], "running time": [904683.8848590851]}}}