{"10": {"min_max_greedy": {"max delay": [0.026506640927369516], "running time": [1654.3655395507812]}, "min_max_pulp": {"max delay": [0.026506640927369516], "running time": [79644.7525024414]}}, "20": {"min_max_greedy": {"max delay": [0.0165584437902281], "running time": [3059.525966644287]}, "min_max_pulp": {"max delay": [0.0165584437902281], "running time": [149777.65274047852]}}, "30": {"min_max_greedy": {"max delay": [0.01535198421769102], "running time": [4245.505094528198]}, "min_max_pulp": {"max delay": [0.014323395207475356], "running time": [236303.08604240417]}}, "40": {"min_max_greedy": {"max delay": [0.014522480903687126], "running time": [5513.551950454712]}, "min_max_pulp": {"max delay": [0.013215743336438362], "running time": [321563.4753704071]}}, "50": {"min_max_greedy": {"max delay": [0.013009650729707221], "running time": [6388.273477554321]}, "min_max_pulp": {"max delay": [0.01213336344392635], "running time": [421763.197183609]}}, "60": {"min_max_greedy": {"max delay": [0.012144187053904411], "running time": [7814.451217651367]}, "min_max_pulp": {"max delay": [0.011309109882031897], "running time": [544880.8400630951]}}, "70": {"min_max_greedy": {"max delay": [0.011203225542819339], "running time": [8817.278861999512]}, "min_max_pulp": {"max delay": [0.010376253430632192], "running time": [647437.5083446503]}}, "80": {"min_max_greedy": {"max delay": [0.009993209276230982], "running time": [9929.19659614563]}, "min_max_pulp": {"max delay": [0.009658816230586157], "running time": [788641.083240509]}}, "90": {"min_max_greedy": {"max delay": [0.009673446645544655], "running time": [11262.297868728638]}, "min_max_pulp": {"max delay": [0.00922260756881233], "running time": [941563.3478164673]}}, "100": {"min_max_greedy": {"max delay": [0.009221021373787441], "running time": [12144.025802612305]}, "min_max_pulp": {"max delay": [0.008868277820931624], "running time": [1099021.324634552]}}}