{"10": {"min_max_greedy": {"max delay": [0.06797582204110958], "running time": [1451.1981010437012]}, "min_max_pulp": {"max delay": [0.0637326787251086], "running time": [120022.08709716797]}}, "20": {"min_max_greedy": {"max delay": [0.0240590078833368], "running time": [2784.298896789551]}, "min_max_pulp": {"max delay": [0.02386210343041726], "running time": [243742.22707748413]}}, "30": {"min_max_greedy": {"max delay": [0.020053958052194353], "running time": [3783.122777938843]}, "min_max_pulp": {"max delay": [0.018394811174143183], "running time": [402363.9919757843]}}, "40": {"min_max_greedy": {"max delay": [0.01603511598205703], "running time": [5237.528085708618]}, "min_max_pulp": {"max delay": [0.01583302500580852], "running time": [553233.0932617188]}}, "50": {"min_max_greedy": {"max delay": [0.014605999375903385], "running time": [6004.95719909668]}, "min_max_pulp": {"max delay": [0.013824045755494846], "running time": [717738.667011261]}}, "60": {"min_max_greedy": {"max delay": [0.012923081356310772], "running time": [7980.611562728882]}, "min_max_pulp": {"max delay": [0.012737314596897196], "running time": [917828.1435966492]}}, "70": {"min_max_greedy": {"max delay": [0.011828805955511602], "running time": [8916.348695755005]}, "min_max_pulp": {"max delay": [0.011822824340153582], "running time": [1134768.784046173]}}, "80": {"min_max_greedy": {"max delay": [0.011202771059321649], "running time": [9945.210695266724]}, "min_max_pulp": {"max delay": [0.011202771059321649], "running time": [1355095.2818393707]}}, "90": {"min_max_greedy": {"max delay": [0.011076395815357706], "running time": [11010.096311569214]}, "min_max_pulp": {"max delay": [0.011009832508191533], "running time": [1595615.5593395233]}}, "100": {"min_max_greedy": {"max delay": [0.010713090302177175], "running time": [11985.998153686523]}, "min_max_pulp": {"max delay": [0.010527012788370696], "running time": [1924313.6057853699]}}}