{"10": {"min_max_greedy": {"max delay": [0.07532090279668809], "running time": [1659.369707107544]}, "min_max_pulp": {"max delay": [0.07097922178505602], "running time": [86219.18058395386]}}, "20": {"min_max_greedy": {"max delay": [0.06439307733531871], "running time": [2586.1356258392334]}, "min_max_pulp": {"max delay": [0.06439307733531871], "running time": [161920.67790031433]}}, "30": {"min_max_greedy": {"max delay": [0.06171279171130928], "running time": [3294.720411300659]}, "min_max_pulp": {"max delay": [0.06171279171130928], "running time": [253382.18569755554]}}, "40": {"min_max_greedy": {"max delay": [0.06012210644085908], "running time": [4260.517358779907]}, "min_max_pulp": {"max delay": [0.05983842849024934], "running time": [352730.20577430725]}}, "50": {"min_max_greedy": {"max delay": [0.059406456511345976], "running time": [5742.741107940674]}, "min_max_pulp": {"max delay": [0.05838818866520053], "running time": [467994.3642616272]}}, "60": {"min_max_greedy": {"max delay": [0.05834250299738193], "running time": [6412.2936725616455]}, "min_max_pulp": {"max delay": [0.05722524543317125], "running time": [594799.0520000458]}}, "70": {"min_max_greedy": {"max delay": [0.05728807448663295], "running time": [7290.018320083618]}, "min_max_pulp": {"max delay": [0.056557138260777705], "running time": [723825.5724906921]}}, "80": {"min_max_greedy": {"max delay": [0.056787503118112974], "running time": [8795.261144638062]}, "min_max_pulp": {"max delay": [0.056031028407643436], "running time": [855377.1781921387]}}, "90": {"min_max_greedy": {"max delay": [0.055702121843985944], "running time": [9638.957500457764]}, "min_max_pulp": {"max delay": [0.055470279569897835], "running time": [990001.3208389282]}}, "100": {"min_max_greedy": {"max delay": [0.05528218104841617], "running time": [10412.595987319946]}, "min_max_pulp": {"max delay": [0.05508160637110065], "running time": [1164934.7412586212]}}}