{"10": {"min_max_greedy": {"max delay": [0.036227022218465445], "running time": [68.05729866027832]}, "min_max_pulp": {"max delay": [0.035557576832202516], "running time": [2905.4176807403564]}}, "20": {"min_max_greedy": {"max delay": [0.02833319284678546], "running time": [124.10306930541992]}, "min_max_pulp": {"max delay": [0.02820846214420527], "running time": [5652.7040004730225]}}, "30": {"min_max_greedy": {"max delay": [0.02628757304824656], "running time": [157.13262557983398]}, "min_max_pulp": {"max delay": [0.02541877680267349], "running time": [8720.252752304077]}}, "40": {"min_max_greedy": {"max delay": [0.02325997110370846], "running time": [146.12174034118652]}, "min_max_pulp": {"max delay": [0.022148434824936968], "running time": [12331.261396408081]}}, "50": {"min_max_greedy": {"max delay": [0.022842962004323453], "running time": [183.15529823303223]}, "min_max_pulp": {"max delay": [0.021232750166045124], "running time": [16003.31711769104]}}, "60": {"min_max_greedy": {"max delay": [0.017409441193524756], "running time": [146.12197875976562]}, "min_max_pulp": {"max delay": [0.017409441193524756], "running time": [20268.866062164307]}}, "70": {"min_max_greedy": {"max delay": [0.01646778692240692], "running time": [181.1506748199463]}, "min_max_pulp": {"max delay": [0.014991312203269823], "running time": [24305.224657058716]}}, "80": {"min_max_greedy": {"max delay": [0.01464063531324103], "running time": [210.1750373840332]}, "min_max_pulp": {"max delay": [0.013720538305449061], "running time": [29056.178092956543]}}, "90": {"min_max_greedy": {"max delay": [0.013149532048317831], "running time": [245.20373344421387]}, "min_max_pulp": {"max delay": [0.012922933740578789], "running time": [34537.739276885986]}}, "100": {"min_max_greedy": {"max delay": [0.01239596615976834], "running time": [297.24740982055664]}, "min_max_pulp": {"max delay": [0.012221189271914425], "running time": [39987.274408340454]}}}