{"10": {"min_max_greedy": {"max delay": [0.11186416356203033], "running time": [101.08447074890137]}, "min_max_pulp": {"max delay": [0.11131025727306519], "running time": [3758.127450942993]}}, "20": {"min_max_greedy": {"max delay": [0.10734763873425973], "running time": [146.12150192260742]}, "min_max_pulp": {"max delay": [0.10724654613576118], "running time": [7657.372236251831]}}, "30": {"min_max_greedy": {"max delay": [0.10590744240539757], "running time": [189.15748596191406]}, "min_max_pulp": {"max delay": [0.10590744240539757], "running time": [12056.032419204712]}}, "40": {"min_max_greedy": {"max delay": [0.016385006888515487], "running time": [68.05634498596191]}, "min_max_pulp": {"max delay": [0.016385006888515487], "running time": [17256.359338760376]}}, "50": {"min_max_greedy": {"max delay": [0.009988518542929255], "running time": [124.10330772399902]}, "min_max_pulp": {"max delay": [0.008514478337714447], "running time": [22686.87868118286]}}, "60": {"min_max_greedy": {"max delay": [0.005940017837183642], "running time": [179.14938926696777]}, "min_max_pulp": {"max delay": [0.005940017837183642], "running time": [29630.656719207764]}}, "70": {"min_max_greedy": {"max delay": [0.004719679607587497], "running time": [224.18665885925293]}, "min_max_pulp": {"max delay": [0.004719679607587497], "running time": [36843.65916252136]}}, "80": {"min_max_greedy": {"max delay": [0.0035046352576957596], "running time": [279.2320251464844]}, "min_max_pulp": {"max delay": [0.0034657731890685695], "running time": [44002.61569023132]}}, "90": {"min_max_greedy": {"max delay": [0.003186472791518653], "running time": [344.29168701171875]}, "min_max_pulp": {"max delay": [0.002787670741539219], "running time": [52073.331356048584]}}, "100": {"min_max_greedy": {"max delay": [0.002500354609883], "running time": [390.32483100891113]}, "min_max_pulp": {"max delay": [0.0024292258431738894], "running time": [61173.90465736389]}}}