{"10": {"min_max_greedy": {"max delay": [0.13509697772953685], "running time": [68.05634498596191]}, "min_max_pulp": {"max delay": [0.13509697772953685], "running time": [3516.9265270233154]}}, "20": {"min_max_greedy": {"max delay": [0.1185854636138883], "running time": [122.1015453338623]}, "min_max_pulp": {"max delay": [0.11845461141066686], "running time": [7242.028713226318]}}, "30": {"min_max_greedy": {"max delay": [0.11446473174914962], "running time": [177.14595794677734]}, "min_max_pulp": {"max delay": [0.11446473174914962], "running time": [10523.757219314575]}}, "40": {"min_max_greedy": {"max delay": [0.11304061358459862], "running time": [229.19273376464844]}, "min_max_pulp": {"max delay": [0.10588599519932387], "running time": [14936.429262161255]}}, "50": {"min_max_greedy": {"max delay": [0.0851088584972187], "running time": [90.07549285888672]}, "min_max_pulp": {"max delay": [0.0828094030118469], "running time": [19118.908882141113]}}, "60": {"min_max_greedy": {"max delay": [0.0738484309667643], "running time": [147.12214469909668]}, "min_max_pulp": {"max delay": [0.07307365416223448], "running time": [24220.15428543091]}}, "70": {"min_max_greedy": {"max delay": [0.06935487779300323], "running time": [203.1693458557129]}, "min_max_pulp": {"max delay": [0.06924131814501312], "running time": [29524.568557739258]}}, "80": {"min_max_greedy": {"max delay": [0.06862585935157144], "running time": [259.2158317565918]}, "min_max_pulp": {"max delay": [0.06809578341270935], "running time": [35465.5122756958]}}, "90": {"min_max_greedy": {"max delay": [0.06749293006711392], "running time": [314.26191329956055]}, "min_max_pulp": {"max delay": [0.04809538419066373], "running time": [41609.62462425232]}}, "100": {"min_max_greedy": {"max delay": [0.06693795319579646], "running time": [333.27722549438477]}, "min_max_pulp": {"max delay": [0.02731824748855856], "running time": [48135.05434989929]}}}