{"10": {"min_max_greedy": {"max delay": [0.2483329684472515], "running time": [66.0543441772461]}, "min_max_pulp": {"max delay": [0.2483329684472515], "running time": [3814.1489028930664]}}, "20": {"min_max_greedy": {"max delay": [0.23410557980640792], "running time": [109.08985137939453]}, "min_max_pulp": {"max delay": [0.23410557980640792], "running time": [7568.248271942139]}}, "30": {"min_max_greedy": {"max delay": [0.0834658414778395], "running time": [76.06291770935059]}, "min_max_pulp": {"max delay": [0.07153207213546206], "running time": [11808.748960494995]}}, "40": {"min_max_greedy": {"max delay": [0.05913368125284826], "running time": [108.08920860290527]}, "min_max_pulp": {"max delay": [0.05088047978889061], "running time": [17461.41529083252]}}, "50": {"min_max_greedy": {"max delay": [0.052997852551422725], "running time": [184.15188789367676]}, "min_max_pulp": {"max delay": [0.036474099498457965], "running time": [22758.795976638794]}}, "60": {"min_max_greedy": {"max delay": [0.037383008337020296], "running time": [226.18675231933594]}, "min_max_pulp": {"max delay": [0.029832198410373965], "running time": [29649.47819709778]}}, "70": {"min_max_greedy": {"max delay": [0.02863796753372478], "running time": [271.24929428100586]}, "min_max_pulp": {"max delay": [0.02774540941824349], "running time": [42840.36827087402]}}}