{"10": {"min_max_greedy": {"max delay": [0.07150175109955965], "running time": [80.06668090820312]}, "min_max_pulp": {"max delay": [0.07150175109955965], "running time": [3544.926166534424]}}, "20": {"min_max_greedy": {"max delay": [0.06180030600566425], "running time": [113.09337615966797]}, "min_max_pulp": {"max delay": [0.05927823237621481], "running time": [7598.2725620269775]}}, "30": {"min_max_greedy": {"max delay": [0.054846046883316936], "running time": [126.10387802124023]}, "min_max_pulp": {"max delay": [0.05148562930310101], "running time": [12470.295429229736]}}, "40": {"min_max_greedy": {"max delay": [0.05155271722762844], "running time": [178.1473159790039]}, "min_max_pulp": {"max delay": [0.047651617547923485], "running time": [17510.456085205078]}}, "50": {"min_max_greedy": {"max delay": [0.04719825925416713], "running time": [190.1566982269287]}, "min_max_pulp": {"max delay": [0.0457946392694821], "running time": [23789.639949798584]}}, "60": {"min_max_greedy": {"max delay": [0.04536547834982337], "running time": [244.2018985748291]}, "min_max_pulp": {"max delay": [0.04419042569753022], "running time": [31780.236959457397]}}, "70": {"min_max_greedy": {"max delay": [0.05155271722762844], "running time": [167.13809967041016]}, "min_max_pulp": {"max delay": [0.04252125978163419], "running time": [35625.41151046753]}}}