{"10": {"min_max_greedy": {"max delay": [0.06966500518886298], "running time": [45.037031173706055]}, "min_max_pulp": {"max delay": [0.06966500518886298], "running time": [3273.702621459961]}}, "20": {"min_max_greedy": {"max delay": [0.05171605812197735], "running time": [90.07430076599121]}, "min_max_pulp": {"max delay": [0.05029539545441998], "running time": [7130.887031555176]}}, "30": {"min_max_greedy": {"max delay": [0.04700496816984681], "running time": [112.09249496459961]}, "min_max_pulp": {"max delay": [0.04520484901395773], "running time": [10584.152460098267]}}, "40": {"min_max_greedy": {"max delay": [0.04698846711019406], "running time": [133.11028480529785]}, "min_max_pulp": {"max delay": [0.04213900253176025], "running time": [17231.22549057007]}}, "50": {"min_max_greedy": {"max delay": [0.04416297070438317], "running time": [146.12054824829102]}, "min_max_pulp": {"max delay": [0.04061953467155628], "running time": [26101.548671722412]}}, "60": {"min_max_greedy": {"max delay": [0.03226251165015852], "running time": [179.14772033691406]}, "min_max_pulp": {"max delay": [0.031709728490380694], "running time": [23841.68267250061]}}, "70": {"min_max_greedy": {"max delay": [0.030657359733168688], "running time": [190.1571750640869]}, "min_max_pulp": {"max delay": [0.028745415937444993], "running time": [33137.72940635681]}}}