{"10": {"min_max_greedy": {"max delay": [0.20183228007329754], "running time": [74.06115531921387]}, "min_max_pulp": {"max delay": [0.20183228007329754], "running time": [3992.7923679351807]}}, "20": {"min_max_greedy": {"max delay": [0.0798448462384624], "running time": [83.0683708190918]}, "min_max_pulp": {"max delay": [0.0798448462384624], "running time": [7838.471412658691]}}, "30": {"min_max_greedy": {"max delay": [0.07481446147723997], "running time": [104.08568382263184]}, "min_max_pulp": {"max delay": [0.07280203614552788], "running time": [13227.907180786133]}}, "40": {"min_max_greedy": {"max delay": [0.06887220622964463], "running time": [145.11942863464355]}, "min_max_pulp": {"max delay": [0.06887220622964463], "running time": [18928.627014160156]}}, "50": {"min_max_greedy": {"max delay": [0.06357130001219853], "running time": [135.11133193969727]}, "min_max_pulp": {"max delay": [0.06357130001219853], "running time": [23676.554203033447]}}, "60": {"min_max_greedy": {"max delay": [0.05638259659357301], "running time": [125.10323524475098]}, "min_max_pulp": {"max delay": [0.05638259659357301], "running time": [29858.65044593811]}}, "70": {"min_max_greedy": {"max delay": [0.041205188314057645], "running time": [144.1192626953125]}, "min_max_pulp": {"max delay": [0.03949806122438337], "running time": [35546.34642601013]}}}