{"10": {"min_max_greedy": {"max delay": [0.07572295301537178], "running time": [42.03486442565918]}, "min_max_pulp": {"max delay": [0.07572295301537178], "running time": [3253.6861896514893]}}, "20": {"min_max_greedy": {"max delay": [0.05214714022774326], "running time": [83.0683708190918]}, "min_max_pulp": {"max delay": [0.05083114644474852], "running time": [6791.606664657593]}}, "30": {"min_max_greedy": {"max delay": [0.04421769630764684], "running time": [135.11133193969727]}, "min_max_pulp": {"max delay": [0.0438803205401251], "running time": [11094.159126281738]}}, "40": {"min_max_greedy": {"max delay": [0.04014752455548574], "running time": [196.16198539733887]}, "min_max_pulp": {"max delay": [0.037397490440403684], "running time": [15403.722286224365]}}, "50": {"min_max_greedy": {"max delay": [0.03699604006660068], "running time": [226.18722915649414]}, "min_max_pulp": {"max delay": [0.03488488810335001], "running time": [20638.03768157959]}}, "60": {"min_max_greedy": {"max delay": [0.03535417656728858], "running time": [266.2198543548584]}, "min_max_pulp": {"max delay": [0.03283536568216649], "running time": [29390.270948410034]}}, "70": {"min_max_greedy": {"max delay": [0.036961821938146136], "running time": [245.20254135131836]}, "min_max_pulp": {"max delay": [0.0305804641830103], "running time": [38664.921283721924]}}}