{"10": {"min_max_greedy": {"max delay": [0.10065818134397563], "running time": [79.06556129455566]}, "min_max_pulp": {"max delay": [0.10065818134397563], "running time": [3943.2554244995117]}}, "20": {"min_max_greedy": {"max delay": [0.07971875151736911], "running time": [126.10435485839844]}, "min_max_pulp": {"max delay": [0.07899355035886663], "running time": [8010.613203048706]}}, "30": {"min_max_greedy": {"max delay": [0.07615059851979182], "running time": [180.14883995056152]}, "min_max_pulp": {"max delay": [0.07383985370743462], "running time": [12469.29907798767]}}, "40": {"min_max_greedy": {"max delay": [0.05741296898868825], "running time": [134.1111660003662]}, "min_max_pulp": {"max delay": [0.05399970950106866], "running time": [17976.84121131897]}}, "50": {"min_max_greedy": {"max delay": [0.05272424557438181], "running time": [200.164794921875]}, "min_max_pulp": {"max delay": [0.05181588720650287], "running time": [23948.77862930298]}}, "60": {"min_max_greedy": {"max delay": [0.04965217045242478], "running time": [180.14883995056152]}, "min_max_pulp": {"max delay": [0.04141221773883926], "running time": [32107.50699043274]}}, "70": {"min_max_greedy": {"max delay": [0.03636125653993125], "running time": [212.1751308441162]}, "min_max_pulp": {"max delay": [0.03190171292093865], "running time": [39551.652669906616]}}}