{"10": {"min_max_greedy": {"max delay": [0.16080983539545712], "running time": [74.06115531921387]}, "min_max_pulp": {"max delay": [0.16062398002175063], "running time": [3542.924642562866]}}, "20": {"min_max_greedy": {"max delay": [0.1364149687873404], "running time": [74.06115531921387]}, "min_max_pulp": {"max delay": [0.1364149687873404], "running time": [7198.9428997039795]}}, "30": {"min_max_greedy": {"max delay": [0.1124945415256462], "running time": [105.0870418548584]}, "min_max_pulp": {"max delay": [0.1124945415256462], "running time": [11082.149744033813]}}, "40": {"min_max_greedy": {"max delay": [0.11231840824369076], "running time": [111.09161376953125]}, "min_max_pulp": {"max delay": [0.10941388932217792], "running time": [16037.239789962769]}}, "50": {"min_max_greedy": {"max delay": [0.07837632067196346], "running time": [116.09601974487305]}, "min_max_pulp": {"max delay": [0.06797163828830928], "running time": [19662.232637405396]}}, "60": {"min_max_greedy": {"max delay": [0.05662499802265683], "running time": [160.13264656066895]}, "min_max_pulp": {"max delay": [0.048134614466264755], "running time": [25307.89351463318]}}, "70": {"min_max_greedy": {"max delay": [0.04343092153657843], "running time": [200.1657485961914]}, "min_max_pulp": {"max delay": [0.042544747418681556], "running time": [34434.43751335144]}}}