{"10": {"min_max_greedy": {"max delay": [0.303236234418905], "running time": [76.06291770935059]}, "min_max_pulp": {"max delay": [0.303236234418905], "running time": [5008.134603500366]}}, "20": {"min_max_greedy": {"max delay": [0.05896805794099952], "running time": [99.08175468444824]}, "min_max_pulp": {"max delay": [0.05483191033100325], "running time": [8338.891506195068]}}, "30": {"min_max_greedy": {"max delay": [0.05475578915850471], "running time": [129.1065216064453]}, "min_max_pulp": {"max delay": [0.04591622709858484], "running time": [13805.405855178833]}}, "40": {"min_max_greedy": {"max delay": [0.04934990752773952], "running time": [160.13264656066895]}, "min_max_pulp": {"max delay": [0.03998215563004134], "running time": [22303.895950317383]}}, "50": {"min_max_greedy": {"max delay": [0.041999576525319604], "running time": [194.16046142578125]}, "min_max_pulp": {"max delay": [0.03656110233320564], "running time": [28782.76252746582]}}, "60": {"min_max_greedy": {"max delay": [0.031642751334199394], "running time": [226.18675231933594]}, "min_max_pulp": {"max delay": [0.026796492413130896], "running time": [32230.616092681885]}}, "70": {"min_max_greedy": {"max delay": [0.025824120924526697], "running time": [268.2211399078369]}, "min_max_pulp": {"max delay": [0.025010375322877105], "running time": [45043.18642616272]}}}