{"10": {"min_max_greedy": {"max delay": [0.18966538875064742], "running time": [74.06115531921387]}, "min_max_pulp": {"max delay": [0.18966538875064742], "running time": [3589.963912963867]}}, "20": {"min_max_greedy": {"max delay": [0.10732234901781613], "running time": [54.04496192932129]}, "min_max_pulp": {"max delay": [0.10613936487026727], "running time": [7260.994672775269]}}, "30": {"min_max_greedy": {"max delay": [0.05471854627283465], "running time": [94.07734870910645]}, "min_max_pulp": {"max delay": [0.052572613646518246], "running time": [11827.764987945557]}}, "40": {"min_max_greedy": {"max delay": [0.03599183332226347], "running time": [135.11133193969727]}, "min_max_pulp": {"max delay": [0.03481078256955648], "running time": [16790.862321853638]}}, "50": {"min_max_greedy": {"max delay": [0.03197188848519592], "running time": [168.1387424468994]}, "min_max_pulp": {"max delay": [0.02897847307338184], "running time": [21870.055198669434]}}, "60": {"min_max_greedy": {"max delay": [0.027565658644270245], "running time": [207.17096328735352]}, "min_max_pulp": {"max delay": [0.02568359090831853], "running time": [28280.34782409668]}}, "70": {"min_max_greedy": {"max delay": [0.027602681296214533], "running time": [208.17136764526367]}, "min_max_pulp": {"max delay": [0.023614680638732257], "running time": [38057.4254989624]}}}