{"10": {"min_max_greedy": {"max delay": [0.3183902698623797], "running time": [108.08920860290527]}, "min_max_pulp": {"max delay": [0.3167890171574472], "running time": [3965.273857116699]}}, "20": {"min_max_greedy": {"max delay": [0.07445039305696827], "running time": [97.08046913146973]}, "min_max_pulp": {"max delay": [0.07246839885972217], "running time": [8188.76051902771]}}, "30": {"min_max_greedy": {"max delay": [0.0684159799488399], "running time": [152.12535858154297]}, "min_max_pulp": {"max delay": [0.06650241692762007], "running time": [13826.414823532104]}}, "40": {"min_max_greedy": {"max delay": [0.06649774119057678], "running time": [203.16791534423828]}, "min_max_pulp": {"max delay": [0.06383928171466974], "running time": [21268.558502197266]}}, "50": {"min_max_greedy": {"max delay": [0.06263664762121685], "running time": [255.21039962768555]}, "min_max_pulp": {"max delay": [0.039363912198219594], "running time": [24398.142337799072]}}, "60": {"min_max_greedy": {"max delay": [0.03727460185482979], "running time": [181.14972114562988]}, "min_max_pulp": {"max delay": [0.03492650003865438], "running time": [31987.407684326172]}}, "70": {"min_max_greedy": {"max delay": [0.03663908036937181], "running time": [226.18675231933594]}, "min_max_pulp": {"max delay": [0.028948996104221844], "running time": [38547.823905944824]}}}