{"entropy": 182537397106131373615601228660625358217, "10": {"num_user": 100, "num_service": 41, "min_max_greedy": {"max_delay": 0.0782785599446866, "running_time": 6.005048751831055}, "min_max_equal_weight": {"max_delay": 0.08052203418161218, "running_time": 24.019956588745117}, "min_max_surrogate_relaxation": {"max_delay": 0.08080333858606749, "lower_bound": 0.07442681216027454, "running_time": 82.06748962402344, "none_zero_ratio": 0.04, "max_weight": 0.5, "min_weight": 0.04150390625}, "min_max_pulp": {"max_delay": 0.07791822057957917, "running_time": 3936.2456798553467}}, "20": {"num_user": 100, "num_service": 41, "min_max_greedy": {"max_delay": 0.03849456426626647, "running_time": 8.00633430480957}, "min_max_equal_weight": {"max_delay": 0.03888045196973696, "running_time": 24.019956588745117}, "min_max_surrogate_relaxation": {"max_delay": 0.03859914756528165, "lower_bound": 0.02222236642343259, "running_time": 53.043365478515625, "none_zero_ratio": 0.04, "max_weight": 0.5, "min_weight": 0.08056640625}, "min_max_pulp": {"max_delay": 0.038449441457981036, "running_time": 7977.578639984131}}, "30": {"num_user": 100, "num_service": 41, "min_max_greedy": {"max_delay": 0.02879437778150172, "running_time": 9.007453918457031}, "min_max_equal_weight": {"max_delay": 0.030933837288000907, "running_time": 25.020599365234375}, "min_max_surrogate_relaxation": {"max_delay": 0.03040233636167951, "lower_bound": 0.020142509684741964, "running_time": 105.0870418548584, "none_zero_ratio": 0.06, "max_weight": 0.6092529296875, "min_weight": 0.0034922361373901367}, "min_max_pulp": {"max_delay": 0.02868979448248654, "running_time": 12921.656370162964}}, "40": {"num_user": 100, "num_service": 41, "min_max_greedy": {"max_delay": 0.027419939732253575, "running_time": 13.010740280151367}, "min_max_equal_weight": {"max_delay": 0.030829253988985724, "running_time": 26.021718978881836}, "min_max_surrogate_relaxation": {"max_delay": 0.028415139597273147, "lower_bound": 0.0174636700104429, "running_time": 148.12207221984863, "none_zero_ratio": 0.04, "max_weight": 0.5, "min_weight": 0.02197265625}, "min_max_pulp": {"max_delay": 0.02728221232330118, "running_time": 18915.59934616089}}, "50": {"num_user": 100, "num_service": 41, "min_max_greedy": {"max_delay": 0.018062641545718124, "running_time": 12.009859085083008}, "min_max_equal_weight": {"max_delay": 0.030829253988985724, "running_time": 27.022123336791992}, "min_max_surrogate_relaxation": {"max_delay": 0.01821234765301874, "lower_bound": 0.009948349364666407, "running_time": 144.1195011138916, "none_zero_ratio": 0.06, "max_weight": 0.26483917236328125, "min_weight": 0.03963875770568848}, "min_max_pulp": {"max_delay": 0.014624280719703935, "running_time": 23895.32995223999}}, "60": {"num_user": 100, "num_service": 41, "min_max_greedy": {"max_delay": 0.012514481347169391, "running_time": 14.011621475219727}, "min_max_equal_weight": {"max_delay": 0.030829253988985724, "running_time": 28.023242950439453}, "min_max_surrogate_relaxation": {"max_delay": 0.01220351680874944, "lower_bound": 0.008387372921009802, "running_time": 269.2220211029053, "none_zero_ratio": 0.08, "max_weight": 0.28895437717437744, "min_weight": 0.007529804133810103}, "min_max_pulp": {"max_delay": 0.011907789220003871, "running_time": 31368.86954307556}}, "70": {"num_user": 100, "num_service": 41, "min_max_greedy": {"max_delay": 0.010004225608346299, "running_time": 18.014907836914062}, "min_max_equal_weight": {"max_delay": 0.02868979448248654, "running_time": 28.02300453186035}, "min_max_surrogate_relaxation": {"max_delay": 0.01047960513968539, "lower_bound": 0.005767850301138984, "running_time": 221.18186950683594, "none_zero_ratio": 0.05, "max_weight": 0.322998046875, "min_weight": 0.01586151123046875}, "min_max_pulp": {"max_delay": 0.009790866056782043, "running_time": 39596.70567512512}}, "80": {"num_user": 100, "num_service": 41, "min_max_greedy": {"max_delay": 0.008672406819144565, "running_time": 20.01643180847168}, "min_max_equal_weight": {"max_delay": 0.026864064985857205, "running_time": 29.024362564086914}, "min_max_surrogate_relaxation": {"max_delay": 0.009285129797159553, "lower_bound": 0.00443058554688522, "running_time": 349.2882251739502, "none_zero_ratio": 0.05, "max_weight": 0.5, "min_weight": 0.0127105712890625}, "min_max_pulp": {"max_delay": 0.00851262654686201, "running_time": 48398.24843406677}}, "90": {"num_user": 100, "num_service": 41, "min_max_greedy": {"max_delay": 0.0076806479019415385, "running_time": 20.01667022705078}, "min_max_equal_weight": {"max_delay": 0.010069914813347985, "running_time": 29.024124145507812}, "min_max_surrogate_relaxation": {"max_delay": 0.007912122441070622, "lower_bound": 0.004220981478146328, "running_time": 527.4345874786377, "none_zero_ratio": 0.06, "max_weight": 0.2578125, "min_weight": 0.00941777229309082}, "min_max_pulp": {"max_delay": 0.007180807757660276, "running_time": 57602.50425338745}}, "100": {"num_user": 100, "num_service": 41, "min_max_greedy": {"max_delay": 0.006893636153570519, "running_time": 23.018598556518555}, "min_max_equal_weight": {"max_delay": 0.008273524223332213, "running_time": 30.025243759155273}, "min_max_surrogate_relaxation": {"max_delay": 0.006751928985293564, "lower_bound": 0.0040143085215230325, "running_time": 760.6275081634521, "none_zero_ratio": 0.13, "max_weight": 0.18540239807407488, "min_weight": 0.0011269069167076963}, "min_max_pulp": {"max_delay": 0.006483219997858252, "running_time": 199209.34987068176}}}