{"entropy": 154541769444648722640862502987168987382, "10": {"num_user": 100, "num_service": 41, "min_max_greedy": {"max_delay": 0.21887469152158645, "running_time": 5.003690719604492}, "min_max_equal_weight": {"max_delay": 0.23652889840570762, "running_time": 24.019718170166016}, "min_max_surrogate_relaxation": {"max_delay": 0.21887469152158645, "lower_bound": 0.18177458599548885, "running_time": 38.03133964538574, "none_zero_ratio": 0.02, "max_weight": 0.5, "min_weight": 0.5}, "min_max_pulp": {"max_delay": 0.21887469152158645, "running_time": 2582.12947845459}}, "20": {"num_user": 100, "num_service": 41, "min_max_greedy": {"max_delay": 0.11852582526444895, "running_time": 6.004810333251953}, "min_max_equal_weight": {"max_delay": 0.11982804617254904, "running_time": 24.019718170166016}, "min_max_surrogate_relaxation": {"max_delay": 0.11852582526444895, "lower_bound": 0.1070972805963677, "running_time": 59.04817581176758, "none_zero_ratio": 0.03, "max_weight": 0.6796875, "min_weight": 0.0703125}, "min_max_pulp": {"max_delay": 0.11842181087711204, "running_time": 5215.300798416138}}, "30": {"num_user": 100, "num_service": 41, "min_max_greedy": {"max_delay": 0.09627844719918117, "running_time": 8.006095886230469}, "min_max_equal_weight": {"max_delay": 0.09627844719918117, "running_time": 24.019718170166016}, "min_max_surrogate_relaxation": {"max_delay": 0.09627844719918117, "lower_bound": 0.04257516432099294, "running_time": 49.04055595397949, "none_zero_ratio": 0.04, "max_weight": 0.5, "min_weight": 0.01025390625}, "min_max_pulp": {"max_delay": 0.09627844719918117, "running_time": 8255.808353424072}}, "40": {"num_user": 100, "num_service": 41, "min_max_greedy": {"max_delay": 0.07070194864985388, "running_time": 10.00833511352539}, "min_max_equal_weight": {"max_delay": 0.07541454293314243, "running_time": 25.020360946655273}, "min_max_surrogate_relaxation": {"max_delay": 0.07411232202504234, "lower_bound": 0.04053757447396124, "running_time": 98.08063507080078, "none_zero_ratio": 0.05, "max_weight": 0.658447265625, "min_weight": 0.00199127197265625}, "min_max_pulp": {"max_delay": 0.07070194864985388, "running_time": 11284.306287765503}}, "50": {"num_user": 100, "num_service": 41, "min_max_greedy": {"max_delay": 0.0684256899636756, "running_time": 14.011859893798828}, "min_max_equal_weight": {"max_delay": 0.07442783770025527, "running_time": 26.021480560302734}, "min_max_surrogate_relaxation": {"max_delay": 0.07297571158827919, "lower_bound": 0.031257619133833674, "running_time": 115.09490013122559, "none_zero_ratio": 0.05, "max_weight": 0.658447265625, "min_weight": 0.0234375}, "min_max_pulp": {"max_delay": 0.06641738250965035, "running_time": 15030.39574623108}}, "60": {"num_user": 100, "num_service": 41, "min_max_greedy": {"max_delay": 0.06424504945049564, "running_time": 10.00833511352539}, "min_max_equal_weight": {"max_delay": 0.06956533821309073, "running_time": 26.021242141723633}, "min_max_surrogate_relaxation": {"max_delay": 0.058518834047985094, "lower_bound": 0.013615167657895208, "running_time": 89.07341957092285, "none_zero_ratio": 0.04, "max_weight": 0.533935546875, "min_weight": 0.098876953125}, "min_max_pulp": {"max_delay": 0.05446726554972502, "running_time": 19035.698652267456}}, "70": {"num_user": 100, "num_service": 41, "min_max_greedy": {"max_delay": 0.03503402136287346, "running_time": 13.010501861572266}, "min_max_equal_weight": {"max_delay": 0.06778609290738206, "running_time": 27.022123336791992}, "min_max_surrogate_relaxation": {"max_delay": 0.05026086208802201, "lower_bound": 0.019184494076286203, "running_time": 239.1972541809082, "none_zero_ratio": 0.06, "max_weight": 0.28895437717437744, "min_weight": 0.08090722560882568}, "min_max_pulp": {"max_delay": 0.03503402136287346, "running_time": 22506.561040878296}}, "80": {"num_user": 100, "num_service": 41, "min_max_greedy": {"max_delay": 0.030875877048835376, "running_time": 16.013145446777344}, "min_max_equal_weight": {"max_delay": 0.032624312702185174, "running_time": 26.021480560302734}, "min_max_surrogate_relaxation": {"max_delay": 0.048172799486236206, "lower_bound": 0.018565415577867485, "running_time": 233.19220542907715, "none_zero_ratio": 0.08, "max_weight": 0.5, "min_weight": 0.013293174561113119}, "min_max_pulp": {"max_delay": 0.03059566320122365, "running_time": 26966.238737106323}}, "90": {"num_user": 100, "num_service": 41, "min_max_greedy": {"max_delay": 0.027157616129390227, "running_time": 19.015789031982422}, "min_max_equal_weight": {"max_delay": 0.03059566320122365, "running_time": 27.022361755371094}, "min_max_surrogate_relaxation": {"max_delay": 0.03034805401600689, "lower_bound": 0.01456119808318575, "running_time": 294.24262046813965, "none_zero_ratio": 0.07, "max_weight": 0.25, "min_weight": 0.059326171875}, "min_max_pulp": {"max_delay": 0.02638258278403988, "running_time": 31872.284650802612}}, "100": {"num_user": 100, "num_service": 41, "min_max_greedy": {"max_delay": 0.025012196455981385, "running_time": 22.0181941986084}, "min_max_equal_weight": {"max_delay": 0.031204450605158307, "running_time": 28.023242950439453}, "min_max_surrogate_relaxation": {"max_delay": 0.02952338286927504, "lower_bound": 0.014632632619000399, "running_time": 359.2965602874756, "none_zero_ratio": 0.07, "max_weight": 0.2578125, "min_weight": 0.042012445628643036}, "min_max_pulp": {"max_delay": 0.023980810609159714, "running_time": 40595.478773117065}}}