{"entropy": 19807442740169965337070201151785159374, "10": {"num_user": 100, "num_service": 41, "min_max_greedy": {"max_delay": 0.1347660934210981, "running_time": 6.004571914672852}, "min_max_equal_weight": {"max_delay": 0.1348458837897233, "running_time": 24.019956588745117}, "min_max_surrogate_relaxation": {"max_delay": 0.13398049344841295, "lower_bound": 0.13325797438304687, "running_time": 57.047128677368164, "none_zero_ratio": 0.02, "max_weight": 0.5, "min_weight": 0.5}, "min_max_pulp": {"max_delay": 0.13398049344841295, "running_time": 2959.4404697418213}}, "20": {"num_user": 100, "num_service": 41, "min_max_greedy": {"max_delay": 0.11922872938627117, "running_time": 8.007049560546875}, "min_max_equal_weight": {"max_delay": 0.11884984287601227, "running_time": 24.019956588745117}, "min_max_surrogate_relaxation": {"max_delay": 0.11922872938627117, "lower_bound": 0.11115685702008939, "running_time": 115.09537696838379, "none_zero_ratio": 0.06, "max_weight": 0.5, "min_weight": 0.00015401840209960938}, "min_max_pulp": {"max_delay": 0.11860781582467123, "running_time": 5783.769845962524}}, "30": {"num_user": 100, "num_service": 41, "min_max_greedy": {"max_delay": 0.11216801973791546, "running_time": 12.010335922241211}, "min_max_equal_weight": {"max_delay": 0.11884984287601227, "running_time": 24.019479751586914}, "min_max_surrogate_relaxation": {"max_delay": 0.11507623064893187, "lower_bound": 0.1085754748825142, "running_time": 136.11197471618652, "none_zero_ratio": 0.06, "max_weight": 0.3984375, "min_weight": 0.001341104507446289}, "min_max_pulp": {"max_delay": 0.11184317728364322, "running_time": 9055.468082427979}}, "40": {"num_user": 100, "num_service": 41, "min_max_greedy": {"max_delay": 0.1106844579337067, "running_time": 14.011859893798828}, "min_max_equal_weight": {"max_delay": 0.11552084803530895, "running_time": 25.020360946655273}, "min_max_surrogate_relaxation": {"max_delay": 0.1112053791458689, "lower_bound": 0.10607134805817699, "running_time": 120.09906768798828, "none_zero_ratio": 0.06, "max_weight": 0.41484832763671875, "min_weight": 0.001341104507446289}, "min_max_pulp": {"max_delay": 0.11048675896028817, "running_time": 13470.147609710693}}, "50": {"num_user": 100, "num_service": 41, "min_max_greedy": {"max_delay": 0.10754789311677229, "running_time": 16.012907028198242}, "min_max_equal_weight": {"max_delay": 0.11884984287601227, "running_time": 25.020837783813477}, "min_max_surrogate_relaxation": {"max_delay": 0.07691560857842172, "lower_bound": 0.10019891201845214, "running_time": 104.08568382263184, "none_zero_ratio": 0.02, "max_weight": 0.5, "min_weight": 0.5}, "min_max_pulp": {"max_delay": 0.07613350720206224, "running_time": 16581.674575805664}}, "60": {"num_user": 100, "num_service": 41, "min_max_greedy": {"max_delay": 0.062088309849408094, "running_time": 10.00833511352539}, "min_max_equal_weight": {"max_delay": 0.06170942333914918, "running_time": 24.019956588745117}, "min_max_surrogate_relaxation": {"max_delay": 0.07364774106503313, "lower_bound": 0.045077142966649615, "running_time": 60.04929542541504, "none_zero_ratio": 0.03, "max_weight": 0.5, "min_weight": 0.203125}, "min_max_pulp": {"max_delay": 0.06035147471027674, "running_time": 21410.65740585327}}, "70": {"num_user": 100, "num_service": 41, "min_max_greedy": {"max_delay": 0.04450221698696359, "running_time": 11.008977890014648}, "min_max_equal_weight": {"max_delay": 0.044300658969063086, "running_time": 25.020360946655273}, "min_max_surrogate_relaxation": {"max_delay": 0.04722502330048065, "lower_bound": 0.03455127035293068, "running_time": 87.07141876220703, "none_zero_ratio": 0.05, "max_weight": 0.3617439270019531, "min_weight": 0.02734375}, "min_max_pulp": {"max_delay": 0.044300658969063086, "running_time": 26171.767950057983}}, "80": {"num_user": 100, "num_service": 41, "min_max_greedy": {"max_delay": 0.018346776573378035, "running_time": 9.007453918457031}, "min_max_equal_weight": {"max_delay": 0.04097166412835977, "running_time": 25.020599365234375}, "min_max_surrogate_relaxation": {"max_delay": 0.0252032340710615, "lower_bound": 0.018459050908503, "running_time": 66.0543441772461, "none_zero_ratio": 0.04, "max_weight": 0.421142578125, "min_weight": 0.117919921875}, "min_max_pulp": {"max_delay": 0.018346776573378035, "running_time": 30492.75302886963}}, "90": {"num_user": 100, "num_service": 41, "min_max_greedy": {"max_delay": 0.015017781732674712, "running_time": 12.01009750366211}, "min_max_equal_weight": {"max_delay": 0.017481386232067714, "running_time": 26.021242141723633}, "min_max_surrogate_relaxation": {"max_delay": 0.017481386232067714, "lower_bound": 0.013091205570044916, "running_time": 134.1104507446289, "none_zero_ratio": 0.06, "max_weight": 0.3046875, "min_weight": 0.069580078125}, "min_max_pulp": {"max_delay": 0.015017781732674712, "running_time": 36439.050912857056}}, "100": {"num_user": 100, "num_service": 41, "min_max_greedy": {"max_delay": 0.010270519800319696, "running_time": 16.013145446777344}, "min_max_equal_weight": {"max_delay": 0.00993417275266058, "running_time": 26.021480560302734}, "min_max_surrogate_relaxation": {"max_delay": 0.010474720639698672, "lower_bound": 0.010621577737772647, "running_time": 202.16679573059082, "none_zero_ratio": 0.05, "max_weight": 0.336181640625, "min_weight": 0.10196685791015625}, "min_max_pulp": {"max_delay": 0.00993417275266058, "running_time": 42339.91765975952}}}