{"entropy": 267682383746067295541975801524028607791, "10": {"num_user": 100, "num_service": 41, "min_max_greedy": {"max_delay": 0.03878289289738756, "running_time": 6.005048751831055}, "min_max_equal_weight": {"max_delay": 0.041883951051773574, "running_time": 22.0184326171875}, "min_max_surrogate_relaxation": {"max_delay": 0.03878289289738756, "lower_bound": 0.034262290332089516, "running_time": 111.09137535095215, "none_zero_ratio": 0.03, "max_weight": 0.5, "min_weight": 0.015625}, "min_max_pulp": {"max_delay": 0.03878289289738756, "running_time": 3044.510841369629}}, "20": {"num_user": 100, "num_service": 41, "min_max_greedy": {"max_delay": 0.03353194991836542, "running_time": 9.007692337036133}, "min_max_equal_weight": {"max_delay": 0.036629294634734945, "running_time": 25.020360946655273}, "min_max_surrogate_relaxation": {"max_delay": 0.03289266921701693, "lower_bound": 0.028420878139360898, "running_time": 230.18980026245117, "none_zero_ratio": 0.07, "max_weight": 0.5, "min_weight": 3.7546735256910324e-05}, "min_max_pulp": {"max_delay": 0.031819826565491226, "running_time": 6184.099912643433}}, "30": {"num_user": 100, "num_service": 41, "min_max_greedy": {"max_delay": 0.02971645931302615, "running_time": 12.009859085083008}, "min_max_equal_weight": {"max_delay": 0.03250913845071161, "running_time": 25.020837783813477}, "min_max_surrogate_relaxation": {"max_delay": 0.02983847718104335, "lower_bound": 0.025350774346310286, "running_time": 178.1473159790039, "none_zero_ratio": 0.06, "max_weight": 0.4058837890625, "min_weight": 0.0012208223342895508}, "min_max_pulp": {"max_delay": 0.02865564796355595, "running_time": 9790.07363319397}}, "40": {"num_user": 100, "num_service": 41, "min_max_greedy": {"max_delay": 0.02672744097569182, "running_time": 14.011383056640625}, "min_max_equal_weight": {"max_delay": 0.02885293645411199, "running_time": 28.025150299072266}, "min_max_surrogate_relaxation": {"max_delay": 0.02983847718104335, "lower_bound": 0.023781880991486298, "running_time": 174.14093017578125, "none_zero_ratio": 0.06, "max_weight": 0.3984375, "min_weight": 5.364418029785156e-05}, "min_max_pulp": {"max_delay": 0.02642123717714858, "running_time": 14189.702987670898}}, "50": {"num_user": 100, "num_service": 41, "min_max_greedy": {"max_delay": 0.026227271149031336, "running_time": 16.013622283935547}, "min_max_equal_weight": {"max_delay": 0.027449558956912153, "running_time": 27.022361755371094}, "min_max_surrogate_relaxation": {"max_delay": 0.03052667146171506, "lower_bound": 0.02100263521458674, "running_time": 109.09008979797363, "none_zero_ratio": 0.05, "max_weight": 0.75, "min_weight": 0.00263214111328125}, "min_max_pulp": {"max_delay": 0.025657783331056564, "running_time": 18459.22303199768}}, "60": {"num_user": 100, "num_service": 41, "min_max_greedy": {"max_delay": 0.025257501139761815, "running_time": 22.017955780029297}, "min_max_equal_weight": {"max_delay": 0.026343910209386496, "running_time": 28.02300453186035}, "min_max_surrogate_relaxation": {"max_delay": 0.029713153999795985, "lower_bound": 0.017969981169138012, "running_time": 140.11573791503906, "none_zero_ratio": 0.04, "max_weight": 0.5, "min_weight": 0.00634765625}, "min_max_pulp": {"max_delay": 0.025023375190868405, "running_time": 23679.52847480774}}, "70": {"num_user": 100, "num_service": 41, "min_max_greedy": {"max_delay": 0.024519882559379785, "running_time": 21.017074584960938}, "min_max_equal_weight": {"max_delay": 0.026209546249719735, "running_time": 29.02388572692871}, "min_max_surrogate_relaxation": {"max_delay": 0.02621858702813913, "lower_bound": 0.011519089395911666, "running_time": 202.16655731201172, "none_zero_ratio": 0.06, "max_weight": 0.5, "min_weight": 0.005626201629638672}, "min_max_pulp": {"max_delay": 0.02385921308918724, "running_time": 28567.566871643066}}, "80": {"num_user": 100, "num_service": 41, "min_max_greedy": {"max_delay": 0.02385921308918724, "running_time": 18.014907836914062}, "min_max_equal_weight": {"max_delay": 0.025358731257663934, "running_time": 29.023408889770508}, "min_max_surrogate_relaxation": {"max_delay": 0.02432073870052968, "lower_bound": 0.0072814398289073375, "running_time": 231.19044303894043, "none_zero_ratio": 0.07, "max_weight": 0.33691971749067307, "min_weight": 0.010868377983570099}, "min_max_pulp": {"max_delay": 0.02160113580752972, "running_time": 33552.68168449402}}, "90": {"num_user": 100, "num_service": 41, "min_max_greedy": {"max_delay": 0.02032827381470293, "running_time": 26.021480560302734}, "min_max_equal_weight": {"max_delay": 0.02390004155019667, "running_time": 31.02564811706543}, "min_max_surrogate_relaxation": {"max_delay": 0.02336303628796284, "lower_bound": 0.013027065286744046, "running_time": 292.24109649658203, "none_zero_ratio": 0.08, "max_weight": 0.2643793821334839, "min_weight": 0.025261167320422828}, "min_max_pulp": {"max_delay": 0.020100375336404727, "running_time": 40081.0546875}}, "100": {"num_user": 100, "num_service": 41, "min_max_greedy": {"max_delay": 0.019878242393828835, "running_time": 24.019718170166016}, "min_max_equal_weight": {"max_delay": 0.026209546249719735, "running_time": 34.03043746948242}, "min_max_surrogate_relaxation": {"max_delay": 0.021352049332714257, "lower_bound": 0.01004726127521784, "running_time": 369.3051338195801, "none_zero_ratio": 0.08, "max_weight": 0.29514384269714355, "min_weight": 0.0234375}, "min_max_pulp": {"max_delay": 0.018797979449171314, "running_time": 46656.48293495178}}}