{"entropy": 219949165061500407242188191582095929612, "10": {"num_user": 100, "num_service": 41, "min_max_greedy": {"max_delay": 0.3104542669688901, "running_time": 6.004810333251953}, "min_max_equal_weight": {"max_delay": 0.3433197741586443, "running_time": 24.019956588745117}, "min_max_surrogate_relaxation": {"max_delay": 0.3104542669688901, "lower_bound": 0.29447150360700497, "running_time": 73.0600357055664, "none_zero_ratio": 0.04, "max_weight": 0.5, "min_weight": 0.140625}, "min_max_pulp": {"max_delay": 0.3104542669688901, "running_time": 2741.260766983032}}, "20": {"num_user": 100, "num_service": 41, "min_max_greedy": {"max_delay": 0.2841957724465882, "running_time": 10.00833511352539}, "min_max_equal_weight": {"max_delay": 0.30655886758269185, "running_time": 26.021242141723633}, "min_max_surrogate_relaxation": {"max_delay": 0.28363238322472045, "lower_bound": 0.27726656669157324, "running_time": 187.15453147888184, "none_zero_ratio": 0.06, "max_weight": 0.3298666477203369, "min_weight": 0.005726851522922516}, "min_max_pulp": {"max_delay": 0.28363238322472045, "running_time": 5171.764373779297}}, "30": {"num_user": 100, "num_service": 41, "min_max_greedy": {"max_delay": 0.27570601839717057, "running_time": 11.008977890014648}, "min_max_equal_weight": {"max_delay": 0.28111267075755253, "running_time": 25.020360946655273}, "min_max_surrogate_relaxation": {"max_delay": 0.17227116765691486, "lower_bound": 0.18129082624243126, "running_time": 47.039031982421875, "none_zero_ratio": 0.02, "max_weight": 0.5, "min_weight": 0.5}, "min_max_pulp": {"max_delay": 0.1624147924428796, "running_time": 8384.927034378052}}, "40": {"num_user": 100, "num_service": 41, "min_max_greedy": {"max_delay": 0.11516556260722288, "running_time": 8.007049560546875}, "min_max_equal_weight": {"max_delay": 0.2785016721707743, "running_time": 27.022361755371094}, "min_max_surrogate_relaxation": {"max_delay": 0.10313778478637232, "lower_bound": 0.07989842413681508, "running_time": 137.11285591125488, "none_zero_ratio": 0.04, "max_weight": 0.68359375, "min_weight": 0.0179443359375}, "min_max_pulp": {"max_delay": 0.10313778478637232, "running_time": 11696.737051010132}}, "50": {"num_user": 100, "num_service": 41, "min_max_greedy": {"max_delay": 0.0982957529868297, "running_time": 11.00921630859375}, "min_max_equal_weight": {"max_delay": 0.0961128356735287, "running_time": 26.021480560302734}, "min_max_surrogate_relaxation": {"max_delay": 0.09440035360063147, "lower_bound": 0.06057015228193995, "running_time": 58.04800987243652, "none_zero_ratio": 0.04, "max_weight": 0.5, "min_weight": 0.01025390625}, "min_max_pulp": {"max_delay": 0.0920026988857991, "running_time": 15080.436944961548}}, "60": {"num_user": 100, "num_service": 41, "min_max_greedy": {"max_delay": 0.08669435668773254, "running_time": 13.010501861572266}, "min_max_equal_weight": {"max_delay": 0.0961128356735287, "running_time": 26.021242141723633}, "min_max_surrogate_relaxation": {"max_delay": 0.08761709990214343, "lower_bound": 0.07122461436552821, "running_time": 121.09947204589844, "none_zero_ratio": 0.06, "max_weight": 0.494384765625, "min_weight": 0.015816450119018555}, "min_max_pulp": {"max_delay": 0.08412429219652123, "running_time": 19327.93951034546}}, "70": {"num_user": 100, "num_service": 41, "min_max_greedy": {"max_delay": 0.09431274568375009, "running_time": 12.010335922241211}, "min_max_equal_weight": {"max_delay": 0.08761709990214343, "running_time": 27.022361755371094}, "min_max_surrogate_relaxation": {"max_delay": 0.09286076954912062, "lower_bound": 0.06269941718460312, "running_time": 91.07494354248047, "none_zero_ratio": 0.04, "max_weight": 0.5, "min_weight": 0.05126953125}, "min_max_pulp": {"max_delay": 0.080093853854704, "running_time": 23862.679719924927}}, "80": {"num_user": 100, "num_service": 41, "min_max_greedy": {"max_delay": 0.08503087068227362, "running_time": 15.012264251708984}, "min_max_equal_weight": {"max_delay": 0.09080449347546214, "running_time": 26.021242141723633}, "min_max_surrogate_relaxation": {"max_delay": 0.08485523337519277, "lower_bound": 0.058877239631812545, "running_time": 160.13240814208984, "none_zero_ratio": 0.04, "max_weight": 0.5, "min_weight": 0.13916015625}, "min_max_pulp": {"max_delay": 0.07800005352619749, "running_time": 28301.339864730835}}, "90": {"num_user": 100, "num_service": 41, "min_max_greedy": {"max_delay": 0.080093853854704, "running_time": 19.016027450561523}, "min_max_equal_weight": {"max_delay": 0.08113547129607539, "running_time": 27.022361755371094}, "min_max_surrogate_relaxation": {"max_delay": 0.0836340925990638, "lower_bound": 0.050070924133674845, "running_time": 134.1104507446289, "none_zero_ratio": 0.05, "max_weight": 0.6357421875, "min_weight": 0.03125}, "min_max_pulp": {"max_delay": 0.07626042459689596, "running_time": 33482.61308670044}}, "100": {"num_user": 100, "num_service": 41, "min_max_greedy": {"max_delay": 0.0774966058239907, "running_time": 20.017147064208984}, "min_max_equal_weight": {"max_delay": 0.08064527169861796, "running_time": 27.022361755371094}, "min_max_surrogate_relaxation": {"max_delay": 0.0834722320129803, "lower_bound": 0.040970594633573824, "running_time": 146.1203098297119, "none_zero_ratio": 0.05, "max_weight": 0.5146484375, "min_weight": 0.03125}, "min_max_pulp": {"max_delay": 0.07559571962699191, "running_time": 42845.33429145813}}}