{"entropy": 100014334845787495791678864413493878115, "10": {"num_user": 100, "num_service": 41, "min_max_greedy": {"max_delay": 0.38312691302783, "running_time": 5.004167556762695}, "min_max_equal_weight": {"max_delay": 0.38312691302783, "running_time": 23.018836975097656}, "min_max_surrogate_relaxation": {"max_delay": 0.38312691302783, "lower_bound": 0.39022207046025287, "running_time": 29.02388572692871, "none_zero_ratio": 0.02, "max_weight": 0.75, "min_weight": 0.25}, "min_max_pulp": {"max_delay": 0.3791159463344418, "running_time": 2758.274555206299}}, "20": {"num_user": 100, "num_service": 41, "min_max_greedy": {"max_delay": 0.36725751804731815, "running_time": 8.006095886230469}, "min_max_equal_weight": {"max_delay": 0.37586603368435967, "running_time": 24.019718170166016}, "min_max_surrogate_relaxation": {"max_delay": 0.3734883920571769, "lower_bound": 0.3662488583104596, "running_time": 103.08527946472168, "none_zero_ratio": 0.05, "max_weight": 0.3984375, "min_weight": 0.01201629638671875}, "min_max_pulp": {"max_delay": 0.36725751804731815, "running_time": 5233.315706253052}}, "30": {"num_user": 100, "num_service": 41, "min_max_greedy": {"max_delay": 0.36588155257987465, "running_time": 14.011621475219727}, "min_max_equal_weight": {"max_delay": 0.37551529902289243, "running_time": 25.020122528076172}, "min_max_surrogate_relaxation": {"max_delay": 0.3643259233585184, "lower_bound": 0.36204279851009247, "running_time": 262.21632957458496, "none_zero_ratio": 0.06, "max_weight": 0.375, "min_weight": 0.022683627776132198}, "min_max_pulp": {"max_delay": 0.3643259233585184, "running_time": 8208.769798278809}}, "40": {"num_user": 100, "num_service": 41, "min_max_greedy": {"max_delay": 0.36306519163006007, "running_time": 15.012264251708984}, "min_max_equal_weight": {"max_delay": 0.36526342240850135, "running_time": 25.020599365234375}, "min_max_surrogate_relaxation": {"max_delay": 0.0851157031813477, "lower_bound": 0.3564661228112976, "running_time": 55.04560470581055, "none_zero_ratio": 0.02, "max_weight": 0.5, "min_weight": 0.5}, "min_max_pulp": {"max_delay": 0.0851157031813477, "running_time": 11606.571912765503}}, "50": {"num_user": 100, "num_service": 41, "min_max_greedy": {"max_delay": 0.05222868602477028, "running_time": 8.006572723388672}, "min_max_equal_weight": {"max_delay": 0.05222868602477028, "running_time": 25.020599365234375}, "min_max_surrogate_relaxation": {"max_delay": 0.05222868602477028, "lower_bound": 0.035388514865932766, "running_time": 73.0600357055664, "none_zero_ratio": 0.03, "max_weight": 0.5, "min_weight": 0.140625}, "min_max_pulp": {"max_delay": 0.05222868602477028, "running_time": 15380.68437576294}}, "60": {"num_user": 100, "num_service": 41, "min_max_greedy": {"max_delay": 0.04363461205899277, "running_time": 9.007453918457031}, "min_max_equal_weight": {"max_delay": 0.04363461205899277, "running_time": 25.020599365234375}, "min_max_surrogate_relaxation": {"max_delay": 0.04363461205899277, "lower_bound": 0.031696372066820855, "running_time": 84.06901359558105, "none_zero_ratio": 0.04, "max_weight": 0.5, "min_weight": 0.07177734375}, "min_max_pulp": {"max_delay": 0.04170807545701567, "running_time": 19609.171390533447}}, "70": {"num_user": 100, "num_service": 41, "min_max_greedy": {"max_delay": 0.03457388186258734, "running_time": 12.01009750366211}, "min_max_equal_weight": {"max_delay": 0.04164051642017598, "running_time": 26.02076530456543}, "min_max_surrogate_relaxation": {"max_delay": 0.03801180155181856, "lower_bound": 0.025651479436081884, "running_time": 402.3318290710449, "none_zero_ratio": 0.13, "max_weight": 0.4122653468481303, "min_weight": 0.0028826588391791938}, "min_max_pulp": {"max_delay": 0.03457388186258734, "running_time": 23816.641092300415}}, "80": {"num_user": 100, "num_service": 41, "min_max_greedy": {"max_delay": 0.03165938895062669, "running_time": 15.012502670288086}, "min_max_equal_weight": {"max_delay": 0.03257978622377055, "running_time": 26.021718978881836}, "min_max_surrogate_relaxation": {"max_delay": 0.03601770591300177, "lower_bound": 0.026627031148719137, "running_time": 217.1790599822998, "none_zero_ratio": 0.06, "max_weight": 0.68359375, "min_weight": 0.019626617431640625}, "min_max_pulp": {"max_delay": 0.030540728070921955, "running_time": 28495.500326156616}}, "90": {"num_user": 100, "num_service": 41, "min_max_greedy": {"max_delay": 0.029519623455811897, "running_time": 18.01466941833496}, "min_max_equal_weight": {"max_delay": 0.0296652933118099, "running_time": 27.022361755371094}, "min_max_surrogate_relaxation": {"max_delay": 0.029189401920576865, "lower_bound": 0.01676158961363749, "running_time": 197.16262817382812, "none_zero_ratio": 0.07, "max_weight": 0.4212646484375, "min_weight": 0.03522159531712532}, "min_max_pulp": {"max_delay": 0.02741204075249876, "running_time": 33582.69548416138}}, "100": {"num_user": 100, "num_service": 41, "min_max_greedy": {"max_delay": 0.02664872567963713, "running_time": 19.015789031982422}, "min_max_equal_weight": {"max_delay": 0.030540728070921955, "running_time": 27.022361755371094}, "min_max_surrogate_relaxation": {"max_delay": 0.029189401920576865, "lower_bound": 0.013948773744004566, "running_time": 249.2051124572754, "none_zero_ratio": 0.07, "max_weight": 0.257080078125, "min_weight": 0.0320257768034935}, "min_max_pulp": {"max_delay": 0.024853835642933555, "running_time": 39763.79323005676}}}