{"entropy": 221091492359290893873416999748819551057, "10": {"num_user": 100, "num_service": 41, "min_max_greedy": {"max_delay": 0.04435595637036943, "running_time": 6.004810333251953}, "min_max_equal_weight": {"max_delay": 0.05667661972942281, "running_time": 23.018836975097656}, "min_max_surrogate_relaxation": {"max_delay": 0.04435595637036943, "lower_bound": 0.04333968084564458, "running_time": 107.08856582641602, "none_zero_ratio": 0.03, "max_weight": 0.5, "min_weight": 0.015625}, "min_max_pulp": {"max_delay": 0.04435595637036943, "running_time": 3032.500743865967}}, "20": {"num_user": 100, "num_service": 41, "min_max_greedy": {"max_delay": 0.037647097028167306, "running_time": 9.007453918457031}, "min_max_equal_weight": {"max_delay": 0.04347452574938726, "running_time": 25.020837783813477}, "min_max_surrogate_relaxation": {"max_delay": 0.037647097028167306, "lower_bound": 0.032254790704742825, "running_time": 112.09249496459961, "none_zero_ratio": 0.03, "max_weight": 0.5, "min_weight": 0.109375}, "min_max_pulp": {"max_delay": 0.037647097028167306, "running_time": 6043.984889984131}}, "30": {"num_user": 100, "num_service": 41, "min_max_greedy": {"max_delay": 0.0344095662517959, "running_time": 12.009620666503906}, "min_max_equal_weight": {"max_delay": 0.03534897083880335, "running_time": 25.020837783813477}, "min_max_surrogate_relaxation": {"max_delay": 0.0336595318443533, "lower_bound": 0.029821253717063696, "running_time": 235.19396781921387, "none_zero_ratio": 0.06, "max_weight": 0.361083984375, "min_weight": 0.02333521842956543}, "min_max_pulp": {"max_delay": 0.03362753133234511, "running_time": 9541.868925094604}}, "40": {"num_user": 100, "num_service": 41, "min_max_greedy": {"max_delay": 0.031626673097505636, "running_time": 14.011383056640625}, "min_max_equal_weight": {"max_delay": 0.03534897083880335, "running_time": 24.019718170166016}, "min_max_surrogate_relaxation": {"max_delay": 0.03498825904867278, "lower_bound": 0.02557571391184228, "running_time": 69.05698776245117, "none_zero_ratio": 0.04, "max_weight": 0.44219970703125, "min_weight": 0.0625}, "min_max_pulp": {"max_delay": 0.03155726824096756, "running_time": 14016.559362411499}}, "50": {"num_user": 100, "num_service": 41, "min_max_greedy": {"max_delay": 0.030426569591053255, "running_time": 17.014026641845703}, "min_max_equal_weight": {"max_delay": 0.03499311724062928, "running_time": 26.021480560302734}, "min_max_surrogate_relaxation": {"max_delay": 0.030488784579880773, "lower_bound": 0.02679175126214025, "running_time": 323.26674461364746, "none_zero_ratio": 0.07, "max_weight": 0.2999267578125, "min_weight": 0.013698577880859375}, "min_max_pulp": {"max_delay": 0.030065857800922687, "running_time": 19386.988639831543}}, "60": {"num_user": 100, "num_service": 41, "min_max_greedy": {"max_delay": 0.028512626807177262, "running_time": 20.01643180847168}, "min_max_equal_weight": {"max_delay": 0.03332390352071463, "running_time": 26.021718978881836}, "min_max_surrogate_relaxation": {"max_delay": 0.03279714167500723, "lower_bound": 0.019293269182615664, "running_time": 67.05570220947266, "none_zero_ratio": 0.04, "max_weight": 0.4486083984375, "min_weight": 0.125}, "min_max_pulp": {"max_delay": 0.028429277415596532, "running_time": 22181.29277229309}}, "70": {"num_user": 100, "num_service": 41, "min_max_greedy": {"max_delay": 0.027568406306204968, "running_time": 22.0181941986084}, "min_max_equal_weight": {"max_delay": 0.03499311724062928, "running_time": 26.021242141723633}, "min_max_surrogate_relaxation": {"max_delay": 0.03279714167500723, "lower_bound": 0.01872053701314711, "running_time": 77.06379890441895, "none_zero_ratio": 0.04, "max_weight": 0.4844970703125, "min_weight": 0.0897216796875}, "min_max_pulp": {"max_delay": 0.02749640035402544, "running_time": 27900.00867843628}}, "80": {"num_user": 100, "num_service": 41, "min_max_greedy": {"max_delay": 0.027317475202103418, "running_time": 25.020599365234375}, "min_max_equal_weight": {"max_delay": 0.03332390352071463, "running_time": 26.037931442260742}, "min_max_surrogate_relaxation": {"max_delay": 0.030102042881789276, "lower_bound": 0.013595862247689055, "running_time": 103.08480262756348, "none_zero_ratio": 0.04, "max_weight": 0.384521484375, "min_weight": 0.107666015625}, "min_max_pulp": {"max_delay": 0.026142003249600802, "running_time": 32202.449560165405}}, "90": {"num_user": 100, "num_service": 41, "min_max_greedy": {"max_delay": 0.02688612871998359, "running_time": 29.02364730834961}, "min_max_equal_weight": {"max_delay": 0.029305571571806948, "running_time": 27.03118324279785}, "min_max_surrogate_relaxation": {"max_delay": 0.02841260388733923, "lower_bound": 0.012680136247319507, "running_time": 153.12600135803223, "none_zero_ratio": 0.04, "max_weight": 0.3046875, "min_weight": 0.208740234375}, "min_max_pulp": {"max_delay": 0.02489425911506923, "running_time": 38468.785524368286}}, "100": {"num_user": 100, "num_service": 41, "min_max_greedy": {"max_delay": 0.024709796797712073, "running_time": 22.0184326171875}, "min_max_equal_weight": {"max_delay": 0.026647610402809156, "running_time": 27.022600173950195}, "min_max_surrogate_relaxation": {"max_delay": 0.028380603375331038, "lower_bound": 0.010967622427809982, "running_time": 121.09947204589844, "none_zero_ratio": 0.05, "max_weight": 0.5, "min_weight": 0.0669708251953125}, "min_max_pulp": {"max_delay": 0.022355200093536545, "running_time": 43544.91090774536}}}