{"entropy": 5646630586032672322413760579212489169, "10": {"num_user": 100, "num_service": 41, "min_max_greedy": {"max_delay": 0.039301506781603844, "running_time": 5.004644393920898}, "min_max_equal_weight": {"max_delay": 0.060295050919162395, "running_time": 24.019718170166016}, "min_max_surrogate_relaxation": {"max_delay": 0.0343427248882141, "lower_bound": 0.025376641055227335, "running_time": 71.05875015258789, "none_zero_ratio": 0.03, "max_weight": 0.5, "min_weight": 0.015625}, "min_max_pulp": {"max_delay": 0.0343427248882141, "running_time": 3214.650869369507}}, "20": {"num_user": 100, "num_service": 41, "min_max_greedy": {"max_delay": 0.02638102893699115, "running_time": 10.008096694946289}, "min_max_equal_weight": {"max_delay": 0.029312613280573406, "running_time": 26.021480560302734}, "min_max_surrogate_relaxation": {"max_delay": 0.023889388428766093, "lower_bound": 0.018115048998816163, "running_time": 197.16238975524902, "none_zero_ratio": 0.09, "max_weight": 0.2814530882751569, "min_weight": 0.0036378070348064284}, "min_max_pulp": {"max_delay": 0.023193644466150215, "running_time": 6615.455627441406}}, "30": {"num_user": 100, "num_service": 41, "min_max_greedy": {"max_delay": 0.020311668851323298, "running_time": 12.009620666503906}, "min_max_equal_weight": {"max_delay": 0.02540962260434355, "running_time": 26.021480560302734}, "min_max_surrogate_relaxation": {"max_delay": 0.021991571473396466, "lower_bound": 0.010588061364002959, "running_time": 89.07365798950195, "none_zero_ratio": 0.04, "max_weight": 0.7265625, "min_weight": 0.002197265625}, "min_max_pulp": {"max_delay": 0.019545969885188145, "running_time": 10767.879962921143}}, "40": {"num_user": 100, "num_service": 41, "min_max_greedy": {"max_delay": 0.016296489584527177, "running_time": 16.013383865356445}, "min_max_equal_weight": {"max_delay": 0.02540962260434355, "running_time": 27.022361755371094}, "min_max_surrogate_relaxation": {"max_delay": 0.02189155782266008, "lower_bound": 0.010411120474502916, "running_time": 142.11750030517578, "none_zero_ratio": 0.04, "max_weight": 0.908203125, "min_weight": 0.00457763671875}, "min_max_pulp": {"max_delay": 0.01579776005508245, "running_time": 15171.511888504028}}, "50": {"num_user": 100, "num_service": 41, "min_max_greedy": {"max_delay": 0.015168100168706108, "running_time": 19.015789031982422}, "min_max_equal_weight": {"max_delay": 0.016677119893704302, "running_time": 28.02300453186035}, "min_max_surrogate_relaxation": {"max_delay": 0.01938916684645413, "lower_bound": 0.01090151962054645, "running_time": 354.2921543121338, "none_zero_ratio": 0.04, "max_weight": 0.7265625, "min_weight": 0.000732421875}, "min_max_pulp": {"max_delay": 0.014424998104290565, "running_time": 20227.681875228882}}, "60": {"num_user": 100, "num_service": 41, "min_max_greedy": {"max_delay": 0.013773170858224385, "running_time": 23.019075393676758}, "min_max_equal_weight": {"max_delay": 0.015095336020382787, "running_time": 29.024124145507812}, "min_max_surrogate_relaxation": {"max_delay": 0.01873989550890832, "lower_bound": 0.01010682798991646, "running_time": 261.2154483795166, "none_zero_ratio": 0.04, "max_weight": 0.5, "min_weight": 0.03662109375}, "min_max_pulp": {"max_delay": 0.013361279547923521, "running_time": 27203.548431396484}}, "70": {"num_user": 100, "num_service": 41, "min_max_greedy": {"max_delay": 0.012906697387620389, "running_time": 25.020360946655273}, "min_max_equal_weight": {"max_delay": 0.014014983002538544, "running_time": 29.02388572692871}, "min_max_surrogate_relaxation": {"max_delay": 0.015942219571437547, "lower_bound": 0.00943181826493249, "running_time": 233.19220542907715, "none_zero_ratio": 0.07, "max_weight": 0.522216796875, "min_weight": 0.00638580322265625}, "min_max_pulp": {"max_delay": 0.0121830936228577, "running_time": 33421.5624332428}}, "80": {"num_user": 100, "num_service": 41, "min_max_greedy": {"max_delay": 0.012564607664130785, "running_time": 29.02388572692871}, "min_max_equal_weight": {"max_delay": 0.012850668853355215, "running_time": 30.025243759155273}, "min_max_surrogate_relaxation": {"max_delay": 0.018382850936674404, "lower_bound": 0.006008038595971717, "running_time": 136.11197471618652, "none_zero_ratio": 0.05, "max_weight": 0.318603515625, "min_weight": 0.05641937255859375}, "min_max_pulp": {"max_delay": 0.010657156409581307, "running_time": 37196.67601585388}}, "90": {"num_user": 100, "num_service": 41, "min_max_greedy": {"max_delay": 0.01131085803924856, "running_time": 31.02564811706543}, "min_max_equal_weight": {"max_delay": 0.012323056112599177, "running_time": 31.02564811706543}, "min_max_surrogate_relaxation": {"max_delay": 0.015405430889165317, "lower_bound": 0.005649458186677018, "running_time": 150.12407302856445, "none_zero_ratio": 0.05, "max_weight": 0.5, "min_weight": 0.0704498291015625}, "min_max_pulp": {"max_delay": 0.009167042638768243, "running_time": 45841.805934906006}}, "100": {"num_user": 100, "num_service": 41, "min_max_greedy": {"max_delay": 0.01087493522104078, "running_time": 34.02829170227051}, "min_max_equal_weight": {"max_delay": 0.012062389855864275, "running_time": 33.02741050720215}, "min_max_surrogate_relaxation": {"max_delay": 0.010232510690442956, "lower_bound": 0.0037875877191763277, "running_time": 200.1650333404541, "none_zero_ratio": 0.06, "max_weight": 0.5, "min_weight": 0.04150390625}, "min_max_pulp": {"max_delay": 0.007483595948569735, "running_time": 53345.02172470093}}}