{"entropy": 83560716260184965695860542627332862412, "10": {"num_user": 100, "num_service": 41, "min_max_greedy": {"max_delay": 0.08146378507334469, "running_time": 5.004167556762695}, "min_max_equal_weight": {"max_delay": 0.08079110451587446, "running_time": 24.019718170166016}, "min_max_surrogate_relaxation": {"max_delay": 0.08079110451587446, "lower_bound": 0.07811122536574144, "running_time": 144.1187858581543, "none_zero_ratio": 0.02, "max_weight": 0.5, "min_weight": 0.5}, "min_max_pulp": {"max_delay": 0.08079110451587446, "running_time": 2559.110403060913}}, "20": {"num_user": 100, "num_service": 41, "min_max_greedy": {"max_delay": 0.0673034082703031, "running_time": 5.003690719604492}, "min_max_equal_weight": {"max_delay": 0.08079110451587446, "running_time": 23.01955223083496}, "min_max_surrogate_relaxation": {"max_delay": 0.0673034082703031, "lower_bound": 0.04582244387866281, "running_time": 41.03398323059082, "none_zero_ratio": 0.02, "max_weight": 0.5, "min_weight": 0.5}, "min_max_pulp": {"max_delay": 0.0673034082703031, "running_time": 5036.153316497803}}, "30": {"num_user": 100, "num_service": 41, "min_max_greedy": {"max_delay": 0.062115016747019025, "running_time": 6.004571914672852}, "min_max_equal_weight": {"max_delay": 0.07188458592246888, "running_time": 24.019479751586914}, "min_max_surrogate_relaxation": {"max_delay": 0.062115016747019025, "lower_bound": 0.020753168384589498, "running_time": 48.03943634033203, "none_zero_ratio": 0.03, "max_weight": 0.5, "min_weight": 0.140625}, "min_max_pulp": {"max_delay": 0.05741986806068813, "running_time": 7750.391483306885}}, "40": {"num_user": 100, "num_service": 41, "min_max_greedy": {"max_delay": 0.05185097130297062, "running_time": 8.007049560546875}, "min_max_equal_weight": {"max_delay": 0.0713898149506738, "running_time": 24.021387100219727}, "min_max_surrogate_relaxation": {"max_delay": 0.049626883075718185, "lower_bound": 0.030945367991768054, "running_time": 96.07934951782227, "none_zero_ratio": 0.04, "max_weight": 0.5, "min_weight": 0.03759765625}, "min_max_pulp": {"max_delay": 0.04893541142019459, "running_time": 10524.679899215698}}, "50": {"num_user": 100, "num_service": 41, "min_max_greedy": {"max_delay": 0.048709604189297775, "running_time": 9.007453918457031}, "min_max_equal_weight": {"max_delay": 0.07322888845119958, "running_time": 23.019075393676758}, "min_max_surrogate_relaxation": {"max_delay": 0.04803435878167652, "lower_bound": 0.025649528601299494, "running_time": 132.1091651916504, "none_zero_ratio": 0.05, "max_weight": 0.5, "min_weight": 0.0446319580078125}, "min_max_pulp": {"max_delay": 0.04544867572055663, "running_time": 13652.258396148682}}, "60": {"num_user": 100, "num_service": 41, "min_max_greedy": {"max_delay": 0.042643938931917424, "running_time": 11.008977890014648}, "min_max_equal_weight": {"max_delay": 0.0713898149506738, "running_time": 24.019718170166016}, "min_max_surrogate_relaxation": {"max_delay": 0.04753958780988145, "lower_bound": 0.01921187922747377, "running_time": 122.100830078125, "none_zero_ratio": 0.05, "max_weight": 0.347900390625, "min_weight": 0.03957366943359375}, "min_max_pulp": {"max_delay": 0.042643938931917424, "running_time": 17854.724645614624}}, "70": {"num_user": 100, "num_service": 41, "min_max_greedy": {"max_delay": 0.033816461361549636, "running_time": 9.00721549987793}, "min_max_equal_weight": {"max_delay": 0.0713898149506738, "running_time": 29.022932052612305}, "min_max_surrogate_relaxation": {"max_delay": 0.046980692896279354, "lower_bound": 0.010096015245063936, "running_time": 131.10852241516113, "none_zero_ratio": 0.05, "max_weight": 0.531005859375, "min_weight": 0.02231597900390625}, "min_max_pulp": {"max_delay": 0.033816461361549636, "running_time": 21097.40376472473}}, "80": {"num_user": 100, "num_service": 41, "min_max_greedy": {"max_delay": 0.03190472128884046, "running_time": 12.009859085083008}, "min_max_equal_weight": {"max_delay": 0.04364479715906726, "running_time": 25.020837783813477}, "min_max_surrogate_relaxation": {"max_delay": 0.03324405649833137, "lower_bound": 0.018225021173494636, "running_time": 214.17641639709473, "none_zero_ratio": 0.05, "max_weight": 0.5, "min_weight": 0.0424652099609375}, "min_max_pulp": {"max_delay": 0.031259392257245666, "running_time": 25509.037494659424}}, "90": {"num_user": 100, "num_service": 41, "min_max_greedy": {"max_delay": 0.028337886231379963, "running_time": 14.013290405273438}, "min_max_equal_weight": {"max_delay": 0.04364479715906726, "running_time": 26.021480560302734}, "min_max_surrogate_relaxation": {"max_delay": 0.029649403608477932, "lower_bound": 0.016764952856712735, "running_time": 217.1790599822998, "none_zero_ratio": 0.07, "max_weight": 0.3515625, "min_weight": 0.01376476138830185}, "min_max_pulp": {"max_delay": 0.028337886231379963, "running_time": 30442.105293273926}}, "100": {"num_user": 100, "num_service": 41, "min_max_greedy": {"max_delay": 0.027597950695707824, "running_time": 16.013383865356445}, "min_max_equal_weight": {"max_delay": 0.04364479715906726, "running_time": 27.022600173950195}, "min_max_surrogate_relaxation": {"max_delay": 0.028509860556280332, "lower_bound": 0.011736415602936433, "running_time": 292.24085807800293, "none_zero_ratio": 0.06, "max_weight": 0.375, "min_weight": 0.02734959125518799}, "min_max_pulp": {"max_delay": 0.026655851707009435, "running_time": 35395.18761634827}}}