{"entropy": 256587887582091243299908795219759109494, "10": {"num_user": 100, "num_service": 41, "min_max_greedy": {"max_delay": 0.21309371032253005, "running_time": 6.005287170410156}, "min_max_equal_weight": {"max_delay": 0.21449327759262296, "running_time": 24.019718170166016}, "min_max_surrogate_relaxation": {"max_delay": 0.21038743479414623, "lower_bound": 0.19402567265458764, "running_time": 91.07494354248047, "none_zero_ratio": 0.03, "max_weight": 0.51953125, "min_weight": 0.125}, "min_max_pulp": {"max_delay": 0.21038743479414623, "running_time": 2725.247621536255}}, "20": {"num_user": 100, "num_service": 41, "min_max_greedy": {"max_delay": 0.15612570431593478, "running_time": 6.005048751831055}, "min_max_equal_weight": {"max_delay": 0.1696610157830247, "running_time": 24.019718170166016}, "min_max_surrogate_relaxation": {"max_delay": 0.15612570431593478, "lower_bound": 0.14722455902837414, "running_time": 67.05522537231445, "none_zero_ratio": 0.04, "max_weight": 0.5, "min_weight": 0.046875}, "min_max_pulp": {"max_delay": 0.15612570431593478, "running_time": 5056.169509887695}}, "30": {"num_user": 100, "num_service": 41, "min_max_greedy": {"max_delay": 0.1487611174331874, "running_time": 11.00921630859375}, "min_max_equal_weight": {"max_delay": 0.1520765774511855, "running_time": 25.020599365234375}, "min_max_surrogate_relaxation": {"max_delay": 0.14681756707408394, "lower_bound": 0.14128788329954972, "running_time": 192.15869903564453, "none_zero_ratio": 0.08, "max_weight": 0.2433496604226093, "min_weight": 0.025174102802338894}, "min_max_pulp": {"max_delay": 0.14681756707408394, "running_time": 8044.6343421936035}}, "40": {"num_user": 100, "num_service": 41, "min_max_greedy": {"max_delay": 0.14086054138468873, "running_time": 15.012264251708984}, "min_max_equal_weight": {"max_delay": 0.15612570431593478, "running_time": 25.020599365234375}, "min_max_surrogate_relaxation": {"max_delay": 0.14051896796996283, "lower_bound": 0.13804877785399303, "running_time": 160.13193130493164, "none_zero_ratio": 0.06, "max_weight": 0.3984375, "min_weight": 0.05565047264099121}, "min_max_pulp": {"max_delay": 0.14051896796996283, "running_time": 11281.303405761719}}, "50": {"num_user": 100, "num_service": 41, "min_max_greedy": {"max_delay": 0.1401437785752387, "running_time": 16.01386070251465}, "min_max_equal_weight": {"max_delay": 0.15073476442026965, "running_time": 26.021242141723633}, "min_max_surrogate_relaxation": {"max_delay": 0.13948519897545628, "lower_bound": 0.13624830265144375, "running_time": 140.11549949645996, "none_zero_ratio": 0.03, "max_weight": 0.5, "min_weight": 0.203125}, "min_max_pulp": {"max_delay": 0.13185364130541063, "running_time": 14476.938962936401}}, "60": {"num_user": 100, "num_service": 41, "min_max_greedy": {"max_delay": 0.12067642154598918, "running_time": 8.00633430480957}, "min_max_equal_weight": {"max_delay": 0.10849007915757639, "running_time": 24.019479751586914}, "min_max_surrogate_relaxation": {"max_delay": 0.11636892204735397, "lower_bound": 0.07142812405962262, "running_time": 89.07341957092285, "none_zero_ratio": 0.05, "max_weight": 0.5, "min_weight": 0.0331878662109375}, "min_max_pulp": {"max_delay": 0.10763491338604461, "running_time": 18370.149850845337}}, "70": {"num_user": 100, "num_service": 41, "min_max_greedy": {"max_delay": 0.08776465372353452, "running_time": 11.008977890014648}, "min_max_equal_weight": {"max_delay": 0.08997269339723994, "running_time": 25.020599365234375}, "min_max_surrogate_relaxation": {"max_delay": 0.11636892204735397, "lower_bound": 0.07081239415863698, "running_time": 105.0863265991211, "none_zero_ratio": 0.05, "max_weight": 0.5, "min_weight": 0.0199127197265625}, "min_max_pulp": {"max_delay": 0.08776465372353452, "running_time": 22003.145933151245}}, "80": {"num_user": 100, "num_service": 41, "min_max_greedy": {"max_delay": 0.07504957714214673, "running_time": 12.009859085083008}, "min_max_equal_weight": {"max_delay": 0.09158451375495234, "running_time": 25.020599365234375}, "min_max_surrogate_relaxation": {"max_delay": 0.09077260332581573, "lower_bound": 0.04984996730499953, "running_time": 97.07975387573242, "none_zero_ratio": 0.05, "max_weight": 0.57421875, "min_weight": 0.0469970703125}, "min_max_pulp": {"max_delay": 0.07467059669305057, "running_time": 26060.492038726807}}, "90": {"num_user": 100, "num_service": 41, "min_max_greedy": {"max_delay": 0.06829590282080553, "running_time": 15.012502670288086}, "min_max_equal_weight": {"max_delay": 0.08997269339723994, "running_time": 26.02100372314453}, "min_max_surrogate_relaxation": {"max_delay": 0.09157344553428991, "lower_bound": 0.03841283733424231, "running_time": 216.17865562438965, "none_zero_ratio": 0.05, "max_weight": 0.3935546875, "min_weight": 0.03125}, "min_max_pulp": {"max_delay": 0.06693602302630515, "running_time": 30773.378610610962}}, "100": {"num_user": 100, "num_service": 41, "min_max_greedy": {"max_delay": 0.07094682315156671, "running_time": 13.010740280151367}, "min_max_equal_weight": {"max_delay": 0.07411615712293912, "running_time": 25.021076202392578}, "min_max_surrogate_relaxation": {"max_delay": 0.07467059669305057, "lower_bound": 0.027544345111825342, "running_time": 177.14619636535645, "none_zero_ratio": 0.06, "max_weight": 0.295166015625, "min_weight": 0.0234375}, "min_max_pulp": {"max_delay": 0.06280820516620803, "running_time": 37462.89539337158}}}