{"entropy": 66570487113418951692754642194420643645, "10": {"num_user": 100, "num_service": 41, "min_max_greedy": {"max_delay": 0.437101176595244, "running_time": 7.005929946899414}, "min_max_equal_weight": {"max_delay": 0.437101176595244, "running_time": 23.01931381225586}, "min_max_surrogate_relaxation": {"max_delay": 0.437101176595244, "lower_bound": 0.4315990871622531, "running_time": 75.06203651428223, "none_zero_ratio": 0.03, "max_weight": 0.5, "min_weight": 0.171875}, "min_max_pulp": {"max_delay": 0.437101176595244, "running_time": 2979.457139968872}}, "20": {"num_user": 100, "num_service": 41, "min_max_greedy": {"max_delay": 0.43037233798232133, "running_time": 9.00721549987793}, "min_max_equal_weight": {"max_delay": 0.4350172241515055, "running_time": 24.019956588745117}, "min_max_surrogate_relaxation": {"max_delay": 0.42966033275664334, "lower_bound": 0.42363121310147134, "running_time": 72.05963134765625, "none_zero_ratio": 0.05, "max_weight": 0.3341064453125, "min_weight": 0.11976242065429688}, "min_max_pulp": {"max_delay": 0.42911032028453316, "running_time": 6016.962051391602}}, "30": {"num_user": 100, "num_service": 41, "min_max_greedy": {"max_delay": 0.42823972979534386, "running_time": 13.010740280151367}, "min_max_equal_weight": {"max_delay": 0.4344186985460062, "running_time": 24.019718170166016}, "min_max_surrogate_relaxation": {"max_delay": 0.2853180750646013, "lower_bound": 0.42188499090506587, "running_time": 188.1546974182129, "none_zero_ratio": 0.07, "max_weight": 0.5, "min_weight": 0.0473785400390625}, "min_max_pulp": {"max_delay": 0.2853180750646013, "running_time": 9315.682411193848}}, "40": {"num_user": 100, "num_service": 41, "min_max_greedy": {"max_delay": 0.1388815094999661, "running_time": 8.006572723388672}, "min_max_equal_weight": {"max_delay": 0.1390250499554023, "running_time": 23.019075393676758}, "min_max_surrogate_relaxation": {"max_delay": 0.1390250499554023, "lower_bound": 0.12759368634952123, "running_time": 51.041603088378906, "none_zero_ratio": 0.03, "max_weight": 0.5, "min_weight": 0.109375}, "min_max_pulp": {"max_delay": 0.1388815094999661, "running_time": 13506.138563156128}}, "50": {"num_user": 100, "num_service": 41, "min_max_greedy": {"max_delay": 0.1333190598981972, "running_time": 9.007453918457031}, "min_max_equal_weight": {"max_delay": 0.13776303225761413, "running_time": 24.02019500732422}, "min_max_surrogate_relaxation": {"max_delay": 0.13776303225761413, "lower_bound": 0.10262031210188112, "running_time": 92.07606315612793, "none_zero_ratio": 0.03, "max_weight": 0.5, "min_weight": 0.046875}, "min_max_pulp": {"max_delay": 0.1323883439437887, "running_time": 17780.66396713257}}, "60": {"num_user": 100, "num_service": 41, "min_max_greedy": {"max_delay": 0.1289150296704743, "running_time": 14.011621475219727}, "min_max_equal_weight": {"max_delay": 0.13776303225761413, "running_time": 25.020360946655273}, "min_max_surrogate_relaxation": {"max_delay": 0.13145274435132479, "lower_bound": 0.10115025211796748, "running_time": 113.09313774108887, "none_zero_ratio": 0.05, "max_weight": 0.76629638671875, "min_weight": 0.029296875}, "min_max_pulp": {"max_delay": 0.12819060287051715, "running_time": 22737.751722335815}}, "70": {"num_user": 100, "num_service": 41, "min_max_greedy": {"max_delay": 0.12577561722253597, "running_time": 16.013145446777344}, "min_max_equal_weight": {"max_delay": 0.1330037209961507, "running_time": 26.021242141723633}, "min_max_surrogate_relaxation": {"max_delay": 0.13102072922358726, "lower_bound": 0.09992417237357919, "running_time": 137.11309432983398, "none_zero_ratio": 0.04, "max_weight": 0.5, "min_weight": 0.03173828125}, "min_max_pulp": {"max_delay": 0.12513606639245964, "running_time": 27987.194538116455}}, "80": {"num_user": 100, "num_service": 41, "min_max_greedy": {"max_delay": 0.042549137914162295, "running_time": 9.007453918457031}, "min_max_equal_weight": {"max_delay": 0.047501091497893784, "running_time": 24.019956588745117}, "min_max_surrogate_relaxation": {"max_delay": 0.047501091497893784, "lower_bound": 0.03436164541758133, "running_time": 67.05522537231445, "none_zero_ratio": 0.03, "max_weight": 0.5, "min_weight": 0.203125}, "min_max_pulp": {"max_delay": 0.042549137914162295, "running_time": 32677.94895172119}}, "90": {"num_user": 100, "num_service": 41, "min_max_greedy": {"max_delay": 0.03572106178154362, "running_time": 9.009599685668945}, "min_max_equal_weight": {"max_delay": 0.03960311779340663, "running_time": 25.020360946655273}, "min_max_surrogate_relaxation": {"max_delay": 0.039839545115953154, "lower_bound": 0.03240750966861729, "running_time": 98.08063507080078, "none_zero_ratio": 0.04, "max_weight": 0.5, "min_weight": 0.04443359375}, "min_max_pulp": {"max_delay": 0.03531898046190202, "running_time": 39206.33316040039}}, "100": {"num_user": 100, "num_service": 41, "min_max_greedy": {"max_delay": 0.030453859580015317, "running_time": 12.009620666503906}, "min_max_equal_weight": {"max_delay": 0.03445904408375544, "running_time": 26.021718978881836}, "min_max_surrogate_relaxation": {"max_delay": 0.03035528187216976, "lower_bound": 0.024598564662651812, "running_time": 357.29455947875977, "none_zero_ratio": 0.05, "max_weight": 0.5, "min_weight": 0.0684356689453125}, "min_max_pulp": {"max_delay": 0.029238452460368783, "running_time": 45655.65204620361}}}