{"entropy": 146509148637858678522987668603041224787, "10": {"num_user": 300, "num_service": 41, "min_max_greedy": {"max_delay": 0.12760262912994497, "running_time": 483.3979606628418}, "min_max_surrogate_relaxation": {"max_delay": 0.12760262912994497, "lower_bound": 0.12100294160601854, "running_time": 5396.4409828186035}, "min_max_equal_weight": {"max_delay": 0.12995487073063114, "running_time": 348.28662872314453}, "min_max_pulp": {"max_delay": 0.1260542140148899, "running_time": 35995.62215805054}}, "20": {"num_user": 300, "num_service": 41, "min_max_greedy": {"max_delay": 0.1156717471477574, "running_time": 703.5791873931885}, "min_max_surrogate_relaxation": {"max_delay": 0.1156717471477574, "lower_bound": 0.10827822780267071, "running_time": 8049.623966217041}, "min_max_equal_weight": {"max_delay": 0.12422180205845963, "running_time": 347.28550910949707}, "min_max_pulp": {"max_delay": 0.1156717471477574, "running_time": 67016.14475250244}}, "30": {"num_user": 300, "num_service": 41, "min_max_greedy": {"max_delay": 0.11052962200300925, "running_time": 1026.8447399139404}, "min_max_surrogate_relaxation": {"max_delay": 0.11302674934018567, "lower_bound": 0.10110313962302407, "running_time": 7397.087574005127}, "min_max_equal_weight": {"max_delay": 0.10986757840380477, "running_time": 350.28839111328125}, "min_max_pulp": {"max_delay": 0.10889488077001609, "running_time": 101414.45779800415}}, "40": {"num_user": 300, "num_service": 41, "min_max_greedy": {"max_delay": 0.10754624610792872, "running_time": 1254.0206909179688}, "min_max_surrogate_relaxation": {"max_delay": 0.10759981573112168, "lower_bound": 0.09898163241024092, "running_time": 10646.761655807495}, "min_max_equal_weight": {"max_delay": 0.10910468273552609, "running_time": 359.29274559020996}, "min_max_pulp": {"max_delay": 0.10650560831994592, "running_time": 142475.24785995483}}, "50": {"num_user": 300, "num_service": 41, "min_max_greedy": {"max_delay": 0.10555590962797755, "running_time": 1406.1572551727295}, "min_max_surrogate_relaxation": {"max_delay": 0.10563782500536896, "lower_bound": 0.09781416599595077, "running_time": 14964.314699172974}, "min_max_equal_weight": {"max_delay": 0.10709117049191073, "running_time": 357.29384422302246}, "min_max_pulp": {"max_delay": 0.1036695617318101, "running_time": 182690.9077167511}}, "60": {"num_user": 300, "num_service": 41, "min_max_greedy": {"max_delay": 0.10157433760556064, "running_time": 1714.4110202789307}, "min_max_surrogate_relaxation": {"max_delay": 0.10247046667433604, "lower_bound": 0.09570793592289831, "running_time": 11921.8111038208}, "min_max_equal_weight": {"max_delay": 0.10397880026831487, "running_time": 359.2953681945801}, "min_max_pulp": {"max_delay": 0.10146541994325473, "running_time": 234534.01374816895}}, "70": {"num_user": 300, "num_service": 41, "min_max_greedy": {"max_delay": 0.10035706953872121, "running_time": 2127.7263164520264}, "min_max_surrogate_relaxation": {"max_delay": 0.10081144193728196, "lower_bound": 0.09347874946417717, "running_time": 8887.279510498047}, "min_max_equal_weight": {"max_delay": 0.10269403750519324, "running_time": 365.30041694641113}, "min_max_pulp": {"max_delay": 0.09937195465248448, "running_time": 278800.44531822205}}, "80": {"num_user": 300, "num_service": 41, "min_max_greedy": {"max_delay": 0.09794294505181042, "running_time": 2360.942602157593}, "min_max_surrogate_relaxation": {"max_delay": 0.11188539438671848, "lower_bound": 0.08846651480155292, "running_time": 5177.260637283325}, "min_max_equal_weight": {"max_delay": 0.0981943980070937, "running_time": 388.29898834228516}, "min_max_pulp": {"max_delay": 0.09727677781713917, "running_time": 336194.7863101959}}, "90": {"num_user": 300, "num_service": 41, "min_max_greedy": {"max_delay": 0.10876323124699663, "running_time": 1171.9646453857422}, "min_max_surrogate_relaxation": {"max_delay": 0.10762551749967876, "lower_bound": 0.0898286836867114, "running_time": 5822.792053222656}, "min_max_equal_weight": {"max_delay": 0.09703274939875382, "running_time": 373.307466506958}, "min_max_pulp": {"max_delay": 0.09610640117132828, "running_time": 394202.39758491516}}, "100": {"num_user": 300, "num_service": 41, "min_max_greedy": {"max_delay": 0.10573504607735836, "running_time": 1534.2621803283691}, "min_max_surrogate_relaxation": {"max_delay": 0.11163544453942782, "lower_bound": 0.06500272557136427, "running_time": 4834.979057312012}, "min_max_equal_weight": {"max_delay": 0.10685481014443686, "running_time": 360.3215217590332}, "min_max_pulp": {"max_delay": 0.09503080119563415, "running_time": 464250.55623054504}}}