{"entropy": 169680523815678843104331121897094009587, "10": {"num_user": 300, "num_service": 41, "min_max_greedy": {"max_delay": 0.09255543021363483, "running_time": 470.3869819641113}, "min_max_surrogate_relaxation": {"max_delay": 0.09255543021363483, "lower_bound": 0.06474555050011618, "running_time": 4379.604339599609}, "min_max_equal_weight": {"max_delay": 0.10719858654569162, "running_time": 349.2872714996338}, "min_max_pulp": {"max_delay": 0.09255543021363483, "running_time": 32577.80933380127}}, "20": {"num_user": 300, "num_service": 41, "min_max_greedy": {"max_delay": 0.06271113266335746, "running_time": 853.7025451660156}, "min_max_surrogate_relaxation": {"max_delay": 0.06271113266335746, "lower_bound": 0.05220540006475396, "running_time": 9116.502523422241}, "min_max_equal_weight": {"max_delay": 0.06271113266335746, "running_time": 350.28815269470215}, "min_max_pulp": {"max_delay": 0.06271113266335746, "running_time": 60885.10465621948}}, "30": {"num_user": 300, "num_service": 41, "min_max_greedy": {"max_delay": 0.05483466324203209, "running_time": 1012.8335952758789}, "min_max_surrogate_relaxation": {"max_delay": 0.05483466324203209, "lower_bound": 0.04820638706392039, "running_time": 14193.68052482605}, "min_max_equal_weight": {"max_delay": 0.057683135648818294, "running_time": 352.28991508483887}, "min_max_pulp": {"max_delay": 0.054743330223204094, "running_time": 97145.94507217407}}, "40": {"num_user": 300, "num_service": 41, "min_max_greedy": {"max_delay": 0.04765616921508937, "running_time": 1332.0960998535156}, "min_max_surrogate_relaxation": {"max_delay": 0.04765616921508937, "lower_bound": 0.039527528639333225, "running_time": 8497.993230819702}, "min_max_equal_weight": {"max_delay": 0.04748071807251925, "running_time": 354.2916774749756}, "min_max_pulp": {"max_delay": 0.04704580812407022, "running_time": 132917.38200187683}}, "50": {"num_user": 300, "num_service": 41, "min_max_greedy": {"max_delay": 0.0440100691321691, "running_time": 1502.2366046905518}, "min_max_surrogate_relaxation": {"max_delay": 0.049828554320561345, "lower_bound": 0.03706617627946972, "running_time": 8737.189769744873}, "min_max_equal_weight": {"max_delay": 0.04605429353261789, "running_time": 359.2953681945801}, "min_max_pulp": {"max_delay": 0.042897882807271706, "running_time": 169710.66093444824}}, "60": {"num_user": 300, "num_service": 41, "min_max_greedy": {"max_delay": 0.041818343779944554, "running_time": 1789.4728183746338}, "min_max_surrogate_relaxation": {"max_delay": 0.04076778055681791, "lower_bound": 0.035775970310407613, "running_time": 9863.11674118042}, "min_max_equal_weight": {"max_delay": 0.04293642001767993, "running_time": 360.29601097106934}, "min_max_pulp": {"max_delay": 0.04076778055681791, "running_time": 219224.4074344635}}, "70": {"num_user": 300, "num_service": 41, "min_max_greedy": {"max_delay": 0.04011994109125799, "running_time": 1963.616132736206}, "min_max_surrogate_relaxation": {"max_delay": 0.03881101443291392, "lower_bound": 0.03555649427962598, "running_time": 21193.440914154053}, "min_max_equal_weight": {"max_delay": 0.042408193449697616, "running_time": 382.31444358825684}, "min_max_pulp": {"max_delay": 0.03881101443291392, "running_time": 268624.0568161011}}, "80": {"num_user": 300, "num_service": 41, "min_max_greedy": {"max_delay": 0.03806288627577514, "running_time": 2189.8021697998047}, "min_max_surrogate_relaxation": {"max_delay": 0.03802975117725947, "lower_bound": 0.03437071063669882, "running_time": 16133.27693939209}, "min_max_equal_weight": {"max_delay": 0.04021646809747307, "running_time": 397.3269462585449}, "min_max_pulp": {"max_delay": 0.037254827068229475, "running_time": 316309.3020915985}}, "90": {"num_user": 300, "num_service": 41, "min_max_greedy": {"max_delay": 0.037518619855129894, "running_time": 2432.0015907287598}, "min_max_surrogate_relaxation": {"max_delay": 0.0532136474030449, "lower_bound": 0.028915805158904496, "running_time": 4858.998537063599}, "min_max_equal_weight": {"max_delay": 0.03829094124131606, "running_time": 370.3043460845947}, "min_max_pulp": {"max_delay": 0.03610091045392056, "running_time": 373265.17271995544}}, "100": {"num_user": 300, "num_service": 41, "min_max_greedy": {"max_delay": 0.03653920051468183, "running_time": 2820.3206062316895}, "min_max_surrogate_relaxation": {"max_delay": 0.047760638124629176, "lower_bound": 0.02892335268686727, "running_time": 5968.91188621521}, "min_max_equal_weight": {"max_delay": 0.03829094124131606, "running_time": 373.3072280883789}, "min_max_pulp": {"max_delay": 0.03482378540850523, "running_time": 429499.4509220123}}}