{"entropy": 33869633955541646734763267597695489339, "10": {"num_user": 300, "num_service": 41, "min_max_greedy": {"max_delay": 0.11922536059209135, "running_time": 562.4628067016602}, "min_max_surrogate_relaxation": {"max_delay": 0.11922536059209135, "lower_bound": 0.10919203809746168, "running_time": 4482.5119972229}, "min_max_equal_weight": {"max_delay": 0.11982591013659417, "running_time": 364.2997741699219}, "min_max_pulp": {"max_delay": 0.11922536059209135, "running_time": 48790.36808013916}}, "20": {"num_user": 300, "num_service": 41, "min_max_greedy": {"max_delay": 0.0940896017479573, "running_time": 1056.1258792877197}, "min_max_surrogate_relaxation": {"max_delay": 0.09144890042193161, "lower_bound": 0.07583525752872197, "running_time": 5043.63489151001}, "min_max_equal_weight": {"max_delay": 0.09454056899331155, "running_time": 367.8889274597168}, "min_max_pulp": {"max_delay": 0.09144890042193161, "running_time": 96970.46732902527}}, "30": {"num_user": 300, "num_service": 41, "min_max_greedy": {"max_delay": 0.07188001945213958, "running_time": 1107.0752143859863}, "min_max_surrogate_relaxation": {"max_delay": 0.07187653929395066, "lower_bound": 0.06495175255711741, "running_time": 5902.460813522339}, "min_max_equal_weight": {"max_delay": 0.07164552288483206, "running_time": 365.82374572753906}, "min_max_pulp": {"max_delay": 0.07135770769686588, "running_time": 151434.77201461792}}, "40": {"num_user": 300, "num_service": 41, "min_max_greedy": {"max_delay": 0.06995776462749471, "running_time": 1265.730619430542}, "min_max_surrogate_relaxation": {"max_delay": 0.06911164666930432, "lower_bound": 0.06367374931133751, "running_time": 8610.878705978394}, "min_max_equal_weight": {"max_delay": 0.07082850266228251, "running_time": 379.31180000305176}, "min_max_pulp": {"max_delay": 0.06834497089722298, "running_time": 211497.0269203186}}, "50": {"num_user": 300, "num_service": 41, "min_max_greedy": {"max_delay": 0.06790908519221585, "running_time": 1518.8262462615967}, "min_max_surrogate_relaxation": {"max_delay": 0.06779258710905046, "lower_bound": 0.061052525922050155, "running_time": 7828.907012939453}, "min_max_equal_weight": {"max_delay": 0.06901023012648604, "running_time": 379.31275367736816}, "min_max_pulp": {"max_delay": 0.06690770253477038, "running_time": 286775.5753993988}}, "60": {"num_user": 300, "num_service": 41, "min_max_greedy": {"max_delay": 0.0687729192086141, "running_time": 1600.3174781799316}, "min_max_surrogate_relaxation": {"max_delay": 0.06727539771598529, "lower_bound": 0.059001754928616604, "running_time": 5913.63000869751}, "min_max_equal_weight": {"max_delay": 0.07119455563947781, "running_time": 370.3041076660156}, "min_max_pulp": {"max_delay": 0.06531428493247775, "running_time": 361536.98801994324}}, "70": {"num_user": 300, "num_service": 41, "min_max_greedy": {"max_delay": 0.06825218102676549, "running_time": 1590.510606765747}, "min_max_surrogate_relaxation": {"max_delay": 0.06727539771598529, "lower_bound": 0.05894447656952731, "running_time": 9161.196947097778}, "min_max_equal_weight": {"max_delay": 0.06839614530104138, "running_time": 398.3283042907715}, "min_max_pulp": {"max_delay": 0.06436441760305045, "running_time": 452478.2524108887}}, "80": {"num_user": 300, "num_service": 41, "min_max_greedy": {"max_delay": 0.0669802011578846, "running_time": 1662.3668670654297}, "min_max_surrogate_relaxation": {"max_delay": 0.06691543743025498, "lower_bound": 0.058013194975603005, "running_time": 8225.508451461792}, "min_max_equal_weight": {"max_delay": 0.06812630999996507, "running_time": 378.3116340637207}, "min_max_pulp": {"max_delay": 0.06318483675936211, "running_time": 545364.9644851685}}, "90": {"num_user": 300, "num_service": 41, "min_max_greedy": {"max_delay": 0.06580655760050019, "running_time": 1886.552095413208}, "min_max_surrogate_relaxation": {"max_delay": 0.08627933816781831, "lower_bound": 0.054461781027955146, "running_time": 3072.9873180389404}, "min_max_equal_weight": {"max_delay": 0.06714535055357675, "running_time": 377.31003761291504}, "min_max_pulp": {"max_delay": 0.06261416628664682, "running_time": 660519.4053649902}}, "100": {"num_user": 300, "num_service": 41, "min_max_greedy": {"max_delay": 0.06410448175830039, "running_time": 2330.402612686157}, "min_max_surrogate_relaxation": {"max_delay": 0.08624753046921567, "lower_bound": 0.053539412330798015, "running_time": 2982.985734939575}, "min_max_equal_weight": {"max_delay": 0.06684100127650962, "running_time": 380.10621070861816}, "min_max_pulp": {"max_delay": 0.06149139200396693, "running_time": 769819.7593688965}}}