{"entropy": 103937257687732046812676057812881377261, "10": {"num_user": 300, "num_service": 41, "min_max_greedy": {"max_delay": 0.09387344767955533, "running_time": 487.4112606048584}, "min_max_surrogate_relaxation": {"max_delay": 0.09387344767955533, "lower_bound": 0.07937376207981427, "running_time": 3490.872621536255}, "min_max_equal_weight": {"max_delay": 0.09445713895071264, "running_time": 361.297607421875}, "min_max_pulp": {"max_delay": 0.09387344767955533, "running_time": 51070.027112960815}}, "20": {"num_user": 300, "num_service": 41, "min_max_greedy": {"max_delay": 0.08490889700259599, "running_time": 696.5727806091309}, "min_max_surrogate_relaxation": {"max_delay": 0.08196806759218926, "lower_bound": 0.06997894356288557, "running_time": 8123.685121536255}, "min_max_equal_weight": {"max_delay": 0.09040103970217538, "running_time": 364.3052577972412}, "min_max_pulp": {"max_delay": 0.0816641813455965, "running_time": 100925.06551742554}}, "30": {"num_user": 300, "num_service": 41, "min_max_greedy": {"max_delay": 0.07615297425280351, "running_time": 1171.9648838043213}, "min_max_surrogate_relaxation": {"max_delay": 0.07666330511238167, "lower_bound": 0.06438920979462691, "running_time": 8426.935195922852}, "min_max_equal_weight": {"max_delay": 0.08793467191221428, "running_time": 368.3030605316162}, "min_max_pulp": {"max_delay": 0.07615297425280351, "running_time": 159151.9718170166}}, "40": {"num_user": 300, "num_service": 41, "min_max_greedy": {"max_delay": 0.07297209196999876, "running_time": 1566.288948059082}, "min_max_surrogate_relaxation": {"max_delay": 0.07344932528989025, "lower_bound": 0.0641150050851402, "running_time": 14778.161525726318}, "min_max_equal_weight": {"max_delay": 0.0732393574071894, "running_time": 366.3015365600586}, "min_max_pulp": {"max_delay": 0.0715328935292195, "running_time": 223773.27013015747}}, "50": {"num_user": 300, "num_service": 41, "min_max_greedy": {"max_delay": 0.07150566129866119, "running_time": 1562.2854232788086}, "min_max_surrogate_relaxation": {"max_delay": 0.0703723495972272, "lower_bound": 0.06270954049121419, "running_time": 22292.34504699707}, "min_max_equal_weight": {"max_delay": 0.07307304900096985, "running_time": 369.30394172668457}, "min_max_pulp": {"max_delay": 0.06864510811235137, "running_time": 294257.16495513916}}, "60": {"num_user": 300, "num_service": 41, "min_max_greedy": {"max_delay": 0.0645832962011112, "running_time": 1930.588722229004}, "min_max_surrogate_relaxation": {"max_delay": 0.0661269335298725, "lower_bound": 0.06008388507203402, "running_time": 15718.93572807312}, "min_max_equal_weight": {"max_delay": 0.07035918984742343, "running_time": 375.3089904785156}, "min_max_pulp": {"max_delay": 0.0642876012656413, "running_time": 379534.35254096985}}, "70": {"num_user": 300, "num_service": 41, "min_max_greedy": {"max_delay": 0.06405927592062331, "running_time": 2511.066198348999}, "min_max_surrogate_relaxation": {"max_delay": 0.0639492151791451, "lower_bound": 0.05891100081549749, "running_time": 17830.200910568237}, "min_max_equal_weight": {"max_delay": 0.06431603076392056, "running_time": 379.31203842163086}, "min_max_pulp": {"max_delay": 0.061837908023611374, "running_time": 484904.1645526886}}, "80": {"num_user": 300, "num_service": 41, "min_max_greedy": {"max_delay": 0.06257880835529106, "running_time": 2426.997184753418}, "min_max_surrogate_relaxation": {"max_delay": 0.061138276245905045, "lower_bound": 0.05787956414580498, "running_time": 27999.041080474854}, "min_max_equal_weight": {"max_delay": 0.06425083776697965, "running_time": 382.31468200683594}, "min_max_pulp": {"max_delay": 0.060910616626117624, "running_time": 577458.2159519196}}, "90": {"num_user": 300, "num_service": 41, "min_max_greedy": {"max_delay": 0.059394385254073256, "running_time": 2806.3008785247803}, "min_max_surrogate_relaxation": {"max_delay": 0.059739685816929206, "lower_bound": 0.05706259933419787, "running_time": 32398.661851882935}, "min_max_equal_weight": {"max_delay": 0.061654190705256316, "running_time": 399.32870864868164}, "min_max_pulp": {"max_delay": 0.05909217429301191, "running_time": 676838.8359546661}}, "100": {"num_user": 300, "num_service": 41, "min_max_greedy": {"max_delay": 0.05839531108248641, "running_time": 3221.651077270508}, "min_max_surrogate_relaxation": {"max_delay": 0.06102929887242074, "lower_bound": 0.055727651012276905, "running_time": 13546.147584915161}, "min_max_equal_weight": {"max_delay": 0.06425083776697965, "running_time": 393.3238983154297}, "min_max_pulp": {"max_delay": 0.057799328241092914, "running_time": 798062.6635551453}}}