{"entropy": 227606480232523889833783590037324040978, "10": {"num_user": 300, "num_service": 41, "min_max_greedy": {"max_delay": 0.161215935626748, "running_time": 405.3337574005127}, "min_max_surrogate_relaxation": {"max_delay": 0.14105082714019088, "lower_bound": 0.1274125514183472, "running_time": 3692.038059234619}, "min_max_equal_weight": {"max_delay": 0.14105082714019088, "running_time": 350.28839111328125}, "min_max_pulp": {"max_delay": 0.14105082714019088, "running_time": 25706.154823303223}}, "20": {"num_user": 300, "num_service": 41, "min_max_greedy": {"max_delay": 0.11384066404038669, "running_time": 670.5517768859863}, "min_max_surrogate_relaxation": {"max_delay": 0.10537415513132876, "lower_bound": 0.08574600002873112, "running_time": 6664.484739303589}, "min_max_equal_weight": {"max_delay": 0.11384066404038669, "running_time": 348.27637672424316}, "min_max_pulp": {"max_delay": 0.10537415513132876, "running_time": 47625.192403793335}}, "30": {"num_user": 300, "num_service": 41, "min_max_greedy": {"max_delay": 0.08848991987395075, "running_time": 750.6177425384521}, "min_max_surrogate_relaxation": {"max_delay": 0.09182457702011594, "lower_bound": 0.07010186069742994, "running_time": 5156.243085861206}, "min_max_equal_weight": {"max_delay": 0.10274353815338699, "running_time": 345.28422355651855}, "min_max_pulp": {"max_delay": 0.08848991987395075, "running_time": 70417.94919967651}}, "40": {"num_user": 300, "num_service": 41, "min_max_greedy": {"max_delay": 0.07879448636220025, "running_time": 972.8002548217773}, "min_max_surrogate_relaxation": {"max_delay": 0.06317708608243154, "lower_bound": 0.04148599040043079, "running_time": 7922.519683837891}, "min_max_equal_weight": {"max_delay": 0.08415895746167767, "running_time": 347.28550910949707}, "min_max_pulp": {"max_delay": 0.06317708608243154, "running_time": 95891.9129371643}}, "50": {"num_user": 300, "num_service": 41, "min_max_greedy": {"max_delay": 0.07521027481851554, "running_time": 1285.057544708252}, "min_max_surrogate_relaxation": {"max_delay": 0.04761896054658792, "lower_bound": 0.028411833444626347, "running_time": 5303.3647537231445}, "min_max_equal_weight": {"max_delay": 0.07981066861412438, "running_time": 350.28839111328125}, "min_max_pulp": {"max_delay": 0.04761896054658792, "running_time": 119207.09991455078}}, "60": {"num_user": 300, "num_service": 41, "min_max_greedy": {"max_delay": 0.04020727511488772, "running_time": 1207.9942226409912}, "min_max_surrogate_relaxation": {"max_delay": 0.04328799813431485, "lower_bound": 0.027349537510483295, "running_time": 10226.415634155273}, "min_max_equal_weight": {"max_delay": 0.06977108628514707, "running_time": 353.2907962799072}, "min_max_pulp": {"max_delay": 0.03893970928676156, "running_time": 154553.18665504456}}, "70": {"num_user": 300, "num_service": 41, "min_max_greedy": {"max_delay": 0.033522531241503964, "running_time": 1426.173448562622}, "min_max_surrogate_relaxation": {"max_delay": 0.05041905862552936, "lower_bound": 0.017353155832830484, "running_time": 3586.951971054077}, "min_max_equal_weight": {"max_delay": 0.06690727842558712, "running_time": 356.2932014465332}, "min_max_pulp": {"max_delay": 0.0327624753151956, "running_time": 179930.0708770752}}, "80": {"num_user": 300, "num_service": 41, "min_max_greedy": {"max_delay": 0.02957967492639658, "running_time": 1658.36501121521}, "min_max_surrogate_relaxation": {"max_delay": 0.03184556561826268, "lower_bound": 0.02057576902997706, "running_time": 8547.033548355103}, "min_max_equal_weight": {"max_delay": 0.029239139965424883, "running_time": 375.3173351287842}, "min_max_pulp": {"max_delay": 0.028278858913574945, "running_time": 214363.39831352234}}, "90": {"num_user": 300, "num_service": 41, "min_max_greedy": {"max_delay": 0.027803756516893197, "running_time": 1881.5488815307617}, "min_max_surrogate_relaxation": {"max_delay": 0.045373947060408704, "lower_bound": 0.015210512893327349, "running_time": 3634.9916458129883}, "min_max_equal_weight": {"max_delay": 0.027334661440217366, "running_time": 356.2929630279541}, "min_max_pulp": {"max_delay": 0.025507675593057656, "running_time": 254715.61455726624}}, "100": {"num_user": 300, "num_service": 41, "min_max_greedy": {"max_delay": 0.026010375545993735, "running_time": 2095.724582672119}, "min_max_surrogate_relaxation": {"max_delay": 0.031405067824017106, "lower_bound": 0.016958484229786512, "running_time": 10041.263341903687}, "min_max_equal_weight": {"max_delay": 0.026455402413155478, "running_time": 359.2958450317383}, "min_max_pulp": {"max_delay": 0.024144647249615223, "running_time": 287856.88757896423}}}