{"entropy": 31666927592053840324666841522584934186, "10": {"num_user": 300, "num_service": 41, "min_max_greedy": {"max_delay": 0.13386761510686934, "running_time": 692.5697326660156}, "min_max_surrogate_relaxation": {"max_delay": 0.13386761510686934, "lower_bound": 0.11336321015821343, "running_time": 7153.886556625366}, "min_max_equal_weight": {"max_delay": 0.13386761510686934, "running_time": 359.29155349731445}, "min_max_pulp": {"max_delay": 0.13386761510686934, "running_time": 35432.767152786255}}, "20": {"num_user": 300, "num_service": 41, "min_max_greedy": {"max_delay": 0.10763734813005123, "running_time": 869.7159290313721}, "min_max_surrogate_relaxation": {"max_delay": 0.10752228372307643, "lower_bound": 0.0908303683787609, "running_time": 8324.851036071777}, "min_max_equal_weight": {"max_delay": 0.10763734813005123, "running_time": 348.28710556030273}, "min_max_pulp": {"max_delay": 0.10347768522750235, "running_time": 68589.59412574768}}, "30": {"num_user": 300, "num_service": 41, "min_max_greedy": {"max_delay": 0.09611680249259091, "running_time": 1318.3298110961914}, "min_max_surrogate_relaxation": {"max_delay": 0.10530248613011417, "lower_bound": 0.07940449129280032, "running_time": 7334.038257598877}, "min_max_equal_weight": {"max_delay": 0.10079902385555574, "running_time": 354.2916774749756}, "min_max_pulp": {"max_delay": 0.09166778402785161, "running_time": 103462.58735656738}}, "40": {"num_user": 300, "num_service": 41, "min_max_greedy": {"max_delay": 0.08717522858763048, "running_time": 1729.4387817382812}, "min_max_surrogate_relaxation": {"max_delay": 0.14320455275453073, "lower_bound": 0.07299229767066227, "running_time": 2824.3420124053955}, "min_max_equal_weight": {"max_delay": 0.09746387638479255, "running_time": 387.30812072753906}, "min_max_pulp": {"max_delay": 0.08465920037601866, "running_time": 146478.8784980774}}, "50": {"num_user": 300, "num_service": 41, "min_max_greedy": {"max_delay": 0.08536090567239175, "running_time": 1816.4949417114258}, "min_max_surrogate_relaxation": {"max_delay": 0.1428812641237203, "lower_bound": 0.07217678825196751, "running_time": 2802.3059368133545}, "min_max_equal_weight": {"max_delay": 0.0960699433152321, "running_time": 372.30634689331055}, "min_max_pulp": {"max_delay": 0.08296211470496494, "running_time": 189248.7392425537}}, "60": {"num_user": 300, "num_service": 41, "min_max_greedy": {"max_delay": 0.08073178933395109, "running_time": 2193.80521774292}, "min_max_surrogate_relaxation": {"max_delay": 0.1428812641237203, "lower_bound": 0.07174211738762913, "running_time": 2729.2468547821045}, "min_max_equal_weight": {"max_delay": 0.08449799673616382, "running_time": 358.2949638366699}, "min_max_pulp": {"max_delay": 0.08047705699349843, "running_time": 241700.90436935425}}, "70": {"num_user": 300, "num_service": 41, "min_max_greedy": {"max_delay": 0.07968755863171878, "running_time": 2511.066675186157}, "min_max_surrogate_relaxation": {"max_delay": 0.14270412872615718, "lower_bound": 0.07138343879234602, "running_time": 2891.3798332214355}, "min_max_equal_weight": {"max_delay": 0.08377628677050054, "running_time": 371.3054656982422}, "min_max_pulp": {"max_delay": 0.07917699170581469, "running_time": 288414.3464565277}}, "80": {"num_user": 300, "num_service": 41, "min_max_greedy": {"max_delay": 0.07813276100358238, "running_time": 2758.2695484161377}, "min_max_surrogate_relaxation": {"max_delay": 0.1325384941153193, "lower_bound": 0.06872869902544994, "running_time": 2783.2963466644287}, "min_max_equal_weight": {"max_delay": 0.08001150888876776, "running_time": 366.3012981414795}, "min_max_pulp": {"max_delay": 0.07787181715033334, "running_time": 352511.0938549042}}, "90": {"num_user": 300, "num_service": 41, "min_max_greedy": {"max_delay": 0.07760821558090279, "running_time": 3026.4906883239746}, "min_max_surrogate_relaxation": {"max_delay": 0.10408178165655729, "lower_bound": 0.054642256062302094, "running_time": 3648.0021476745605}, "min_max_equal_weight": {"max_delay": 0.07968822025795731, "running_time": 371.3052272796631}, "min_max_pulp": {"max_delay": 0.0766505750989634, "running_time": 412410.38727760315}}, "100": {"num_user": 300, "num_service": 41, "min_max_greedy": {"max_delay": 0.07670453285941939, "running_time": 3330.7406902313232}, "min_max_surrogate_relaxation": {"max_delay": 0.14270412872615718, "lower_bound": 0.028985310588776157, "running_time": 2765.275478363037}, "min_max_equal_weight": {"max_delay": 0.07864398955572499, "running_time": 373.3072280883789}, "min_max_pulp": {"max_delay": 0.0638473670467999, "running_time": 472561.88774108887}}}