{"entropy": 59083574079053908716037827485127289272, "10": {"num_user": 300, "num_service": 41, "min_max_greedy": {"max_delay": 0.6537785648019586, "running_time": 469.38586235046387}, "min_max_surrogate_relaxation": {"max_delay": 0.6537785648019586, "lower_bound": 0.624743483659176, "running_time": 10400.559186935425}, "min_max_equal_weight": {"max_delay": 0.6537785648019586, "running_time": 351.2892723083496}, "min_max_pulp": {"max_delay": 0.6537785648019586, "running_time": 38879.99606132507}}, "20": {"num_user": 300, "num_service": 41, "min_max_greedy": {"max_delay": 0.6157671634264251, "running_time": 767.6315307617188}, "min_max_surrogate_relaxation": {"max_delay": 0.6199511425231671, "lower_bound": 0.5988306967939567, "running_time": 6092.012882232666}, "min_max_equal_weight": {"max_delay": 0.6201106078223627, "running_time": 353.2905578613281}, "min_max_pulp": {"max_delay": 0.6131768326995997, "running_time": 72849.9505519867}}, "30": {"num_user": 300, "num_service": 41, "min_max_greedy": {"max_delay": 0.6052375605790895, "running_time": 1086.8945121765137}, "min_max_surrogate_relaxation": {"max_delay": 0.3056378044021817, "lower_bound": 0.2728247372944727, "running_time": 1757.4462890625}, "min_max_equal_weight": {"max_delay": 0.619207149487022, "running_time": 357.29336738586426}, "min_max_pulp": {"max_delay": 0.3010667309861078, "running_time": 113938.76433372498}}, "40": {"num_user": 300, "num_service": 41, "min_max_greedy": {"max_delay": 0.22717826605113753, "running_time": 701.5769481658936}, "min_max_surrogate_relaxation": {"max_delay": 0.2756068230919617, "lower_bound": 0.1828179098679086, "running_time": 3635.9922885894775}, "min_max_equal_weight": {"max_delay": 0.2309167853749802, "running_time": 355.29255867004395}, "min_max_pulp": {"max_delay": 0.2209607755810941, "running_time": 157855.87549209595}}, "50": {"num_user": 300, "num_service": 41, "min_max_greedy": {"max_delay": 0.21171348931519474, "running_time": 1088.8957977294922}, "min_max_surrogate_relaxation": {"max_delay": 0.29599675504474204, "lower_bound": 0.16861334533933167, "running_time": 1884.5505714416504}, "min_max_equal_weight": {"max_delay": 0.22260719263506365, "running_time": 358.2947254180908}, "min_max_pulp": {"max_delay": 0.20648417833297988, "running_time": 203719.30408477783}}, "60": {"num_user": 300, "num_service": 41, "min_max_greedy": {"max_delay": 0.2041760817066882, "running_time": 1338.1011486053467}, "min_max_surrogate_relaxation": {"max_delay": 0.29562390447138004, "lower_bound": 0.16831838312708786, "running_time": 1956.6102027893066}, "min_max_equal_weight": {"max_delay": 0.21557970921981082, "running_time": 362.29801177978516}, "min_max_pulp": {"max_delay": 0.19960500829061434, "running_time": 260986.36770248413}}, "70": {"num_user": 300, "num_service": 41, "min_max_greedy": {"max_delay": 0.19469824803451505, "running_time": 1455.1975727081299}, "min_max_surrogate_relaxation": {"max_delay": 0.29542763126088356, "lower_bound": 0.16814493643784337, "running_time": 1971.6224670410156}, "min_max_equal_weight": {"max_delay": 0.19707571253426492, "running_time": 369.30346488952637}, "min_max_pulp": {"max_delay": 0.19348361286608065, "running_time": 310139.7626399994}}, "80": {"num_user": 300, "num_service": 41, "min_max_greedy": {"max_delay": 0.1912065133641988, "running_time": 1713.4101390838623}, "min_max_surrogate_relaxation": {"max_delay": 0.295236544873736, "lower_bound": 0.16803257476107802, "running_time": 1859.5306873321533}, "min_max_equal_weight": {"max_delay": 0.19220730395737812, "running_time": 376.309871673584}, "min_max_pulp": {"max_delay": 0.18893326140801023, "running_time": 370611.9899749756}}, "90": {"num_user": 300, "num_service": 41, "min_max_greedy": {"max_delay": 0.18682822253286924, "running_time": 2075.7081508636475}, "min_max_surrogate_relaxation": {"max_delay": 0.20910422619837002, "lower_bound": 0.0920551531116486, "running_time": 5390.435695648193}, "min_max_equal_weight": {"max_delay": 0.19220730395737812, "running_time": 369.30394172668457}, "min_max_pulp": {"max_delay": 0.18539610920946126, "running_time": 433767.3661708832}}, "100": {"num_user": 300, "num_service": 41, "min_max_greedy": {"max_delay": 0.1854603659702131, "running_time": 2257.8582763671875}, "min_max_surrogate_relaxation": {"max_delay": 0.20910422619837002, "lower_bound": 0.11244624992691982, "running_time": 4628.659725189209}, "min_max_equal_weight": {"max_delay": 0.1887923216343415, "running_time": 365.30041694641113}, "min_max_pulp": {"max_delay": 0.18297002833420933, "running_time": 503056.10179901123}}}