{"entropy": 217299592291152414924061189861422737823, "10": {"num_user": 300, "num_service": 41, "min_max_greedy": {"max_delay": 0.20434661293011552, "running_time": 517.4260139465332}, "min_max_surrogate_relaxation": {"max_delay": 0.19345155845783088, "lower_bound": 0.18213794951409895, "running_time": 5792.767286300659}, "min_max_equal_weight": {"max_delay": 0.19345155845783088, "running_time": 339.2791748046875}, "min_max_pulp": {"max_delay": 0.19345155845783088, "running_time": 33047.19567298889}}, "20": {"num_user": 300, "num_service": 41, "min_max_greedy": {"max_delay": 0.16777510582804217, "running_time": 720.5932140350342}, "min_max_surrogate_relaxation": {"max_delay": 0.16777510582804217, "lower_bound": 0.15635124098216363, "running_time": 7628.27730178833}, "min_max_equal_weight": {"max_delay": 0.17680172147291234, "running_time": 339.2794132232666}, "min_max_pulp": {"max_delay": 0.16777510582804217, "running_time": 65394.81568336487}}, "30": {"num_user": 300, "num_service": 41, "min_max_greedy": {"max_delay": 0.1580886187731036, "running_time": 1099.905252456665}, "min_max_surrogate_relaxation": {"max_delay": 0.1599277404236654, "lower_bound": 0.14649579504405194, "running_time": 6041.971921920776}, "min_max_equal_weight": {"max_delay": 0.15862996422039874, "running_time": 345.28422355651855}, "min_max_pulp": {"max_delay": 0.15494728016183407, "running_time": 100024.31321144104}}, "40": {"num_user": 300, "num_service": 41, "min_max_greedy": {"max_delay": 0.15297496340552783, "running_time": 1323.0888843536377}, "min_max_surrogate_relaxation": {"max_delay": 0.15276546413810782, "lower_bound": 0.14463577328560145, "running_time": 9980.22985458374}, "min_max_equal_weight": {"max_delay": 0.15862996422039874, "running_time": 350.28839111328125}, "min_max_pulp": {"max_delay": 0.15152902286932168, "running_time": 140300.45795440674}}, "50": {"num_user": 300, "num_service": 41, "min_max_greedy": {"max_delay": 0.14810238412131999, "running_time": 1465.2059078216553}, "min_max_surrogate_relaxation": {"max_delay": 0.14742385398532926, "lower_bound": 0.14236749091711387, "running_time": 14358.816146850586}, "min_max_equal_weight": {"max_delay": 0.15167718720226117, "running_time": 360.29696464538574}, "min_max_pulp": {"max_delay": 0.14728254323833959, "running_time": 181625.46586990356}}, "60": {"num_user": 300, "num_service": 41, "min_max_greedy": {"max_delay": 0.14588011667003417, "running_time": 1678.3812046051025}, "min_max_surrogate_relaxation": {"max_delay": 0.145404319482169, "lower_bound": 0.14103120772288694, "running_time": 14748.136281967163}, "min_max_equal_weight": {"max_delay": 0.14767255842382807, "running_time": 355.29255867004395}, "min_max_pulp": {"max_delay": 0.14474676316816662, "running_time": 231712.68439292908}}, "70": {"num_user": 300, "num_service": 41, "min_max_greedy": {"max_delay": 0.14507339146121068, "running_time": 1975.62575340271}, "min_max_surrogate_relaxation": {"max_delay": 0.14418243520712717, "lower_bound": 0.13992184824420587, "running_time": 13984.508037567139}, "min_max_equal_weight": {"max_delay": 0.1450918061180293, "running_time": 358.2954406738281}, "min_max_pulp": {"max_delay": 0.14343587386153972, "running_time": 283110.98194122314}}, "80": {"num_user": 300, "num_service": 41, "min_max_greedy": {"max_delay": 0.1430184676843277, "running_time": 2329.9176692962646}, "min_max_surrogate_relaxation": {"max_delay": 0.1425848026350097, "lower_bound": 0.13931585620661566, "running_time": 26071.455001831055}, "min_max_equal_weight": {"max_delay": 0.14351267047607869, "running_time": 361.2971305847168}, "min_max_pulp": {"max_delay": 0.14172069148106103, "running_time": 340400.1269340515}}, "90": {"num_user": 300, "num_service": 41, "min_max_greedy": {"max_delay": 0.14096397127908922, "running_time": 2643.174886703491}, "min_max_surrogate_relaxation": {"max_delay": 0.14104853780689153, "lower_bound": 0.13861523681161528, "running_time": 17485.389471054077}, "min_max_equal_weight": {"max_delay": 0.14351267047607869, "running_time": 363.2993698120117}, "min_max_pulp": {"max_delay": 0.14075017223471709, "running_time": 406249.31716918945}}, "100": {"num_user": 300, "num_service": 41, "min_max_greedy": {"max_delay": 0.14125767034008743, "running_time": 2872.363805770874}, "min_max_surrogate_relaxation": {"max_delay": 0.16572249444391363, "lower_bound": 0.13277821586068217, "running_time": 2737.2524738311768}, "min_max_equal_weight": {"max_delay": 0.14102030691428658, "running_time": 373.307466506958}, "min_max_pulp": {"max_delay": 0.13988222172894235, "running_time": 478487.7595901489}}}