{"entropy": 320697807368378012963124117941921582975, "10": {"num_user": 300, "num_service": 41, "min_max_greedy": {"max_delay": 0.0870637379862615, "running_time": 624.514102935791}, "min_max_surrogate_relaxation": {"max_delay": 0.0760820136475793, "lower_bound": 0.06120360766687512, "running_time": 8126.687526702881}, "min_max_equal_weight": {"max_delay": 0.10237092850984693, "running_time": 356.292724609375}, "min_max_pulp": {"max_delay": 0.07471361963600945, "running_time": 51113.06309700012}}, "20": {"num_user": 300, "num_service": 41, "min_max_greedy": {"max_delay": 0.05018333400965891, "running_time": 1073.8835334777832}, "min_max_surrogate_relaxation": {"max_delay": 0.05119872207057027, "lower_bound": 0.03130350257193407, "running_time": 5783.759593963623}, "min_max_equal_weight": {"max_delay": 0.056707454551522984, "running_time": 386.31749153137207}, "min_max_pulp": {"max_delay": 0.0498681415212391, "running_time": 103655.30157089233}}, "30": {"num_user": 300, "num_service": 41, "min_max_greedy": {"max_delay": 0.0382825794423672, "running_time": 1162.9574298858643}, "min_max_surrogate_relaxation": {"max_delay": 0.03796738695394739, "lower_bound": 0.031248254772321828, "running_time": 12522.305011749268}, "min_max_equal_weight": {"max_delay": 0.04160905320919655, "running_time": 359.2960834503174}, "min_max_pulp": {"max_delay": 0.037635598385429445, "running_time": 161143.6107158661}}, "40": {"num_user": 300, "num_service": 41, "min_max_greedy": {"max_delay": 0.03214332412033925, "running_time": 1549.2749214172363}, "min_max_surrogate_relaxation": {"max_delay": 0.03214332412033925, "lower_bound": 0.027426595501436803, "running_time": 15220.52550315857}, "min_max_equal_weight": {"max_delay": 0.038647754957540886, "running_time": 370.30506134033203}, "min_max_pulp": {"max_delay": 0.03214332412033925, "running_time": 225801.82003974915}}, "50": {"num_user": 300, "num_service": 41, "min_max_greedy": {"max_delay": 0.02894094321369899, "running_time": 1779.4642448425293}, "min_max_surrogate_relaxation": {"max_delay": 0.028301782124927437, "lower_bound": 0.025078745893889153, "running_time": 11113.145351409912}, "min_max_equal_weight": {"max_delay": 0.031753775869452876, "running_time": 381.3133239746094}, "min_max_pulp": {"max_delay": 0.028301782124927437, "running_time": 298261.4498138428}}, "60": {"num_user": 300, "num_service": 41, "min_max_greedy": {"max_delay": 0.02753536026712168, "running_time": 2080.7125568389893}, "min_max_surrogate_relaxation": {"max_delay": 0.02728027893690988, "lower_bound": 0.02337403400368674, "running_time": 10335.505247116089}, "min_max_equal_weight": {"max_delay": 0.027966584185481785, "running_time": 375.3089904785156}, "min_max_pulp": {"max_delay": 0.026618618515169633, "running_time": 383892.9193019867}}, "70": {"num_user": 300, "num_service": 41, "min_max_greedy": {"max_delay": 0.02611498607927512, "running_time": 2393.970012664795}, "min_max_surrogate_relaxation": {"max_delay": 0.026327093845515983, "lower_bound": 0.02353065627494942, "running_time": 19207.80658721924}, "min_max_equal_weight": {"max_delay": 0.02726516867615192, "running_time": 377.31051445007324}, "min_max_pulp": {"max_delay": 0.025754064209161993, "running_time": 472987.23793029785}}, "80": {"num_user": 300, "num_service": 41, "min_max_greedy": {"max_delay": 0.024846609021872287, "running_time": 2630.164623260498}, "min_max_surrogate_relaxation": {"max_delay": 0.025056303449009793, "lower_bound": 0.02266466376242491, "running_time": 19815.306663513184}, "min_max_equal_weight": {"max_delay": 0.025664459945128917, "running_time": 375.3087520599365}, "min_max_pulp": {"max_delay": 0.02451233763898988, "running_time": 571758.5203647614}}, "90": {"num_user": 300, "num_service": 41, "min_max_greedy": {"max_delay": 0.024729903850864553, "running_time": 2697.2196102142334}, "min_max_surrogate_relaxation": {"max_delay": 0.024335425314458196, "lower_bound": 0.02183864478340812, "running_time": 13645.22933959961}, "min_max_equal_weight": {"max_delay": 0.025605213921009437, "running_time": 383.3158016204834}, "min_max_pulp": {"max_delay": 0.023891464174950923, "running_time": 676390.6257152557}}, "100": {"num_user": 300, "num_service": 41, "min_max_greedy": {"max_delay": 0.023723559446756064, "running_time": 3074.5301246643066}, "min_max_surrogate_relaxation": {"max_delay": 0.09098433715612989, "lower_bound": 0.016657770317238425, "running_time": 1916.5771007537842}, "min_max_equal_weight": {"max_delay": 0.025605213921009437, "running_time": 391.32237434387207}, "min_max_pulp": {"max_delay": 0.0230053280598841, "running_time": 793503.0014514923}}}