{"entropy": 89979617370041225901652324400002425416, "10": {"num_user": 200, "num_service": 255, "min_max_greedy": {"max_delay": 0.43720151043225736, "running_time": 44.0371036529541}, "min_max_equal_weight": {"max_delay": 0.43598097757052123, "running_time": 26.021480560302734}, "min_max_surrogate_relaxation": {"max_delay": 0.43820151043225736, "running_time": 474.3931293487549}, "min_max_pulp": {"max_delay": 0.4104586902504827, "running_time": 17019.101858139038}}, "20": {"num_user": 200, "num_service": 255, "min_max_greedy": {"max_delay": 0.43520151043225735, "running_time": 66.0548210144043}, "min_max_equal_weight": {"max_delay": 0.43598097757052123, "running_time": 29.02364730834961}, "min_max_surrogate_relaxation": {"max_delay": 0.43520151043225735, "running_time": 1143.9480781555176}, "min_max_pulp": {"max_delay": 0.38022212786089565, "running_time": 32777.158975601196}}, "30": {"num_user": 200, "num_service": 255, "min_max_greedy": {"max_delay": 0.31493989394736177, "running_time": 88.07253837585449}, "min_max_equal_weight": {"max_delay": 0.39032818673664943, "running_time": 32.026052474975586}, "min_max_surrogate_relaxation": {"max_delay": 0.4094586902504827, "running_time": 1243.0298328399658}, "min_max_pulp": {"max_delay": 0.2901970737655871, "running_time": 49010.611057281494}}, "40": {"num_user": 200, "num_service": 255, "min_max_greedy": {"max_delay": 0.2698422264239521, "running_time": 110.0914478302002}, "min_max_equal_weight": {"max_delay": 0.2700665702517539, "running_time": 36.02957725524902}, "min_max_surrogate_relaxation": {"max_delay": 0.38702716646750135, "running_time": 1778.4740924835205}, "min_max_pulp": {"max_delay": 0.2420994062421775, "running_time": 67952.30603218079}}, "50": {"num_user": 200, "num_service": 255, "min_max_greedy": {"max_delay": 0.2575467591492477, "running_time": 125.10371208190918}, "min_max_equal_weight": {"max_delay": 0.26509979899679303, "running_time": 40.03334045410156}, "min_max_surrogate_relaxation": {"max_delay": 0.3956470403768957, "running_time": 2554.1164875030518}, "min_max_pulp": {"max_delay": 0.2112903756627418, "running_time": 85542.88125038147}}, "60": {"num_user": 200, "num_service": 255, "min_max_greedy": {"max_delay": 0.2618301686323594, "running_time": 147.12190628051758}, "min_max_equal_weight": {"max_delay": 0.25499374012103926, "running_time": 44.0366268157959}, "min_max_surrogate_relaxation": {"max_delay": 0.38247672486233286, "running_time": 2190.815210342407}, "min_max_pulp": {"max_delay": 0.20445510775041192, "running_time": 145926.4271259308}}, "70": {"num_user": 200, "num_service": 255, "min_max_greedy": {"max_delay": 0.25321308520342567, "running_time": 163.13529014587402}, "min_max_equal_weight": {"max_delay": 0.25499374012103926, "running_time": 48.039913177490234}, "min_max_surrogate_relaxation": {"max_delay": 0.20611123492736402, "running_time": 3819.164752960205}, "min_max_pulp": {"max_delay": 0.20307644341727665, "running_time": 1922463.9828205109}}, "80": {"num_user": 200, "num_service": 255, "min_max_greedy": {"max_delay": 0.20682331586869468, "running_time": 184.15284156799316}, "min_max_equal_weight": {"max_delay": 0.2542469170697902, "running_time": 52.04367637634277}, "min_max_surrogate_relaxation": {"max_delay": 0.20500321833782092, "running_time": 5059.192180633545}, "min_max_pulp": {"max_delay": 0.16713414079833133, "running_time": 1945694.2410469055}}, "90": {"num_user": 200, "num_service": 255, "min_max_greedy": {"max_delay": 0.18745684397083742, "running_time": 212.1753692626953}, "min_max_equal_weight": {"max_delay": 0.201777560981542, "running_time": 56.046485900878906}, "min_max_surrogate_relaxation": {"max_delay": 0.25887470525088646, "running_time": 1204.9987316131592}, "min_max_pulp": {"max_delay": 0.14884393329733298, "running_time": 1968752.4211406708}}, "100": {"num_user": 200, "num_service": 255, "min_max_greedy": {"max_delay": 0.18065329552699216, "running_time": 244.2018985748291}, "min_max_equal_weight": {"max_delay": 0.15311732804504874, "running_time": 60.04977226257324}, "min_max_surrogate_relaxation": {"max_delay": 0.37422285055932003, "running_time": 906.7511558532715}, "min_max_pulp": {"max_delay": 0.124354671523177, "running_time": 1999150.0718593597}}}