{"entropy": 332143325124915923243077946465950276084, "10": {"num_user": 200, "num_service": 253, "min_max_greedy": {"max_delay": 0.9641087645938173, "running_time": 49.04055595397949}, "min_max_equal_weight": {"max_delay": 1.1133400196613041, "running_time": 28.023242950439453}, "min_max_surrogate_relaxation": {"max_delay": 1.1167374624862683, "running_time": 1400.1598358154297}, "min_max_pulp": {"max_delay": 0.9628724665350776, "running_time": 24118.986129760742}}, "20": {"num_user": 200, "num_service": 253, "min_max_greedy": {"max_delay": 0.9242283628148947, "running_time": 73.06027412414551}, "min_max_equal_weight": {"max_delay": 1.1133400196613041, "running_time": 28.023242950439453}, "min_max_surrogate_relaxation": {"max_delay": 1.1167374624862683, "running_time": 1297.074556350708}, "min_max_pulp": {"max_delay": 0.9122410245341432, "running_time": 49357.898473739624}}, "30": {"num_user": 200, "num_service": 253, "min_max_greedy": {"max_delay": 0.30622248359906756, "running_time": 89.07413482666016}, "min_max_equal_weight": {"max_delay": 0.9571859541502157, "running_time": 33.02717208862305}, "min_max_surrogate_relaxation": {"max_delay": 0.9255284557545382, "running_time": 1233.0214977264404}, "min_max_pulp": {"max_delay": 0.30622248359906756, "running_time": 75017.15993881226}}, "40": {"num_user": 200, "num_service": 253, "min_max_greedy": {"max_delay": 0.30076200329604513, "running_time": 105.0870418548584}, "min_max_equal_weight": {"max_delay": 0.2719169102675146, "running_time": 39.0324592590332}, "min_max_surrogate_relaxation": {"max_delay": 0.9255284557545382, "running_time": 1663.3789539337158}, "min_max_pulp": {"max_delay": 0.2717304818271227, "running_time": 105045.04132270813}}, "50": {"num_user": 200, "num_service": 253, "min_max_greedy": {"max_delay": 0.29606030905248665, "running_time": 118.09849739074707}, "min_max_equal_weight": {"max_delay": 0.2719169102675146, "running_time": 41.03446006774902}, "min_max_surrogate_relaxation": {"max_delay": 0.9401491550407324, "running_time": 3132.5955390930176}, "min_max_pulp": {"max_delay": 0.2614372279955393, "running_time": 141866.55235290527}}, "60": {"num_user": 200, "num_service": 253, "min_max_greedy": {"max_delay": 0.29188162678733637, "running_time": 152.12631225585938}, "min_max_equal_weight": {"max_delay": 0.2719169102675146, "running_time": 44.036149978637695}, "min_max_surrogate_relaxation": {"max_delay": 0.9290178193636254, "running_time": 2765.291690826416}, "min_max_pulp": {"max_delay": 0.25847980659423364, "running_time": 1952328.753709793}}, "70": {"num_user": 200, "num_service": 253, "min_max_greedy": {"max_delay": 0.29088162678733637, "running_time": 156.1293601989746}, "min_max_equal_weight": {"max_delay": 0.2719169102675146, "running_time": 46.037912368774414}, "min_max_surrogate_relaxation": {"max_delay": 0.291824010993747, "running_time": 4745.932579040527}, "min_max_pulp": {"max_delay": 0.25742409503404673, "running_time": 1989322.9727745056}}, "80": {"num_user": 200, "num_service": 253, "min_max_greedy": {"max_delay": 0.2884198390295986, "running_time": 162.13440895080566}, "min_max_equal_weight": {"max_delay": 0.2719169102675146, "running_time": 49.040794372558594}, "min_max_surrogate_relaxation": {"max_delay": 0.8933869425697668, "running_time": 895.7421779632568}, "min_max_pulp": {"max_delay": 0.25707273929716545, "running_time": 2021685.205936432}}, "90": {"num_user": 200, "num_service": 253, "min_max_greedy": {"max_delay": 0.2858529450100808, "running_time": 176.1457920074463}, "min_max_equal_weight": {"max_delay": 0.2610459639397068, "running_time": 51.04231834411621}, "min_max_surrogate_relaxation": {"max_delay": 0.9100766824654485, "running_time": 586.4856243133545}, "min_max_pulp": {"max_delay": 0.2546396333166832, "running_time": 2058213.546037674}}, "100": {"num_user": 200, "num_service": 253, "min_max_greedy": {"max_delay": 0.16208176443961825, "running_time": 193.159818649292}, "min_max_equal_weight": {"max_delay": 0.25822970410210166, "running_time": 54.04472351074219}, "min_max_surrogate_relaxation": {"max_delay": 0.9100380542841742, "running_time": 602.4990081787109}, "min_max_pulp": {"max_delay": 0.2515473716785278, "running_time": 2107872.7655410767}}}