{"entropy": 176072471128064711020480516532580247641, "10": {"num_user": 200, "num_service": 264, "min_max_greedy": {"max_delay": 0.11073022685904149, "running_time": 54.04472351074219}, "min_max_equal_weight": {"max_delay": 0.11489129370182716, "running_time": 33.026933670043945}, "min_max_surrogate_relaxation": {"max_delay": 0.12433878284382921, "running_time": 692.5737857818604}, "min_max_pulp": {"max_delay": 0.10905095503681059, "running_time": 26578.022718429565}}, "20": {"num_user": 200, "num_service": 264, "min_max_greedy": {"max_delay": 0.10904170758021763, "running_time": 77.06379890441895}, "min_max_equal_weight": {"max_delay": 0.10801898235880454, "running_time": 36.03005409240723}, "min_max_surrogate_relaxation": {"max_delay": 0.10406143058544574, "running_time": 967.8025245666504}, "min_max_pulp": {"max_delay": 0.0981234394132641, "running_time": 61067.60120391846}}, "30": {"num_user": 200, "num_service": 264, "min_max_greedy": {"max_delay": 0.10779038344648603, "running_time": 93.07670593261719}, "min_max_equal_weight": {"max_delay": 0.09898128128930335, "running_time": 41.034698486328125}, "min_max_surrogate_relaxation": {"max_delay": 0.10071280411987257, "running_time": 1081.8965435028076}, "min_max_pulp": {"max_delay": 0.09439670472280709, "running_time": 357879.54688072205}}, "40": {"num_user": 200, "num_service": 264, "min_max_greedy": {"max_delay": 0.10411992880092545, "running_time": 138.11445236206055}, "min_max_equal_weight": {"max_delay": 0.09898128128930335, "running_time": 49.0412712097168}, "min_max_surrogate_relaxation": {"max_delay": 0.10136429144835411, "running_time": 2170.7987785339355}, "min_max_pulp": {"max_delay": 0.09245639402067776, "running_time": 1892103.8210391998}}, "50": {"num_user": 200, "num_service": 264, "min_max_greedy": {"max_delay": 0.09957701484465928, "running_time": 161.1330509185791}, "min_max_equal_weight": {"max_delay": 0.09782910004670142, "running_time": 48.03943634033203}, "min_max_surrogate_relaxation": {"max_delay": 0.09648970311798681, "running_time": 2129.7645568847656}, "min_max_pulp": {"max_delay": 0.09028293121088236, "running_time": 1923276.6807079315}}, "60": {"num_user": 200, "num_service": 264, "min_max_greedy": {"max_delay": 0.09665318142949843, "running_time": 207.17144012451172}, "min_max_equal_weight": {"max_delay": 0.09776034621646917, "running_time": 58.04800987243652}, "min_max_surrogate_relaxation": {"max_delay": 0.10504720549065036, "running_time": 3438.849449157715}, "min_max_pulp": {"max_delay": 0.08960110071156581, "running_time": 1964237.1866703033}}, "70": {"num_user": 200, "num_service": 264, "min_max_greedy": {"max_delay": 0.09583203416883136, "running_time": 214.17808532714844}, "min_max_equal_weight": {"max_delay": 0.09712310164082302, "running_time": 61.0506534576416}, "min_max_surrogate_relaxation": {"max_delay": 0.1049892364713513, "running_time": 5159.275054931641}, "min_max_pulp": {"max_delay": 0.0884394822058524, "running_time": 1998425.933122635}}, "80": {"num_user": 200, "num_service": 264, "min_max_greedy": {"max_delay": 0.09401798547765047, "running_time": 236.19556427001953}, "min_max_equal_weight": {"max_delay": 0.09712310164082302, "running_time": 66.0548210144043}, "min_max_surrogate_relaxation": {"max_delay": 0.10614161079593608, "running_time": 420.3484058380127}, "min_max_pulp": {"max_delay": 0.08608198875288968, "running_time": 2034261.6999149323}}, "90": {"num_user": 200, "num_service": 264, "min_max_greedy": {"max_delay": 0.09150280072681873, "running_time": 269.2227363586426}, "min_max_equal_weight": {"max_delay": 0.09712310164082302, "running_time": 70.05834579467773}, "min_max_surrogate_relaxation": {"max_delay": 0.10614835553113983, "running_time": 436.36178970336914}, "min_max_pulp": {"max_delay": 0.08523740632726425, "running_time": 2081424.8497486115}}, "100": {"num_user": 200, "num_service": 264, "min_max_greedy": {"max_delay": 0.09293604266164569, "running_time": 285.2363586425781}, "min_max_equal_weight": {"max_delay": 0.09712310164082302, "running_time": 75.06227493286133}, "min_max_surrogate_relaxation": {"max_delay": 0.10614161079593608, "running_time": 454.3766975402832}, "min_max_pulp": {"max_delay": 0.08375988352324393, "running_time": 2140685.3201389313}}}