{"10": {"min_max_greedy": {"max delay": [0.7379706157262544], "running time": [729.602575302124]}, "min_max_pulp": {"max delay": [0.7379706157262544], "running time": [49962.25309371948]}}, "20": {"min_max_greedy": {"max delay": [0.7293888854918237], "running time": [1395.1516151428223]}, "min_max_pulp": {"max delay": [0.7283085667079805], "running time": [99274.95908737183]}}, "30": {"min_max_greedy": {"max delay": [0.7253376142304442], "running time": [1687.3931884765625]}, "min_max_pulp": {"max delay": [0.7241110231817524], "running time": [155195.12510299683]}}, "40": {"min_max_greedy": {"max delay": [0.7210992030619785], "running time": [2399.9810218811035]}, "min_max_pulp": {"max delay": [0.7208007951701937], "running time": [218481.90093040466]}}, "50": {"min_max_greedy": {"max delay": [0.7201355719504337], "running time": [2889.385461807251]}, "min_max_pulp": {"max delay": [0.7195787625527528], "running time": [287163.8662815094]}}, "60": {"min_max_greedy": {"max delay": [0.7196714792512094], "running time": [3228.665828704834]}, "min_max_pulp": {"max delay": [0.7187696630128594], "running time": [367285.91442108154]}}, "70": {"min_max_greedy": {"max delay": [0.7379706157262544], "running time": [841.6938781738281]}, "min_max_pulp": {"max delay": [0.71795598154629], "running time": [452921.4518070221]}}, "80": {"min_max_greedy": {"max delay": [0.7293888854918237], "running time": [1436.185598373413]}, "min_max_pulp": {"max delay": [0.7172389484156793], "running time": [538026.3750553131]}}, "90": {"min_max_greedy": {"max delay": [0.7238767296535085], "running time": [2155.7798385620117]}, "min_max_pulp": {"max delay": [0.7166420621491092], "running time": [647277.0807743073]}}, "100": {"min_max_greedy": {"max delay": [0.720635506980149], "running time": [2411.9908809661865]}, "min_max_pulp": {"max delay": [0.7162737525511474], "running time": [749236.0370159149]}}}