{"10": {"min_max_greedy": {"max delay": [0.05741417953970644], "running time": [929.767370223999]}, "min_max_pulp": {"max delay": [0.05721385991300497], "running time": [50150.453329086304]}}, "20": {"min_max_greedy": {"max delay": [0.043858785513065], "running time": [1173.9695072174072]}, "min_max_pulp": {"max delay": [0.043289526429322454], "running time": [97434.43942070007]}}, "30": {"min_max_greedy": {"max delay": [0.03776275828220666], "running time": [1545.2756881713867]}, "min_max_pulp": {"max delay": [0.03720420033651917], "running time": [151957.60941505432]}}, "40": {"min_max_greedy": {"max delay": [0.03528249376284642], "running time": [2157.7816009521484]}, "min_max_pulp": {"max delay": [0.03446361750910127], "running time": [214842.19408035278]}}, "50": {"min_max_greedy": {"max delay": [0.033379510813382106], "running time": [2820.3282356262207]}, "min_max_pulp": {"max delay": [0.03305682816661347], "running time": [281133.0964565277]}}, "60": {"min_max_greedy": {"max delay": [0.03247548170099379], "running time": [3297.722339630127]}, "min_max_pulp": {"max delay": [0.032006322054568576], "running time": [359582.86237716675]}}, "70": {"min_max_greedy": {"max delay": [0.03152892805916584], "running time": [3456.8538665771484]}, "min_max_pulp": {"max delay": [0.0311315820938654], "running time": [455384.3140602112]}}, "80": {"min_max_greedy": {"max delay": [0.030596287159362377], "running time": [3993.2961463928223]}, "min_max_pulp": {"max delay": [0.030385099552935856], "running time": [548561.9220733643]}}, "90": {"min_max_greedy": {"max delay": [0.02995386000107944], "running time": [4656.8443775177]}, "min_max_pulp": {"max delay": [0.026246862800295152], "running time": [636745.9728717804]}}, "100": {"min_max_greedy": {"max delay": [0.02955616422030037], "running time": [5288.373708724976]}, "min_max_pulp": {"max delay": [0.021258051722434723], "running time": [743085.8719348907]}}}