{"10": {"min_max_greedy": {"max delay": [0.03282716911443981], "running time": [900.7434844970703]}, "min_max_pulp": {"max delay": [0.031741474972284876], "running time": [31686.182737350464]}}, "20": {"min_max_greedy": {"max delay": [0.03022926815383052], "running time": [1452.2080421447754]}, "min_max_pulp": {"max delay": [0.026088409572056607], "running time": [58232.11073875427]}}, "30": {"min_max_greedy": {"max delay": [0.02326026694533789], "running time": [1693.3977603912354]}, "min_max_pulp": {"max delay": [0.021122473271925714], "running time": [87839.13469314575]}}, "40": {"min_max_greedy": {"max delay": [0.02063261607070369], "running time": [1815.4988288879395]}, "min_max_pulp": {"max delay": [0.01761932653773236], "running time": [119463.71054649353]}}, "50": {"min_max_greedy": {"max delay": [0.017451511124812188], "running time": [2163.7861728668213]}, "min_max_pulp": {"max delay": [0.015455047032098893], "running time": [152870.14722824097]}}, "60": {"min_max_greedy": {"max delay": [0.01414604483748728], "running time": [2821.329116821289]}, "min_max_pulp": {"max delay": [0.013147986778665521], "running time": [195875.36787986755]}}, "70": {"min_max_greedy": {"max delay": [0.012461178643840097], "running time": [3256.6888332366943]}, "min_max_pulp": {"max delay": [0.012045722530816818], "running time": [232506.06775283813]}}, "80": {"min_max_greedy": {"max delay": [0.011428144491064407], "running time": [3599.9724864959717]}, "min_max_pulp": {"max delay": [0.011428144491064407], "running time": [275497.2372055054]}}, "90": {"min_max_greedy": {"max delay": [0.010556734978067408], "running time": [4098.390579223633]}, "min_max_pulp": {"max delay": [0.010141716929292234], "running time": [320493.34359169006]}}, "100": {"min_max_greedy": {"max delay": [0.010369570880151426], "running time": [4926.071882247925]}, "min_max_pulp": {"max delay": [0.009745810312352826], "running time": [370622.68447875977]}}}