{"entropy": 262298670066874306007488582621638581493, "10": {"num_user": 300, "num_service": 359, "min_max_greedy": {"max_delay": 0.08281335296586685, "running_time": 77.06356048583984}, "min_max_equal_weight": {"max_delay": 0.08639829508602037, "running_time": 44.036865234375}, "min_max_surrogate_relaxation": {"max_delay": 0.08234137896756255, "running_time": 716.5942192077637}, "min_max_pulp": {"max_delay": 0.08210408518481686, "running_time": 63391.52717590332}}, "20": {"num_user": 300, "num_service": 359, "min_max_greedy": {"max_delay": 0.07862950120415872, "running_time": 163.13505172729492}, "min_max_equal_weight": {"max_delay": 0.08210408518481686, "running_time": 52.04319953918457}, "min_max_surrogate_relaxation": {"max_delay": 0.08212823006901297, "running_time": 1266.0491466522217}, "min_max_pulp": {"max_delay": 0.07792004999172274, "running_time": 125458.9569568634}}, "30": {"num_user": 300, "num_service": 359, "min_max_greedy": {"max_delay": 0.07721912964678056, "running_time": 254.2109489440918}, "min_max_equal_weight": {"max_delay": 0.08199418945361148, "running_time": 66.0545825958252}, "min_max_surrogate_relaxation": {"max_delay": 0.07734147700260377, "running_time": 3571.9597339630127}, "min_max_pulp": {"max_delay": 0.07572937940256665, "running_time": 266766.04533195496}}, "40": {"num_user": 300, "num_service": 359, "min_max_greedy": {"max_delay": 0.07685948406702718, "running_time": 333.27555656433105}, "min_max_equal_weight": {"max_delay": 0.08193525484167324, "running_time": 83.0690860748291}, "min_max_surrogate_relaxation": {"max_delay": 0.08105347479461635, "running_time": 738.6119365692139}, "min_max_pulp": {"max_delay": 0.07443013676520287, "running_time": 1914111.6514205933}}, "50": {"num_user": 300, "num_service": 359, "min_max_greedy": {"max_delay": 0.0759237834971881, "running_time": 360.29863357543945}, "min_max_equal_weight": {"max_delay": 0.07981161989637714, "running_time": 90.07382392883301}, "min_max_surrogate_relaxation": {"max_delay": 0.08099454018267811, "running_time": 784.6503257751465}, "min_max_pulp": {"max_delay": 0.07358093873365668, "running_time": 2049918.600320816}}, "60": {"num_user": 300, "num_service": 359, "min_max_greedy": {"max_delay": 0.0752012119096682, "running_time": 347.2874164581299}, "min_max_equal_weight": {"max_delay": 0.07899798285467825, "running_time": 99.08223152160645}, "min_max_surrogate_relaxation": {"max_delay": 0.07750403239226618, "running_time": 3499.9001026153564}, "min_max_pulp": {"max_delay": 0.07334354691586978, "running_time": 2115314.936876297}}, "70": {"num_user": 300, "num_service": 359, "min_max_greedy": {"max_delay": 0.07464483849519911, "running_time": 390.3231620788574}, "min_max_equal_weight": {"max_delay": 0.07828527957106475, "running_time": 106.08744621276855}, "min_max_surrogate_relaxation": {"max_delay": 0.08096044707817933, "running_time": 769.6380615234375}, "min_max_pulp": {"max_delay": 0.07311042019704987, "running_time": 2195012.894153595}}, "80": {"num_user": 300, "num_service": 359, "min_max_greedy": {"max_delay": 0.07385880824640802, "running_time": 432.3580265045166}, "min_max_equal_weight": {"max_delay": 0.07828527957106475, "running_time": 114.09449577331543}, "min_max_surrogate_relaxation": {"max_delay": 0.08092719384877266, "running_time": 795.6595420837402}, "min_max_pulp": {"max_delay": 0.0724895998411977, "running_time": 2272387.4492645264}}, "90": {"num_user": 300, "num_service": 359, "min_max_greedy": {"max_delay": 0.07322720724286623, "running_time": 534.4431400299072}, "min_max_equal_weight": {"max_delay": 0.07828527957106475, "running_time": 125.10395050048828}, "min_max_surrogate_relaxation": {"max_delay": 0.08092719384877266, "running_time": 897.7434635162354}, "min_max_pulp": {"max_delay": 0.07192634379520632, "running_time": 2373223.01030159}}, "100": {"num_user": 300, "num_service": 359, "min_max_greedy": {"max_delay": 0.07241357020116734, "running_time": 493.4086799621582}, "min_max_equal_weight": {"max_delay": 0.07826471535219605, "running_time": 127.1052360534668}, "min_max_surrogate_relaxation": {"max_delay": 0.08091432534401459, "running_time": 839.695930480957}, "min_max_pulp": {"max_delay": 0.07136649356410207, "running_time": 2458754.6825408936}}}