{"entropy": 323970086626023982324546569940638223910, "10": {"num_user": 300, "num_service": 364, "min_max_greedy": {"max_delay": 0.13875864625840412, "running_time": 66.0545825958252}, "min_max_equal_weight": {"max_delay": 0.13073268798336043, "running_time": 34.028053283691406}, "min_max_surrogate_relaxation": {"max_delay": 0.13936046278628217, "running_time": 2019.6728706359863}, "min_max_pulp": {"max_delay": 0.12893950925332387, "running_time": 44852.18024253845}}, "20": {"num_user": 300, "num_service": 364, "min_max_greedy": {"max_delay": 0.13836046278628217, "running_time": 109.09032821655273}, "min_max_equal_weight": {"max_delay": 0.12995402163549272, "running_time": 42.03510284423828}, "min_max_surrogate_relaxation": {"max_delay": 0.12911635907331354, "running_time": 1708.4155082702637}, "min_max_pulp": {"max_delay": 0.12725084943109521, "running_time": 119854.31265830994}}, "30": {"num_user": 300, "num_service": 364, "min_max_greedy": {"max_delay": 0.13646821807106185, "running_time": 133.11004638671875}, "min_max_equal_weight": {"max_delay": 0.12995402163549272, "running_time": 55.04560470581055}, "min_max_surrogate_relaxation": {"max_delay": 0.1296908629830476, "running_time": 2165.794610977173}, "min_max_pulp": {"max_delay": 0.12469693669667013, "running_time": 302503.65829467773}}, "40": {"num_user": 300, "num_service": 364, "min_max_greedy": {"max_delay": 0.1347586462584041, "running_time": 176.1462688446045}, "min_max_equal_weight": {"max_delay": 0.12995402163549272, "running_time": 57.04665184020996}, "min_max_surrogate_relaxation": {"max_delay": 0.1289121966351799, "running_time": 2525.092363357544}, "min_max_pulp": {"max_delay": 0.12284342017132735, "running_time": 1940845.2937602997}}, "50": {"num_user": 300, "num_service": 364, "min_max_greedy": {"max_delay": 0.13039753834760112, "running_time": 224.18618202209473}, "min_max_equal_weight": {"max_delay": 0.12995402163549272, "running_time": 65.05370140075684}, "min_max_surrogate_relaxation": {"max_delay": 0.12325255565773668, "running_time": 3193.6464309692383}, "min_max_pulp": {"max_delay": 0.12106153704573905, "running_time": 1984885.8571052551}}, "60": {"num_user": 300, "num_service": 364, "min_max_greedy": {"max_delay": 0.11311111917327457, "running_time": 247.20478057861328}, "min_max_equal_weight": {"max_delay": 0.12995402163549272, "running_time": 73.06098937988281}, "min_max_surrogate_relaxation": {"max_delay": 0.12793950925332387, "running_time": 5015.155076980591}, "min_max_pulp": {"max_delay": 0.11311111917327457, "running_time": 676459.5279693604}}, "70": {"num_user": 300, "num_service": 364, "min_max_greedy": {"max_delay": 0.11011111917327457, "running_time": 286.2367630004883}, "min_max_equal_weight": {"max_delay": 0.12995402163549272, "running_time": 76.06339454650879}, "min_max_surrogate_relaxation": {"max_delay": 0.12038704601551839, "running_time": 3571.959972381592}, "min_max_pulp": {"max_delay": 0.10017705848712428, "running_time": 509608.2708835602}}, "80": {"num_user": 300, "num_service": 364, "min_max_greedy": {"max_delay": 0.10781934567221489, "running_time": 358.29687118530273}, "min_max_equal_weight": {"max_delay": 0.12995402163549272, "running_time": 90.07501602172852}, "min_max_surrogate_relaxation": {"max_delay": 0.10163158186770906, "running_time": 5397.472143173218}, "min_max_pulp": {"max_delay": 0.0966562952438353, "running_time": 2157164.9692058563}}, "90": {"num_user": 300, "num_service": 364, "min_max_greedy": {"max_delay": 0.10608380655513061, "running_time": 349.2891788482666}, "min_max_equal_weight": {"max_delay": 0.09846621490676022, "running_time": 91.07494354248047}, "min_max_surrogate_relaxation": {"max_delay": 0.10136768861164464, "running_time": 5364.445209503174}, "min_max_pulp": {"max_delay": 0.09481904512336041, "running_time": 2207692.849636078}}, "100": {"num_user": 300, "num_service": 364, "min_max_greedy": {"max_delay": 0.10450930264539654, "running_time": 388.3216381072998}, "min_max_equal_weight": {"max_delay": 0.09846621490676022, "running_time": 107.08832740783691}, "min_max_surrogate_relaxation": {"max_delay": 0.12714092035428015, "running_time": 364.3019199371338}, "min_max_pulp": {"max_delay": 0.09353083158008994, "running_time": 2265522.5641727448}}}