{"entropy": 59013018891172318260198138368429608421, "10": {"num_user": 200, "num_service": 41, "min_max_greedy": {"max_delay": 0.1556379118295891, "running_time": 225.18563270568848}, "min_max_surrogate_relaxation": {"max_delay": 0.1556379118295891, "lower_bound": 0.11042650735712484, "running_time": 2194.8060989379883}, "min_max_equal_weight": {"max_delay": 0.1556379118295891, "running_time": 152.12512016296387}, "min_max_pulp": {"max_delay": 0.1556379118295891, "running_time": 16697.741270065308}}, "20": {"num_user": 200, "num_service": 41, "min_max_greedy": {"max_delay": 0.091073027546346, "running_time": 323.26626777648926}, "min_max_surrogate_relaxation": {"max_delay": 0.08391232978773601, "lower_bound": 0.06806250963072644, "running_time": 3058.5169792175293}, "min_max_equal_weight": {"max_delay": 0.11300626887069609, "running_time": 151.1240005493164}, "min_max_pulp": {"max_delay": 0.08391232978773601, "running_time": 33270.379304885864}}, "30": {"num_user": 200, "num_service": 41, "min_max_greedy": {"max_delay": 0.07010206925285999, "running_time": 414.3412113189697}, "min_max_surrogate_relaxation": {"max_delay": 0.07010206925285999, "lower_bound": 0.058984751123319676, "running_time": 4827.972888946533}, "min_max_equal_weight": {"max_delay": 0.07510035691075471, "running_time": 157.12928771972656}, "min_max_pulp": {"max_delay": 0.07010206925285999, "running_time": 52693.363428115845}}, "40": {"num_user": 200, "num_service": 41, "min_max_greedy": {"max_delay": 0.062042736597681704, "running_time": 543.4472560882568}, "min_max_surrogate_relaxation": {"max_delay": 0.0623139264393725, "lower_bound": 0.05237506057936707, "running_time": 4996.111631393433}, "min_max_equal_weight": {"max_delay": 0.07461838595276739, "running_time": 157.12928771972656}, "min_max_pulp": {"max_delay": 0.062042736597681704, "running_time": 75458.09698104858}}, "50": {"num_user": 200, "num_service": 41, "min_max_greedy": {"max_delay": 0.05743364952410304, "running_time": 700.5763053894043}, "min_max_surrogate_relaxation": {"max_delay": 0.05852801180559952, "lower_bound": 0.0482733545025513, "running_time": 6673.491716384888}, "min_max_equal_weight": {"max_delay": 0.062326252056289784, "running_time": 159.13105010986328}, "min_max_pulp": {"max_delay": 0.05612731926606033, "running_time": 97747.44081497192}}, "60": {"num_user": 200, "num_service": 41, "min_max_greedy": {"max_delay": 0.052849270006762275, "running_time": 771.6350555419922}, "min_max_surrogate_relaxation": {"max_delay": 0.05221824992490795, "lower_bound": 0.04591681959006091, "running_time": 6511.3584995269775}, "min_max_equal_weight": {"max_delay": 0.062326252056289784, "running_time": 161.1328125}, "min_max_pulp": {"max_delay": 0.05152428527103612, "running_time": 124910.79354286194}}, "70": {"num_user": 200, "num_service": 41, "min_max_greedy": {"max_delay": 0.05022135655738422, "running_time": 857.7055931091309}, "min_max_surrogate_relaxation": {"max_delay": 0.05067162626859998, "lower_bound": 0.04413316476317709, "running_time": 5602.6105880737305}, "min_max_equal_weight": {"max_delay": 0.062326252056289784, "running_time": 158.13016891479492}, "min_max_pulp": {"max_delay": 0.04889895927246526, "running_time": 156104.4638156891}}, "80": {"num_user": 200, "num_service": 41, "min_max_greedy": {"max_delay": 0.046883933541242775, "running_time": 994.8184490203857}, "min_max_surrogate_relaxation": {"max_delay": 0.04841440086367073, "lower_bound": 0.04355050872424168, "running_time": 8825.262784957886}, "min_max_equal_weight": {"max_delay": 0.062326252056289784, "running_time": 162.13536262512207}, "min_max_pulp": {"max_delay": 0.04654173239971539, "running_time": 186825.74486732483}}, "90": {"num_user": 200, "num_service": 41, "min_max_greedy": {"max_delay": 0.044350099360496734, "running_time": 1148.9455699920654}, "min_max_surrogate_relaxation": {"max_delay": 0.05511119397860785, "lower_bound": 0.040323893867052436, "running_time": 3141.5855884552}, "min_max_equal_weight": {"max_delay": 0.05371241085484137, "running_time": 163.13433647155762}, "min_max_pulp": {"max_delay": 0.044350099360496734, "running_time": 222072.75128364563}}, "100": {"num_user": 200, "num_service": 41, "min_max_greedy": {"max_delay": 0.043693535940762813, "running_time": 1244.0237998962402}, "min_max_surrogate_relaxation": {"max_delay": 0.04371849154282432, "lower_bound": 0.04208776378357458, "running_time": 17246.192693710327}, "min_max_equal_weight": {"max_delay": 0.050804965994765895, "running_time": 166.1367416381836}, "min_max_pulp": {"max_delay": 0.04350923187613464, "running_time": 266520.3289985657}}}