{"entropy": 99543963043813518200214590136483987314, "10": {"num_user": 200, "num_service": 41, "min_max_greedy": {"max_delay": 0.17827099455016934, "running_time": 165.13586044311523}, "min_max_surrogate_relaxation": {"max_delay": 0.17827099455016934, "lower_bound": 0.1684912245018894, "running_time": 2185.7988834381104}, "min_max_equal_weight": {"max_delay": 0.17827099455016934, "running_time": 149.1224765777588}, "min_max_pulp": {"max_delay": 0.17827099455016934, "running_time": 11930.81784248352}}, "20": {"num_user": 200, "num_service": 41, "min_max_greedy": {"max_delay": 0.16406893632914152, "running_time": 254.2092800140381}, "min_max_surrogate_relaxation": {"max_delay": 0.16310569576169523, "lower_bound": 0.15532324909573972, "running_time": 2223.830223083496}, "min_max_equal_weight": {"max_delay": 0.16573259578562335, "running_time": 152.12512016296387}, "min_max_pulp": {"max_delay": 0.16310569576169523, "running_time": 22275.331258773804}}, "30": {"num_user": 200, "num_service": 41, "min_max_greedy": {"max_delay": 0.16144203630521342, "running_time": 222.1829891204834}, "min_max_surrogate_relaxation": {"max_delay": 0.15823305494466203, "lower_bound": 0.145535765856592, "running_time": 1486.222743988037}, "min_max_equal_weight": {"max_delay": 0.17827099455016934, "running_time": 151.09872817993164}, "min_max_pulp": {"max_delay": 0.15746478643694362, "running_time": 34486.379861831665}}, "40": {"num_user": 200, "num_service": 41, "min_max_greedy": {"max_delay": 0.15887536670424765, "running_time": 321.26426696777344}, "min_max_surrogate_relaxation": {"max_delay": 0.16833025465217547, "lower_bound": 0.09513484415866574, "running_time": 1458.1997394561768}, "min_max_equal_weight": {"max_delay": 0.16406893632914152, "running_time": 154.1271209716797}, "min_max_pulp": {"max_delay": 0.15433378109661264, "running_time": 49708.90712738037}}, "50": {"num_user": 200, "num_service": 41, "min_max_greedy": {"max_delay": 0.157542762457164, "running_time": 451.3716697692871}, "min_max_surrogate_relaxation": {"max_delay": 0.15746804235015194, "lower_bound": 0.0768953949394277, "running_time": 1115.9181594848633}, "min_max_equal_weight": {"max_delay": 0.16330392373463143, "running_time": 156.1281681060791}, "min_max_pulp": {"max_delay": 0.15224053721330866, "running_time": 63876.56617164612}}, "60": {"num_user": 200, "num_service": 41, "min_max_greedy": {"max_delay": 0.15369528766393303, "running_time": 545.4490184783936}, "min_max_surrogate_relaxation": {"max_delay": 0.10086338069851525, "lower_bound": 0.0532812907876501, "running_time": 1513.2451057434082}, "min_max_equal_weight": {"max_delay": 0.15746804235015194, "running_time": 158.13016891479492}, "min_max_pulp": {"max_delay": 0.10086338069851525, "running_time": 77888.0968093872}}, "70": {"num_user": 200, "num_service": 41, "min_max_greedy": {"max_delay": 0.08798967241129395, "running_time": 287.23645210266113}, "min_max_surrogate_relaxation": {"max_delay": 0.11171689356785054, "lower_bound": 0.0653354648427197, "running_time": 2800.304412841797}, "min_max_equal_weight": {"max_delay": 0.09331675103136194, "running_time": 154.1271209716797}, "min_max_pulp": {"max_delay": 0.08748086964688245, "running_time": 94183.5069656372}}, "80": {"num_user": 200, "num_service": 41, "min_max_greedy": {"max_delay": 0.08222369531955323, "running_time": 414.3409729003906}, "min_max_surrogate_relaxation": {"max_delay": 0.09255173843685185, "lower_bound": 0.013902696818602966, "running_time": 1129.929780960083}, "min_max_equal_weight": {"max_delay": 0.08798967241129395, "running_time": 155.12704849243164}, "min_max_pulp": {"max_delay": 0.07969159304361596, "running_time": 111183.49719047546}}, "90": {"num_user": 200, "num_service": 41, "min_max_greedy": {"max_delay": 0.07765803492234961, "running_time": 516.4246559143066}, "min_max_surrogate_relaxation": {"max_delay": 0.08075028499962475, "lower_bound": 0.05988943634997407, "running_time": 1576.2968063354492}, "min_max_equal_weight": {"max_delay": 0.08138877843230437, "running_time": 158.13016891479492}, "min_max_pulp": {"max_delay": 0.07689302232783952, "running_time": 131294.04640197754}}, "100": {"num_user": 200, "num_service": 41, "min_max_greedy": {"max_delay": 0.07641906765775199, "running_time": 612.5037670135498}, "min_max_surrogate_relaxation": {"max_delay": 0.08042418199290276, "lower_bound": 0.053248413113270554, "running_time": 1985.6340885162354}, "min_max_equal_weight": {"max_delay": 0.08138877843230437, "running_time": 162.13321685791016}, "min_max_pulp": {"max_delay": 0.07521683144880772, "running_time": 154961.52353286743}}}