{"entropy": 177911844207032117395612687302878020053, "10": {"num_user": 300, "num_service": 41, "min_max_greedy": {"max_delay": 0.0698006930198871, "running_time": 40.03286361694336}, "min_max_equal_weight": {"max_delay": 0.07130014675717296, "running_time": 349.287748336792}, "min_max_surrogate_relaxation": {"max_delay": 0.0675177952179831, "lower_bound": 0.044095992224878255, "running_time": 308.2542419433594, "none_zero_ratio": 0.0044444444444444444, "max_weight": 0.75, "min_weight": 0.010986328125}, "min_max_pulp": {"max_delay": 0.06742191035697759, "running_time": 93307.95121192932}}, "20": {"num_user": 300, "num_service": 41, "min_max_greedy": {"max_delay": 0.059523328338347656, "running_time": 51.04207992553711}, "min_max_equal_weight": {"max_delay": 0.05960891443597097, "running_time": 377.31099128723145}, "min_max_surrogate_relaxation": {"max_delay": 0.05960891443597097, "lower_bound": 0.03612184193431155, "running_time": 455.37567138671875, "none_zero_ratio": 0.005555555555555556, "max_weight": 0.62890625, "min_weight": 0.028598785400390625}, "min_max_pulp": {"max_delay": 0.05931469904224587, "running_time": 187082.28635787964}}, "30": {"num_user": 300, "num_service": 41, "min_max_greedy": {"max_delay": 0.04283833395637415, "running_time": 77.06379890441895}, "min_max_equal_weight": {"max_delay": 0.041552922560004875, "running_time": 319.263219833374}, "min_max_surrogate_relaxation": {"max_delay": 0.041552922560004875, "lower_bound": 0.034590522221658586, "running_time": 1517.2512531280518, "none_zero_ratio": 0.0077777777777777776, "max_weight": 0.41015625, "min_weight": 0.03558667376637459}, "min_max_pulp": {"max_delay": 0.041552922560004875, "running_time": 297549.3874549866}}, "40": {"num_user": 300, "num_service": 41, "min_max_greedy": {"max_delay": 0.03716224041254694, "running_time": 94.07758712768555}, "min_max_equal_weight": {"max_delay": 0.03774808387532749, "running_time": 359.2963218688965}, "min_max_surrogate_relaxation": {"max_delay": 0.03601109694601955, "lower_bound": 0.03245082198422647, "running_time": 1636.3492012023926, "none_zero_ratio": 0.012222222222222223, "max_weight": 0.2076416015625, "min_weight": 0.017157360232555874}, "min_max_pulp": {"max_delay": 0.03601109694601955, "running_time": 418422.0712184906}}, "50": {"num_user": 300, "num_service": 41, "min_max_greedy": {"max_delay": 0.034655944199148074, "running_time": 115.09490013122559}, "min_max_equal_weight": {"max_delay": 0.036536595812905866, "running_time": 370.30529975891113}, "min_max_surrogate_relaxation": {"max_delay": 0.03473895132374069, "lower_bound": 0.031208794187407046, "running_time": 4171.440124511719, "none_zero_ratio": 0.008888888888888889, "max_weight": 0.21659749746322632, "min_weight": 0.03191478521330282}, "min_max_pulp": {"max_delay": 0.034413189845995146, "running_time": 575893.9368724823}}, "60": {"num_user": 300, "num_service": 41, "min_max_greedy": {"max_delay": 0.03219932013808144, "running_time": 140.11502265930176}, "min_max_equal_weight": {"max_delay": 0.03460664874276511, "running_time": 351.2895107269287}, "min_max_surrogate_relaxation": {"max_delay": 0.03278352875903742, "lower_bound": 0.030328122392413382, "running_time": 3284.7092151641846, "none_zero_ratio": 0.014444444444444444, "max_weight": 0.1577261984348297, "min_weight": 0.014388864565731341}, "min_max_pulp": {"max_delay": 0.03214854512976019, "running_time": 741227.2865772247}}, "70": {"num_user": 300, "num_service": 41, "min_max_greedy": {"max_delay": 0.031331919249955875, "running_time": 144.1187858581543}, "min_max_equal_weight": {"max_delay": 0.0321152101574998, "running_time": 393.3243751525879}, "min_max_surrogate_relaxation": {"max_delay": 0.031181143008275014, "lower_bound": 0.029538029161684683, "running_time": 6923.709869384766, "none_zero_ratio": 0.022222222222222223, "max_weight": 0.10543901937666633, "min_weight": 0.011522329092201817}, "min_max_pulp": {"max_delay": 0.03108589645662473, "running_time": 895557.562828064}}, "80": {"num_user": 300, "num_service": 41, "min_max_greedy": {"max_delay": 0.031056940912341905, "running_time": 164.13474082946777}, "min_max_equal_weight": {"max_delay": 0.031942638713516214, "running_time": 432.3570728302002}, "min_max_surrogate_relaxation": {"max_delay": 0.030097583829812667, "lower_bound": 0.028854776479134533, "running_time": 6171.08941078186, "none_zero_ratio": 0.016666666666666666, "max_weight": 0.11307640767360834, "min_weight": 0.02765807705922829}, "min_max_pulp": {"max_delay": 0.030021397586616982, "running_time": 1048464.7214412689}}, "90": {"num_user": 300, "num_service": 41, "min_max_greedy": {"max_delay": 0.02942331890498786, "running_time": 156.1286449432373}, "min_max_equal_weight": {"max_delay": 0.029967018137046778, "running_time": 327.2697925567627}, "min_max_surrogate_relaxation": {"max_delay": 0.029944049463258206, "lower_bound": 0.028298333598105723, "running_time": 2661.1948013305664, "none_zero_ratio": 0.013333333333333334, "max_weight": 0.25, "min_weight": 0.024240030396690093}, "min_max_pulp": {"max_delay": 0.02922642150934439, "running_time": 1127806.7111968994}}, "100": {"num_user": 300, "num_service": 41, "min_max_greedy": {"max_delay": 0.02909736716851742, "running_time": 188.1546974182129}, "min_max_equal_weight": {"max_delay": 0.02936394596369382, "running_time": 329.2720317840576}, "min_max_surrogate_relaxation": {"max_delay": 0.028880984013685145, "lower_bound": 0.028033358057531647, "running_time": 3719.067096710205, "none_zero_ratio": 0.014444444444444444, "max_weight": 0.1526382565498352, "min_weight": 0.015669785152066247}, "min_max_pulp": {"max_delay": 0.028860606550999795, "running_time": 1312095.0798988342}}}