{"entropy": 257027550399013388746683837682732301112, "10": {"num_user": 300, "num_service": 41, "min_max_greedy": {"max_delay": 0.039656952722021827, "running_time": 26.021480560302734}, "min_max_equal_weight": {"max_delay": 0.04747007529689744, "running_time": 384.31692123413086}, "min_max_surrogate_relaxation": {"max_delay": 0.03346103199589583, "lower_bound": 0.03131986582629766, "running_time": 212.1744155883789, "none_zero_ratio": 0.0044444444444444444, "max_weight": 0.3515625, "min_weight": 0.087158203125}, "min_max_pulp": {"max_delay": 0.03346103199589583, "running_time": 56420.52984237671}}, "20": {"num_user": 300, "num_service": 41, "min_max_greedy": {"max_delay": 0.02714187894518081, "running_time": 49.04031753540039}, "min_max_equal_weight": {"max_delay": 0.028506628822985075, "running_time": 341.2816524505615}, "min_max_surrogate_relaxation": {"max_delay": 0.026578378925702167, "lower_bound": 0.02088465302891762, "running_time": 605.499267578125, "none_zero_ratio": 0.0033333333333333335, "max_weight": 0.5, "min_weight": 0.171875}, "min_max_pulp": {"max_delay": 0.025293711824191583, "running_time": 101131.4024925232}}, "30": {"num_user": 300, "num_service": 41, "min_max_greedy": {"max_delay": 0.023516602274658675, "running_time": 65.05370140075684}, "min_max_equal_weight": {"max_delay": 0.025144031015673952, "running_time": 354.2921543121338}, "min_max_surrogate_relaxation": {"max_delay": 0.022438061765683078, "lower_bound": 0.01774335405985648, "running_time": 589.4858837127686, "none_zero_ratio": 0.006666666666666667, "max_weight": 0.5, "min_weight": 0.046885013580322266}, "min_max_pulp": {"max_delay": 0.022308556230758954, "running_time": 159221.5712070465}}, "40": {"num_user": 300, "num_service": 41, "min_max_greedy": {"max_delay": 0.01986092947065608, "running_time": 88.07253837585449}, "min_max_equal_weight": {"max_delay": 0.021518754345151814, "running_time": 365.30160903930664}, "min_max_surrogate_relaxation": {"max_delay": 0.02001124372932009, "lower_bound": 0.016004040392967725, "running_time": 880.7272911071777, "none_zero_ratio": 0.005555555555555556, "max_weight": 0.5, "min_weight": 0.0743865966796875}, "min_max_pulp": {"max_delay": 0.018432222560318942, "running_time": 212993.65496635437}}, "50": {"num_user": 300, "num_service": 41, "min_max_greedy": {"max_delay": 0.018953706744951337, "running_time": 95.0782299041748}, "min_max_equal_weight": {"max_delay": 0.017863081541149222, "running_time": 356.2941551208496}, "min_max_surrogate_relaxation": {"max_delay": 0.017251590509140668, "lower_bound": 0.014640459244493323, "running_time": 1356.1184406280518, "none_zero_ratio": 0.0077777777777777776, "max_weight": 0.260162353515625, "min_weight": 0.03125}, "min_max_pulp": {"max_delay": 0.016771462267188317, "running_time": 276861.32645606995}}, "60": {"num_user": 300, "num_service": 41, "min_max_greedy": {"max_delay": 0.016438480167462948, "running_time": 115.09466171264648}, "min_max_equal_weight": {"max_delay": 0.017438181155300353, "running_time": 380.3138732910156}, "min_max_surrogate_relaxation": {"max_delay": 0.01632410824154727, "lower_bound": 0.013807904162132997, "running_time": 1132.934331893921, "none_zero_ratio": 0.008888888888888889, "max_weight": 0.2123504877090454, "min_weight": 0.07728651689831167}, "min_max_pulp": {"max_delay": 0.015958483130113985, "running_time": 343453.24444770813}}, "70": {"num_user": 300, "num_service": 41, "min_max_greedy": {"max_delay": 0.01579512436746301, "running_time": 115.09513854980469}, "min_max_equal_weight": {"max_delay": 0.017142449461604165, "running_time": 425.3504276275635}, "min_max_surrogate_relaxation": {"max_delay": 0.01568075244154733, "lower_bound": 0.01351960409546428, "running_time": 1617.3336505889893, "none_zero_ratio": 0.012222222222222223, "max_weight": 0.14838436979334801, "min_weight": 0.04188500894615643}, "min_max_pulp": {"max_delay": 0.015245426076231798, "running_time": 421290.4362678528}}, "80": {"num_user": 300, "num_service": 41, "min_max_greedy": {"max_delay": 0.015073207443597298, "running_time": 142.11630821228027}, "min_max_equal_weight": {"max_delay": 0.016499093661604226, "running_time": 368.3035373687744}, "min_max_surrogate_relaxation": {"max_delay": 0.014823773321684795, "lower_bound": 0.013304638639816064, "running_time": 2438.0104541778564, "none_zero_ratio": 0.013333333333333334, "max_weight": 0.21678033098578453, "min_weight": 0.02734375}, "min_max_pulp": {"max_delay": 0.014567838510957437, "running_time": 502966.7947292328}}, "90": {"num_user": 300, "num_service": 41, "min_max_greedy": {"max_delay": 0.014195501735485054, "running_time": 171.1411476135254}, "min_max_equal_weight": {"max_delay": 0.015325818296341106, "running_time": 373.3077049255371}, "min_max_surrogate_relaxation": {"max_delay": 0.014594859892830781, "lower_bound": 0.012944345208151757, "running_time": 2256.8612098693848, "none_zero_ratio": 0.012222222222222223, "max_weight": 0.173971573531162, "min_weight": 0.041552588240234556}, "min_max_pulp": {"max_delay": 0.013854268472985903, "running_time": 584594.1123962402}}, "100": {"num_user": 300, "num_service": 41, "min_max_greedy": {"max_delay": 0.014021338811826347, "running_time": 157.13024139404297}, "min_max_equal_weight": {"max_delay": 0.01484593000481865, "running_time": 340.28053283691406}, "min_max_surrogate_relaxation": {"max_delay": 0.023084058574007714, "lower_bound": 0.00897151606075708, "running_time": 325.2685070037842, "none_zero_ratio": 0.0044444444444444444, "max_weight": 0.5, "min_weight": 0.15380859375}, "min_max_pulp": {"max_delay": 0.013404927967437526, "running_time": 694721.6877937317}}}