{"entropy": 167627516693237825838681435232133288646, "10": {"num_user": 300, "num_service": 41, "min_max_greedy": {"max_delay": 0.08138548989895676, "running_time": 16.013145446777344}, "min_max_equal_weight": {"max_delay": 0.10453742281353352, "running_time": 204.16879653930664}, "min_max_surrogate_relaxation": {"max_delay": 0.07091947655609987, "lower_bound": 0.05463736742323361, "running_time": 398.3283042907715, "none_zero_ratio": 0.008888888888888889, "max_weight": 0.37046992778778076, "min_weight": 0.0007994847510417458}, "min_max_pulp": {"max_delay": 0.07091947655609987, "running_time": 35022.88293838501}}, "20": {"num_user": 300, "num_service": 41, "min_max_greedy": {"max_delay": 0.04950702265890869, "running_time": 33.02717208862305}, "min_max_equal_weight": {"max_delay": 0.047604473494358535, "running_time": 203.16672325134277}, "min_max_surrogate_relaxation": {"max_delay": 0.04844561082098464, "lower_bound": 0.028354797983946335, "running_time": 317.2619342803955, "none_zero_ratio": 0.005555555555555556, "max_weight": 0.5, "min_weight": 0.0002288818359375}, "min_max_pulp": {"max_delay": 0.04565342270974366, "running_time": 65700.18291473389}}, "30": {"num_user": 300, "num_service": 41, "min_max_greedy": {"max_delay": 0.035293534108710126, "running_time": 41.03374481201172}, "min_max_equal_weight": {"max_delay": 0.03806863064804634, "running_time": 218.17922592163086}, "min_max_surrogate_relaxation": {"max_delay": 0.03805753600064509, "lower_bound": 0.028133659468751862, "running_time": 893.7366008758545, "none_zero_ratio": 0.008888888888888889, "max_weight": 0.27050185203552246, "min_weight": 0.0004151116590946913}, "min_max_pulp": {"max_delay": 0.03454103273460238, "running_time": 104304.01825904846}}, "40": {"num_user": 300, "num_service": 41, "min_max_greedy": {"max_delay": 0.030664741917596258, "running_time": 49.04055595397949}, "min_max_equal_weight": {"max_delay": 0.033877679980690065, "running_time": 207.1707248687744}, "min_max_surrogate_relaxation": {"max_delay": 0.030019157670821386, "lower_bound": 0.024819129443684203, "running_time": 1091.90034866333, "none_zero_ratio": 0.012222222222222223, "max_weight": 0.25, "min_weight": 0.0006858364037967135}, "min_max_pulp": {"max_delay": 0.02991224054348851, "running_time": 143222.11384773254}}, "50": {"num_user": 300, "num_service": 41, "min_max_greedy": {"max_delay": 0.02618156986031235, "running_time": 58.04729461669922}, "min_max_equal_weight": {"max_delay": 0.026340736902144644, "running_time": 205.1692008972168}, "min_max_surrogate_relaxation": {"max_delay": 0.02618156986031235, "lower_bound": 0.023417860659690082, "running_time": 1578.3014297485352, "none_zero_ratio": 0.011111111111111112, "max_weight": 0.5, "min_weight": 0.0007913669719528116}, "min_max_pulp": {"max_delay": 0.02567484199245986, "running_time": 184718.33443641663}}, "60": {"num_user": 300, "num_service": 41, "min_max_greedy": {"max_delay": 0.02512371290897672, "running_time": 66.05410575866699}, "min_max_equal_weight": {"max_delay": 0.02479772603289633, "running_time": 209.17224884033203}, "min_max_surrogate_relaxation": {"max_delay": 0.024508890912476995, "lower_bound": 0.022828949980890887, "running_time": 3079.5395374298096, "none_zero_ratio": 0.013333333333333334, "max_weight": 0.25, "min_weight": 0.00013215748350670076}, "min_max_pulp": {"max_delay": 0.024334201962394598, "running_time": 238500.6902217865}}, "70": {"num_user": 300, "num_service": 41, "min_max_greedy": {"max_delay": 0.024473403236085295, "running_time": 73.06051254272461}, "min_max_equal_weight": {"max_delay": 0.024638558991064038, "running_time": 212.174654006958}, "min_max_surrogate_relaxation": {"max_delay": 0.024190717265791233, "lower_bound": 0.0223551509626818, "running_time": 2925.412654876709, "none_zero_ratio": 0.014444444444444444, "max_weight": 0.25, "min_weight": 0.00021645646655233525}, "min_max_pulp": {"max_delay": 0.02378017981391079, "running_time": 296290.3485298157}}, "80": {"num_user": 300, "num_service": 41, "min_max_greedy": {"max_delay": 0.023738618456490952, "running_time": 84.06925201416016}, "min_max_equal_weight": {"max_delay": 0.024118599554711698, "running_time": 214.17641639709473}, "min_max_surrogate_relaxation": {"max_delay": 0.02320834172913805, "lower_bound": 0.021680224749667135, "running_time": 2224.83491897583, "none_zero_ratio": 0.015555555555555555, "max_weight": 0.15244244411587715, "min_weight": 0.00018652496094609318}, "min_max_pulp": {"max_delay": 0.023125668090628798, "running_time": 355205.93667030334}}, "90": {"num_user": 300, "num_service": 41, "min_max_greedy": {"max_delay": 0.02255097857645254, "running_time": 94.07711029052734}, "min_max_equal_weight": {"max_delay": 0.02370360624162255, "running_time": 217.1783447265625}, "min_max_surrogate_relaxation": {"max_delay": 0.04109121461177996, "lower_bound": 0.01886371248909475, "running_time": 353.29127311706543, "none_zero_ratio": 0.005555555555555556, "max_weight": 0.75, "min_weight": 0.00199127197265625}, "min_max_pulp": {"max_delay": 0.02248492815593558, "running_time": 420103.4574508667}}, "100": {"num_user": 300, "num_service": 41, "min_max_greedy": {"max_delay": 0.02238220720738996, "running_time": 105.08608818054199}, "min_max_equal_weight": {"max_delay": 0.023128916727446294, "running_time": 218.17994117736816}, "min_max_surrogate_relaxation": {"max_delay": 0.03686145278256841, "lower_bound": 0.01485608082572605, "running_time": 337.2781276702881, "none_zero_ratio": 0.005555555555555556, "max_weight": 0.5, "min_weight": 0.046875}, "min_max_pulp": {"max_delay": 0.02209192350599513, "running_time": 490195.25957107544}}}