{"entropy": 258931181368782861699672105805678058698, "10": {"num_user": 300, "num_service": 41, "min_max_greedy": {"max_delay": 0.10286601138109151, "running_time": 15.012502670288086}, "min_max_equal_weight": {"max_delay": 0.1014633135112039, "running_time": 189.15581703186035}, "min_max_surrogate_relaxation": {"max_delay": 0.10109878806441383, "lower_bound": 0.09867387036325417, "running_time": 318.26210021972656, "none_zero_ratio": 0.0033333333333333335, "max_weight": 0.5, "min_weight": 0.015625}, "min_max_pulp": {"max_delay": 0.10109878806441383, "running_time": 50639.76216316223}}, "20": {"num_user": 300, "num_service": 41, "min_max_greedy": {"max_delay": 0.09755610226133081, "running_time": 28.02300453186035}, "min_max_equal_weight": {"max_delay": 0.10109878806441383, "running_time": 192.15846061706543}, "min_max_surrogate_relaxation": {"max_delay": 0.096572174487718, "lower_bound": 0.09072906314192467, "running_time": 346.2858200073242, "none_zero_ratio": 0.006666666666666667, "max_weight": 0.3955078125, "min_weight": 0.03248825669288635}, "min_max_pulp": {"max_delay": 0.096572174487718, "running_time": 101317.556142807}}, "30": {"num_user": 300, "num_service": 41, "min_max_greedy": {"max_delay": 0.09319592012400268, "running_time": 38.03110122680664}, "min_max_equal_weight": {"max_delay": 0.09499770048858003, "running_time": 195.1615810394287}, "min_max_surrogate_relaxation": {"max_delay": 0.09454666932575814, "lower_bound": 0.08984835413395502, "running_time": 1207.9963684082031, "none_zero_ratio": 0.014444444444444444, "max_weight": 0.23125930689275265, "min_weight": 0.029296875}, "min_max_pulp": {"max_delay": 0.09319592012400268, "running_time": 160556.41055107117}}, "40": {"num_user": 300, "num_service": 41, "min_max_greedy": {"max_delay": 0.09173750590114033, "running_time": 47.03998565673828}, "min_max_equal_weight": {"max_delay": 0.09183059294924453, "running_time": 198.16327095031738}, "min_max_surrogate_relaxation": {"max_delay": 0.0929664174287321, "lower_bound": 0.08802569032159864, "running_time": 611.504077911377, "none_zero_ratio": 0.01, "max_weight": 0.25, "min_weight": 0.04224415843054885}, "min_max_pulp": {"max_delay": 0.09107324554878492, "running_time": 227848.90580177307}}, "50": {"num_user": 300, "num_service": 41, "min_max_greedy": {"max_delay": 0.09032436558333115, "running_time": 55.04560470581055}, "min_max_equal_weight": {"max_delay": 0.09150800320586973, "running_time": 201.16591453552246}, "min_max_surrogate_relaxation": {"max_delay": 0.08982430421154464, "lower_bound": 0.08772188510188755, "running_time": 1606.3249111175537, "none_zero_ratio": 0.008888888888888889, "max_weight": 0.17423629760742188, "min_weight": 0.08203125}, "min_max_pulp": {"max_delay": 0.08982430421154464, "running_time": 299250.7908344269}}, "60": {"num_user": 300, "num_service": 41, "min_max_greedy": {"max_delay": 0.08921958469768863, "running_time": 70.05786895751953}, "min_max_equal_weight": {"max_delay": 0.09146421221633727, "running_time": 202.16655731201172}, "min_max_surrogate_relaxation": {"max_delay": 0.08909818771876035, "lower_bound": 0.08721798168537875, "running_time": 2124.7520446777344, "none_zero_ratio": 0.016666666666666666, "max_weight": 0.13275146484375, "min_weight": 0.039338525379771505}, "min_max_pulp": {"max_delay": 0.08863883856733337, "running_time": 389535.24804115295}}, "70": {"num_user": 300, "num_service": 41, "min_max_greedy": {"max_delay": 0.08844556930788715, "running_time": 75.06227493286133}, "min_max_equal_weight": {"max_delay": 0.09025838152005551, "running_time": 202.16679573059082}, "min_max_surrogate_relaxation": {"max_delay": 0.08797222467352774, "lower_bound": 0.08679769656876561, "running_time": 3434.8323345184326, "none_zero_ratio": 0.02, "max_weight": 0.11764754446204506, "min_weight": 0.023309290409088135}, "min_max_pulp": {"max_delay": 0.08784521465997043, "running_time": 491576.4009952545}}, "80": {"num_user": 300, "num_service": 41, "min_max_greedy": {"max_delay": 0.08738658016408844, "running_time": 83.0683708190918}, "min_max_equal_weight": {"max_delay": 0.09025838152005551, "running_time": 205.1694393157959}, "min_max_surrogate_relaxation": {"max_delay": 0.023408740760318885, "lower_bound": 0.08416817780159105, "running_time": 146.1203098297119, "none_zero_ratio": 0.0033333333333333335, "max_weight": 0.5859375, "min_weight": 0.1640625}, "min_max_pulp": {"max_delay": 0.023408740760318885, "running_time": 573673.1057167053}}, "90": {"num_user": 300, "num_service": 41, "min_max_greedy": {"max_delay": 0.08707839658568003, "running_time": 90.07430076599121}, "min_max_equal_weight": {"max_delay": 0.08729829396467706, "running_time": 207.1707248687744}, "min_max_surrogate_relaxation": {"max_delay": 0.02175649412816648, "lower_bound": 0.016717558615237736, "running_time": 154.12664413452148, "none_zero_ratio": 0.0044444444444444444, "max_weight": 0.6328125, "min_weight": 0.018310546875}, "min_max_pulp": {"max_delay": 0.018691050967071247, "running_time": 689090.2895927429}}, "100": {"num_user": 300, "num_service": 41, "min_max_greedy": {"max_delay": 0.08673149108543841, "running_time": 103.08504104614258}, "min_max_equal_weight": {"max_delay": 0.08708720538793822, "running_time": 209.17272567749023}, "min_max_surrogate_relaxation": {"max_delay": 0.020898816441287164, "lower_bound": 0.011369069043562118, "running_time": 253.20911407470703, "none_zero_ratio": 0.0033333333333333335, "max_weight": 0.5, "min_weight": 0.234375}, "min_max_pulp": {"max_delay": 0.013986358513044288, "running_time": 793153.1102657318}}}