{"entropy": 268674555260636952550257047757362624657, "10": {"num_user": 300, "num_service": 41, "min_max_greedy": {"max_delay": 0.17303327659253256, "running_time": 17.0135498046875}, "min_max_equal_weight": {"max_delay": 0.17339619222339245, "running_time": 195.1608657836914}, "min_max_surrogate_relaxation": {"max_delay": 0.17303327659253256, "lower_bound": 0.166147924337918, "running_time": 348.28710556030273, "none_zero_ratio": 0.0044444444444444444, "max_weight": 0.5, "min_weight": 0.05615234375}, "min_max_pulp": {"max_delay": 0.17303327659253256, "running_time": 34366.34182929993}}, "20": {"num_user": 300, "num_service": 41, "min_max_greedy": {"max_delay": 0.165667458925925, "running_time": 23.018836975097656}, "min_max_equal_weight": {"max_delay": 0.16906409655412774, "running_time": 197.16238975524902}, "min_max_surrogate_relaxation": {"max_delay": 0.16537941968746978, "lower_bound": 0.16343144173046517, "running_time": 489.40324783325195, "none_zero_ratio": 0.0077777777777777776, "max_weight": 0.35739898681640625, "min_weight": 0.022086314857006073}, "min_max_pulp": {"max_delay": 0.16537941968746978, "running_time": 64858.487367630005}}, "30": {"num_user": 300, "num_service": 41, "min_max_greedy": {"max_delay": 0.1649887195120927, "running_time": 36.02933883666992}, "min_max_equal_weight": {"max_delay": 0.16730763274831684, "running_time": 198.16327095031738}, "min_max_surrogate_relaxation": {"max_delay": 0.16392259135327503, "lower_bound": 0.1611715563854644, "running_time": 433.35700035095215, "none_zero_ratio": 0.0077777777777777776, "max_weight": 0.25, "min_weight": 0.08411407470703125}, "min_max_pulp": {"max_delay": 0.16362295588165887, "running_time": 103541.38994216919}}, "40": {"num_user": 300, "num_service": 41, "min_max_greedy": {"max_delay": 0.16406113148451715, "running_time": 43.03479194641113}, "min_max_equal_weight": {"max_delay": 0.16362295588165887, "running_time": 200.1652717590332}, "min_max_surrogate_relaxation": {"max_delay": 0.16315293001141443, "lower_bound": 0.1601329166465298, "running_time": 767.6329612731934, "none_zero_ratio": 0.011111111111111112, "max_weight": 0.15719985961914062, "min_weight": 0.04012760236093982}, "min_max_pulp": {"max_delay": 0.1623880497839083, "running_time": 143764.5604610443}}, "50": {"num_user": 300, "num_service": 41, "min_max_greedy": {"max_delay": 0.16268409328579148, "running_time": 54.044485092163086}, "min_max_equal_weight": {"max_delay": 0.16259060560451297, "running_time": 203.16743850708008}, "min_max_surrogate_relaxation": {"max_delay": 0.162283287534338, "lower_bound": 0.15941415773257292, "running_time": 1197.9877948760986, "none_zero_ratio": 0.014444444444444444, "max_weight": 0.192047119140625, "min_weight": 0.03125}, "min_max_pulp": {"max_delay": 0.16166567474235372, "running_time": 184347.02920913696}}, "60": {"num_user": 300, "num_service": 41, "min_max_greedy": {"max_delay": 0.16203622944541396, "running_time": 64.05258178710938}, "min_max_equal_weight": {"max_delay": 0.1624491426026064, "running_time": 206.17008209228516}, "min_max_surrogate_relaxation": {"max_delay": 0.16088006738067548, "lower_bound": 0.1590640265318432, "running_time": 2099.731683731079, "none_zero_ratio": 0.013333333333333334, "max_weight": 0.14479887028219507, "min_weight": 0.04054368367901462}, "min_max_pulp": {"max_delay": 0.16043076864460318, "running_time": 236676.18417739868}}, "70": {"num_user": 300, "num_service": 41, "min_max_greedy": {"max_delay": 0.16038661148465225, "running_time": 71.05803489685059}, "min_max_equal_weight": {"max_delay": 0.16107210440388076, "running_time": 204.16831970214844}, "min_max_surrogate_relaxation": {"max_delay": 0.16028863654362807, "lower_bound": 0.15867975611237606, "running_time": 2197.812795639038, "none_zero_ratio": 0.015555555555555555, "max_weight": 0.16333499643951654, "min_weight": 0.02408626675605774}, "min_max_pulp": {"max_delay": 0.15957554382512845, "running_time": 284283.447265625}}, "80": {"num_user": 300, "num_service": 41, "min_max_greedy": {"max_delay": 0.16017015110362876, "running_time": 74.06091690063477}, "min_max_equal_weight": {"max_delay": 0.1601471735417215, "running_time": 205.1692008972168}, "min_max_surrogate_relaxation": {"max_delay": 0.15957554382512845, "lower_bound": 0.1581135629290042, "running_time": 1689.3932819366455, "none_zero_ratio": 0.012222222222222223, "max_weight": 0.17053377628326416, "min_weight": 0.03765835266493056}, "min_max_pulp": {"max_delay": 0.15924903263276974, "running_time": 348061.044216156}}, "90": {"num_user": 300, "num_service": 41, "min_max_greedy": {"max_delay": 0.15942306062522624, "running_time": 87.07165718078613}, "min_max_equal_weight": {"max_delay": 0.15985848929961166, "running_time": 209.17224884033203}, "min_max_surrogate_relaxation": {"max_delay": 0.032895344557267475, "lower_bound": 0.1561533492783921, "running_time": 191.15781784057617, "none_zero_ratio": 0.0044444444444444444, "max_weight": 0.5, "min_weight": 0.11279296875}, "min_max_pulp": {"max_delay": 0.03221661375163577, "running_time": 404734.78293418884}}, "100": {"num_user": 300, "num_service": 41, "min_max_greedy": {"max_delay": 0.018979652181403323, "running_time": 24.019479751586914}, "min_max_equal_weight": {"max_delay": 0.15958556776497823, "running_time": 209.17248725891113}, "min_max_surrogate_relaxation": {"max_delay": 0.01863701806450458, "lower_bound": 0.0482411867449512, "running_time": 140.11573791503906, "none_zero_ratio": 0.0033333333333333335, "max_weight": 0.5, "min_weight": 0.203125}, "min_max_pulp": {"max_delay": 0.01863701806450458, "running_time": 468481.35447502136}}}