{"entropy": 125855946992921042446690883415511686259, "10": {"num_user": 300, "num_service": 41, "min_max_greedy": {"max_delay": 0.0848238385210716, "running_time": 27.022361755371094}, "min_max_equal_weight": {"max_delay": 0.08783890693201518, "running_time": 296.24414443969727}, "min_max_surrogate_relaxation": {"max_delay": 0.08097129047179921, "lower_bound": 0.07050864323549248, "running_time": 178.1470775604248, "none_zero_ratio": 0.0044444444444444444, "max_weight": 0.5, "min_weight": 0.02197265625}, "min_max_pulp": {"max_delay": 0.08097129047179921, "running_time": 46415.278673172}}, "20": {"num_user": 300, "num_service": 41, "min_max_greedy": {"max_delay": 0.06698906044942864, "running_time": 43.03574562072754}, "min_max_equal_weight": {"max_delay": 0.06698906044942864, "running_time": 301.24855041503906}, "min_max_surrogate_relaxation": {"max_delay": 0.06698906044942864, "lower_bound": 0.0629138807034942, "running_time": 656.541109085083, "none_zero_ratio": 0.0044444444444444444, "max_weight": 0.5, "min_weight": 0.078125}, "min_max_pulp": {"max_delay": 0.06698906044942864, "running_time": 84107.36227035522}}, "30": {"num_user": 300, "num_service": 41, "min_max_greedy": {"max_delay": 0.06508464497751938, "running_time": 54.04472351074219}, "min_max_equal_weight": {"max_delay": 0.06435719258475618, "running_time": 301.24831199645996}, "min_max_surrogate_relaxation": {"max_delay": 0.06409918861054507, "lower_bound": 0.060984042232383476, "running_time": 1372.1320629119873, "none_zero_ratio": 0.012222222222222223, "max_weight": 0.28875371785397874, "min_weight": 0.0022175055229556317}, "min_max_pulp": {"max_delay": 0.0640205637824664, "running_time": 123855.14330863953}}, "40": {"num_user": 300, "num_service": 41, "min_max_greedy": {"max_delay": 0.06333120144930293, "running_time": 84.06972885131836}, "min_max_equal_weight": {"max_delay": 0.063868033761248, "running_time": 304.25119400024414}, "min_max_surrogate_relaxation": {"max_delay": 0.06274394226416952, "lower_bound": 0.05896549953823913, "running_time": 1793.4787273406982, "none_zero_ratio": 0.011111111111111112, "max_weight": 0.25, "min_weight": 0.004136944227184358}, "min_max_pulp": {"max_delay": 0.06197545460433243, "running_time": 180148.56791496277}}, "50": {"num_user": 300, "num_service": 41, "min_max_greedy": {"max_delay": 0.06165824761555285, "running_time": 89.07341957092285}, "min_max_equal_weight": {"max_delay": 0.06352782350932261, "running_time": 308.2542419433594}, "min_max_surrogate_relaxation": {"max_delay": 0.06069827202779349, "lower_bound": 0.058244148019789624, "running_time": 1893.561840057373, "none_zero_ratio": 0.01, "max_weight": 0.2124309539794922, "min_weight": 0.04539394217317749}, "min_max_pulp": {"max_delay": 0.06035862283411016, "running_time": 226059.43131446838}}, "60": {"num_user": 300, "num_service": 41, "min_max_greedy": {"max_delay": 0.06002316159185705, "running_time": 98.08135032653809}, "min_max_equal_weight": {"max_delay": 0.06352782350932261, "running_time": 328.27067375183105}, "min_max_surrogate_relaxation": {"max_delay": 0.060156762775984675, "lower_bound": 0.05749980386781829, "running_time": 2231.8406105041504, "none_zero_ratio": 0.012222222222222223, "max_weight": 0.19140625, "min_weight": 0.03899400052853608}, "min_max_pulp": {"max_delay": 0.058887822347391275, "running_time": 281779.3827056885}}, "70": {"num_user": 300, "num_service": 41, "min_max_greedy": {"max_delay": 0.05968349439870575, "running_time": 112.0920181274414}, "min_max_equal_weight": {"max_delay": 0.05854761209546589, "running_time": 312.2570514678955}, "min_max_surrogate_relaxation": {"max_delay": 0.058824075621416616, "lower_bound": 0.05702628550027383, "running_time": 2918.4064865112305, "none_zero_ratio": 0.014444444444444444, "max_weight": 0.128326416015625, "min_weight": 0.0030903255062022595}, "min_max_pulp": {"max_delay": 0.058406329821634774, "running_time": 350019.6371078491}}, "80": {"num_user": 300, "num_service": 41, "min_max_greedy": {"max_delay": 0.05819889989447197, "running_time": 118.09730529785156}, "min_max_equal_weight": {"max_delay": 0.05854761209546589, "running_time": 325.2682685852051}, "min_max_surrogate_relaxation": {"max_delay": 0.05879551388189698, "lower_bound": 0.056688054029230224, "running_time": 2602.1463871002197, "none_zero_ratio": 0.014444444444444444, "max_weight": 0.25, "min_weight": 0.00923385266198614}, "min_max_pulp": {"max_delay": 0.057849822016484725, "running_time": 408062.5274181366}}, "90": {"num_user": 300, "num_service": 41, "min_max_greedy": {"max_delay": 0.0579639599513994, "running_time": 132.1089267730713}, "min_max_equal_weight": {"max_delay": 0.058198356835697886, "running_time": 331.27307891845703}, "min_max_surrogate_relaxation": {"max_delay": 0.057909096210606935, "lower_bound": 0.0562402546077191, "running_time": 2304.9001693725586, "none_zero_ratio": 0.012222222222222223, "max_weight": 0.1495482138125226, "min_weight": 0.020342901863035223}, "min_max_pulp": {"max_delay": 0.057361861762124336, "running_time": 477197.5426673889}}, "100": {"num_user": 300, "num_service": 41, "min_max_greedy": {"max_delay": 0.05725210316785363, "running_time": 146.12078666687012}, "min_max_equal_weight": {"max_delay": 0.05854761209546589, "running_time": 316.26081466674805}, "min_max_surrogate_relaxation": {"max_delay": 0.05736873396397676, "lower_bound": 0.05610504233005403, "running_time": 4550.753116607666, "none_zero_ratio": 0.016666666666666666, "max_weight": 0.125, "min_weight": 0.00783645093589325}, "min_max_pulp": {"max_delay": 0.05706962370615066, "running_time": 547359.4052791595}}}