{"entropy": 178701983829779946457667242279607851371, "10": {"num_user": 500, "num_service": 41, "min_max_greedy": {"max_delay": 0.036753214213103014, "running_time": 1466.2063121795654}, "min_max_surrogate_relaxation": {"max_delay": 0.037194966419437515, "lower_bound": 0.027094475091488122, "running_time": 11643.582820892334}, "min_max_equal_weight": {"max_delay": 0.037194966419437515, "running_time": 949.7816562652588}, "min_max_pulp": {"max_delay": 0.036753214213103014, "running_time": 218347.7246761322}}, "20": {"num_user": 500, "num_service": 41, "min_max_greedy": {"max_delay": 0.02761654263731681, "running_time": 2515.0694847106934}, "min_max_surrogate_relaxation": {"max_delay": 0.027490514146222538, "lower_bound": 0.021437948047633437, "running_time": 26710.97469329834}, "min_max_equal_weight": {"max_delay": 0.027781359604681536, "running_time": 959.789514541626}, "min_max_pulp": {"max_delay": 0.027429947453409806, "running_time": 447940.6943321228}}, "30": {"num_user": 500, "num_service": 41, "min_max_greedy": {"max_delay": 0.025718712565914018, "running_time": 3212.0707035064697}, "min_max_surrogate_relaxation": {"max_delay": 0.024668075675396785, "lower_bound": 0.01885295061814097, "running_time": 35005.49244880676}, "min_max_equal_weight": {"max_delay": 0.02682312734774658, "running_time": 964.8923873901367}, "min_max_pulp": {"max_delay": 0.022912718177185733, "running_time": 685616.5900230408}}, "40": {"num_user": 500, "num_service": 41, "min_max_greedy": {"max_delay": 0.019887365229995402, "running_time": 3537.4109745025635}, "min_max_surrogate_relaxation": {"max_delay": 0.020000314598477207, "lower_bound": 0.01684618428336852, "running_time": 50687.724590301514}, "min_max_equal_weight": {"max_delay": 0.022981969976646217, "running_time": 953.923225402832}, "min_max_pulp": {"max_delay": 0.019887365229995402, "running_time": 966512.0973587036}}, "50": {"num_user": 500, "num_service": 41, "min_max_greedy": {"max_delay": 0.017166918634232215, "running_time": 4595.622539520264}, "min_max_surrogate_relaxation": {"max_delay": 0.017119949122992105, "lower_bound": 0.015013661467083791, "running_time": 37310.930490493774}, "min_max_equal_weight": {"max_delay": 0.01781943515883093, "running_time": 959.9061012268066}, "min_max_pulp": {"max_delay": 0.016931241670352693, "running_time": 1269577.2793293}}, "60": {"num_user": 500, "num_service": 41, "min_max_greedy": {"max_delay": 0.016060313879337935, "running_time": 5448.103904724121}, "min_max_surrogate_relaxation": {"max_delay": 0.01686276509747192, "lower_bound": 0.014115587185380883, "running_time": 33091.214418411255}, "min_max_equal_weight": {"max_delay": 0.017008765497386617, "running_time": 1003.0975341796875}, "min_max_pulp": {"max_delay": 0.015917670383181332, "running_time": 1592881.3169002533}}, "70": {"num_user": 500, "num_service": 41, "min_max_greedy": {"max_delay": 0.015384773976240506, "running_time": 6361.5882396698}, "min_max_surrogate_relaxation": {"max_delay": 0.015475905326209304, "lower_bound": 0.013918044499151029, "running_time": 41403.0179977417}, "min_max_equal_weight": {"max_delay": 0.016970096207032118, "running_time": 974.4763374328613}, "min_max_pulp": {"max_delay": 0.015247009746601502, "running_time": 1970318.7210559845}}, "80": {"num_user": 500, "num_service": 41, "min_max_greedy": {"max_delay": 0.014529004374783522, "running_time": 7144.056081771851}, "min_max_surrogate_relaxation": {"max_delay": 0.02674476998396933, "lower_bound": 0.010580665507734292, "running_time": 7222.06711769104}, "min_max_equal_weight": {"max_delay": 0.015573920511727596, "running_time": 972.6831912994385}, "min_max_pulp": {"max_delay": 0.014347200943240905, "running_time": 2238625.7858276367}}, "90": {"num_user": 500, "num_service": 41, "min_max_greedy": {"max_delay": 0.01433257597381029, "running_time": 7686.577081680298}, "min_max_surrogate_relaxation": {"max_delay": 0.025555101345360962, "lower_bound": 0.010485735235478924, "running_time": 9698.370456695557}, "min_max_equal_weight": {"max_delay": 0.015437236035854805, "running_time": 974.6637344360352}, "min_max_pulp": {"max_delay": 0.014021347302883047, "running_time": 2680166.4097309113}}, "100": {"num_user": 500, "num_service": 41, "min_max_greedy": {"max_delay": 0.014020449469597249, "running_time": 8332.451105117798}, "min_max_surrogate_relaxation": {"max_delay": 0.016637906376681805, "lower_bound": 0.01118035641710307, "running_time": 14827.187061309814}, "min_max_equal_weight": {"max_delay": 0.014360223224119542, "running_time": 980.3881645202637}, "min_max_pulp": {"max_delay": 0.0982353825427219, "running_time": 3009914.7322177887}}}