{"entropy": 77488960585691061654090791823063377796, "10": {"num_user": 500, "num_service": 41, "min_max_greedy": {"max_delay": 0.2037731862702622, "running_time": 1326.0915279388428}, "min_max_surrogate_relaxation": {"max_delay": 0.2037731862702622, "lower_bound": 0.15616535437985823, "running_time": 9786.05318069458}, "min_max_equal_weight": {"max_delay": 0.20868959492181613, "running_time": 978.8055419921875}, "min_max_pulp": {"max_delay": 0.2037731862702622, "running_time": 119835.45589447021}}, "20": {"num_user": 500, "num_service": 41, "min_max_greedy": {"max_delay": 0.05366103225192106, "running_time": 1993.640661239624}, "min_max_surrogate_relaxation": {"max_delay": 0.05366103225192106, "lower_bound": 0.04973956940253625, "running_time": 14919.335126876831}, "min_max_equal_weight": {"max_delay": 0.05500751151111493, "running_time": 986.8123531341553}, "min_max_pulp": {"max_delay": 0.05366103225192106, "running_time": 220916.5759086609}}, "30": {"num_user": 500, "num_service": 41, "min_max_greedy": {"max_delay": 0.049226459214883174, "running_time": 3174.612045288086}, "min_max_surrogate_relaxation": {"max_delay": 0.04940467395579556, "lower_bound": 0.045311375326999, "running_time": 19835.323333740234}, "min_max_equal_weight": {"max_delay": 0.05283615777684618, "running_time": 1027.845859527588}, "min_max_pulp": {"max_delay": 0.049226459214883174, "running_time": 326462.66293525696}}, "40": {"num_user": 500, "num_service": 41, "min_max_greedy": {"max_delay": 0.04703631406903801, "running_time": 4157.421350479126}, "min_max_surrogate_relaxation": {"max_delay": 0.04795938765764111, "lower_bound": 0.04430890398946003, "running_time": 28970.8411693573}, "min_max_equal_weight": {"max_delay": 0.04795938765764111, "running_time": 994.8182106018066}, "min_max_pulp": {"max_delay": 0.04665363667613032, "running_time": 455259.2017650604}}, "50": {"num_user": 500, "num_service": 41, "min_max_greedy": {"max_delay": 0.04569663992556785, "running_time": 4721.885919570923}, "min_max_surrogate_relaxation": {"max_delay": 0.045519042961868456, "lower_bound": 0.04309640420596302, "running_time": 35087.87488937378}, "min_max_equal_weight": {"max_delay": 0.04763487649310121, "running_time": 1015.836238861084}, "min_max_pulp": {"max_delay": 0.04540497096166964, "running_time": 583808.7255954742}}, "60": {"num_user": 500, "num_service": 41, "min_max_greedy": {"max_delay": 0.044923109400673684, "running_time": 5684.678554534912}, "min_max_surrogate_relaxation": {"max_delay": 0.04469357541946763, "lower_bound": 0.04220645016555193, "running_time": 29023.884773254395}, "min_max_equal_weight": {"max_delay": 0.045239650918047755, "running_time": 1049.8638153076172}, "min_max_pulp": {"max_delay": 0.04412297169811429, "running_time": 743802.011013031}}, "70": {"num_user": 500, "num_service": 41, "min_max_greedy": {"max_delay": 0.04430808123201103, "running_time": 6342.219591140747}, "min_max_surrogate_relaxation": {"max_delay": 0.04401788107787669, "lower_bound": 0.04149592053930513, "running_time": 28972.842693328857}, "min_max_equal_weight": {"max_delay": 0.043991552324433116, "running_time": 1024.8429775238037}, "min_max_pulp": {"max_delay": 0.04342631575966125, "running_time": 902149.4104862213}}, "80": {"num_user": 500, "num_service": 41, "min_max_greedy": {"max_delay": 0.04373158119025234, "running_time": 7018.776178359985}, "min_max_surrogate_relaxation": {"max_delay": 0.042965906980241976, "lower_bound": 0.041434164654351985, "running_time": 43156.51488304138}, "min_max_equal_weight": {"max_delay": 0.043991552324433116, "running_time": 1019.8392868041992}, "min_max_pulp": {"max_delay": 0.04286034732532236, "running_time": 1153016.8807506561}}, "90": {"num_user": 500, "num_service": 41, "min_max_greedy": {"max_delay": 0.04333322381692374, "running_time": 7924.684286117554}, "min_max_surrogate_relaxation": {"max_delay": 0.042747791432998485, "lower_bound": 0.04120251329807747, "running_time": 60964.16974067688}, "min_max_equal_weight": {"max_delay": 0.043852594992422535, "running_time": 1026.8447399139404}, "min_max_pulp": {"max_delay": 0.0421936003704435, "running_time": 1256307.1467876434}}, "100": {"num_user": 500, "num_service": 41, "min_max_greedy": {"max_delay": 0.04255478001767497, "running_time": 8663.129568099976}, "min_max_surrogate_relaxation": {"max_delay": 0.0425891363654168, "lower_bound": 0.04067589622791047, "running_time": 39685.42194366455}, "min_max_equal_weight": {"max_delay": 0.043163110972061484, "running_time": 1035.8524322509766}, "min_max_pulp": {"max_delay": 0.04162836380567163, "running_time": 1452487.2977733612}}}