{"entropy": 53207391913873483070329334211965996564, "10": {"num_user": 500, "num_service": 41, "min_max_greedy": {"max_delay": 0.03574465687142558, "running_time": 1262.925148010254}, "min_max_surrogate_relaxation": {"max_delay": 0.03574465687142558, "lower_bound": 0.025503035230754794, "running_time": 13859.182119369507}, "min_max_equal_weight": {"max_delay": 0.039048159149721526, "running_time": 939.403772354126}, "min_max_pulp": {"max_delay": 0.03574465687142558, "running_time": 132144.5767879486}}, "20": {"num_user": 500, "num_service": 41, "min_max_greedy": {"max_delay": 0.025656660491596185, "running_time": 2322.2153186798096}, "min_max_surrogate_relaxation": {"max_delay": 0.026491490980774912, "lower_bound": 0.021544912870913476, "running_time": 23507.148027420044}, "min_max_equal_weight": {"max_delay": 0.026491490980774912, "running_time": 956.4990997314453}, "min_max_pulp": {"max_delay": 0.024324216379412705, "running_time": 240770.08652687073}}, "30": {"num_user": 500, "num_service": 41, "min_max_greedy": {"max_delay": 0.024297692499993424, "running_time": 2944.8375701904297}, "min_max_surrogate_relaxation": {"max_delay": 0.02336095542282818, "lower_bound": 0.019072300168850666, "running_time": 23834.05113220215}, "min_max_equal_weight": {"max_delay": 0.0260623726443202, "running_time": 961.1060619354248}, "min_max_pulp": {"max_delay": 0.022755600619353084, "running_time": 385864.2454147339}}, "40": {"num_user": 500, "num_service": 41, "min_max_greedy": {"max_delay": 0.021557673317102375, "running_time": 4129.01496887207}, "min_max_surrogate_relaxation": {"max_delay": 0.020941942754846326, "lower_bound": 0.01788529440316755, "running_time": 34805.79733848572}, "min_max_equal_weight": {"max_delay": 0.0229416066800528, "running_time": 983.3040237426758}, "min_max_pulp": {"max_delay": 0.02028949330689403, "running_time": 526687.5035762787}}, "50": {"num_user": 500, "num_service": 41, "min_max_greedy": {"max_delay": 0.019179423161135706, "running_time": 4844.531297683716}, "min_max_surrogate_relaxation": {"max_delay": 0.01985012439488641, "lower_bound": 0.016667627172538037, "running_time": 29711.981534957886}, "min_max_equal_weight": {"max_delay": 0.020612939406645426, "running_time": 965.0125503540039}, "min_max_pulp": {"max_delay": 0.019150100967188156, "running_time": 688124.3362426758}}, "60": {"num_user": 500, "num_service": 41, "min_max_greedy": {"max_delay": 0.018688944503370365, "running_time": 5837.187051773071}, "min_max_surrogate_relaxation": {"max_delay": 0.02503702926376827, "lower_bound": 0.01228404844887922, "running_time": 7674.6227741241455}, "min_max_equal_weight": {"max_delay": 0.01856429876398128, "running_time": 1011.399507522583}, "min_max_pulp": {"max_delay": 0.01832495496749309, "running_time": 950145.3354358673}}, "70": {"num_user": 500, "num_service": 41, "min_max_greedy": {"max_delay": 0.017630847258852517, "running_time": 6465.307712554932}, "min_max_surrogate_relaxation": {"max_delay": 0.02493714262691105, "lower_bound": 0.010008304620952672, "running_time": 9720.999717712402}, "min_max_equal_weight": {"max_delay": 0.018361676460675696, "running_time": 989.8145198822021}, "min_max_pulp": {"max_delay": 0.017444189095454532, "running_time": 1573404.8690795898}}, "80": {"num_user": 500, "num_service": 41, "min_max_greedy": {"max_delay": 0.017237942012923734, "running_time": 8091.659069061279}, "min_max_surrogate_relaxation": {"max_delay": 0.02282181663549315, "lower_bound": 0.008348995276604676, "running_time": 10761.856317520142}, "min_max_equal_weight": {"max_delay": 0.017973933469358716, "running_time": 993.8175678253174}, "min_max_pulp": {"max_delay": 0.016718482103048198, "running_time": 1245081.7227363586}}, "90": {"num_user": 500, "num_service": 41, "min_max_greedy": {"max_delay": 0.017096481126298885, "running_time": 7574.232578277588}, "min_max_surrogate_relaxation": {"max_delay": 0.021786946348125433, "lower_bound": 0.007152328199958291, "running_time": 9690.974950790405}, "min_max_equal_weight": {"max_delay": 0.01674188401278456, "running_time": 982.8085899353027}, "min_max_pulp": {"max_delay": 0.016111213990620273, "running_time": 1512804.622888565}}, "100": {"num_user": 500, "num_service": 41, "min_max_greedy": {"max_delay": 0.016306011539230378, "running_time": 8758.207321166992}, "min_max_surrogate_relaxation": {"max_delay": 0.022532049008865202, "lower_bound": 0.01186744073105201, "running_time": 12627.391338348389}, "min_max_equal_weight": {"max_delay": 0.016618595466190975, "running_time": 1009.8307132720947}, "min_max_pulp": {"max_delay": 0.015765687875768992, "running_time": 1745951.6875743866}}}