{"entropy": 57312963177586440740409405392915365496, "10": {"num_user": 500, "num_service": 41, "min_max_greedy": {"max_delay": 0.17045259127586684, "running_time": 1445.9047317504883}, "min_max_surrogate_relaxation": {"max_delay": 0.16694822067311468, "lower_bound": 0.16168326298385005, "running_time": 11381.081581115723}, "min_max_equal_weight": {"max_delay": 0.16694822067311468, "running_time": 929.6119213104248}, "min_max_pulp": {"max_delay": 0.16694822067311468, "running_time": 116989.15076255798}}, "20": {"num_user": 500, "num_service": 41, "min_max_greedy": {"max_delay": 0.1463854280586906, "running_time": 2075.439214706421}, "min_max_surrogate_relaxation": {"max_delay": 0.14203099800324848, "lower_bound": 0.13154184136929542, "running_time": 16010.007381439209}, "min_max_equal_weight": {"max_delay": 0.1463854280586906, "running_time": 954.9264907836914}, "min_max_pulp": {"max_delay": 0.1384986838654759, "running_time": 211664.34621810913}}, "30": {"num_user": 500, "num_service": 41, "min_max_greedy": {"max_delay": 0.12973625082775084, "running_time": 2676.960229873657}, "min_max_surrogate_relaxation": {"max_delay": 0.12973625082775084, "lower_bound": 0.12519540729256068, "running_time": 37121.46830558777}, "min_max_equal_weight": {"max_delay": 0.13394068435258044, "running_time": 949.6490955352783}, "min_max_pulp": {"max_delay": 0.12973625082775084, "running_time": 331545.1543331146}}, "40": {"num_user": 500, "num_service": 41, "min_max_greedy": {"max_delay": 0.1266495945438809, "running_time": 3507.802724838257}, "min_max_surrogate_relaxation": {"max_delay": 0.06668967259607232, "lower_bound": 0.11737233414408475, "running_time": 6923.852443695068}, "min_max_equal_weight": {"max_delay": 0.1277100369674131, "running_time": 944.4668292999268}, "min_max_pulp": {"max_delay": 0.06668967259607232, "running_time": 451940.89007377625}}, "50": {"num_user": 500, "num_service": 41, "min_max_greedy": {"max_delay": 0.04912877521784416, "running_time": 2425.680160522461}, "min_max_surrogate_relaxation": {"max_delay": 0.04655773603475552, "lower_bound": 0.02651930342478332, "running_time": 9834.876298904419}, "min_max_equal_weight": {"max_delay": 0.12651168180952152, "running_time": 994.9138164520264}, "min_max_pulp": {"max_delay": 0.044062500643849686, "running_time": 581698.6317634583}}, "60": {"num_user": 500, "num_service": 41, "min_max_greedy": {"max_delay": 0.03247959798690441, "running_time": 3289.5121574401855}, "min_max_surrogate_relaxation": {"max_delay": 0.03485627938238498, "lower_bound": 0.021574530031722872, "running_time": 10231.086015701294}, "min_max_equal_weight": {"max_delay": 0.03721858287735163, "running_time": 989.710807800293}, "min_max_pulp": {"max_delay": 0.03247959798690441, "running_time": 730171.6644763947}}, "70": {"num_user": 500, "num_service": 41, "min_max_greedy": {"max_delay": 0.02939294170303448, "running_time": 3677.445888519287}, "min_max_surrogate_relaxation": {"max_delay": 0.034046982195460936, "lower_bound": 0.02059492250663107, "running_time": 11705.005168914795}, "min_max_equal_weight": {"max_delay": 0.030760501349045143, "running_time": 941.9083595275879}, "min_max_pulp": {"max_delay": 0.02939294170303448, "running_time": 884663.1610393524}}, "80": {"num_user": 500, "num_service": 41, "min_max_greedy": {"max_delay": 0.027126056615986056, "running_time": 4550.750732421875}, "min_max_surrogate_relaxation": {"max_delay": 0.034046982195460936, "lower_bound": 0.01959677219544582, "running_time": 9402.081727981567}, "min_max_equal_weight": {"max_delay": 0.029255028968675104, "running_time": 966.9184684753418}, "min_max_pulp": {"max_delay": 0.027126056615986056, "running_time": 1058593.9338207245}}, "90": {"num_user": 500, "num_service": 41, "min_max_greedy": {"max_delay": 0.025702563167731424, "running_time": 5381.195068359375}, "min_max_surrogate_relaxation": {"max_delay": 0.03377230750669606, "lower_bound": 0.019908223390019256, "running_time": 12827.671527862549}, "min_max_equal_weight": {"max_delay": 0.027160096159107742, "running_time": 958.3461284637451}, "min_max_pulp": {"max_delay": 0.02532384082974342, "running_time": 1217690.5581951141}}, "100": {"num_user": 500, "num_service": 41, "min_max_greedy": {"max_delay": 0.025021913419238984, "running_time": 6369.453430175781}, "min_max_surrogate_relaxation": {"max_delay": 0.03363947560990671, "lower_bound": 0.019372737513691778, "running_time": 12021.099090576172}, "min_max_equal_weight": {"max_delay": 0.026042084740297136, "running_time": 948.0960369110107}, "min_max_pulp": {"max_delay": 0.023900347381488787, "running_time": 1417428.3816814423}}}