{"entropy": 162480217041981347494669463073341260689, "10": {"num_user": 500, "num_service": 41, "min_max_greedy": {"max_delay": 0.0652007809879518, "running_time": 1345.107078552246}, "min_max_surrogate_relaxation": {"max_delay": 0.0652007809879518, "lower_bound": 0.05181369293978247, "running_time": 7240.958452224731}, "min_max_equal_weight": {"max_delay": 0.0652007809879518, "running_time": 969.7988033294678}, "min_max_pulp": {"max_delay": 0.0652007809879518, "running_time": 113608.49237442017}}, "20": {"num_user": 500, "num_service": 41, "min_max_greedy": {"max_delay": 0.04850881356122888, "running_time": 1968.60671043396}, "min_max_surrogate_relaxation": {"max_delay": 0.04850881356122888, "lower_bound": 0.038534112203962134, "running_time": 16989.978790283203}, "min_max_equal_weight": {"max_delay": 0.059519604322387745, "running_time": 956.787109375}, "min_max_pulp": {"max_delay": 0.04850881356122888, "running_time": 220051.05805397034}}, "30": {"num_user": 500, "num_service": 41, "min_max_greedy": {"max_delay": 0.043211072217185384, "running_time": 2455.0206661224365}, "min_max_surrogate_relaxation": {"max_delay": 0.04155297895507241, "lower_bound": 0.0297145079523753, "running_time": 20856.163024902344}, "min_max_equal_weight": {"max_delay": 0.04155297895507241, "running_time": 976.8035411834717}, "min_max_pulp": {"max_delay": 0.04117280006823604, "running_time": 327855.2215099335}}, "40": {"num_user": 500, "num_service": 41, "min_max_greedy": {"max_delay": 0.03854674540644968, "running_time": 3346.7538356781006}, "min_max_surrogate_relaxation": {"max_delay": 0.0390576561394709, "lower_bound": 0.02806353517378057, "running_time": 20111.541032791138}, "min_max_equal_weight": {"max_delay": 0.04109592828842025, "running_time": 981.8265438079834}, "min_max_pulp": {"max_delay": 0.036230723957185816, "running_time": 450673.80475997925}}, "50": {"num_user": 500, "num_service": 41, "min_max_greedy": {"max_delay": 0.03381261092428305, "running_time": 3871.5312480926514}, "min_max_surrogate_relaxation": {"max_delay": 0.03417947697571567, "lower_bound": 0.026875938471811047, "running_time": 33015.182971954346}, "min_max_equal_weight": {"max_delay": 0.03577367329053365, "running_time": 965.794563293457}, "min_max_pulp": {"max_delay": 0.03381261092428305, "running_time": 573922.8224754333}}, "60": {"num_user": 500, "num_service": 41, "min_max_greedy": {"max_delay": 0.03205035782714956, "running_time": 4900.032043457031}, "min_max_surrogate_relaxation": {"max_delay": 0.03169746699551791, "lower_bound": 0.025925935605351908, "running_time": 41412.69063949585}, "min_max_equal_weight": {"max_delay": 0.03135254479343059, "running_time": 972.8004932403564}, "min_max_pulp": {"max_delay": 0.029967590600991547, "running_time": 735096.0626602173}}, "70": {"num_user": 500, "num_service": 41, "min_max_greedy": {"max_delay": 0.03207203137387753, "running_time": 5212.320566177368}, "min_max_surrogate_relaxation": {"max_delay": 0.029935213898384418, "lower_bound": 0.024594991797509604, "running_time": 33171.297550201416}, "min_max_equal_weight": {"max_delay": 0.03089212089490655, "running_time": 967.7958488464355}, "min_max_pulp": {"max_delay": 0.028156350930851684, "running_time": 883668.2488918304}}, "80": {"num_user": 500, "num_service": 41, "min_max_greedy": {"max_delay": 0.027799638285704625, "running_time": 6222.120761871338}, "min_max_surrogate_relaxation": {"max_delay": 0.029474789999860387, "lower_bound": 0.023482175423485047, "running_time": 37903.22422981262}, "min_max_equal_weight": {"max_delay": 0.03089212089490655, "running_time": 1024.843692779541}, "min_max_pulp": {"max_delay": 0.02580210904004493, "running_time": 1087046.7438697815}}, "90": {"num_user": 500, "num_service": 41, "min_max_greedy": {"max_delay": 0.02479124044460347, "running_time": 6849.6410846710205}, "min_max_surrogate_relaxation": {"max_delay": 0.025341685141520895, "lower_bound": 0.02312156653607088, "running_time": 56200.39486885071}, "min_max_equal_weight": {"max_delay": 0.025224070458415453, "running_time": 996.8199729919434}, "min_max_pulp": {"max_delay": 0.024713203854364388, "running_time": 1270057.187795639}}, "100": {"num_user": 500, "num_service": 41, "min_max_greedy": {"max_delay": 0.02367646840523602, "running_time": 7473.150253295898}, "min_max_surrogate_relaxation": {"max_delay": 0.04563655481133737, "lower_bound": 0.018810393251964902, "running_time": 7462.140798568726}, "min_max_equal_weight": {"max_delay": 0.02475750454588579, "running_time": 984.8101139068604}, "min_max_pulp": {"max_delay": 0.02363165519259676, "running_time": 1424275.3415107727}}}