{"entropy": 20276258076089802832563728411951982139, "10": {"num_user": 500, "num_service": 41, "min_max_greedy": {"max_delay": 0.106964815519302, "running_time": 1253.0310153961182}, "min_max_surrogate_relaxation": {"max_delay": 0.106964815519302, "lower_bound": 0.0837418398957698, "running_time": 13870.41449546814}, "min_max_equal_weight": {"max_delay": 0.106964815519302, "running_time": 941.7750835418701}, "min_max_pulp": {"max_delay": 0.106964815519302, "running_time": 104646.11721038818}}, "20": {"num_user": 500, "num_service": 41, "min_max_greedy": {"max_delay": 0.08970863143495494, "running_time": 2090.7206535339355}, "min_max_surrogate_relaxation": {"max_delay": 0.0872413824131505, "lower_bound": 0.06668811452451091, "running_time": 25783.217906951904}, "min_max_equal_weight": {"max_delay": 0.0912739437952421, "running_time": 949.7823715209961}, "min_max_pulp": {"max_delay": 0.08058543523519737, "running_time": 196896.0325717926}}, "30": {"num_user": 500, "num_service": 41, "min_max_greedy": {"max_delay": 0.07036324286691772, "running_time": 2775.2835750579834}, "min_max_surrogate_relaxation": {"max_delay": 0.06925466246339482, "lower_bound": 0.05505518915289363, "running_time": 29348.151206970215}, "min_max_equal_weight": {"max_delay": 0.06925466246339482, "running_time": 966.7959213256836}, "min_max_pulp": {"max_delay": 0.06925466246339482, "running_time": 293319.6425437927}}, "40": {"num_user": 500, "num_service": 41, "min_max_greedy": {"max_delay": 0.05878286077003798, "running_time": 3150.593042373657}, "min_max_surrogate_relaxation": {"max_delay": 0.056056838386207, "lower_bound": 0.052120267867850754, "running_time": 34699.55563545227}, "min_max_equal_weight": {"max_delay": 0.05799083045391931, "running_time": 968.7972068786621}, "min_max_pulp": {"max_delay": 0.056056838386207, "running_time": 397581.2120437622}}, "50": {"num_user": 500, "num_service": 41, "min_max_greedy": {"max_delay": 0.05497930920030984, "running_time": 3922.2280979156494}, "min_max_surrogate_relaxation": {"max_delay": 0.05377247810436267, "lower_bound": 0.04765845966160267, "running_time": 21444.647312164307}, "min_max_equal_weight": {"max_delay": 0.05522010677119693, "running_time": 948.7807750701904}, "min_max_pulp": {"max_delay": 0.05264155986361863, "running_time": 513195.80006599426}}, "60": {"num_user": 500, "num_service": 41, "min_max_greedy": {"max_delay": 0.05287671801440602, "running_time": 4521.739959716797}, "min_max_surrogate_relaxation": {"max_delay": 0.05053896867771481, "lower_bound": 0.04697264747318023, "running_time": 37376.789569854736}, "min_max_equal_weight": {"max_delay": 0.052547473442212826, "running_time": 982.8090667724609}, "min_max_pulp": {"max_delay": 0.05053896867771481, "running_time": 656609.5154285431}}, "70": {"num_user": 500, "num_service": 41, "min_max_greedy": {"max_delay": 0.049159029406087414, "running_time": 5259.328603744507}, "min_max_surrogate_relaxation": {"max_delay": 0.049245504852506, "lower_bound": 0.04587485990760769, "running_time": 38133.3749294281}, "min_max_equal_weight": {"max_delay": 0.05078566434834321, "running_time": 1009.8321437835693}, "min_max_pulp": {"max_delay": 0.04888700595390303, "running_time": 776522.6540565491}}, "80": {"num_user": 500, "num_service": 41, "min_max_greedy": {"max_delay": 0.04836675613572712, "running_time": 6056.984901428223}, "min_max_surrogate_relaxation": {"max_delay": 0.048418873339347634, "lower_bound": 0.04531482195111416, "running_time": 51002.97164916992}, "min_max_equal_weight": {"max_delay": 0.049313964015564975, "running_time": 972.8007316589355}, "min_max_pulp": {"max_delay": 0.047275799049099995, "running_time": 921732.2661876678}}, "90": {"num_user": 500, "num_service": 41, "min_max_greedy": {"max_delay": 0.04679462574152361, "running_time": 6256.14857673645}, "min_max_surrogate_relaxation": {"max_delay": 0.04716953489013511, "lower_bound": 0.04480397545619327, "running_time": 38386.589765548706}, "min_max_equal_weight": {"max_delay": 0.047753424155005976, "running_time": 963.7935161590576}, "min_max_pulp": {"max_delay": 0.04634227717305252, "running_time": 1074845.029592514}}, "100": {"num_user": 500, "num_service": 41, "min_max_greedy": {"max_delay": 0.046308473831747056, "running_time": 7131.869316101074}, "min_max_surrogate_relaxation": {"max_delay": 0.04601862526895565, "lower_bound": 0.04430683516571094, "running_time": 36848.323583602905}, "min_max_equal_weight": {"max_delay": 0.04685833347878864, "running_time": 968.7974452972412}, "min_max_pulp": {"max_delay": 0.04556980827603269, "running_time": 1266089.8923873901}}}