{"entropy": 32357352537339737356416651007010607483, "10": {"num_user": 500, "num_service": 41, "min_max_greedy": {"max_delay": 0.04904199998718773, "running_time": 886.7824077606201}, "min_max_surrogate_relaxation": {"max_delay": 0.04904199998718773, "lower_bound": 0.04986779702762301, "running_time": 9721.089839935303}, "min_max_equal_weight": {"max_delay": 0.09734603842955089, "running_time": 1034.8517894744873}, "min_max_pulp": {"max_delay": 0.04904199998718773, "running_time": 138516.39699935913}}, "20": {"num_user": 500, "num_service": 41, "min_max_greedy": {"max_delay": 0.02592074466896195, "running_time": 2373.873710632324}, "min_max_surrogate_relaxation": {"max_delay": 0.026592664344623443, "lower_bound": 0.01616187864946824, "running_time": 10449.877500534058}, "min_max_equal_weight": {"max_delay": 0.02592074466896195, "running_time": 1024.4336128234863}, "min_max_pulp": {"max_delay": 0.02592074466896195, "running_time": 258621.66476249695}}, "30": {"num_user": 500, "num_service": 41, "min_max_greedy": {"max_delay": 0.018740581300491062, "running_time": 2799.8130321502686}, "min_max_surrogate_relaxation": {"max_delay": 0.01967153374913516, "lower_bound": 0.013218610145901848, "running_time": 19300.33302307129}, "min_max_equal_weight": {"max_delay": 0.02476690931099211, "running_time": 974.8022556304932}, "min_max_pulp": {"max_delay": 0.018740581300491062, "running_time": 404236.0179424286}}, "40": {"num_user": 500, "num_service": 41, "min_max_greedy": {"max_delay": 0.01685209231226206, "running_time": 3716.963768005371}, "min_max_surrogate_relaxation": {"max_delay": 0.016405526783748466, "lower_bound": 0.012602636115514687, "running_time": 28438.756704330444}, "min_max_equal_weight": {"max_delay": 0.017845778715503836, "running_time": 975.8024215698242}, "min_max_pulp": {"max_delay": 0.016121791019155965, "running_time": 556113.0268573761}}, "50": {"num_user": 500, "num_service": 41, "min_max_greedy": {"max_delay": 0.014679732981476862, "running_time": 5044.426679611206}, "min_max_surrogate_relaxation": {"max_delay": 0.01506774268794711, "lower_bound": 0.01140438504358996, "running_time": 27788.5160446167}, "min_max_equal_weight": {"max_delay": 0.016121791019155965, "running_time": 988.9287948608398}, "min_max_pulp": {"max_delay": 0.014679732981476862, "running_time": 713226.4277935028}}, "60": {"num_user": 500, "num_service": 41, "min_max_greedy": {"max_delay": 0.014366508973580983, "running_time": 6200.936079025269}, "min_max_surrogate_relaxation": {"max_delay": 0.013736288975628484, "lower_bound": 0.010964267861329905, "running_time": 44288.79499435425}, "min_max_equal_weight": {"max_delay": 0.014395997216884358, "running_time": 997.0650672912598}, "min_max_pulp": {"max_delay": 0.01334828700450487, "running_time": 927451.70378685}}, "70": {"num_user": 500, "num_service": 41, "min_max_greedy": {"max_delay": 0.013396648809945646, "running_time": 7305.011034011841}, "min_max_surrogate_relaxation": {"max_delay": 0.01336611661918487, "lower_bound": 0.01022497259608794, "running_time": 34711.49492263794}, "min_max_equal_weight": {"max_delay": 0.013686655763884064, "running_time": 1043.8590049743652}, "min_max_pulp": {"max_delay": 0.012353593316948205, "running_time": 1128805.9780597687}}, "80": {"num_user": 500, "num_service": 41, "min_max_greedy": {"max_delay": 0.011383733153312868, "running_time": 6947.717189788818}, "min_max_surrogate_relaxation": {"max_delay": 0.011614265624343409, "lower_bound": 0.009975973681897241, "running_time": 40393.24688911438}, "min_max_equal_weight": {"max_delay": 0.0130544274027733, "running_time": 1024.8429775238037}, "min_max_pulp": {"max_delay": 0.01126622181011002, "running_time": 1385548.4189987183}}, "90": {"num_user": 500, "num_service": 41, "min_max_greedy": {"max_delay": 0.010873492458107347, "running_time": 8547.03402519226}, "min_max_surrogate_relaxation": {"max_delay": 0.01118278642848015, "lower_bound": 0.009477411843182171, "running_time": 42225.825548172}, "min_max_equal_weight": {"max_delay": 0.011936314331127748, "running_time": 1060.873031616211}, "min_max_pulp": {"max_delay": 0.010628858937207221, "running_time": 1612651.2744426727}}, "100": {"num_user": 500, "num_service": 41, "min_max_greedy": {"max_delay": 0.010724441033630098, "running_time": 8396.910190582275}, "min_max_surrogate_relaxation": {"max_delay": 0.010220255691474866, "lower_bound": 0.009189789094368963, "running_time": 50315.406799316406}, "min_max_equal_weight": {"max_delay": 0.010966454167492411, "running_time": 1048.863172531128}, "min_max_pulp": {"max_delay": 0.010066509433224985, "running_time": 1871957.9045772552}}}