{"entropy": 306667235447093953757203671198900224543, "10": {"num_user": 500, "num_service": 41, "min_max_greedy": {"max_delay": 0.19392928115132022, "running_time": 1891.5565013885498}, "min_max_surrogate_relaxation": {"max_delay": 0.19392928115132022, "lower_bound": 0.18888071721204144, "running_time": 17575.46305656433}, "min_max_equal_weight": {"max_delay": 0.1966083508616846, "running_time": 1158.3476066589355}, "min_max_pulp": {"max_delay": 0.19089187839300661, "running_time": 127876.00660324097}}, "20": {"num_user": 500, "num_service": 41, "min_max_greedy": {"max_delay": 0.19106379058207795, "running_time": 2216.8242931365967}, "min_max_surrogate_relaxation": {"max_delay": 0.18863688639631013, "lower_bound": 0.18356347860981673, "running_time": 18475.20399093628}, "min_max_equal_weight": {"max_delay": 0.19003002601131136, "running_time": 1004.8267841339111}, "min_max_pulp": {"max_delay": 0.18863688639631013, "running_time": 229650.49290657043}}, "30": {"num_user": 500, "num_service": 41, "min_max_greedy": {"max_delay": 0.1889621995588634, "running_time": 3112.5612258911133}, "min_max_surrogate_relaxation": {"max_delay": 0.18624695116777182, "lower_bound": 0.1812417007784463, "running_time": 29467.249631881714}, "min_max_equal_weight": {"max_delay": 0.18716453544206912, "running_time": 1000.8234977722168}, "min_max_pulp": {"max_delay": 0.18598052869315185, "running_time": 351341.13669395447}}, "40": {"num_user": 500, "num_service": 41, "min_max_greedy": {"max_delay": 0.18386160693536724, "running_time": 3285.703659057617}, "min_max_surrogate_relaxation": {"max_delay": 0.18468480107426155, "lower_bound": 0.17943511469104756, "running_time": 23536.368370056152}, "min_max_equal_weight": {"max_delay": 0.18583006191405704, "running_time": 1049.8640537261963}, "min_max_pulp": {"max_delay": 0.18377364156863082, "running_time": 482849.9073982239}}, "50": {"num_user": 500, "num_service": 41, "min_max_greedy": {"max_delay": 0.18229945684185697, "running_time": 3938.2410049438477}, "min_max_surrogate_relaxation": {"max_delay": 0.18229945684185697, "lower_bound": 0.17820925342345834, "running_time": 22453.47785949707}, "min_max_equal_weight": {"max_delay": 0.1833155450956551, "running_time": 986.8118762969971}, "min_max_pulp": {"max_delay": 0.18168677896042693, "running_time": 638824.9099254608}}, "60": {"num_user": 500, "num_service": 41, "min_max_greedy": {"max_delay": 0.18017409225619369, "running_time": 5320.377826690674}, "min_max_surrogate_relaxation": {"max_delay": 0.18034601493845617, "lower_bound": 0.1779036392028081, "running_time": 45254.241704940796}, "min_max_equal_weight": {"max_delay": 0.1821380727723589, "running_time": 1070.8816051483154}, "min_max_pulp": {"max_delay": 0.18017409225619369, "running_time": 790426.4695644379}}, "70": {"num_user": 500, "num_service": 41, "min_max_greedy": {"max_delay": 0.17928121147712495, "running_time": 5769.747972488403}, "min_max_surrogate_relaxation": {"max_delay": 0.17942442727417066, "lower_bound": 0.1770355574257111, "running_time": 33602.65278816223}, "min_max_equal_weight": {"max_delay": 0.18057592267884862, "running_time": 992.8174018859863}, "min_max_pulp": {"max_delay": 0.17899071850600556, "running_time": 953773.894071579}}, "80": {"num_user": 500, "num_service": 41, "min_max_greedy": {"max_delay": 0.1783442356026432, "running_time": 6689.504861831665}, "min_max_surrogate_relaxation": {"max_delay": 0.17851389515320396, "lower_bound": 0.17678403341801474, "running_time": 62408.358097076416}, "min_max_equal_weight": {"max_delay": 0.17837816079600152, "running_time": 1008.8303089141846}, "min_max_pulp": {"max_delay": 0.17815638298768935, "running_time": 1160063.842535019}}, "90": {"num_user": 500, "num_service": 41, "min_max_greedy": {"max_delay": 0.1775171493929467, "running_time": 8123.685836791992}, "min_max_surrogate_relaxation": {"max_delay": 0.17823967177935857, "lower_bound": 0.1761735071120157, "running_time": 32276.56126022339}, "min_max_equal_weight": {"max_delay": 0.1779381833447803, "running_time": 1011.8322372436523}, "min_max_pulp": {"max_delay": 0.1773884993171727, "running_time": 1379859.0412139893}}, "100": {"num_user": 500, "num_service": 41, "min_max_greedy": {"max_delay": 0.1772825683176077, "running_time": 8807.240962982178}, "min_max_surrogate_relaxation": {"max_delay": 0.1772714359792728, "lower_bound": 0.17595062911857168, "running_time": 43552.84118652344}, "min_max_equal_weight": {"max_delay": 0.1774176055915367, "running_time": 1076.8864154815674}, "min_max_pulp": {"max_delay": 0.17669645568910133, "running_time": 1570318.4649944305}}}