{"entropy": 293956665623657221465934653359913345551, "10": {"num_user": 500, "num_service": 41, "min_max_greedy": {"max_delay": 0.062129473964843085, "running_time": 1550.8267879486084}, "min_max_surrogate_relaxation": {"max_delay": 0.059796768644919396, "lower_bound": 0.05487107604591418, "running_time": 26827.597618103027}, "min_max_equal_weight": {"max_delay": 0.0623484100101222, "running_time": 983.8981628417969}, "min_max_pulp": {"max_delay": 0.059796768644919396, "running_time": 119377.51603126526}}, "20": {"num_user": 500, "num_service": 41, "min_max_greedy": {"max_delay": 0.055674206822299684, "running_time": 2321.394920349121}, "min_max_surrogate_relaxation": {"max_delay": 0.053818844071913244, "lower_bound": 0.04800423260230052, "running_time": 19482.50651359558}, "min_max_equal_weight": {"max_delay": 0.053818844071913244, "running_time": 972.8004932403564}, "min_max_pulp": {"max_delay": 0.05311243128506864, "running_time": 219992.72179603577}}, "30": {"num_user": 500, "num_service": 41, "min_max_greedy": {"max_delay": 0.05138532634387013, "running_time": 3283.0026149749756}, "min_max_surrogate_relaxation": {"max_delay": 0.05162870634377603, "lower_bound": 0.04381674519980756, "running_time": 24768.145322799683}, "min_max_equal_weight": {"max_delay": 0.051344576719409105, "running_time": 976.804256439209}, "min_max_pulp": {"max_delay": 0.04997705287728153, "running_time": 337809.05961990356}}, "40": {"num_user": 500, "num_service": 41, "min_max_greedy": {"max_delay": 0.04752121981069083, "running_time": 3792.1206951141357}, "min_max_surrogate_relaxation": {"max_delay": 0.04991155228274978, "lower_bound": 0.04169858618397925, "running_time": 23797.46985435486}, "min_max_equal_weight": {"max_delay": 0.05088554524743863, "running_time": 991.9703006744385}, "min_max_pulp": {"max_delay": 0.04752121981069083, "running_time": 461289.5450592041}}, "50": {"num_user": 500, "num_service": 41, "min_max_greedy": {"max_delay": 0.04584165637314715, "running_time": 4860.795497894287}, "min_max_surrogate_relaxation": {"max_delay": 0.044836166437623746, "lower_bound": 0.040441792843173396, "running_time": 31343.724727630615}, "min_max_equal_weight": {"max_delay": 0.04940182030614603, "running_time": 990.1862144470215}, "min_max_pulp": {"max_delay": 0.044836166437623746, "running_time": 598667.3874855042}}, "60": {"num_user": 500, "num_service": 41, "min_max_greedy": {"max_delay": 0.04289665344359058, "running_time": 4921.485424041748}, "min_max_surrogate_relaxation": {"max_delay": 0.043532934625787154, "lower_bound": 0.03967776343132539, "running_time": 36014.018297195435}, "min_max_equal_weight": {"max_delay": 0.04365477876194687, "running_time": 979.8061847686768}, "min_max_pulp": {"max_delay": 0.04234561920744988, "running_time": 755971.3609218597}}, "70": {"num_user": 500, "num_service": 41, "min_max_greedy": {"max_delay": 0.04033338806985432, "running_time": 6376.3978481292725}, "min_max_surrogate_relaxation": {"max_delay": 0.04035917633297324, "lower_bound": 0.03858173413291127, "running_time": 40750.87547302246}, "min_max_equal_weight": {"max_delay": 0.041963099130581605, "running_time": 991.5204048156738}, "min_max_pulp": {"max_delay": 0.04033338806985432, "running_time": 896560.3845119476}}, "80": {"num_user": 500, "num_service": 41, "min_max_greedy": {"max_delay": 0.03951481861443509, "running_time": 6428.947687149048}, "min_max_surrogate_relaxation": {"max_delay": 0.03988220885972169, "lower_bound": 0.03801065608721534, "running_time": 34234.68494415283}, "min_max_equal_weight": {"max_delay": 0.04015415847965311, "running_time": 985.8109951019287}, "min_max_pulp": {"max_delay": 0.039499302304673314, "running_time": 1062253.576040268}}, "90": {"num_user": 500, "num_service": 41, "min_max_greedy": {"max_delay": 0.03892050905643429, "running_time": 7190.274238586426}, "min_max_surrogate_relaxation": {"max_delay": 0.03930980076111496, "lower_bound": 0.03782808667111739, "running_time": 43062.45183944702}, "min_max_equal_weight": {"max_delay": 0.03944534060415715, "running_time": 998.821496963501}, "min_max_pulp": {"max_delay": 0.03892050905643429, "running_time": 1257601.3689041138}}, "100": {"num_user": 500, "num_service": 41, "min_max_greedy": {"max_delay": 0.03888851640638759, "running_time": 8180.613040924072}, "min_max_surrogate_relaxation": {"max_delay": 0.038608192588978005, "lower_bound": 0.03748195920669587, "running_time": 46878.71527671814}, "min_max_equal_weight": {"max_delay": 0.03920250214697882, "running_time": 994.4765567779541}, "min_max_pulp": {"max_delay": 0.038381186534364634, "running_time": 1427971.796989441}}}