{"entropy": 29772095514383868560922607765067900234, "10": {"num_user": 500, "num_service": 41, "min_max_greedy": {"max_delay": 0.06551204152816853, "running_time": 1493.7026500701904}, "min_max_surrogate_relaxation": {"max_delay": 0.061927440617625416, "lower_bound": 0.05699588080434939, "running_time": 13973.795652389526}, "min_max_equal_weight": {"max_delay": 0.06551204152816853, "running_time": 942.8935050964355}, "min_max_pulp": {"max_delay": 0.061927440617625416, "running_time": 152065.95945358276}}, "20": {"num_user": 500, "num_service": 41, "min_max_greedy": {"max_delay": 0.05769896833891664, "running_time": 2256.8252086639404}, "min_max_surrogate_relaxation": {"max_delay": 0.05818945419896976, "lower_bound": 0.05280966800266143, "running_time": 16126.790285110474}, "min_max_equal_weight": {"max_delay": 0.05927197682399954, "running_time": 943.7768459320068}, "min_max_pulp": {"max_delay": 0.057467441786163836, "running_time": 288059.1893196106}}, "30": {"num_user": 500, "num_service": 41, "min_max_greedy": {"max_delay": 0.05472681827733342, "running_time": 3462.3982906341553}, "min_max_surrogate_relaxation": {"max_delay": 0.0540048058645275, "lower_bound": 0.0509042368475819, "running_time": 23439.971208572388}, "min_max_equal_weight": {"max_delay": 0.059009169369308445, "running_time": 949.5959281921387}, "min_max_pulp": {"max_delay": 0.0540048058645275, "running_time": 440065.69051742554}}, "40": {"num_user": 500, "num_service": 41, "min_max_greedy": {"max_delay": 0.053153732172289275, "running_time": 4188.696622848511}, "min_max_surrogate_relaxation": {"max_delay": 0.03600941149374601, "lower_bound": 0.04784943074140274, "running_time": 13824.703454971313}, "min_max_equal_weight": {"max_delay": 0.05302926233151247, "running_time": 965.9199714660645}, "min_max_pulp": {"max_delay": 0.03242481058320289, "running_time": 617065.6168460846}}, "50": {"num_user": 500, "num_service": 41, "min_max_greedy": {"max_delay": 0.022390444327861185, "running_time": 2298.7594604492188}, "min_max_surrogate_relaxation": {"max_delay": 0.022390444327861185, "lower_bound": 0.014768157076937238, "running_time": 7107.513427734375}, "min_max_equal_weight": {"max_delay": 0.05289840039933892, "running_time": 975.8985042572021}, "min_max_pulp": {"max_delay": 0.021668431915055263, "running_time": 813145.231962204}}, "60": {"num_user": 500, "num_service": 41, "min_max_greedy": {"max_delay": 0.01887563929818918, "running_time": 3123.6572265625}, "min_max_surrogate_relaxation": {"max_delay": 0.021668431915055263, "lower_bound": 0.011071346093769377, "running_time": 11768.302202224731}, "min_max_equal_weight": {"max_delay": 0.05148947872404407, "running_time": 963.4430408477783}, "min_max_pulp": {"max_delay": 0.017974269440666123, "running_time": 1005284.7857475281}}, "70": {"num_user": 500, "num_service": 41, "min_max_greedy": {"max_delay": 0.01586166558777197, "running_time": 4240.171194076538}, "min_max_surrogate_relaxation": {"max_delay": 0.019969290817793448, "lower_bound": 0.009119998523362056, "running_time": 9407.440900802612}, "min_max_equal_weight": {"max_delay": 0.016138453500892127, "running_time": 944.8928833007812}, "min_max_pulp": {"max_delay": 0.01586166558777197, "running_time": 1209003.1304359436}}, "80": {"num_user": 500, "num_service": 41, "min_max_greedy": {"max_delay": 0.0148873779639031, "running_time": 4488.706111907959}, "min_max_surrogate_relaxation": {"max_delay": 0.01833009018158731, "lower_bound": 0.00869944987979945, "running_time": 9306.005001068115}, "min_max_equal_weight": {"max_delay": 0.015467996200907327, "running_time": 947.2858905792236}, "min_max_pulp": {"max_delay": 0.014016795747273344, "running_time": 1453932.5652122498}}, "90": {"num_user": 500, "num_service": 41, "min_max_greedy": {"max_delay": 0.014075189436014972, "running_time": 5432.151556015015}, "min_max_surrogate_relaxation": {"max_delay": 0.020366246734301187, "lower_bound": 0.008472592091556113, "running_time": 9736.76872253418}, "min_max_equal_weight": {"max_delay": 0.015156517876480362, "running_time": 961.3661766052246}, "min_max_pulp": {"max_delay": 0.013627112583143417, "running_time": 1702307.9044818878}}, "100": {"num_user": 500, "num_service": 41, "min_max_greedy": {"max_delay": 0.013400431716843537, "running_time": 5967.063188552856}, "min_max_surrogate_relaxation": {"max_delay": 0.016401011775893936, "lower_bound": 0.009036255543912766, "running_time": 16732.820510864258}, "min_max_equal_weight": {"max_delay": 0.01381062618806756, "running_time": 961.7588520050049}, "min_max_pulp": {"max_delay": 0.01280576729672203, "running_time": 1951832.3810100555}}}