{"entropy": 253368955405882040256778587178282286501, "10": {"num_user": 500, "num_service": 41, "min_max_greedy": {"max_delay": 0.19787627622444914, "running_time": 1349.4129180908203}, "min_max_surrogate_relaxation": {"max_delay": 0.19787627622444914, "lower_bound": 0.18718416029286106, "running_time": 11686.826229095459}, "min_max_equal_weight": {"max_delay": 0.19787627622444914, "running_time": 946.7794895172119}, "min_max_pulp": {"max_delay": 0.19787627622444914, "running_time": 118300.81725120544}}, "20": {"num_user": 500, "num_service": 41, "min_max_greedy": {"max_delay": 0.1788390685339813, "running_time": 2197.8085041046143}, "min_max_surrogate_relaxation": {"max_delay": 0.17422020123090315, "lower_bound": 0.16823073634494387, "running_time": 24411.331176757812}, "min_max_equal_weight": {"max_delay": 0.1745822361171557, "running_time": 991.7314052581787}, "min_max_pulp": {"max_delay": 0.17422020123090315, "running_time": 225095.7591533661}}, "30": {"num_user": 500, "num_service": 41, "min_max_greedy": {"max_delay": 0.17410798008012662, "running_time": 3190.938711166382}, "min_max_surrogate_relaxation": {"max_delay": 0.16872766935354344, "lower_bound": 0.16264436055467232, "running_time": 26967.604637145996}, "min_max_equal_weight": {"max_delay": 0.16750548077513475, "running_time": 945.0745582580566}, "min_max_pulp": {"max_delay": 0.16750548077513475, "running_time": 335041.23401641846}}, "40": {"num_user": 500, "num_service": 41, "min_max_greedy": {"max_delay": 0.1664062430538278, "running_time": 3642.997980117798}, "min_max_surrogate_relaxation": {"max_delay": 0.1658186877463988, "lower_bound": 0.15945505526964093, "running_time": 24849.84588623047}, "min_max_equal_weight": {"max_delay": 0.1658186877463988, "running_time": 976.0780334472656}, "min_max_pulp": {"max_delay": 0.16438210997540423, "running_time": 469278.78499031067}}, "50": {"num_user": 500, "num_service": 41, "min_max_greedy": {"max_delay": 0.1635267053420759, "running_time": 4307.676315307617}, "min_max_surrogate_relaxation": {"max_delay": 0.16360686924623177, "lower_bound": 0.15970860249364102, "running_time": 38099.52449798584}, "min_max_equal_weight": {"max_delay": 0.1657248450355271, "running_time": 964.7939205169678}, "min_max_pulp": {"max_delay": 0.16225103567140772, "running_time": 638394.6719169617}}, "60": {"num_user": 500, "num_service": 41, "min_max_greedy": {"max_delay": 0.1612187113007501, "running_time": 4954.076528549194}, "min_max_surrogate_relaxation": {"max_delay": 0.16231517825552513, "lower_bound": 0.15831152626812137, "running_time": 30682.270050048828}, "min_max_equal_weight": {"max_delay": 0.16284183157015591, "running_time": 987.8122806549072}, "min_max_pulp": {"max_delay": 0.16053731328244938, "running_time": 778684.3843460083}}, "70": {"num_user": 500, "num_service": 41, "min_max_greedy": {"max_delay": 0.1596801612713644, "running_time": 6201.103210449219}, "min_max_surrogate_relaxation": {"max_delay": 0.15999929423325102, "lower_bound": 0.15772614818565617, "running_time": 54855.14235496521}, "min_max_equal_weight": {"max_delay": 0.1604788297887908, "running_time": 985.8090877532959}, "min_max_pulp": {"max_delay": 0.15954430240238732, "running_time": 960955.5771350861}}, "80": {"num_user": 500, "num_service": 41, "min_max_greedy": {"max_delay": 0.15913883914666274, "running_time": 6975.743532180786}, "min_max_surrogate_relaxation": {"max_delay": 0.15882402894015535, "lower_bound": 0.1572752205556554, "running_time": 58267.93050765991}, "min_max_equal_weight": {"max_delay": 0.1602922872903796, "running_time": 993.8182830810547}, "min_max_pulp": {"max_delay": 0.15851428348650326, "running_time": 1155791.9545173645}}, "90": {"num_user": 500, "num_service": 41, "min_max_greedy": {"max_delay": 0.15897701000967196, "running_time": 7128.866672515869}, "min_max_surrogate_relaxation": {"max_delay": 0.15894797608577532, "lower_bound": 0.1566207258122839, "running_time": 37511.87324523926}, "min_max_equal_weight": {"max_delay": 0.1593520970893491, "running_time": 1043.858528137207}, "min_max_pulp": {"max_delay": 0.15783931677129798, "running_time": 1327946.0351467133}}, "100": {"num_user": 500, "num_service": 41, "min_max_greedy": {"max_delay": 0.15820988857440813, "running_time": 8014.595746994019}, "min_max_surrogate_relaxation": {"max_delay": 0.1582595256922637, "lower_bound": 0.15639973898263343, "running_time": 55573.737144470215}, "min_max_equal_weight": {"max_delay": 0.15839813321338972, "running_time": 1013.8344764709473}, "min_max_pulp": {"max_delay": 0.15750478985114016, "running_time": 1528980.4363250732}}}