{"entropy": 128930926513392687997566669332115224436, "10": {"num_user": 500, "num_service": 41, "min_max_greedy": {"max_delay": 0.06565710843573856, "running_time": 1747.4377155303955}, "min_max_surrogate_relaxation": {"max_delay": 0.06027858783643349, "lower_bound": 0.03869117881642562, "running_time": 9413.747072219849}, "min_max_equal_weight": {"max_delay": 0.06257442053935323, "running_time": 953.7844657897949}, "min_max_pulp": {"max_delay": 0.05869737300139042, "running_time": 120797.42908477783}}, "20": {"num_user": 500, "num_service": 41, "min_max_greedy": {"max_delay": 0.04270467823632228, "running_time": 2624.159812927246}, "min_max_surrogate_relaxation": {"max_delay": 0.04270467823632228, "lower_bound": 0.034916275052012676, "running_time": 21732.884645462036}, "min_max_equal_weight": {"max_delay": 0.04937176580365252, "running_time": 1042.8578853607178}, "min_max_pulp": {"max_delay": 0.04270467823632228, "running_time": 213144.6568965912}}, "30": {"num_user": 500, "num_service": 41, "min_max_greedy": {"max_delay": 0.03679283699813644, "running_time": 2893.380641937256}, "min_max_surrogate_relaxation": {"max_delay": 0.033573071981211115, "lower_bound": 0.028137265874050466, "running_time": 23276.148319244385}, "min_max_equal_weight": {"max_delay": 0.03790500885579548, "running_time": 956.7873477935791}, "min_max_pulp": {"max_delay": 0.033573071981211115, "running_time": 323004.2748451233}}, "40": {"num_user": 500, "num_service": 41, "min_max_greedy": {"max_delay": 0.028087026278535973, "running_time": 3545.917510986328}, "min_max_surrogate_relaxation": {"max_delay": 0.03052955650130636, "lower_bound": 0.024495301267082024, "running_time": 19056.682109832764}, "min_max_equal_weight": {"max_delay": 0.028631672478984297, "running_time": 957.7879905700684}, "min_max_pulp": {"max_delay": 0.028087026278535973, "running_time": 438679.0044307709}}, "50": {"num_user": 500, "num_service": 41, "min_max_greedy": {"max_delay": 0.02698500092666216, "running_time": 4166.428804397583}, "min_max_surrogate_relaxation": {"max_delay": 0.026873005745648156, "lower_bound": 0.024135562072345587, "running_time": 42202.72994041443}, "min_max_equal_weight": {"max_delay": 0.027467217006067423, "running_time": 981.8081855773926}, "min_max_pulp": {"max_delay": 0.026873005745648156, "running_time": 564570.2250003815}}, "60": {"num_user": 500, "num_service": 41, "min_max_greedy": {"max_delay": 0.02538780979849202, "running_time": 5064.167261123657}, "min_max_surrogate_relaxation": {"max_delay": 0.026012486857009364, "lower_bound": 0.022695577035320623, "running_time": 32828.01532745361}, "min_max_equal_weight": {"max_delay": 0.027467217006067423, "running_time": 989.8149967193604}, "min_max_pulp": {"max_delay": 0.025362897226680597, "running_time": 720544.4633960724}}, "70": {"num_user": 500, "num_service": 41, "min_max_greedy": {"max_delay": 0.02439023126924331, "running_time": 5827.796220779419}, "min_max_surrogate_relaxation": {"max_delay": 0.02459451702410355, "lower_bound": 0.02237993725031673, "running_time": 48339.78056907654}, "min_max_equal_weight": {"max_delay": 0.026365191654193605, "running_time": 975.8026599884033}, "min_max_pulp": {"max_delay": 0.024108753608796562, "running_time": 883872.8249073029}}, "80": {"num_user": 500, "num_service": 41, "min_max_greedy": {"max_delay": 0.02364519894941008, "running_time": 6797.593832015991}, "min_max_surrogate_relaxation": {"max_delay": 0.023384322569747523, "lower_bound": 0.021767380140144718, "running_time": 48006.50596618652}, "min_max_equal_weight": {"max_delay": 0.024327076093977003, "running_time": 1002.8254985809326}, "min_max_pulp": {"max_delay": 0.023193722297244673, "running_time": 1044245.5370426178}}, "90": {"num_user": 500, "num_service": 41, "min_max_greedy": {"max_delay": 0.02306105678666114, "running_time": 7483.752727508545}, "min_max_surrogate_relaxation": {"max_delay": 0.022790684396605684, "lower_bound": 0.02141594146178736, "running_time": 46605.28612136841}, "min_max_equal_weight": {"max_delay": 0.023392628904772308, "running_time": 970.4563617706299}, "min_max_pulp": {"max_delay": 0.02245937832348971, "running_time": 1203561.6295337677}}, "100": {"num_user": 500, "num_service": 41, "min_max_greedy": {"max_delay": 0.022861336758070245, "running_time": 8074.837207794189}, "min_max_surrogate_relaxation": {"max_delay": 0.022211138853861247, "lower_bound": 0.02116480959422703, "running_time": 58610.933780670166}, "min_max_equal_weight": {"max_delay": 0.022790684396605684, "running_time": 969.4797992706299}, "min_max_pulp": {"max_delay": 0.02210606441756373, "running_time": 1414733.5953712463}}}