{"entropy": 702931324606598106854552733965085242, "10": {"num_user": 500, "num_service": 41, "min_max_greedy": {"max_delay": 0.046401162873952045, "running_time": 1282.055377960205}, "min_max_surrogate_relaxation": {"max_delay": 0.046401162873952045, "lower_bound": 0.03704797035830443, "running_time": 14218.197107315063}, "min_max_equal_weight": {"max_delay": 0.05240489459360466, "running_time": 958.7886333465576}, "min_max_pulp": {"max_delay": 0.046401162873952045, "running_time": 128886.59858703613}}, "20": {"num_user": 500, "num_service": 41, "min_max_greedy": {"max_delay": 0.03500734477496173, "running_time": 2157.7751636505127}, "min_max_surrogate_relaxation": {"max_delay": 0.03500734477496173, "lower_bound": 0.02586854294066199, "running_time": 14443.248987197876}, "min_max_equal_weight": {"max_delay": 0.03845440996610225, "running_time": 973.8013744354248}, "min_max_pulp": {"max_delay": 0.03500734477496173, "running_time": 233742.45524406433}}, "30": {"num_user": 500, "num_service": 41, "min_max_greedy": {"max_delay": 0.02965924223091637, "running_time": 3172.8689670562744}, "min_max_surrogate_relaxation": {"max_delay": 0.030384969340690515, "lower_bound": 0.02321345205584105, "running_time": 20781.119108200073}, "min_max_equal_weight": {"max_delay": 0.030384969340690515, "running_time": 999.8230934143066}, "min_max_pulp": {"max_delay": 0.027949202483024398, "running_time": 366855.1700115204}}, "40": {"num_user": 500, "num_service": 41, "min_max_greedy": {"max_delay": 0.02822030804080036, "running_time": 3755.249500274658}, "min_max_surrogate_relaxation": {"max_delay": 0.026682583422125993, "lower_bound": 0.023007213288466787, "running_time": 40791.91470146179}, "min_max_equal_weight": {"max_delay": 0.0270167139853799, "running_time": 1010.0133419036865}, "min_max_pulp": {"max_delay": 0.026367942455927378, "running_time": 499447.60942459106}}, "50": {"num_user": 500, "num_service": 41, "min_max_greedy": {"max_delay": 0.025456959628369503, "running_time": 4725.481748580933}, "min_max_surrogate_relaxation": {"max_delay": 0.0270167139853799, "lower_bound": 0.02038166173079537, "running_time": 23963.711738586426}, "min_max_equal_weight": {"max_delay": 0.026682583422125993, "running_time": 991.0416603088379}, "min_max_pulp": {"max_delay": 0.024833593367181803, "running_time": 653383.1810951233}}, "60": {"num_user": 500, "num_service": 41, "min_max_greedy": {"max_delay": 0.024612024554661365, "running_time": 5490.1463985443115}, "min_max_surrogate_relaxation": {"max_delay": 0.024340513379295554, "lower_bound": 0.02054218067643299, "running_time": 67218.84894371033}, "min_max_equal_weight": {"max_delay": 0.026682583422125993, "running_time": 996.8371391296387}, "min_max_pulp": {"max_delay": 0.023094515491868084, "running_time": 830097.9595184326}}, "70": {"num_user": 500, "num_service": 41, "min_max_greedy": {"max_delay": 0.022462915941881, "running_time": 5707.061529159546}, "min_max_surrogate_relaxation": {"max_delay": 0.02238425991761695, "lower_bound": 0.019251747680014, "running_time": 36323.949575424194}, "min_max_equal_weight": {"max_delay": 0.022503102054406705, "running_time": 989.8149967193604}, "min_max_pulp": {"max_delay": 0.021896130913498707, "running_time": 995973.9944934845}}, "80": {"num_user": 500, "num_service": 41, "min_max_greedy": {"max_delay": 0.020824505560606554, "running_time": 6546.9512939453125}, "min_max_surrogate_relaxation": {"max_delay": 0.02131579006037822, "lower_bound": 0.018885704211200165, "running_time": 43076.0293006897}, "min_max_equal_weight": {"max_delay": 0.022321385146468087, "running_time": 1008.8305473327637}, "min_max_pulp": {"max_delay": 0.020577154164562756, "running_time": 1163524.0252017975}}, "90": {"num_user": 500, "num_service": 41, "min_max_greedy": {"max_delay": 0.01959424562839816, "running_time": 7119.91286277771}, "min_max_surrogate_relaxation": {"max_delay": 0.020201139299418854, "lower_bound": 0.01849251362020601, "running_time": 58164.308309555054}, "min_max_equal_weight": {"max_delay": 0.021134073152439606, "running_time": 986.8729114532471}, "min_max_pulp": {"max_delay": 0.01959424562839816, "running_time": 1386632.5023174286}}, "100": {"num_user": 500, "num_service": 41, "min_max_greedy": {"max_delay": 0.019304349759771487, "running_time": 7885.987281799316}, "min_max_surrogate_relaxation": {"max_delay": 0.019133222842304162, "lower_bound": 0.018004948460963684, "running_time": 49155.32732009888}, "min_max_equal_weight": {"max_delay": 0.021039197614751325, "running_time": 982.6774597167969}, "min_max_pulp": {"max_delay": 0.01898636768741956, "running_time": 1583655.2431583405}}}