{"entropy": 4723172704994627120831647680809580203, "10": {"num_user": 500, "num_service": 41, "min_max_greedy": {"max_delay": 0.3011395794769216, "running_time": 1255.033254623413}, "min_max_surrogate_relaxation": {"max_delay": 0.3011395794769216, "lower_bound": 0.28293283918849454, "running_time": 30092.76509284973}, "min_max_equal_weight": {"max_delay": 0.3011395794769216, "running_time": 945.7778930664062}, "min_max_pulp": {"max_delay": 0.3011395794769216, "running_time": 152630.60522079468}}, "20": {"num_user": 500, "num_service": 41, "min_max_greedy": {"max_delay": 0.2755773922366915, "running_time": 2114.7398948669434}, "min_max_surrogate_relaxation": {"max_delay": 0.27646568174108965, "lower_bound": 0.2638021919444806, "running_time": 21851.982593536377}, "min_max_equal_weight": {"max_delay": 0.27646568174108965, "running_time": 944.7841644287109}, "min_max_pulp": {"max_delay": 0.2755773922366915, "running_time": 284240.5321598053}}, "30": {"num_user": 500, "num_service": 41, "min_max_greedy": {"max_delay": 0.26631601118718873, "running_time": 2854.349136352539}, "min_max_surrogate_relaxation": {"max_delay": 0.26631601118718873, "lower_bound": 0.26005634081824375, "running_time": 30381.001472473145}, "min_max_equal_weight": {"max_delay": 0.26839672181751867, "running_time": 934.7691535949707}, "min_max_pulp": {"max_delay": 0.26631601118718873, "running_time": 431391.006231308}}, "40": {"num_user": 500, "num_service": 41, "min_max_greedy": {"max_delay": 0.26407225197262285, "running_time": 3606.968879699707}, "min_max_surrogate_relaxation": {"max_delay": 0.26383344410198073, "lower_bound": 0.25846511541168027, "running_time": 40850.61693191528}, "min_max_equal_weight": {"max_delay": 0.26407636030899023, "running_time": 944.7774887084961}, "min_max_pulp": {"max_delay": 0.263102531540289, "running_time": 607578.4993171692}}, "50": {"num_user": 500, "num_service": 41, "min_max_greedy": {"max_delay": 0.26013208421924056, "running_time": 4136.403799057007}, "min_max_surrogate_relaxation": {"max_delay": 0.26184311976306174, "lower_bound": 0.25593845868595294, "running_time": 39400.42448043823}, "min_max_equal_weight": {"max_delay": 0.26383344410198073, "running_time": 953.7849426269531}, "min_max_pulp": {"max_delay": 0.2594867109218518, "running_time": 819179.2635917664}}, "60": {"num_user": 500, "num_service": 41, "min_max_greedy": {"max_delay": 0.25858225928663275, "running_time": 6167.074680328369}, "min_max_surrogate_relaxation": {"max_delay": 0.25908652974001345, "lower_bound": 0.2544668526905476, "running_time": 35283.0126285553}, "min_max_equal_weight": {"max_delay": 0.26383344410198073, "running_time": 967.796802520752}, "min_max_pulp": {"max_delay": 0.25784120966855817, "running_time": 1013579.746723175}}, "70": {"num_user": 500, "num_service": 41, "min_max_greedy": {"max_delay": 0.2569391429457435, "running_time": 5737.7214431762695}, "min_max_surrogate_relaxation": {"max_delay": 0.25694442981142895, "lower_bound": 0.25412279926730835, "running_time": 55323.27365875244}, "min_max_equal_weight": {"max_delay": 0.2618087739883669, "running_time": 969.9630737304688}, "min_max_pulp": {"max_delay": 0.25601093163302796, "running_time": 1240088.3736610413}}, "80": {"num_user": 500, "num_service": 41, "min_max_greedy": {"max_delay": 0.25532499903281813, "running_time": 6745.269775390625}, "min_max_surrogate_relaxation": {"max_delay": 0.25560546358550407, "lower_bound": 0.2531432881715438, "running_time": 44436.331272125244}, "min_max_equal_weight": {"max_delay": 0.257591804376003, "running_time": 977.1592617034912}, "min_max_pulp": {"max_delay": 0.2547982691372407, "running_time": 1451385.541677475}}, "90": {"num_user": 500, "num_service": 41, "min_max_greedy": {"max_delay": 0.2542266912902153, "running_time": 7458.103895187378}, "min_max_surrogate_relaxation": {"max_delay": 0.2545905061378532, "lower_bound": 0.25269447967004, "running_time": 50238.90542984009}, "min_max_equal_weight": {"max_delay": 0.25442753011090863, "running_time": 956.8862915039062}, "min_max_pulp": {"max_delay": 0.25365764457053197, "running_time": 1663900.9914398193}}, "100": {"num_user": 500, "num_service": 41, "min_max_greedy": {"max_delay": 0.2535358919368275, "running_time": 8328.22847366333}, "min_max_surrogate_relaxation": {"max_delay": 0.25320855729018454, "lower_bound": 0.252240664309198, "running_time": 42492.31219291687}, "min_max_equal_weight": {"max_delay": 0.2541704272999119, "running_time": 974.0874767303467}, "min_max_pulp": {"max_delay": 0.25309903241575954, "running_time": 1996032.2761535645}}}