{"entropy": 311343862231369480779950722250999172596, "10": {"num_user": 500, "num_service": 41, "min_max_greedy": {"max_delay": 0.36561540820504973, "running_time": 1497.0872402191162}, "min_max_surrogate_relaxation": {"max_delay": 0.36854942477167607, "lower_bound": 0.33769328845745233, "running_time": 11731.098413467407}, "min_max_equal_weight": {"max_delay": 0.46516634752085995, "running_time": 948.7810134887695}, "min_max_pulp": {"max_delay": 0.36561540820504973, "running_time": 121376.87230110168}}, "20": {"num_user": 500, "num_service": 41, "min_max_greedy": {"max_delay": 0.32278338364217457, "running_time": 2136.915922164917}, "min_max_surrogate_relaxation": {"max_delay": 0.32278338364217457, "lower_bound": 0.30510046190445805, "running_time": 29416.44287109375}, "min_max_equal_weight": {"max_delay": 0.3272243036520112, "running_time": 953.7849426269531}, "min_max_pulp": {"max_delay": 0.32278338364217457, "running_time": 234980.6990623474}}, "30": {"num_user": 500, "num_service": 41, "min_max_greedy": {"max_delay": 0.299020072149262, "running_time": 3060.9140396118164}, "min_max_surrogate_relaxation": {"max_delay": 0.299020072149262, "lower_bound": 0.29366057803510265, "running_time": 24751.52063369751}, "min_max_equal_weight": {"max_delay": 0.299020072149262, "running_time": 1008.4075927734375}, "min_max_pulp": {"max_delay": 0.299020072149262, "running_time": 347565.8221244812}}, "40": {"num_user": 500, "num_service": 41, "min_max_greedy": {"max_delay": 0.293766973912361, "running_time": 3912.529468536377}, "min_max_surrogate_relaxation": {"max_delay": 0.1997587209964006, "lower_bound": 0.24840806415719965, "running_time": 11894.112348556519}, "min_max_equal_weight": {"max_delay": 0.29620748032323446, "running_time": 965.0635719299316}, "min_max_pulp": {"max_delay": 0.11066856546780401, "running_time": 490759.7110271454}}, "50": {"num_user": 500, "num_service": 41, "min_max_greedy": {"max_delay": 0.07536834096164409, "running_time": 2410.208225250244}, "min_max_surrogate_relaxation": {"max_delay": 0.07995417253534179, "lower_bound": 0.028381228663044093, "running_time": 10166.615724563599}, "min_max_equal_weight": {"max_delay": 0.2923583263301068, "running_time": 1056.0476779937744}, "min_max_pulp": {"max_delay": 0.06704931720873208, "running_time": 634420.1974868774}}, "60": {"num_user": 500, "num_service": 41, "min_max_greedy": {"max_delay": 0.0328866021879118, "running_time": 3021.0249423980713}, "min_max_surrogate_relaxation": {"max_delay": 0.057805779997822396, "lower_bound": 0.021370293715071355, "running_time": 12067.281723022461}, "min_max_equal_weight": {"max_delay": 0.0328866021879118, "running_time": 969.7976112365723}, "min_max_pulp": {"max_delay": 0.0328866021879118, "running_time": 808094.3048000336}}, "70": {"num_user": 500, "num_service": 41, "min_max_greedy": {"max_delay": 0.027479871522100043, "running_time": 3857.3477268218994}, "min_max_surrogate_relaxation": {"max_delay": 0.03814149151593982, "lower_bound": 0.01803703009687978, "running_time": 12027.734756469727}, "min_max_equal_weight": {"max_delay": 0.028292167015567738, "running_time": 1030.8480262756348}, "min_max_pulp": {"max_delay": 0.027213309334145626, "running_time": 984793.8985824585}}, "80": {"num_user": 500, "num_service": 41, "min_max_greedy": {"max_delay": 0.023740735614265013, "running_time": 4959.9316120147705}, "min_max_surrogate_relaxation": {"max_delay": 0.027684452371660635, "lower_bound": 0.019595603718496876, "running_time": 25201.671361923218}, "min_max_equal_weight": {"max_delay": 0.0230228146055134, "running_time": 981.8019866943359}, "min_max_pulp": {"max_delay": 0.0230228146055134, "running_time": 1156872.4081516266}}, "90": {"num_user": 500, "num_service": 41, "min_max_greedy": {"max_delay": 0.022563070812596876, "running_time": 5833.469867706299}, "min_max_surrogate_relaxation": {"max_delay": 0.03512035004361999, "lower_bound": 0.016958743328173074, "running_time": 12297.96290397644}, "min_max_equal_weight": {"max_delay": 0.022939802675917914, "running_time": 999.8228549957275}, "min_max_pulp": {"max_delay": 0.021784502623537465, "running_time": 1338159.048318863}}, "100": {"num_user": 500, "num_service": 41, "min_max_greedy": {"max_delay": 0.02209912530660508, "running_time": 6838.569164276123}, "min_max_surrogate_relaxation": {"max_delay": 0.03512035004361999, "lower_bound": 0.016594327895702768, "running_time": 16925.3146648407}, "min_max_equal_weight": {"max_delay": 0.02162011748293888, "running_time": 1016.9434547424316}, "min_max_pulp": {"max_delay": 0.021072973141265113, "running_time": 1587298.287153244}}}