{"entropy": 265704215411089769321580607185405833079, "10": {"num_user": 500, "num_service": 41, "min_max_greedy": {"max_delay": 0.039211648112135414, "running_time": 1510.2431774139404}, "min_max_surrogate_relaxation": {"max_delay": 0.031115869649871813, "lower_bound": 0.025372209806739085, "running_time": 14350.810050964355}, "min_max_equal_weight": {"max_delay": 0.034565107375192444, "running_time": 965.7948017120361}, "min_max_pulp": {"max_delay": 0.031115869649871813, "running_time": 108324.14364814758}}, "20": {"num_user": 500, "num_service": 41, "min_max_greedy": {"max_delay": 0.022668954779880537, "running_time": 2626.1608600616455}, "min_max_surrogate_relaxation": {"max_delay": 0.02155840136475234, "lower_bound": 0.016876912571664283, "running_time": 12622.355937957764}, "min_max_equal_weight": {"max_delay": 0.022668954779880537, "running_time": 984.8103523254395}, "min_max_pulp": {"max_delay": 0.021389412544963165, "running_time": 207868.06225776672}}, "30": {"num_user": 500, "num_service": 41, "min_max_greedy": {"max_delay": 0.019926372908799894, "running_time": 3698.042869567871}, "min_max_surrogate_relaxation": {"max_delay": 0.019664652824031327, "lower_bound": 0.016057367294105652, "running_time": 23225.09241104126}, "min_max_equal_weight": {"max_delay": 0.019664652824031327, "running_time": 994.8186874389648}, "min_max_pulp": {"max_delay": 0.019253798615557066, "running_time": 294270.1699733734}}, "40": {"num_user": 500, "num_service": 41, "min_max_greedy": {"max_delay": 0.01801844584397659, "running_time": 3992.2854900360107}, "min_max_surrogate_relaxation": {"max_delay": 0.017304803620419622, "lower_bound": 0.015019565297140863, "running_time": 27418.5688495636}, "min_max_equal_weight": {"max_delay": 0.019212730685242926, "running_time": 980.8070659637451}, "min_max_pulp": {"max_delay": 0.017304803620419622, "running_time": 411533.8034629822}}, "50": {"num_user": 500, "num_service": 41, "min_max_greedy": {"max_delay": 0.01723485246450969, "running_time": 4705.872535705566}, "min_max_surrogate_relaxation": {"max_delay": 0.016868649334746095, "lower_bound": 0.014259621624608107, "running_time": 32897.075176239014}, "min_max_equal_weight": {"max_delay": 0.017061441212709198, "running_time": 1039.855718612671}, "min_max_pulp": {"max_delay": 0.016318297067372804, "running_time": 512498.36468696594}}, "60": {"num_user": 500, "num_service": 41, "min_max_greedy": {"max_delay": 0.016152547755866945, "running_time": 5152.240037918091}, "min_max_surrogate_relaxation": {"max_delay": 0.015624913759316308, "lower_bound": 0.013624689521461094, "running_time": 30762.314796447754}, "min_max_equal_weight": {"max_delay": 0.016632152684934995, "running_time": 980.8070659637451}, "min_max_pulp": {"max_delay": 0.015438905532309973, "running_time": 653409.7168445587}}, "70": {"num_user": 500, "num_service": 41, "min_max_greedy": {"max_delay": 0.015321178313535175, "running_time": 5487.515687942505}, "min_max_surrogate_relaxation": {"max_delay": 0.01490507216305144, "lower_bound": 0.013046108233905236, "running_time": 30339.96844291687}, "min_max_equal_weight": {"max_delay": 0.01564564613188818, "running_time": 969.7980880737305}, "min_max_pulp": {"max_delay": 0.014384290472795606, "running_time": 779573.0485916138}}, "80": {"num_user": 500, "num_service": 41, "min_max_greedy": {"max_delay": 0.014680675008479895, "running_time": 6178.084135055542}, "min_max_surrogate_relaxation": {"max_delay": 0.01447600808931409, "lower_bound": 0.012598827571119292, "running_time": 31424.86047744751}, "min_max_equal_weight": {"max_delay": 0.015195543124599552, "running_time": 982.8081130981445}, "min_max_pulp": {"max_delay": 0.014001477579309533, "running_time": 919689.0437602997}}, "90": {"num_user": 500, "num_service": 41, "min_max_greedy": {"max_delay": 0.014126421669925674, "running_time": 7100.843191146851}, "min_max_surrogate_relaxation": {"max_delay": 0.014012474869668423, "lower_bound": 0.012379120258825276, "running_time": 34560.44054031372}, "min_max_equal_weight": {"max_delay": 0.01424673270894232, "running_time": 979.8064231872559}, "min_max_pulp": {"max_delay": 0.01358267748519643, "running_time": 1058116.4326667786}}, "100": {"num_user": 500, "num_service": 41, "min_max_greedy": {"max_delay": 0.013887589737930655, "running_time": 8463.948488235474}, "min_max_surrogate_relaxation": {"max_delay": 0.013723670377212501, "lower_bound": 0.012213782354050408, "running_time": 36519.05298233032}, "min_max_equal_weight": {"max_delay": 0.01424673270894232, "running_time": 1035.8753204345703}, "min_max_pulp": {"max_delay": 0.013114245612112375, "running_time": 1233644.3741321564}}}