{"entropy": 252779313530925198886671132636485343532, "10": {"num_user": 500, "num_service": 41, "min_max_greedy": {"max_delay": 0.08211944111711449, "running_time": 1570.2922344207764}, "min_max_surrogate_relaxation": {"max_delay": 0.0788125949835134, "lower_bound": 0.05228137322987811, "running_time": 17580.607414245605}, "min_max_equal_weight": {"max_delay": 0.08529676508707333, "running_time": 1012.8333568572998}, "min_max_pulp": {"max_delay": 0.07355554277921475, "running_time": 132995.0795173645}}, "20": {"num_user": 500, "num_service": 41, "min_max_greedy": {"max_delay": 0.051439504151273775, "running_time": 2462.0261192321777}, "min_max_surrogate_relaxation": {"max_delay": 0.04899592366979612, "lower_bound": 0.03710323758134487, "running_time": 9911.156415939331}, "min_max_equal_weight": {"max_delay": 0.05182745099352702, "running_time": 994.8182106018066}, "min_max_pulp": {"max_delay": 0.04899592366979612, "running_time": 239821.86341285706}}, "30": {"num_user": 500, "num_service": 41, "min_max_greedy": {"max_delay": 0.04089490953029672, "running_time": 2897.3841667175293}, "min_max_surrogate_relaxation": {"max_delay": 0.035866104157357956, "lower_bound": 0.02922858011641548, "running_time": 30359.984397888184}, "min_max_equal_weight": {"max_delay": 0.03699589390175442, "running_time": 1163.9580726623535}, "min_max_pulp": {"max_delay": 0.035866104157357956, "running_time": 379032.9248905182}}, "40": {"num_user": 500, "num_service": 41, "min_max_greedy": {"max_delay": 0.031133222045991102, "running_time": 3972.26881980896}, "min_max_surrogate_relaxation": {"max_delay": 0.03244162860153163, "lower_bound": 0.025522116166445594, "running_time": 22003.10730934143}, "min_max_equal_weight": {"max_delay": 0.033155902546941174, "running_time": 1026.8197059631348}, "min_max_pulp": {"max_delay": 0.031133222045991102, "running_time": 519316.9209957123}}, "50": {"num_user": 500, "num_service": 41, "min_max_greedy": {"max_delay": 0.027788794779144105, "running_time": 4849.991321563721}, "min_max_surrogate_relaxation": {"max_delay": 0.027298992057306622, "lower_bound": 0.024564896768144752, "running_time": 30305.940628051758}, "min_max_equal_weight": {"max_delay": 0.029128384616856073, "running_time": 1000.8234977722168}, "min_max_pulp": {"max_delay": 0.027298992057306622, "running_time": 674367.1550750732}}, "60": {"num_user": 500, "num_service": 41, "min_max_greedy": {"max_delay": 0.025501529526807672, "running_time": 5472.502946853638}, "min_max_surrogate_relaxation": {"max_delay": 0.025572517621745294, "lower_bound": 0.02282189256741797, "running_time": 24184.902667999268}, "min_max_equal_weight": {"max_delay": 0.027056790217417644, "running_time": 983.8097095489502}, "min_max_pulp": {"max_delay": 0.02510271497008169, "running_time": 852988.9545440674}}, "70": {"num_user": 500, "num_service": 41, "min_max_greedy": {"max_delay": 0.02470003899802999, "running_time": 6543.38526725769}, "min_max_surrogate_relaxation": {"max_delay": 0.024458566925030695, "lower_bound": 0.022468132780840238, "running_time": 42073.62389564514}, "min_max_equal_weight": {"max_delay": 0.02461404594505595, "running_time": 988.8136386871338}, "min_max_pulp": {"max_delay": 0.0241145016410166, "running_time": 1057525.9854793549}}, "80": {"num_user": 500, "num_service": 41, "min_max_greedy": {"max_delay": 0.024133732660945924, "running_time": 7296.003818511963}, "min_max_surrogate_relaxation": {"max_delay": 0.023812555416278268, "lower_bound": 0.022132270983878335, "running_time": 51622.48206138611}, "min_max_equal_weight": {"max_delay": 0.024430682927272896, "running_time": 1024.843454360962}, "min_max_pulp": {"max_delay": 0.02345320976834309, "running_time": 1246994.9579238892}}, "90": {"num_user": 500, "num_service": 41, "min_max_greedy": {"max_delay": 0.023629747575229208, "running_time": 7832.445859909058}, "min_max_surrogate_relaxation": {"max_delay": 0.023182081086849257, "lower_bound": 0.02160952091766517, "running_time": 55591.74823760986}, "min_max_equal_weight": {"max_delay": 0.02323261826408745, "running_time": 998.821496963501}, "min_max_pulp": {"max_delay": 0.02288096979803028, "running_time": 1452170.8014011383}}, "100": {"num_user": 500, "num_service": 41, "min_max_greedy": {"max_delay": 0.022590027568036818, "running_time": 8425.933837890625}, "min_max_surrogate_relaxation": {"max_delay": 0.022573274887578463, "lower_bound": 0.021362016354459713, "running_time": 45018.046855926514}, "min_max_equal_weight": {"max_delay": 0.023124214481766315, "running_time": 1070.8813667297363}, "min_max_pulp": {"max_delay": 0.022349100714555762, "running_time": 1634750.9984970093}}}