{"entropy": 79635470095873493749366991988272767605, "10": {"num_user": 500, "num_service": 41, "min_max_greedy": {"max_delay": 0.031854148664015355, "running_time": 1503.2374858856201}, "min_max_surrogate_relaxation": {"max_delay": 0.039322683689195156, "lower_bound": 0.014505437651499569, "running_time": 7071.569919586182}, "min_max_equal_weight": {"max_delay": 0.03653359372854985, "running_time": 945.7788467407227}, "min_max_pulp": {"max_delay": 0.031854148664015355, "running_time": 207414.34693336487}}, "20": {"num_user": 500, "num_service": 41, "min_max_greedy": {"max_delay": 0.01788563709820398, "running_time": 3380.782127380371}, "min_max_surrogate_relaxation": {"max_delay": 0.020257387533781458, "lower_bound": 0.014644845577929548, "running_time": 14754.28557395935}, "min_max_equal_weight": {"max_delay": 0.020620385017577368, "running_time": 971.1012840270996}, "min_max_pulp": {"max_delay": 0.01788563709820398, "running_time": 416771.2380886078}}, "30": {"num_user": 500, "num_service": 41, "min_max_greedy": {"max_delay": 0.01716011227330655, "running_time": 3594.576120376587}, "min_max_surrogate_relaxation": {"max_delay": 0.01742653095269747, "lower_bound": 0.013873567569593985, "running_time": 26059.71050262451}, "min_max_equal_weight": {"max_delay": 0.017806841982120424, "running_time": 960.7906341552734}, "min_max_pulp": {"max_delay": 0.01682301702675051, "running_time": 660289.6831035614}}, "40": {"num_user": 500, "num_service": 41, "min_max_greedy": {"max_delay": 0.015184121002407756, "running_time": 4305.164575576782}, "min_max_surrogate_relaxation": {"max_delay": 0.01586128421160494, "lower_bound": 0.012858735681561543, "running_time": 36171.19264602661}, "min_max_equal_weight": {"max_delay": 0.017806841982120424, "running_time": 966.7959213256836}, "min_max_pulp": {"max_delay": 0.014911935582749329, "running_time": 942873.5067844391}}, "50": {"num_user": 500, "num_service": 41, "min_max_greedy": {"max_delay": 0.013881659969527962, "running_time": 4934.51189994812}, "min_max_surrogate_relaxation": {"max_delay": 0.01483133171517783, "lower_bound": 0.011887254385883207, "running_time": 36301.101207733154}, "min_max_equal_weight": {"max_delay": 0.014911935582749329, "running_time": 969.0337181091309}, "min_max_pulp": {"max_delay": 0.013549923616735593, "running_time": 1222100.0623703003}}, "60": {"num_user": 500, "num_service": 41, "min_max_greedy": {"max_delay": 0.012983251110206135, "running_time": 6019.913196563721}, "min_max_surrogate_relaxation": {"max_delay": 0.013131355502879648, "lower_bound": 0.011425779727929117, "running_time": 31922.65796661377}, "min_max_equal_weight": {"max_delay": 0.013277738197077164, "running_time": 1055.3414821624756}, "min_max_pulp": {"max_delay": 0.012906519739075247, "running_time": 1473632.5941085815}}, "70": {"num_user": 500, "num_service": 41, "min_max_greedy": {"max_delay": 0.01266957325248947, "running_time": 6588.387012481689}, "min_max_surrogate_relaxation": {"max_delay": 0.012940127783784616, "lower_bound": 0.010936715557800398, "running_time": 29070.9331035614}, "min_max_equal_weight": {"max_delay": 0.012936265718907464, "running_time": 977.8046607971191}, "min_max_pulp": {"max_delay": 0.012356262949923785, "running_time": 1865429.9025535583}}, "80": {"num_user": 500, "num_service": 41, "min_max_greedy": {"max_delay": 0.01233770547058545, "running_time": 7424.548625946045}, "min_max_surrogate_relaxation": {"max_delay": 0.01225916785760494, "lower_bound": 0.010869057827837399, "running_time": 53789.1104221344}, "min_max_equal_weight": {"max_delay": 0.012514024547196342, "running_time": 987.8125190734863}, "min_max_pulp": {"max_delay": 0.011982780459317869, "running_time": 2121247.0655441284}}, "90": {"num_user": 500, "num_service": 41, "min_max_greedy": {"max_delay": 0.012052803705855947, "running_time": 8140.786409378052}, "min_max_surrogate_relaxation": {"max_delay": 0.01222557148617047, "lower_bound": 0.01040475603010802, "running_time": 37948.09150695801}, "min_max_equal_weight": {"max_delay": 0.012182178983371005, "running_time": 981.1999797821045}, "min_max_pulp": {"max_delay": 0.011599192824616843, "running_time": 2552053.6320209503}}, "100": {"num_user": 500, "num_service": 41, "min_max_greedy": {"max_delay": 0.011601959812885613, "running_time": 8447.96872138977}, "min_max_surrogate_relaxation": {"max_delay": 0.01668197100823798, "lower_bound": 0.008121419097624216, "running_time": 12641.700506210327}, "min_max_equal_weight": {"max_delay": 0.01216263736132455, "running_time": 1000.8232593536377}, "min_max_pulp": {"max_delay": 0.011254553155222504, "running_time": 2852517.034292221}}}