{"entropy": 221945663134275881993460509353261430936, "10": {"num_user": 500, "num_service": 41, "min_max_greedy": {"max_delay": 0.08444222533426808, "running_time": 1226.254940032959}, "min_max_surrogate_relaxation": {"max_delay": 0.08444222533426808, "lower_bound": 0.06044375107841542, "running_time": 9354.584217071533}, "min_max_equal_weight": {"max_delay": 0.08444222533426808, "running_time": 929.7654628753662}, "min_max_pulp": {"max_delay": 0.08444222533426808, "running_time": 110761.3160610199}}, "20": {"num_user": 500, "num_service": 41, "min_max_greedy": {"max_delay": 0.046696514093746345, "running_time": 1942.7099227905273}, "min_max_surrogate_relaxation": {"max_delay": 0.04144401347768515, "lower_bound": 0.0359501052606205, "running_time": 18621.520280838013}, "min_max_equal_weight": {"max_delay": 0.04144401347768515, "running_time": 945.3213214874268}, "min_max_pulp": {"max_delay": 0.04144401347768515, "running_time": 195533.62822532654}}, "30": {"num_user": 500, "num_service": 41, "min_max_greedy": {"max_delay": 0.038050499879348304, "running_time": 2289.9351119995117}, "min_max_surrogate_relaxation": {"max_delay": 0.03672429803153906, "lower_bound": 0.027525076398816684, "running_time": 18370.208024978638}, "min_max_equal_weight": {"max_delay": 0.037088453841344744, "running_time": 973.421573638916}, "min_max_pulp": {"max_delay": 0.03653171930477881, "running_time": 286520.17068862915}}, "40": {"num_user": 500, "num_service": 41, "min_max_greedy": {"max_delay": 0.02863444010962517, "running_time": 2875.1862049102783}, "min_max_surrogate_relaxation": {"max_delay": 0.03236873839519865, "lower_bound": 0.025026457207243884, "running_time": 18355.924606323242}, "min_max_equal_weight": {"max_delay": 0.02863444010962517, "running_time": 932.8286647796631}, "min_max_pulp": {"max_delay": 0.02863444010962517, "running_time": 387797.74498939514}}, "50": {"num_user": 500, "num_service": 41, "min_max_greedy": {"max_delay": 0.027554340955463785, "running_time": 3280.613660812378}, "min_max_surrogate_relaxation": {"max_delay": 0.027388503572467093, "lower_bound": 0.02305864880996476, "running_time": 20810.341358184814}, "min_max_equal_weight": {"max_delay": 0.02805091127967451, "running_time": 947.7419853210449}, "min_max_pulp": {"max_delay": 0.026802530555380767, "running_time": 497529.01697158813}}, "60": {"num_user": 500, "num_service": 41, "min_max_greedy": {"max_delay": 0.02572243140121938, "running_time": 4078.9430141448975}, "min_max_surrogate_relaxation": {"max_delay": 0.026175015331294165, "lower_bound": 0.02158534029316863, "running_time": 20125.21457672119}, "min_max_equal_weight": {"max_delay": 0.0258280516222397, "running_time": 1031.3904285430908}, "min_max_pulp": {"max_delay": 0.025529959527010756, "running_time": 620458.4650993347}}, "70": {"num_user": 500, "num_service": 41, "min_max_greedy": {"max_delay": 0.02392748172915475, "running_time": 5206.047058105469}, "min_max_surrogate_relaxation": {"max_delay": 0.03592582252833893, "lower_bound": 0.01746315551746606, "running_time": 9329.793691635132}, "min_max_equal_weight": {"max_delay": 0.02513890257126872, "running_time": 947.3526477813721}, "min_max_pulp": {"max_delay": 0.02392748172915475, "running_time": 755638.3576393127}}, "80": {"num_user": 500, "num_service": 41, "min_max_greedy": {"max_delay": 0.023159996115289582, "running_time": 5865.941286087036}, "min_max_surrogate_relaxation": {"max_delay": 0.03588751176344089, "lower_bound": 0.013810932059851011, "running_time": 11976.170301437378}, "min_max_equal_weight": {"max_delay": 0.023343952899204094, "running_time": 962.3582363128662}, "min_max_pulp": {"max_delay": 0.022216358448334327, "running_time": 903505.0837993622}}, "90": {"num_user": 500, "num_service": 41, "min_max_greedy": {"max_delay": 0.02278278016193376, "running_time": 6330.8398723602295}, "min_max_surrogate_relaxation": {"max_delay": 0.0317362881012716, "lower_bound": 0.013379653686013605, "running_time": 9366.18947982788}, "min_max_equal_weight": {"max_delay": 0.023129006225954624, "running_time": 954.3299674987793}, "min_max_pulp": {"max_delay": 0.020022323500249056, "running_time": 1042001.011133194}}, "100": {"num_user": 500, "num_service": 41, "min_max_greedy": {"max_delay": 0.02263793314050038, "running_time": 7786.067247390747}, "min_max_surrogate_relaxation": {"max_delay": 0.028904191578713073, "lower_bound": 0.011938583654210288, "running_time": 9534.42907333374}, "min_max_equal_weight": {"max_delay": 0.022439964027535272, "running_time": 961.3344669342041}, "min_max_pulp": {"max_delay": 0.01845508714913539, "running_time": 1217670.0177192688}}}