{"entropy": 106811241303497890711009660009162653508, "10": {"num_user": 500, "num_service": 41, "min_max_greedy": {"max_delay": 0.02645596437382026, "running_time": 1418.3061122894287}, "min_max_surrogate_relaxation": {"max_delay": 0.02645596437382026, "lower_bound": 0.024662346181837165, "running_time": 17080.028772354126}, "min_max_equal_weight": {"max_delay": 0.02645596437382026, "running_time": 977.7679443359375}, "min_max_pulp": {"max_delay": 0.02645596437382026, "running_time": 136297.7170944214}}, "20": {"num_user": 500, "num_service": 41, "min_max_greedy": {"max_delay": 0.01975963956357423, "running_time": 1833.5089683532715}, "min_max_surrogate_relaxation": {"max_delay": 0.01945212909944634, "lower_bound": 0.01717556768802323, "running_time": 27661.05556488037}, "min_max_equal_weight": {"max_delay": 0.01976891071426547, "running_time": 1035.8531475067139}, "min_max_pulp": {"max_delay": 0.01945212909944634, "running_time": 249297.2538471222}}, "30": {"num_user": 500, "num_service": 41, "min_max_greedy": {"max_delay": 0.017808545436702246, "running_time": 2880.1229000091553}, "min_max_surrogate_relaxation": {"max_delay": 0.017513222327559044, "lower_bound": 0.013560822603449712, "running_time": 22262.033939361572}, "min_max_equal_weight": {"max_delay": 0.019305302331255655, "running_time": 983.8097095489502}, "min_max_pulp": {"max_delay": 0.017464525671904915, "running_time": 375314.4543170929}}, "40": {"num_user": 500, "num_service": 41, "min_max_greedy": {"max_delay": 0.016798128427652534, "running_time": 3360.2867126464844}, "min_max_surrogate_relaxation": {"max_delay": 0.01658992842994613, "lower_bound": 0.0116310344983808, "running_time": 20475.45289993286}, "min_max_equal_weight": {"max_delay": 0.01629630804800565, "running_time": 979.8812866210938}, "min_max_pulp": {"max_delay": 0.015432717807146622, "running_time": 513940.49549102783}}, "50": {"num_user": 500, "num_service": 41, "min_max_greedy": {"max_delay": 0.01538611377380925, "running_time": 4186.595916748047}, "min_max_surrogate_relaxation": {"max_delay": 0.014745555699959056, "lower_bound": 0.011177737842954484, "running_time": 50271.53015136719}, "min_max_equal_weight": {"max_delay": 0.015423952055420298, "running_time": 1053.952932357788}, "min_max_pulp": {"max_delay": 0.014745555699959056, "running_time": 675378.1757354736}}, "60": {"num_user": 500, "num_service": 41, "min_max_greedy": {"max_delay": 0.013400459652609829, "running_time": 4635.4498863220215}, "min_max_surrogate_relaxation": {"max_delay": 0.014017546198303355, "lower_bound": 0.010563843071880578, "running_time": 39151.58677101135}, "min_max_equal_weight": {"max_delay": 0.014922505390799435, "running_time": 1005.8324337005615}, "min_max_pulp": {"max_delay": 0.012883722266842923, "running_time": 853066.2264823914}}, "70": {"num_user": 500, "num_service": 41, "min_max_greedy": {"max_delay": 0.012592718227327267, "running_time": 5400.071144104004}, "min_max_surrogate_relaxation": {"max_delay": 0.013056516025762572, "lower_bound": 0.010274486685852836, "running_time": 39836.249113082886}, "min_max_equal_weight": {"max_delay": 0.013253632884419147, "running_time": 998.3594417572021}, "min_max_pulp": {"max_delay": 0.012196560159655359, "running_time": 1003098.9158153534}}, "80": {"num_user": 500, "num_service": 41, "min_max_greedy": {"max_delay": 0.011905556120139703, "running_time": 6115.093946456909}, "min_max_surrogate_relaxation": {"max_delay": 0.01166487427293884, "lower_bound": 0.009911814235842054, "running_time": 54105.38840293884}, "min_max_equal_weight": {"max_delay": 0.012485226433227524, "running_time": 1006.8280696868896}, "min_max_pulp": {"max_delay": 0.011476431220887344, "running_time": 1177849.0011692047}}, "90": {"num_user": 500, "num_service": 41, "min_max_greedy": {"max_delay": 0.011174066998738878, "running_time": 7553.256273269653}, "min_max_surrogate_relaxation": {"max_delay": 0.01117511494695118, "lower_bound": 0.00945074656018152, "running_time": 36185.49633026123}, "min_max_equal_weight": {"max_delay": 0.01136070339312583, "running_time": 1003.8259029388428}, "min_max_pulp": {"max_delay": 0.011027240230548196, "running_time": 1395235.8736991882}}, "100": {"num_user": 500, "num_service": 41, "min_max_greedy": {"max_delay": 0.010942629043907566, "running_time": 7652.5232791900635}, "min_max_surrogate_relaxation": {"max_delay": 0.01103060699576413, "lower_bound": 0.00929260681655834, "running_time": 43453.87363433838}, "min_max_equal_weight": {"max_delay": 0.011311284148455485, "running_time": 1049.8640537261963}, "min_max_pulp": {"max_delay": 0.010483161459856819, "running_time": 1571324.2757320404}}}