{"entropy": 237616399160907337668473703691310870784, "10": {"num_user": 500, "num_service": 41, "min_max_greedy": {"max_delay": 0.11905339448666413, "running_time": 1516.8414115905762}, "min_max_surrogate_relaxation": {"max_delay": 0.117907750422298, "lower_bound": 0.09517228971414979, "running_time": 9486.256837844849}, "min_max_equal_weight": {"max_delay": 0.11991334206483537, "running_time": 945.7788467407227}, "min_max_pulp": {"max_delay": 0.11369780597109565, "running_time": 125651.54314041138}}, "20": {"num_user": 500, "num_service": 41, "min_max_greedy": {"max_delay": 0.09771674559773642, "running_time": 2146.7666625976562}, "min_max_surrogate_relaxation": {"max_delay": 0.09771674559773642, "lower_bound": 0.09161884350069989, "running_time": 29314.61524963379}, "min_max_equal_weight": {"max_delay": 0.10522125169335939, "running_time": 960.7903957366943}, "min_max_pulp": {"max_delay": 0.09771674559773642, "running_time": 236799.31020736694}}, "30": {"num_user": 500, "num_service": 41, "min_max_greedy": {"max_delay": 0.09126730667218932, "running_time": 3234.7214221954346}, "min_max_surrogate_relaxation": {"max_delay": 0.09295702606672927, "lower_bound": 0.08591761643248746, "running_time": 27002.803087234497}, "min_max_equal_weight": {"max_delay": 0.09260999777320808, "running_time": 1021.4483737945557}, "min_max_pulp": {"max_delay": 0.09126730667218932, "running_time": 359415.53473472595}}, "40": {"num_user": 500, "num_service": 41, "min_max_greedy": {"max_delay": 0.08997095912738631, "running_time": 3621.980905532837}, "min_max_surrogate_relaxation": {"max_delay": 0.10639366332666753, "lower_bound": 0.06152304789178738, "running_time": 4879.568815231323}, "min_max_equal_weight": {"max_delay": 0.08904637067382042, "running_time": 1014.4295692443848}, "min_max_pulp": {"max_delay": 0.08450408399530387, "running_time": 503329.93507385254}}, "50": {"num_user": 500, "num_service": 41, "min_max_greedy": {"max_delay": 0.08675015128812104, "running_time": 4728.5895347595215}, "min_max_surrogate_relaxation": {"max_delay": 0.08450408399530387, "lower_bound": 0.050220403738449756, "running_time": 7252.399206161499}, "min_max_equal_weight": {"max_delay": 0.0885958072136649, "running_time": 967.9520130157471}, "min_max_pulp": {"max_delay": 0.06565779560021782, "running_time": 649614.9492263794}}, "60": {"num_user": 500, "num_service": 41, "min_max_greedy": {"max_delay": 0.08396071417116173, "running_time": 5295.327186584473}, "min_max_surrogate_relaxation": {"max_delay": 0.07257562509102791, "lower_bound": 0.04175955958265745, "running_time": 9591.107368469238}, "min_max_equal_weight": {"max_delay": 0.08429908724096845, "running_time": 968.4000015258789}, "min_max_pulp": {"max_delay": 0.05596795150215645, "running_time": 827690.5016899109}}, "70": {"num_user": 500, "num_service": 41, "min_max_greedy": {"max_delay": 0.053197171252836746, "running_time": 3859.175682067871}, "min_max_surrogate_relaxation": {"max_delay": 0.08183258453677945, "lower_bound": 0.0402230986748524, "running_time": 7844.822883605957}, "min_max_equal_weight": {"max_delay": 0.055776640545846363, "running_time": 969.7978496551514}, "min_max_pulp": {"max_delay": 0.05087440270683795, "running_time": 992702.3904323578}}, "80": {"num_user": 500, "num_service": 41, "min_max_greedy": {"max_delay": 0.05126986839122011, "running_time": 4162.4298095703125}, "min_max_surrogate_relaxation": {"max_delay": 0.0938107121849089, "lower_bound": 0.03878984392714005, "running_time": 4808.385372161865}, "min_max_equal_weight": {"max_delay": 0.05039955068650399, "running_time": 955.7862281799316}, "min_max_pulp": {"max_delay": 0.048962431758174794, "running_time": 1205146.4896202087}}, "90": {"num_user": 500, "num_service": 41, "min_max_greedy": {"max_delay": 0.04868415891310876, "running_time": 5068.410634994507}, "min_max_surrogate_relaxation": {"max_delay": 0.0938107121849089, "lower_bound": 0.0387332167829528, "running_time": 4879.638671875}, "min_max_equal_weight": {"max_delay": 0.04994898722634848, "running_time": 1007.3010921478271}, "min_max_pulp": {"max_delay": 0.04677614195705699, "running_time": 1405167.6630973816}}, "100": {"num_user": 500, "num_service": 41, "min_max_greedy": {"max_delay": 0.04586882890431658, "running_time": 5986.241579055786}, "min_max_surrogate_relaxation": {"max_delay": 0.09371337141511846, "lower_bound": 0.038685157833887346, "running_time": 4876.4848709106445}, "min_max_equal_weight": {"max_delay": 0.048233595452953255, "running_time": 1016.8778896331787}, "min_max_pulp": {"max_delay": 0.04552680454469704, "running_time": 1629290.0488376617}}}