{"10": {"min_max_greedy": {"max delay": [0.12096532035606924], "running time": [66.0548210144043]}, "min_max_pulp": {"max delay": [0.11727629600043003], "running time": [3156.6059589385986]}}, "20": {"min_max_greedy": {"max delay": [0.08200015115250463], "running time": [101.08375549316406]}, "min_max_pulp": {"max delay": [0.07922341336109479], "running time": [6342.236042022705]}}, "30": {"min_max_greedy": {"max delay": [0.07113748776887169], "running time": [160.13193130493164]}, "min_max_pulp": {"max delay": [0.07031978005773164], "running time": [10505.673170089722]}}, "40": {"min_max_greedy": {"max delay": [0.07055420863668227], "running time": [180.14883995056152]}, "min_max_pulp": {"max delay": [0.05851463542543976], "running time": [14875.280618667603]}}, "50": {"min_max_greedy": {"max delay": [0.054562933778382505], "running time": [155.12800216674805]}, "min_max_pulp": {"max delay": [0.04872824603660549], "running time": [18799.52049255371]}}, "60": {"min_max_greedy": {"max delay": [0.04560927320048551], "running time": [177.14643478393555]}, "min_max_pulp": {"max delay": [0.04155943381312468], "running time": [24186.968088150024]}}, "70": {"min_max_greedy": {"max delay": [0.04043503782466271], "running time": [220.1821804046631]}, "min_max_pulp": {"max delay": [0.03913546450813052], "running time": [31479.989051818848]}}, "80": {"min_max_greedy": {"max delay": [0.03603805894151112], "running time": [256.2112808227539]}, "min_max_pulp": {"max delay": [0.03422584484763776], "running time": [35341.17674827576]}}, "90": {"min_max_greedy": {"max delay": [0.03454319022114027], "running time": [287.23716735839844]}, "min_max_pulp": {"max delay": [0.024700009211178764], "running time": [41401.17955207825]}}, "100": {"min_max_greedy": {"max delay": [0.029201201446451996], "running time": [278.2297134399414]}, "min_max_pulp": {"max delay": [0.022352161447615884], "running time": [48618.11137199402]}}}