{"10": {"min_max_greedy": {"max delay": [0.036048137774920955], "running time": [3663.0241870880127]}, "min_max_pulp": {"max delay": [0.033986982462854774], "running time": [163513.9980316162]}}, "20": {"min_max_greedy": {"max delay": [0.02868687386475588], "running time": [4707.8869342803955]}, "min_max_pulp": {"max delay": [0.025928261658778314], "running time": [305443.1662559509]}}, "30": {"min_max_greedy": {"max delay": [0.0231519979134438], "running time": [6716.545104980469]}, "min_max_pulp": {"max delay": [0.02282361143689504], "running time": [473298.743724823]}}, "40": {"min_max_greedy": {"max delay": [0.021961613974896967], "running time": [8007.611036300659]}, "min_max_pulp": {"max delay": [0.021212472383249], "running time": [653544.5501804352]}}, "50": {"min_max_greedy": {"max delay": [0.02091394376356675], "running time": [12949.6910572052]}, "min_max_pulp": {"max delay": [0.01525357972298035], "running time": [858089.417219162]}}, "60": {"min_max_greedy": {"max delay": [0.01959595139991632], "running time": [11518.50962638855]}, "min_max_pulp": {"max delay": [0.011767767144106166], "running time": [1102089.8580551147]}}, "70": {"min_max_greedy": {"max delay": [0.011177903966322669], "running time": [9651.968240737915]}, "min_max_pulp": {"max delay": [0.01030490915409646], "running time": [1314066.8613910675]}}, "80": {"min_max_greedy": {"max delay": [0.009743109649644081], "running time": [11143.199443817139]}, "min_max_pulp": {"max delay": [0.009367920058276554], "running time": [1593744.7562217712]}}, "90": {"min_max_greedy": {"max delay": [0.00885249247998891], "running time": [13184.885025024414]}, "min_max_pulp": {"max delay": [0.008675382544260084], "running time": [1880477.4758815765]}}, "100": {"min_max_greedy": {"max delay": [0.00842873989959173], "running time": [16460.58964729309]}, "min_max_pulp": {"max delay": [0.007961878638421224], "running time": [2120898.9617824554]}}}