{"10": {"min_max_greedy": {"max delay": [0.034734645792275406], "running time": [2809.318780899048]}, "min_max_pulp": {"max delay": [0.03394660171955895], "running time": [111908.38837623596]}}, "20": {"min_max_greedy": {"max delay": [0.020208691623821985], "running time": [4010.3111267089844]}, "min_max_pulp": {"max delay": [0.020208691623821985], "running time": [214690.24395942688]}}, "30": {"min_max_greedy": {"max delay": [0.01696176920515717], "running time": [5664.676666259766]}, "min_max_pulp": {"max delay": [0.01696176920515717], "running time": [312687.14690208435]}}, "40": {"min_max_greedy": {"max delay": [0.01668891803295386], "running time": [6488.356590270996]}, "min_max_pulp": {"max delay": [0.01581615153089453], "running time": [436846.6498851776]}}, "50": {"min_max_greedy": {"max delay": [0.015893473300098698], "running time": [8530.04240989685]}, "min_max_pulp": {"max delay": [0.015131958290114659], "running time": [555634.7181797028]}}, "60": {"min_max_greedy": {"max delay": [0.015196365045253303], "running time": [9584.91325378418]}, "min_max_pulp": {"max delay": [0.014313079032125121], "running time": [723910.64286232]}}, "70": {"min_max_greedy": {"max delay": [0.01498945282107384], "running time": [11537.525177001953]}, "min_max_pulp": {"max delay": [0.013504658327101227], "running time": [850011.7449760437]}}, "80": {"min_max_greedy": {"max delay": [0.014439526380912488], "running time": [12914.661884307861]}, "min_max_pulp": {"max delay": [0.012418269396847051], "running time": [1009774.6448516846]}}, "90": {"min_max_greedy": {"max delay": [0.013150661348864095], "running time": [14337.836265563965]}, "min_max_pulp": {"max delay": [0.011792087838380799], "running time": [1180901.9231796265]}}, "100": {"min_max_greedy": {"max delay": [0.012090886678284994], "running time": [15228.572368621826]}, "min_max_pulp": {"max delay": [0.011114217223353555], "running time": [1368872.1070289612]}}}