{"10": {"min_max_greedy": {"max delay": [0.09688614330615768], "running time": [2799.3109226226807]}, "min_max_pulp": {"max delay": [0.09688614330615768], "running time": [123194.7066783905]}}, "20": {"min_max_greedy": {"max delay": [0.09170526889044109], "running time": [5175.272226333618]}, "min_max_pulp": {"max delay": [0.09047657500555724], "running time": [234516.61086082458]}}, "30": {"min_max_greedy": {"max delay": [0.08829884175541391], "running time": [6403.286695480347]}, "min_max_pulp": {"max delay": [0.08693663725897142], "running time": [346744.2636489868]}}, "40": {"min_max_greedy": {"max delay": [0.08701282504980928], "running time": [8393.929719924927]}, "min_max_pulp": {"max delay": [0.0853316089065174], "running time": [495935.43219566345]}}, "50": {"min_max_greedy": {"max delay": [0.08544746166997222], "running time": [9989.246845245361]}, "min_max_pulp": {"max delay": [0.08407528936847404], "running time": [631657.4807167053]}}, "60": {"min_max_greedy": {"max delay": [0.08317172515640327], "running time": [11236.276626586914]}, "min_max_pulp": {"max delay": [0.08284553634237551], "running time": [805259.8021030426]}}, "70": {"min_max_greedy": {"max delay": [0.08245663686407552], "running time": [15148.50664138794]}, "min_max_pulp": {"max delay": [0.08201459815336112], "running time": [994662.1685028076]}}, "80": {"min_max_greedy": {"max delay": [0.08167522533860622], "running time": [14414.9010181427]}, "min_max_pulp": {"max delay": [0.08124800902876547], "running time": [1175658.5948467255]}}, "90": {"min_max_greedy": {"max delay": [0.08123206306683875], "running time": [15986.19794845581]}, "min_max_pulp": {"max delay": [0.08072289066691786], "running time": [1371774.5032310486]}}, "100": {"min_max_greedy": {"max delay": [0.08065062868823458], "running time": [18379.173517227173]}, "min_max_pulp": {"max delay": [0.08031222205251932], "running time": [1613817.3305988312]}}}