{"10": {"min_max_greedy": {"max delay": [0.11251501791302562], "running time": [54.04543876647949]}, "min_max_pulp": {"max delay": [0.11251501791302562], "running time": [3813.14754486084]}}, "20": {"min_max_greedy": {"max delay": [0.08606515261245756], "running time": [107.08856582641602]}, "min_max_pulp": {"max delay": [0.08413354698402006], "running time": [7691.349506378174]}}, "30": {"min_max_greedy": {"max delay": [0.07570433893595546], "running time": [159.13128852844238]}, "min_max_pulp": {"max delay": [0.07556242260318936], "running time": [12430.262088775635]}}, "40": {"min_max_greedy": {"max delay": [0.07341391467729766], "running time": [204.16855812072754]}, "min_max_pulp": {"max delay": [0.06838642971147485], "running time": [17670.588493347168]}}, "50": {"min_max_greedy": {"max delay": [0.06707093692981224], "running time": [171.1411476135254]}, "min_max_pulp": {"max delay": [0.04694153228041568], "running time": [22420.509338378906]}}, "60": {"min_max_greedy": {"max delay": [0.039476854721826535], "running time": [159.13152694702148]}, "min_max_pulp": {"max delay": [0.03816764946518111], "running time": [28900.86054801941]}}, "70": {"min_max_greedy": {"max delay": [0.03030373446195264], "running time": [201.16615295410156]}, "min_max_pulp": {"max delay": [0.02930303388193449], "running time": [34906.818151474]}}}