{"10": {"min_max_greedy": {"max delay": [0.058687754369073614], "running time": [54.04472351074219]}, "min_max_pulp": {"max delay": [0.058687754369073614], "running time": [4679.863691329956]}}, "20": {"min_max_greedy": {"max delay": [0.043181529225786455], "running time": [87.07189559936523]}, "min_max_pulp": {"max delay": [0.039262459903623925], "running time": [9901.173830032349]}}, "30": {"min_max_greedy": {"max delay": [0.03032337874354667], "running time": [109.09008979797363]}, "min_max_pulp": {"max delay": [0.027969297794628104], "running time": [15776.024103164673]}}, "40": {"min_max_greedy": {"max delay": [0.025377389690744406], "running time": [174.14379119873047]}, "min_max_pulp": {"max delay": [0.024557543703431658], "running time": [22711.750507354736]}}, "50": {"min_max_greedy": {"max delay": [0.022150951888390336], "running time": [220.16382217407227]}, "min_max_pulp": {"max delay": [0.022020181351120667], "running time": [30468.15323829651]}}, "60": {"min_max_greedy": {"max delay": [0.021744467985097576], "running time": [219.18106079101562]}, "min_max_pulp": {"max delay": [0.02006829665201599], "running time": [40642.55356788635]}}, "70": {"min_max_greedy": {"max delay": [0.018351705725394803], "running time": [261.2156867980957]}, "min_max_pulp": {"max delay": [0.017704249725783265], "running time": [49420.79997062683]}}, "80": {"min_max_greedy": {"max delay": [0.016068062361406364], "running time": [263.2174491882324]}, "min_max_pulp": {"max delay": [0.01567352563554108], "running time": [59944.48900222778]}}, "90": {"min_max_greedy": {"max delay": [0.015107886753890944], "running time": [351.290225982666]}, "min_max_pulp": {"max delay": [0.014631356222791419], "running time": [77407.90605545044]}}, "100": {"min_max_greedy": {"max delay": [0.014614470877831985], "running time": [384.31715965270996]}, "min_max_pulp": {"max delay": [0.013639630522570364], "running time": [674032.381772995]}}}