{"entropy": 1075153443215314669188070346615298763, "10": {"num_user": 100, "num_service": 41, "min_max_greedy": {"max_delay": 0.3341003857901256, "running_time": 54.04472351074219}, "min_max_surrogate_relaxation": {"max_delay": 0.2154708251499376, "lower_bound": 0.10633313365390397, "running_time": 746.6139793395996}, "min_max_equal_weight": {"max_delay": 0.3341003857901256, "running_time": 38.03086280822754}, "min_max_pulp": {"max_delay": 0.2154708251499376, "running_time": 2967.418432235718}}, "20": {"num_user": 100, "num_service": 41, "min_max_greedy": {"max_delay": 0.09045798506972288, "running_time": 92.07558631896973}, "min_max_surrogate_relaxation": {"max_delay": 0.0921268391502563, "lower_bound": 0.06611417712350554, "running_time": 685.5647563934326}, "min_max_equal_weight": {"max_delay": 0.09673249785822359, "running_time": 38.03110122680664}, "min_max_pulp": {"max_delay": 0.09045798506972288, "running_time": 6022.956132888794}}, "30": {"num_user": 100, "num_service": 41, "min_max_greedy": {"max_delay": 0.0659480715136904, "running_time": 118.09778213500977}, "min_max_surrogate_relaxation": {"max_delay": 0.07344052599839235, "lower_bound": 0.03699845162908854, "running_time": 499.41110610961914}, "min_max_equal_weight": {"max_delay": 0.07648145196592347, "running_time": 41.042327880859375}, "min_max_pulp": {"max_delay": 0.06320783701020476, "running_time": 9135.53500175476}}, "40": {"num_user": 100, "num_service": 41, "min_max_greedy": {"max_delay": 0.04992405797794214, "running_time": 117.12074279785156}, "min_max_surrogate_relaxation": {"max_delay": 0.05384726589122285, "lower_bound": 0.03176690585831082, "running_time": 760.6258392333984}, "min_max_equal_weight": {"max_delay": 0.055672227900323334, "running_time": 40.03286361694336}, "min_max_pulp": {"max_delay": 0.047012078727839315, "running_time": 12641.403436660767}}, "50": {"num_user": 100, "num_service": 41, "min_max_greedy": {"max_delay": 0.039934400353652144, "running_time": 147.12047576904297}, "min_max_surrogate_relaxation": {"max_delay": 0.04237406537869891, "lower_bound": 0.024500429965309267, "running_time": 658.5423946380615}, "min_max_equal_weight": {"max_delay": 0.03786780122438309, "running_time": 42.06371307373047}, "min_max_pulp": {"max_delay": 0.03542027088852006, "running_time": 16200.331687927246}}, "60": {"num_user": 100, "num_service": 41, "min_max_greedy": {"max_delay": 0.03144676778383045, "running_time": 179.14700508117676}, "min_max_surrogate_relaxation": {"max_delay": 0.03483291374284962, "lower_bound": 0.022623707208174394, "running_time": 925.7619380950928}, "min_max_equal_weight": {"max_delay": 0.03338831732905628, "running_time": 42.035579681396484}, "min_max_pulp": {"max_delay": 0.03126174651742503, "running_time": 20978.26361656189}}, "70": {"num_user": 100, "num_service": 41, "min_max_greedy": {"max_delay": 0.030002996435087515, "running_time": 195.1608657836914}, "min_max_surrogate_relaxation": {"max_delay": 0.033883922955736834, "lower_bound": 0.02042770889867113, "running_time": 967.7965641021729}, "min_max_equal_weight": {"max_delay": 0.03080430413104038, "running_time": 43.03574562072754}, "min_max_pulp": {"max_delay": 0.029297266776869193, "running_time": 26157.525300979614}}, "80": {"num_user": 100, "num_service": 41, "min_max_greedy": {"max_delay": 0.029091737277141393, "running_time": 221.18186950683594}, "min_max_surrogate_relaxation": {"max_delay": 0.038918302095630575, "lower_bound": 0.015728508679625, "running_time": 569.4684982299805}, "min_max_equal_weight": {"max_delay": 0.03080430413104038, "running_time": 45.037031173706055}, "min_max_pulp": {"max_delay": 0.024650384305494634, "running_time": 30674.24988746643}}, "90": {"num_user": 100, "num_service": 41, "min_max_greedy": {"max_delay": 0.028466375074887192, "running_time": 247.20335006713867}, "min_max_surrogate_relaxation": {"max_delay": 0.03897425552922702, "lower_bound": 0.013842216678902501, "running_time": 745.5995082855225}, "min_max_equal_weight": {"max_delay": 0.028895365144753486, "running_time": 45.037031173706055}, "min_max_pulp": {"max_delay": 0.022735731602607154, "running_time": 36761.25264167786}}, "100": {"num_user": 100, "num_service": 41, "min_max_greedy": {"max_delay": 0.022470199496264092, "running_time": 226.18579864501953}, "min_max_surrogate_relaxation": {"max_delay": 0.04099365405731743, "lower_bound": 0.0110334379482788, "running_time": 769.6330547332764}, "min_max_equal_weight": {"max_delay": 0.02853044277681506, "running_time": 46.038150787353516}, "min_max_pulp": {"max_delay": 0.021176940493565277, "running_time": 43037.40167617798}}}