{"entropy": 57574758686443257399288207537851699130, "10": {"num_user": 100, "num_service": 41, "min_max_greedy": {"max_delay": 0.3153751055832177, "running_time": 46.03743553161621}, "min_max_surrogate_relaxation": {"max_delay": 0.32848938524296856, "lower_bound": 0.2798587496918783, "running_time": 475.391149520874}, "min_max_equal_weight": {"max_delay": 0.3153751055832177, "running_time": 38.03133964538574}, "min_max_pulp": {"max_delay": 0.3153751055832177, "running_time": 3483.8662147521973}}, "20": {"num_user": 100, "num_service": 41, "min_max_greedy": {"max_delay": 0.2805906180355819, "running_time": 72.05939292907715}, "min_max_surrogate_relaxation": {"max_delay": 0.2824760746360632, "lower_bound": 0.2683558608238002, "running_time": 702.5775909423828}, "min_max_equal_weight": {"max_delay": 0.2964580178253372, "running_time": 40.032386779785156}, "min_max_pulp": {"max_delay": 0.2805906180355819, "running_time": 7012.770175933838}}, "30": {"num_user": 100, "num_service": 41, "min_max_greedy": {"max_delay": 0.2696097373194394, "running_time": 109.09008979797363}, "min_max_surrogate_relaxation": {"max_delay": 0.2688126052813323, "lower_bound": 0.26080444125545643, "running_time": 1647.3546028137207}, "min_max_equal_weight": {"max_delay": 0.2807400710238106, "running_time": 39.031982421875}, "min_max_pulp": {"max_delay": 0.26724162576521004, "running_time": 11179.19898033142}}, "40": {"num_user": 100, "num_service": 41, "min_max_greedy": {"max_delay": 0.29630856483710855, "running_time": 63.05122375488281}, "min_max_surrogate_relaxation": {"max_delay": 0.2824760746360632, "lower_bound": 0.13804312110112088, "running_time": 395.3254222869873}, "min_max_equal_weight": {"max_delay": 0.2745049570885292, "running_time": 41.03422164916992}, "min_max_pulp": {"max_delay": 0.26268440326529485, "running_time": 15537.786483764648}}, "50": {"num_user": 100, "num_service": 41, "min_max_greedy": {"max_delay": 0.27526908892582297, "running_time": 94.07734870910645}, "min_max_surrogate_relaxation": {"max_delay": 0.27306797509127045, "lower_bound": 0.14145427123511345, "running_time": 2848.34361076355}, "min_max_equal_weight": {"max_delay": 0.2807400710238106, "running_time": 39.032697677612305}, "min_max_pulp": {"max_delay": 0.25997236582674355, "running_time": 21168.420553207397}}, "60": {"num_user": 100, "num_service": 41, "min_max_greedy": {"max_delay": 0.2640410870412633, "running_time": 140.11526107788086}, "min_max_surrogate_relaxation": {"max_delay": 0.26509685754373635, "lower_bound": 0.11062042979962478, "running_time": 1315.082311630249}, "min_max_equal_weight": {"max_delay": 0.2807400710238106, "running_time": 41.03422164916992}, "min_max_pulp": {"max_delay": 0.16736513638097283, "running_time": 24844.445943832397}}, "70": {"num_user": 100, "num_service": 41, "min_max_greedy": {"max_delay": 0.11195084091463883, "running_time": 70.05763053894043}, "min_max_surrogate_relaxation": {"max_delay": 0.1441886915747333, "lower_bound": 0.035139285377858036, "running_time": 433.35628509521484}, "min_max_equal_weight": {"max_delay": 0.26787373370718676, "running_time": 41.06259346008301}, "min_max_pulp": {"max_delay": 0.11195084091463883, "running_time": 30998.57759475708}}, "80": {"num_user": 100, "num_service": 41, "min_max_greedy": {"max_delay": 0.0907769339900687, "running_time": 83.00423622131348}, "min_max_surrogate_relaxation": {"max_delay": 0.08960167073176978, "lower_bound": 0.03138700747043505, "running_time": 439.3618106842041}, "min_max_equal_weight": {"max_delay": 0.2617509105079808, "running_time": 44.0363883972168}, "min_max_pulp": {"max_delay": 0.07851873159884538, "running_time": 37287.68563270569}}, "90": {"num_user": 100, "num_service": 41, "min_max_greedy": {"max_delay": 0.0656527820714516, "running_time": 116.09578132629395}, "min_max_surrogate_relaxation": {"max_delay": 0.0667904316720168, "lower_bound": 0.03651872005558138, "running_time": 555.4568767547607}, "min_max_equal_weight": {"max_delay": 0.0672538820468629, "running_time": 42.034149169921875}, "min_max_pulp": {"max_delay": 0.06235866227777312, "running_time": 43496.79517745972}}, "100": {"num_user": 100, "num_service": 41, "min_max_greedy": {"max_delay": 0.05387476931720196, "running_time": 154.12664413452148}, "min_max_surrogate_relaxation": {"max_delay": 0.06164364229910957, "lower_bound": 0.02691142742842733, "running_time": 711.5857601165771}, "min_max_equal_weight": {"max_delay": 0.05819212267890204, "running_time": 42.03438758850098}, "min_max_pulp": {"max_delay": 0.05307303623192835, "running_time": 52057.84010887146}}}