{"entropy": 185270421144664095893239120793308838981, "10": {"num_user": 100, "num_service": 41, "min_max_greedy": {"max_delay": 0.14912508031339383, "running_time": 54.04472351074219}, "min_max_surrogate_relaxation": {"max_delay": 0.14287916634629513, "lower_bound": 0.1025443272866188, "running_time": 766.6308879852295}, "min_max_equal_weight": {"max_delay": 0.15546744299953144, "running_time": 38.03133964538574}, "min_max_pulp": {"max_delay": 0.14287916634629513, "running_time": 4608.792543411255}}, "20": {"num_user": 100, "num_service": 41, "min_max_greedy": {"max_delay": 0.11561344280697176, "running_time": 93.07646751403809}, "min_max_surrogate_relaxation": {"max_delay": 0.12969042413274165, "lower_bound": 0.0703067279227576, "running_time": 621.5107440948486}, "min_max_equal_weight": {"max_delay": 0.12969042413274165, "running_time": 39.031267166137695}, "min_max_pulp": {"max_delay": 0.11020474937932043, "running_time": 9344.690084457397}}, "30": {"num_user": 100, "num_service": 41, "min_max_greedy": {"max_delay": 0.08416029377333643, "running_time": 123.10147285461426}, "min_max_surrogate_relaxation": {"max_delay": 0.1292936546839556, "lower_bound": 0.06588532740776204, "running_time": 802.6607036590576}, "min_max_equal_weight": {"max_delay": 0.08464012682316328, "running_time": 40.03286361694336}, "min_max_pulp": {"max_delay": 0.08291445252895467, "running_time": 14982.329607009888}}, "40": {"num_user": 100, "num_service": 41, "min_max_greedy": {"max_delay": 0.07890184165463437, "running_time": 155.12752532958984}, "min_max_surrogate_relaxation": {"max_delay": 0.14114110854249926, "lower_bound": 0.059695986197447926, "running_time": 340.28005599975586}, "min_max_equal_weight": {"max_delay": 0.08396123466150865, "running_time": 42.03391075134277}, "min_max_pulp": {"max_delay": 0.07741929703065507, "running_time": 21972.081899642944}}, "50": {"num_user": 100, "num_service": 41, "min_max_greedy": {"max_delay": 0.07390966832638453, "running_time": 174.14307594299316}, "min_max_surrogate_relaxation": {"max_delay": 0.10395767915315486, "lower_bound": 0.06100146190203981, "running_time": 728.600025177002}, "min_max_equal_weight": {"max_delay": 0.08396123466150865, "running_time": 42.03510284423828}, "min_max_pulp": {"max_delay": 0.07286126068140072, "running_time": 29009.873390197754}}, "60": {"num_user": 100, "num_service": 41, "min_max_greedy": {"max_delay": 0.0701616792870201, "running_time": 201.16591453552246}, "min_max_surrogate_relaxation": {"max_delay": 0.08357279699338936, "lower_bound": 0.049778216402625385, "running_time": 601.4947891235352}, "min_max_equal_weight": {"max_delay": 0.08289390483173473, "running_time": 43.03574562072754}, "min_max_pulp": {"max_delay": 0.06919017234613266, "running_time": 42790.21382331848}}, "70": {"num_user": 100, "num_service": 41, "min_max_greedy": {"max_delay": 0.0676315470500087, "running_time": 242.19942092895508}, "min_max_surrogate_relaxation": {"max_delay": 0.07860896094460834, "lower_bound": 0.03417564796511584, "running_time": 1059.8721504211426}, "min_max_equal_weight": {"max_delay": 0.08145035325039471, "running_time": 45.03679275512695}, "min_max_pulp": {"max_delay": 0.06194135544705133, "running_time": 46706.4368724823}}, "80": {"num_user": 100, "num_service": 41, "min_max_greedy": {"max_delay": 0.06688176938492472, "running_time": 280.2305221557617}, "min_max_surrogate_relaxation": {"max_delay": 0.059906773196276096, "lower_bound": 0.024445161283330956, "running_time": 937.7720355987549}, "min_max_equal_weight": {"max_delay": 0.07524114315174354, "running_time": 46.03838920593262}, "min_max_pulp": {"max_delay": 0.04595010158240553, "running_time": 55109.35115814209}}, "90": {"num_user": 100, "num_service": 41, "min_max_greedy": {"max_delay": 0.0664939938863221, "running_time": 197.13711738586426}, "min_max_surrogate_relaxation": {"max_delay": 0.0446767296350066, "lower_bound": 0.01594376062542429, "running_time": 644.5531845092773}, "min_max_equal_weight": {"max_delay": 0.06893896374503876, "running_time": 48.03967475891113}, "min_max_pulp": {"max_delay": 0.03878285489817343, "running_time": 66021.33178710938}}, "100": {"num_user": 100, "num_service": 41, "min_max_greedy": {"max_delay": 0.03940653843912213, "running_time": 195.1608657836914}, "min_max_surrogate_relaxation": {"max_delay": 0.041086826952522776, "lower_bound": 0.024866992304213107, "running_time": 1517.2486305236816}, "min_max_equal_weight": {"max_delay": 0.06688409638303029, "running_time": 49.04055595397949}, "min_max_pulp": {"max_delay": 0.032009654329420295, "running_time": 78919.94643211365}}}