{"entropy": 276568789784236669372337324620197444493, "10": {"num_user": 300, "num_service": 41, "min_max_greedy": {"max_delay": 0.07570948476403887, "running_time": 23.018598556518555}, "min_max_equal_weight": {"max_delay": 0.0759427174792316, "running_time": 315.2601718902588}, "min_max_surrogate_relaxation": {"max_delay": 0.06669429271048248, "lower_bound": 0.05813691408047407, "running_time": 401.33070945739746, "none_zero_ratio": 0.0033333333333333335, "max_weight": 0.7265625, "min_weight": 0.0234375}, "min_max_pulp": {"max_delay": 0.06669429271048248, "running_time": 51688.62700462341}}, "20": {"num_user": 300, "num_service": 41, "min_max_greedy": {"max_delay": 0.05575630336222668, "running_time": 44.0363883972168}, "min_max_equal_weight": {"max_delay": 0.0738872909754237, "running_time": 320.2648162841797}, "min_max_surrogate_relaxation": {"max_delay": 0.06393827957094209, "lower_bound": 0.04260349260519388, "running_time": 354.2921543121338, "none_zero_ratio": 0.005555555555555556, "max_weight": 0.44803619384765625, "min_weight": 0.04634857177734375}, "min_max_pulp": {"max_delay": 0.05575630336222668, "running_time": 93606.19711875916}}, "30": {"num_user": 300, "num_service": 41, "min_max_greedy": {"max_delay": 0.049099212813431305, "running_time": 58.04800987243652}, "min_max_equal_weight": {"max_delay": 0.058887017117918564, "running_time": 315.2599334716797}, "min_max_surrogate_relaxation": {"max_delay": 0.04835895900297588, "lower_bound": 0.04180176908980718, "running_time": 1369.128704071045, "none_zero_ratio": 0.006666666666666667, "max_weight": 0.3204345703125, "min_weight": 0.06915628910064697}, "min_max_pulp": {"max_delay": 0.04703955810445827, "running_time": 142614.6137714386}}, "40": {"num_user": 300, "num_service": 41, "min_max_greedy": {"max_delay": 0.04453585158412832, "running_time": 74.06067848205566}, "min_max_equal_weight": {"max_delay": 0.044679664811944256, "running_time": 321.26522064208984}, "min_max_surrogate_relaxation": {"max_delay": 0.044679664811944256, "lower_bound": 0.038165415081489074, "running_time": 1344.1088199615479, "none_zero_ratio": 0.0077777777777777776, "max_weight": 0.5, "min_weight": 0.03369140625}, "min_max_pulp": {"max_delay": 0.043225778262657444, "running_time": 195318.0775642395}}, "50": {"num_user": 300, "num_service": 41, "min_max_greedy": {"max_delay": 0.041992733629163954, "running_time": 87.07189559936523}, "min_max_equal_weight": {"max_delay": 0.04248042508032042, "running_time": 327.2700309753418}, "min_max_surrogate_relaxation": {"max_delay": 0.04081206967112878, "lower_bound": 0.03668851680498553, "running_time": 1529.2613506317139, "none_zero_ratio": 0.0077777777777777776, "max_weight": 0.25, "min_weight": 0.061189569532871246}, "min_max_pulp": {"max_delay": 0.04081206967112878, "running_time": 253174.79276657104}}, "60": {"num_user": 300, "num_service": 41, "min_max_greedy": {"max_delay": 0.04026833320884983, "running_time": 90.07406234741211}, "min_max_equal_weight": {"max_delay": 0.042073802905602996, "running_time": 325.2689838409424}, "min_max_surrogate_relaxation": {"max_delay": 0.03989285907831895, "lower_bound": 0.03574882045984771, "running_time": 2194.810390472412, "none_zero_ratio": 0.01, "max_weight": 0.20198291167616844, "min_weight": 0.03602693823268055}, "min_max_pulp": {"max_delay": 0.0384422472205942, "running_time": 316766.23606681824}}, "70": {"num_user": 300, "num_service": 41, "min_max_greedy": {"max_delay": 0.03676721666956403, "running_time": 98.08111190795898}, "min_max_equal_weight": {"max_delay": 0.03803562504587678, "running_time": 331.2726020812988}, "min_max_surrogate_relaxation": {"max_delay": 0.037862329541446985, "lower_bound": 0.035035224815657955, "running_time": 2482.0470809936523, "none_zero_ratio": 0.011111111111111112, "max_weight": 0.25, "min_weight": 0.03202301272153818}, "min_max_pulp": {"max_delay": 0.03658993501039889, "running_time": 379297.8050708771}}, "80": {"num_user": 300, "num_service": 41, "min_max_greedy": {"max_delay": 0.03614708019042141, "running_time": 119.09723281860352}, "min_max_equal_weight": {"max_delay": 0.036284798139133254, "running_time": 338.27900886535645}, "min_max_surrogate_relaxation": {"max_delay": 0.036284798139133254, "lower_bound": 0.0346751889556913, "running_time": 2792.3026084899902, "none_zero_ratio": 0.014444444444444444, "max_weight": 0.13275146484375, "min_weight": 0.04420321817346501}, "min_max_pulp": {"max_delay": 0.03593690476379031, "running_time": 490068.15695762634}}, "90": {"num_user": 300, "num_service": 41, "min_max_greedy": {"max_delay": 0.0355539148420083, "running_time": 158.13040733337402}, "min_max_equal_weight": {"max_delay": 0.036284798139133254, "running_time": 336.2770080566406}, "min_max_surrogate_relaxation": {"max_delay": 0.035390902688659104, "lower_bound": 0.034345721687025675, "running_time": 3752.094268798828, "none_zero_ratio": 0.015555555555555555, "max_weight": 0.18585205078125, "min_weight": 0.04034657720053096}, "min_max_pulp": {"max_delay": 0.035221431099669645, "running_time": 540067.7208900452}}, "100": {"num_user": 300, "num_service": 41, "min_max_greedy": {"max_delay": 0.03524526064737761, "running_time": 137.11285591125488}, "min_max_equal_weight": {"max_delay": 0.036122657230662325, "running_time": 336.2772464752197}, "min_max_surrogate_relaxation": {"max_delay": 0.034897540886498636, "lower_bound": 0.03405553315872159, "running_time": 4957.088232040405, "none_zero_ratio": 0.01888888888888889, "max_weight": 0.125, "min_weight": 0.025625329982910148}, "min_max_pulp": {"max_delay": 0.034756887097109126, "running_time": 592079.3216228485}}}